checkpointId,routeId,originalImage,segmentationImage,environmentCluster,environmentTypology,sky_exposure,greenery,road_exposure,pedestrian_space,built_frontage,vehicle_presence,distanceToNearestRecordedSupportM,routeNearParkConnector,recordedSupport,supportNeedLabel
residential-0001__kranji-mrt__cp_006,residential-0001__kranji-mrt,./data/generated/street_images/210633290899610.jpg,./data/generated/segmentation_images/210633290899610.png,3,High greenery + high road exposure / low built frontage,0.15752156575520834,0.5660400390625,0.23708597819010416,0.0003407796223958333,0.0,0.0012529161241319445,,False,False,
residential-0001__kranji-mrt__cp_007,residential-0001__kranji-mrt,./data/generated/street_images/265552901971485.jpg,./data/generated/segmentation_images/265552901971485.png,3,High greenery + high road exposure / low built frontage,0.11197916666666667,0.5954199896918403,0.24340650770399305,0.004350450303819444,0.015958997938368056,0.0008188883463541666,,False,False,
residential-0001__kranji-mrt__cp_008,residential-0001__kranji-mrt,./data/generated/street_images/207098387771383.jpg,./data/generated/segmentation_images/207098387771383.png,3,High greenery + high road exposure / low built frontage,0.1210140652126736,0.5650804307725694,0.23861524793836805,0.00028822157118055556,0.0,0.0015767415364583333,,False,False,
residential-0001__kranji-mrt__cp_009,residential-0001__kranji-mrt,./data/generated/street_images/1699164916957181.jpg,./data/generated/segmentation_images/1699164916957181.png,1,High sky exposure + high road exposure / low greenery,0.3313785129123264,0.4408518473307292,0.1375240749782986,0.0015699598524305555,0.0002695719401041667,0.07003275553385417,,False,False,
residential-0001__kranji-mrt__cp_010,residential-0001__kranji-mrt,./data/generated/street_images/194714799144836.jpg,./data/generated/segmentation_images/194714799144836.png,3,High greenery + high road exposure / low built frontage,0.281341552734375,0.4859822591145833,0.13946024576822916,0.0,0.014736599392361112,0.0784793429904514,,False,False,
residential-0001__kranji-mrt__cp_011,residential-0001__kranji-mrt,./data/generated/street_images/519428285764260.jpg,./data/generated/segmentation_images/519428285764260.png,3,High greenery + high road exposure / low built frontage,0.1289215087890625,0.5138142903645834,0.23103502061631945,0.005021837022569444,0.008299085828993056,0.0025278727213541665,,False,False,
residential-0001__kranji-mrt__cp_012,residential-0001__kranji-mrt,./data/generated/street_images/3879417718793647.jpg,./data/generated/segmentation_images/3879417718793647.png,3,High greenery + high road exposure / low built frontage,0.10507710774739583,0.5943976508246528,0.22909037272135416,0.00015936957465277778,0.0,0.0026567247178819445,,False,False,
residential-0001__kranji-mrt__cp_013,residential-0001__kranji-mrt,./data/generated/street_images/805857596700108.jpg,./data/generated/segmentation_images/805857596700108.png,3,High greenery + high road exposure / low built frontage,0.12825181749131945,0.6244252522786459,0.240966796875,6.442599826388889e-05,0.0,0.002739800347222222,,False,False,
residential-0001__kranji-mrt__cp_014,residential-0001__kranji-mrt,./data/generated/street_images/1699164916957181.jpg,./data/generated/segmentation_images/1699164916957181.png,1,High sky exposure + high road exposure / low greenery,0.3313785129123264,0.4408518473307292,0.1375240749782986,0.0015699598524305555,0.0002695719401041667,0.07003275553385417,,False,False,
residential-0001__kranji-mrt__cp_015,residential-0001__kranji-mrt,./data/generated/street_images/207098387771383.jpg,./data/generated/segmentation_images/207098387771383.png,3,High greenery + high road exposure / low built frontage,0.1210140652126736,0.5650804307725694,0.23861524793836805,0.00028822157118055556,0.0,0.0015767415364583333,,False,False,
residential-0001__kranji-mrt__cp_016,residential-0001__kranji-mrt,./data/generated/street_images/591630335132241.jpg,./data/generated/segmentation_images/591630335132241.png,3,High greenery + high road exposure / low built frontage,0.11919487847222222,0.5927649603949653,0.24109903971354166,0.0020616319444444445,0.0,0.0007765028211805555,,False,False,
residential-0001__kranji-mrt__cp_017,residential-0001__kranji-mrt,./data/generated/street_images/210633290899610.jpg,./data/generated/segmentation_images/210633290899610.png,3,High greenery + high road exposure / low built frontage,0.15752156575520834,0.5660400390625,0.23708597819010416,0.0003407796223958333,0.0,0.0012529161241319445,,False,False,
residential-0001__kranji-mrt__cp_018,residential-0001__kranji-mrt,./data/generated/street_images/383568842986647.jpg,./data/generated/segmentation_images/383568842986647.png,3,High greenery + high road exposure / low built frontage,0.11684332953559028,0.5828637017144097,0.21924845377604166,0.0020294189453125,0.0,0.012186686197916666,,False,False,
residential-0001__kranji-mrt__cp_019,residential-0001__kranji-mrt,./data/generated/street_images/193299399319028.jpg,./data/generated/segmentation_images/193299399319028.png,3,High greenery + high road exposure / low built frontage,0.1749691433376736,0.5638393825954862,0.2369266086154514,9.663899739583333e-05,0.0018090142144097222,0.00823974609375,,False,False,
residential-0001__kranji-mrt__cp_020,residential-0001__kranji-mrt,./data/generated/street_images/522602175590059.jpg,./data/generated/segmentation_images/522602175590059.png,1,High sky exposure + high road exposure / low greenery,0.3192613389756944,0.3025936550564236,0.2572394476996528,0.002353244357638889,0.0003712972005208333,0.06670973036024305,,False,False,
residential-0001__kranji-mrt__cp_021,residential-0001__kranji-mrt,./data/generated/street_images/143362367779885.jpg,./data/generated/segmentation_images/143362367779885.png,1,High sky exposure + high road exposure / low greenery,0.1812405056423611,0.22627088758680555,0.2305670844184028,0.022839016384548612,0.0074310302734375,0.06430731879340278,,False,False,
residential-0001__kranji-mrt__cp_022,residential-0001__kranji-mrt,./data/generated/street_images/486194215936162.jpg,./data/generated/segmentation_images/486194215936162.png,3,High greenery + high road exposure / low built frontage,0.1910824245876736,0.3877326117621528,0.20374552408854166,0.016270955403645832,0.15704345703125,0.0012969970703125,,False,False,
residential-0001__kranji-mrt__cp_023,residential-0001__kranji-mrt,./data/generated/street_images/399263934508550.jpg,./data/generated/segmentation_images/399263934508550.png,1,High sky exposure + high road exposure / low greenery,0.3272332085503472,0.3312598334418403,0.2143792046440972,0.005074395073784722,0.056738959418402776,0.005138821072048611,,False,False,
residential-0001__kranji-mrt__cp_024,residential-0001__kranji-mrt,./data/generated/street_images/3757599127695860.jpg,./data/generated/segmentation_images/3757599127695860.png,1,High sky exposure + high road exposure / low greenery,0.3781704372829861,0.3744455973307292,0.19321187337239584,0.003772311740451389,0.0388336181640625,5.425347222222222e-05,,False,False,
residential-0001__kranji-mrt__cp_025,residential-0001__kranji-mrt,./data/generated/street_images/3991911527595410.jpg,./data/generated/segmentation_images/3991911527595410.png,1,High sky exposure + high road exposure / low greenery,0.3690219455295139,0.3790232340494792,0.16099717881944445,0.00011020236545138889,0.05974155002170139,0.004894680447048611,,False,False,
residential-0001__kranji-mrt__cp_026,residential-0001__kranji-mrt,./data/generated/street_images/2809910799321503.jpg,./data/generated/segmentation_images/2809910799321503.png,3,High greenery + high road exposure / low built frontage,0.1436733669704861,0.4407162136501736,0.2584075927734375,0.016279432508680556,0.08247545030381945,0.0019429524739583333,,False,False,
residential-0001__kranji-mrt__cp_027,residential-0001__kranji-mrt,./data/generated/street_images/1167085993755476.jpg,./data/generated/segmentation_images/1167085993755476.png,1,High sky exposure + high road exposure / low greenery,0.4035390218098958,0.2639990912543403,0.07958306206597222,0.005420260959201389,0.07816569010416667,0.1278110080295139,,False,False,
residential-0001__kranji-mrt__cp_028,residential-0001__kranji-mrt,./data/generated/street_images/493543375406568.jpg,./data/generated/segmentation_images/493543375406568.png,1,High sky exposure + high road exposure / low greenery,0.2509494357638889,0.3587426079644097,0.2252349853515625,0.000823974609375,0.0772213406032986,0.040735880533854164,,False,False,
residential-0001__kranji-mrt__cp_029,residential-0001__kranji-mrt,./data/generated/street_images/480299399964447.jpg,./data/generated/segmentation_images/480299399964447.png,0,High built frontage + high pedestrian space / low greenery,0.052790323893229164,0.09716288248697917,0.2782050238715278,0.031546698676215276,0.3908860948350694,0.0,,False,False,
residential-0001__kranji-mrt__cp_030,residential-0001__kranji-mrt,./data/generated/street_images/3616783265213876.jpg,./data/generated/segmentation_images/3616783265213876.png,1,High sky exposure + high road exposure / low greenery,0.2581142849392361,0.014673868815104166,0.3023885091145833,0.00010002983940972222,0.2914462619357639,0.1337771945529514,,False,False,
residential-0002__springleaf-mrt__cp_006,residential-0002__springleaf-mrt,./data/generated/street_images/2526521507642758.jpg,./data/generated/segmentation_images/2526521507642758.png,3,High greenery + high road exposure / low built frontage,0.036839803059895836,0.6455230712890625,0.15196397569444445,0.0006510416666666666,0.1264614529079861,0.0,,False,False,
residential-0002__springleaf-mrt__cp_007,residential-0002__springleaf-mrt,./data/generated/street_images/194219219093321.jpg,./data/generated/segmentation_images/194219219093321.png,3,High greenery + high road exposure / low built frontage,0.1071929931640625,0.3587239583333333,0.3304612901475694,0.014817979600694444,0.11052958170572917,0.005333794487847222,,False,False,
residential-0002__springleaf-mrt__cp_008,residential-0002__springleaf-mrt,./data/generated/street_images/1161227874324310.jpg,./data/generated/segmentation_images/1161227874324310.png,1,High sky exposure + high road exposure / low greenery,0.1487494574652778,0.2516428629557292,0.3599938286675347,0.030988905164930556,0.09938897026909722,0.005271063910590278,,False,False,
residential-0002__springleaf-mrt__cp_009,residential-0002__springleaf-mrt,./data/generated/street_images/2756892164555337.jpg,./data/generated/segmentation_images/2756892164555337.png,1,High sky exposure + high road exposure / low greenery,0.3162400987413194,0.3108198377821181,0.08823310004340278,0.004150390625,0.20992024739583334,0.05765109592013889,,False,False,
residential-0002__springleaf-mrt__cp_010,residential-0002__springleaf-mrt,./data/generated/street_images/457215282246569.jpg,./data/generated/segmentation_images/457215282246569.png,1,High sky exposure + high road exposure / low greenery,0.2668660481770833,0.3748914930555556,0.1515112982855903,0.007610744900173611,0.1594475640190972,0.038094414605034724,,False,False,
residential-0002__springleaf-mrt__cp_011,residential-0002__springleaf-mrt,./data/generated/street_images/894958354382464.jpg,./data/generated/segmentation_images/894958354382464.png,0,High built frontage + high pedestrian space / low greenery,0.017759535047743056,0.2607744004991319,0.1433173285590278,0.020175509982638888,0.3208329942491319,0.1886020236545139,,False,False,
residential-0002__springleaf-mrt__cp_012,residential-0002__springleaf-mrt,./data/generated/street_images/522292832322767.jpg,./data/generated/segmentation_images/522292832322767.png,0,High built frontage + high pedestrian space / low greenery,0.08817376030815972,0.2970954047309028,0.21792432996961805,0.023457845052083332,0.2737596299913194,0.057561238606770836,,False,False,
residential-0002__springleaf-mrt__cp_013,residential-0002__springleaf-mrt,./data/generated/street_images/482790282939476.jpg,./data/generated/segmentation_images/482790282939476.png,1,High sky exposure + high road exposure / low greenery,0.4480607774522569,0.2968393961588542,0.18891398111979166,0.0,0.0,0.059870402018229164,,False,False,
residential-0002__springleaf-mrt__cp_014,residential-0002__springleaf-mrt,./data/generated/street_images/1466907226992852.jpg,./data/generated/segmentation_images/1466907226992852.png,3,High greenery + high road exposure / low built frontage,0.12842305501302084,0.6011479695638021,0.1592585245768229,0.010701497395833334,0.09938303629557292,0.00107574462890625,,False,False,
residential-0002__springleaf-mrt__cp_015,residential-0002__springleaf-mrt,./data/generated/street_images/1466907226992852.jpg,./data/generated/segmentation_images/1466907226992852.png,3,High greenery + high road exposure / low built frontage,0.12842305501302084,0.6011479695638021,0.1592585245768229,0.010701497395833334,0.09938303629557292,0.00107574462890625,,False,False,
residential-0002__springleaf-mrt__cp_016,residential-0002__springleaf-mrt,./data/generated/street_images/221398999316193.jpg,./data/generated/segmentation_images/221398999316193.png,3,High greenery + high road exposure / low built frontage,0.11455790201822917,0.6999766031901041,0.17678197224934897,0.0007947285970052084,0.0,0.00360107421875,,False,False,
residential-0002__springleaf-mrt__cp_017,residential-0002__springleaf-mrt,./data/generated/street_images/117875353660602.jpg,./data/generated/segmentation_images/117875353660602.png,3,High greenery + high road exposure / low built frontage,0.12219874064127605,0.6968091328938802,0.11816024780273438,0.0013300577799479167,0.0,0.05876922607421875,,False,False,
residential-0002__springleaf-mrt__cp_018,residential-0002__springleaf-mrt,./data/generated/street_images/507051977322498.jpg,./data/generated/segmentation_images/507051977322498.png,3,High greenery + high road exposure / low built frontage,0.13477579752604166,0.4997168646918403,0.06935797797309028,0.001559787326388889,0.1570400661892361,0.1175198025173611,,False,False,
residential-0002__springleaf-mrt__cp_019,residential-0002__springleaf-mrt,./data/generated/street_images/308401890743184.jpg,./data/generated/segmentation_images/308401890743184.png,3,High greenery + high road exposure / low built frontage,0.1435699462890625,0.6089545355902778,0.08539666069878472,0.006917317708333333,0.042215983072916664,0.1074405246310764,,False,False,
residential-0002__springleaf-mrt__cp_020,residential-0002__springleaf-mrt,./data/generated/street_images/308886597368521.jpg,./data/generated/segmentation_images/308886597368521.png,3,High greenery + high road exposure / low built frontage,0.03353712293836805,0.5458051893446181,0.3433549669053819,0.0,0.004567464192708333,0.0,,False,False,
residential-0002__springleaf-mrt__cp_021,residential-0002__springleaf-mrt,./data/generated/street_images/271671554653164.jpg,./data/generated/segmentation_images/271671554653164.png,3,High greenery + high road exposure / low built frontage,0.031182183159722224,0.5925767686631944,0.3436872694227431,0.0001220703125,0.010515001085069444,0.0,,False,False,
residential-0002__springleaf-mrt__cp_022,residential-0002__springleaf-mrt,./data/generated/street_images/940676090054047.jpg,./data/generated/segmentation_images/940676090054047.png,3,High greenery + high road exposure / low built frontage,0.03178236219618055,0.575439453125,0.3061981201171875,0.00018141004774305556,0.018690321180555556,0.0008121066623263889,,False,False,
residential-0002__springleaf-mrt__cp_023,residential-0002__springleaf-mrt,./data/generated/street_images/544305719898748.jpg,./data/generated/segmentation_images/544305719898748.png,3,High greenery + high road exposure / low built frontage,0.032708062065972224,0.5905812581380209,0.33929443359375,0.0009002685546875,0.012517293294270834,0.007659912109375,,False,False,
residential-0002__springleaf-mrt__cp_024,residential-0002__springleaf-mrt,./data/generated/street_images/462321871736161.jpg,./data/generated/segmentation_images/462321871736161.png,3,High greenery + high road exposure / low built frontage,0.1270362006293403,0.6604207356770834,0.06882731119791667,0.0,0.01812744140625,0.12542555067274305,,False,False,
residential-0002__springleaf-mrt__cp_025,residential-0002__springleaf-mrt,./data/generated/street_images/156817253054464.jpg,./data/generated/segmentation_images/156817253054464.png,3,High greenery + high road exposure / low built frontage,0.1108822292751736,0.5426771375868056,0.0,0.0,0.2880384657118056,0.000213623046875,,False,False,
residential-0002__springleaf-mrt__cp_026,residential-0002__springleaf-mrt,./data/generated/street_images/376209333745645.jpg,./data/generated/segmentation_images/376209333745645.png,3,High greenery + high road exposure / low built frontage,0.05486891004774305,0.8446248372395834,0.0,0.0,0.0024244520399305555,0.0,,False,False,
residential-0002__springleaf-mrt__cp_027,residential-0002__springleaf-mrt,./data/generated/street_images/313621143510324.jpg,./data/generated/segmentation_images/313621143510324.png,3,High greenery + high road exposure / low built frontage,0.045250786675347224,0.9230838351779513,0.0,0.0,0.024359809027777776,0.0,,False,False,
residential-0002__springleaf-mrt__cp_028,residential-0002__springleaf-mrt,./data/generated/street_images/313543116973169.jpg,./data/generated/segmentation_images/313543116973169.png,3,High greenery + high road exposure / low built frontage,0.18527730305989584,0.7084910074869791,0.06891547309027778,0.0013936360677083333,0.026848687065972224,0.00128173828125,,False,False,
residential-0002__springleaf-mrt__cp_029,residential-0002__springleaf-mrt,./data/generated/street_images/1474381647445391.jpg,./data/generated/segmentation_images/1474381647445391.png,1,High sky exposure + high road exposure / low greenery,0.34873072306315106,0.09912618001302083,0.2332433064778646,0.0,0.029610951741536457,0.007666269938151042,,False,False,
residential-0002__springleaf-mrt__cp_030,residential-0002__springleaf-mrt,./data/generated/street_images/221410466082180.jpg,./data/generated/segmentation_images/221410466082180.png,3,High greenery + high road exposure / low built frontage,0.2766384548611111,0.5061577690972222,0.052300347222222224,0.0003306070963541667,0.00034247504340277775,0.16422526041666666,,False,False,
residential-0002__springleaf-mrt__cp_031,residential-0002__springleaf-mrt,./data/generated/street_images/1973866772767065.jpg,./data/generated/segmentation_images/1973866772767065.png,3,High greenery + high road exposure / low built frontage,0.2080925835503472,0.5534091525607638,0.1641387939453125,0.009446885850694444,0.038243611653645836,0.0226287841796875,,False,False,
residential-0002__springleaf-mrt__cp_032,residential-0002__springleaf-mrt,./data/generated/street_images/2126724447626808.jpg,./data/generated/segmentation_images/2126724447626808.png,1,High sky exposure + high road exposure / low greenery,0.22979736328125,0.1157955593532986,0.0940212673611111,0.028323703342013888,0.2091064453125,0.2871449788411458,,False,False,
residential-0002__springleaf-mrt__cp_033,residential-0002__springleaf-mrt,./data/generated/street_images/521729405849950.jpg,./data/generated/segmentation_images/521729405849950.png,1,High sky exposure + high road exposure / low greenery,0.397705078125,0.2393866644965278,0.1331753200954861,0.11066691080729167,0.07506646050347222,0.006574842664930556,,False,False,
residential-0002__springleaf-mrt__cp_034,residential-0002__springleaf-mrt,./data/generated/street_images/303762484459847.jpg,./data/generated/segmentation_images/303762484459847.png,1,High sky exposure + high road exposure / low greenery,0.2717456817626953,0.01494598388671875,0.24105072021484375,0.009698867797851562,0.3186149597167969,0.0,,False,False,
residential-0002__springleaf-mrt__cp_035,residential-0002__springleaf-mrt,./data/generated/street_images/1196014294183097.jpg,./data/generated/segmentation_images/1196014294183097.png,1,High sky exposure + high road exposure / low greenery,0.28887367248535156,0.01078033447265625,0.18728065490722656,0.01160430908203125,0.3750190734863281,0.006656646728515625,,False,False,
residential-0002__springleaf-mrt__cp_036,residential-0002__springleaf-mrt,./data/generated/street_images/1196014294183097.jpg,./data/generated/segmentation_images/1196014294183097.png,1,High sky exposure + high road exposure / low greenery,0.28887367248535156,0.01078033447265625,0.18728065490722656,0.01160430908203125,0.3750190734863281,0.006656646728515625,,False,False,
residential-0003__khatib-mrt__cp_003,residential-0003__khatib-mrt,./data/generated/street_images/150489363712898.jpg,./data/generated/segmentation_images/150489363712898.png,1,High sky exposure + high road exposure / low greenery,0.4696769714355469,0.27748743693033856,0.12093734741210938,0.002685546875,0.06823221842447917,0.04195404052734375,,True,False,
residential-0003__khatib-mrt__cp_004,residential-0003__khatib-mrt,./data/generated/street_images/773518556637863.jpg,./data/generated/segmentation_images/773518556637863.png,1,High sky exposure + high road exposure / low greenery,0.3619092305501302,0.4147745768229167,0.08391571044921875,0.0018145243326822917,0.061983744303385414,0.03863398234049479,,True,False,
residential-0003__khatib-mrt__cp_005,residential-0003__khatib-mrt,./data/generated/street_images/2908575622786730.jpg,./data/generated/segmentation_images/2908575622786730.png,3,High greenery + high road exposure / low built frontage,0.3271446228027344,0.5265070597330729,0.07901891072591145,0.000568389892578125,0.024539947509765625,0.04241816202799479,,True,False,
residential-0003__khatib-mrt__cp_006,residential-0003__khatib-mrt,./data/generated/street_images/137839701607471.jpg,./data/generated/segmentation_images/137839701607471.png,1,High sky exposure + high road exposure / low greenery,0.4490610758463542,0.40926488240559894,0.08060836791992188,0.00209808349609375,0.0,0.024555206298828125,,True,False,
residential-0003__khatib-mrt__cp_007,residential-0003__khatib-mrt,./data/generated/street_images/755849941791051.jpg,./data/generated/segmentation_images/755849941791051.png,3,High greenery + high road exposure / low built frontage,0.3054542541503906,0.5440724690755209,0.08271408081054688,0.0,0.025740305582682293,0.04266993204752604,,True,False,
residential-0003__khatib-mrt__cp_008,residential-0003__khatib-mrt,./data/generated/street_images/581502859491263.jpg,./data/generated/segmentation_images/581502859491263.png,1,High sky exposure + high road exposure / low greenery,0.5434735616048177,0.2700093587239583,0.10233561197916667,0.0020968119303385415,0.06833140055338542,0.011534372965494791,,True,False,
residential-0003__khatib-mrt__cp_009,residential-0003__khatib-mrt,./data/generated/street_images/2057538731054096.jpg,./data/generated/segmentation_images/2057538731054096.png,3,High greenery + high road exposure / low built frontage,0.2895393371582031,0.5454991658528646,0.10097630818684895,8.900960286458334e-06,0.052235921223958336,0.00794219970703125,,True,False,
residential-0003__khatib-mrt__cp_010,residential-0003__khatib-mrt,./data/generated/street_images/1725854420957295.jpg,./data/generated/segmentation_images/1725854420957295.png,2,High pedestrian space + high built frontage / low road exposure,0.15674972534179688,0.20524024963378906,0.02442169189453125,0.18924236297607422,0.05825519561767578,0.006711006164550781,,True,False,
residential-0003__khatib-mrt__cp_011,residential-0003__khatib-mrt,./data/generated/street_images/454910948852366.jpg,./data/generated/segmentation_images/454910948852366.png,2,High pedestrian space + high built frontage / low road exposure,0.24850177764892578,0.2561798095703125,0.018611907958984375,0.40017032623291016,0.043701171875,0.007648468017578125,,True,False,
residential-0003__khatib-mrt__cp_012,residential-0003__khatib-mrt,./data/generated/street_images/297575615292224.jpg,./data/generated/segmentation_images/297575615292224.png,1,High sky exposure + high road exposure / low greenery,0.4016164143880208,0.07577684190538195,0.13235982259114584,0.054463704427083336,0.2652910020616319,0.0609283447265625,,True,False,
residential-0003__khatib-mrt__cp_013,residential-0003__khatib-mrt,./data/generated/street_images/3793557934099920.jpg,./data/generated/segmentation_images/3793557934099920.png,2,High pedestrian space + high built frontage / low road exposure,0.0037050247192382812,0.24045085906982422,0.03795433044433594,0.2969837188720703,0.3555450439453125,0.013737678527832031,,True,False,
residential-0003__khatib-mrt__cp_022,residential-0003__khatib-mrt,./data/generated/street_images/1161168750973580.jpg,./data/generated/segmentation_images/1161168750973580.png,0,High built frontage + high pedestrian space / low greenery,0.05416700575086805,0.12308586968315972,0.2779286702473958,0.0794338650173611,0.4267493353949653,0.00017123752170138888,,True,False,
residential-0003__khatib-mrt__cp_023,residential-0003__khatib-mrt,./data/generated/street_images/225142068948844.jpg,./data/generated/segmentation_images/225142068948844.png,1,High sky exposure + high road exposure / low greenery,0.4510765075683594,0.1843744913736979,0.16174825032552084,0.002285003662109375,0.07692209879557292,0.046488444010416664,,True,False,
residential-0003__khatib-mrt__cp_024,residential-0003__khatib-mrt,./data/generated/street_images/156220486453681.jpg,./data/generated/segmentation_images/156220486453681.png,1,High sky exposure + high road exposure / low greenery,0.2784411112467448,0.28369140625,0.1028149922688802,0.041051228841145836,0.14545059204101562,0.038799285888671875,,True,False,
residential-0003__khatib-mrt__cp_025,residential-0003__khatib-mrt,./data/generated/street_images/156220486453681.jpg,./data/generated/segmentation_images/156220486453681.png,1,High sky exposure + high road exposure / low greenery,0.2784411112467448,0.28369140625,0.1028149922688802,0.041051228841145836,0.14545059204101562,0.038799285888671875,,True,False,
residential-0004__stevens-mrt__cp_013,residential-0004__stevens-mrt,./data/generated/street_images/476532146777603.jpg,./data/generated/segmentation_images/476532146777603.png,3,High greenery + high road exposure / low built frontage,0.001186794704861111,0.8616248236762153,0.0,0.0,0.0,0.0,2617.3199999999997,False,False,
residential-0004__stevens-mrt__cp_014,residential-0004__stevens-mrt,./data/generated/street_images/106918681478026.jpg,./data/generated/segmentation_images/106918681478026.png,3,High greenery + high road exposure / low built frontage,0.06297471788194445,0.824249267578125,0.012006971571180556,0.0,0.025948418511284724,0.0,2469.43,False,False,
residential-0004__stevens-mrt__cp_015,residential-0004__stevens-mrt,./data/generated/street_images/1085853125277458.jpg,./data/generated/segmentation_images/1085853125277458.png,3,High greenery + high road exposure / low built frontage,0.0,0.7868431939019097,0.0,0.0,0.20992533365885416,0.0,2351.3999999999996,False,False,
residential-0004__stevens-mrt__cp_016,residential-0004__stevens-mrt,./data/generated/street_images/1182275728891455.jpg,./data/generated/segmentation_images/1182275728891455.png,3,High greenery + high road exposure / low built frontage,0.1222415500217014,0.8350202772352431,0.0,0.0,0.03224012586805555,0.00787353515625,2114.63,False,False,
residential-0004__stevens-mrt__cp_017,residential-0004__stevens-mrt,./data/generated/street_images/1377945382584663.jpg,./data/generated/segmentation_images/1377945382584663.png,1,High sky exposure + high road exposure / low greenery,0.3148430718315972,0.3565385606553819,0.23171488444010416,0.0,0.006603664822048611,0.004604763454861111,2067.2299999999996,False,False,
residential-0004__stevens-mrt__cp_018,residential-0004__stevens-mrt,./data/generated/street_images/544064883242213.jpg,./data/generated/segmentation_images/544064883242213.png,3,High greenery + high road exposure / low built frontage,0.19690068562825522,0.477264404296875,0.0881487528483073,0.0,0.053540547688802086,0.002105712890625,2000.62,False,False,
residential-0004__stevens-mrt__cp_019,residential-0004__stevens-mrt,./data/generated/street_images/476888400088185.jpg,./data/generated/segmentation_images/476888400088185.png,3,High greenery + high road exposure / low built frontage,0.11957804361979167,0.4151696099175347,0.21304829915364584,0.012179904513888888,0.043192545572916664,0.09515889485677083,1949.08,False,False,
residential-0004__stevens-mrt__cp_020,residential-0004__stevens-mrt,./data/generated/street_images/379128243495140.jpg,./data/generated/segmentation_images/379128243495140.png,1,High sky exposure + high road exposure / low greenery,0.3352457682291667,0.0972900390625,0.24468485514322916,0.0,0.039113362630208336,0.08493720160590278,1902.1399999999999,False,False,
residential-0004__stevens-mrt__cp_021,residential-0004__stevens-mrt,./data/generated/street_images/287882929667924.jpg,./data/generated/segmentation_images/287882929667924.png,0,High built frontage + high pedestrian space / low greenery,0.0,0.0017484029134114583,0.0,0.0,0.17151896158854166,0.010365804036458334,1795.7299999999998,False,False,
residential-0004__stevens-mrt__cp_022,residential-0004__stevens-mrt,./data/generated/street_images/291208332637076.jpg,./data/generated/segmentation_images/291208332637076.png,1,High sky exposure + high road exposure / low greenery,0.359527587890625,0.10611979166666667,0.3385281032986111,0.0,0.0862155490451389,0.05564710828993055,1717.3899999999999,False,False,
residential-0004__stevens-mrt__cp_023,residential-0004__stevens-mrt,./data/generated/street_images/960304921452996.jpg,./data/generated/segmentation_images/960304921452996.png,3,High greenery + high road exposure / low built frontage,0.22205988566080728,0.4949353535970052,0.16793187459309897,0.016665140787760418,0.0009206136067708334,0.0927581787109375,1661.6699999999998,False,False,
residential-0004__stevens-mrt__cp_024,residential-0004__stevens-mrt,./data/generated/street_images/138215448220547.jpg,./data/generated/segmentation_images/138215448220547.png,1,High sky exposure + high road exposure / low greenery,0.37427647908528644,0.3181012471516927,0.15039571126302084,0.046061197916666664,0.001766204833984375,0.040392557779947914,1611.9799999999998,False,False,
residential-0004__stevens-mrt__cp_025,residential-0004__stevens-mrt,./data/generated/street_images/802152050402851.jpg,./data/generated/segmentation_images/802152050402851.png,3,High greenery + high road exposure / low built frontage,0.11020745171440972,0.3622317843967014,0.1733737521701389,0.000152587890625,0.004040188259548611,0.3449605305989583,1556.1999999999998,False,False,
residential-0004__stevens-mrt__cp_026,residential-0004__stevens-mrt,./data/generated/street_images/505884297213704.jpg,./data/generated/segmentation_images/505884297213704.png,3,High greenery + high road exposure / low built frontage,0.16545274522569445,0.4077809651692708,0.370361328125,0.001605563693576389,0.036417643229166664,0.018381754557291668,1501.1599999999999,False,False,
residential-0004__stevens-mrt__cp_027,residential-0004__stevens-mrt,./data/generated/street_images/286157676440804.jpg,./data/generated/segmentation_images/286157676440804.png,1,High sky exposure + high road exposure / low greenery,0.4301927354600694,0.3001285129123264,0.18708631727430555,0.0007307264539930555,0.010018242730034722,0.04833814832899305,1433.5199999999998,False,False,
residential-0004__stevens-mrt__cp_028,residential-0004__stevens-mrt,./data/generated/street_images/453672665740945.jpg,./data/generated/segmentation_images/453672665740945.png,3,High greenery + high road exposure / low built frontage,0.15093231201171875,0.5101737976074219,0.21052932739257812,0.0157623291015625,0.047458648681640625,0.00812530517578125,1365.1399999999999,False,False,
residential-0004__stevens-mrt__cp_029,residential-0004__stevens-mrt,./data/generated/street_images/742204066462318.jpg,./data/generated/segmentation_images/742204066462318.png,3,High greenery + high road exposure / low built frontage,0.04792658487955729,0.6716028849283854,0.201141357421875,0.009344736735026041,0.0012728373209635417,0.004669189453125,1290.37,False,False,
residential-0004__stevens-mrt__cp_030,residential-0004__stevens-mrt,./data/generated/street_images/889343215334463.jpg,./data/generated/segmentation_images/889343215334463.png,3,High greenery + high road exposure / low built frontage,0.0,0.22359720865885416,0.3872947692871094,0.03179168701171875,0.0003763834635416667,0.0008939107259114584,1232.0299999999997,False,False,
residential-0004__stevens-mrt__cp_031,residential-0004__stevens-mrt,./data/generated/street_images/206653207696847.jpg,./data/generated/segmentation_images/206653207696847.png,3,High greenery + high road exposure / low built frontage,0.06714630126953125,0.4690691630045573,0.1614405314127604,0.0034624735514322915,0.2424901326497396,0.004594167073567708,1076.46,False,False,
residential-0004__stevens-mrt__cp_032,residential-0004__stevens-mrt,./data/generated/street_images/306866271036513.jpg,./data/generated/segmentation_images/306866271036513.png,3,High greenery + high road exposure / low built frontage,0.0833248562282986,0.5085703531901041,0.3720109727647569,0.0004696316189236111,0.010460747612847222,0.009246826171875,983.25,False,False,
residential-0004__stevens-mrt__cp_033,residential-0004__stevens-mrt,./data/generated/street_images/1118935625290654.jpg,./data/generated/segmentation_images/1118935625290654.png,3,High greenery + high road exposure / low built frontage,0.1299463907877604,0.7501258850097656,0.11156082153320312,0.0,0.0022939046223958335,0.0,929.9199999999996,False,False,
residential-0004__stevens-mrt__cp_034,residential-0004__stevens-mrt,./data/generated/street_images/514142086406729.jpg,./data/generated/segmentation_images/514142086406729.png,3,High greenery + high road exposure / low built frontage,0.1199938456217448,0.7630348205566406,0.09872182210286458,0.0,0.007063547770182292,0.0,854.7599999999998,False,False,
residential-0004__stevens-mrt__cp_035,residential-0004__stevens-mrt,./data/generated/street_images/297752988555457.jpg,./data/generated/segmentation_images/297752988555457.png,3,High greenery + high road exposure / low built frontage,0.030789693196614582,0.7997703552246094,0.07193374633789062,0.024317423502604168,0.00013860066731770834,0.0,772.21,False,False,
residential-0004__stevens-mrt__cp_036,residential-0004__stevens-mrt,./data/generated/street_images/302219544955243.jpg,./data/generated/segmentation_images/302219544955243.png,3,High greenery + high road exposure / low built frontage,0.07318878173828125,0.8266576131184896,0.09344736735026042,0.006432851155598958,0.0,0.0,718.3499999999999,False,False,
residential-0004__stevens-mrt__cp_037,residential-0004__stevens-mrt,./data/generated/street_images/302219544955243.jpg,./data/generated/segmentation_images/302219544955243.png,3,High greenery + high road exposure / low built frontage,0.07318878173828125,0.8266576131184896,0.09344736735026042,0.006432851155598958,0.0,0.0,638.52,False,False,
residential-0004__stevens-mrt__cp_038,residential-0004__stevens-mrt,./data/generated/street_images/1268038650280665.jpg,./data/generated/segmentation_images/1268038650280665.png,3,High greenery + high road exposure / low built frontage,0.12404378255208333,0.7634658813476562,0.08549118041992188,0.0,0.0,0.0,529.96,False,False,
residential-0004__stevens-mrt__cp_039,residential-0004__stevens-mrt,./data/generated/street_images/219671326224081.jpg,./data/generated/segmentation_images/219671326224081.png,3,High greenery + high road exposure / low built frontage,0.057109832763671875,0.7940139770507812,0.09514745076497395,0.010575612386067709,0.018197377522786457,0.0,467.6999999999998,False,False,
residential-0004__stevens-mrt__cp_040,residential-0004__stevens-mrt,./data/generated/street_images/292471072340856.jpg,./data/generated/segmentation_images/292471072340856.png,3,High greenery + high road exposure / low built frontage,0.08715438842773438,0.6901741027832031,0.09909311930338542,0.018109639485677082,0.10134124755859375,0.0,382.87999999999965,False,False,
residential-0004__stevens-mrt__cp_041,residential-0004__stevens-mrt,./data/generated/street_images/292471072340856.jpg,./data/generated/segmentation_images/292471072340856.png,3,High greenery + high road exposure / low built frontage,0.08715438842773438,0.6901741027832031,0.09909311930338542,0.018109639485677082,0.10134124755859375,0.0,329.5699999999997,False,False,
residential-0004__stevens-mrt__cp_042,residential-0004__stevens-mrt,./data/generated/street_images/813812589508361.jpg,./data/generated/segmentation_images/813812589508361.png,3,High greenery + high road exposure / low built frontage,0.06936264038085938,0.7638893127441406,0.13216145833333334,0.004567464192708333,0.0,1.1444091796875e-05,273.77,False,False,
residential-0004__stevens-mrt__cp_043,residential-0004__stevens-mrt,./data/generated/street_images/578476670183411.jpg,./data/generated/segmentation_images/578476670183411.png,3,High greenery + high road exposure / low built frontage,0.07841873168945312,0.6682917277018229,0.14282353719075522,0.032572428385416664,0.03562291463216146,0.0010808308919270833,209.1199999999999,False,False,
residential-0004__stevens-mrt__cp_044,residential-0004__stevens-mrt,./data/generated/street_images/2878914242360850.jpg,./data/generated/segmentation_images/2878914242360850.png,3,High greenery + high road exposure / low built frontage,0.11466344197591145,0.6786473592122396,0.1033795674641927,0.06561660766601562,0.005037943522135417,0.0,163.17999999999984,False,False,
residential-0004__stevens-mrt__cp_045,residential-0004__stevens-mrt,./data/generated/street_images/2878914242360850.jpg,./data/generated/segmentation_images/2878914242360850.png,3,High greenery + high road exposure / low built frontage,0.11466344197591145,0.6786473592122396,0.1033795674641927,0.06561660766601562,0.005037943522135417,0.0,110.48000000000002,False,False,
residential-0004__stevens-mrt__cp_046,residential-0004__stevens-mrt,./data/generated/street_images/525592931942759.jpg,./data/generated/segmentation_images/525592931942759.png,3,High greenery + high road exposure / low built frontage,0.08765920003255208,0.5579401652018229,0.1136029561360677,0.06296539306640625,0.07889556884765625,0.0003484090169270833,56.54999999999973,False,False,
residential-0004__stevens-mrt__cp_047,residential-0004__stevens-mrt,./data/generated/street_images/296971275232731.jpg,./data/generated/segmentation_images/296971275232731.png,2,High pedestrian space + high built frontage / low road exposure,0.0,0.33270899454752606,0.11734898885091145,0.46651331583658856,0.06890233357747395,0.012072245279947916,0.0,False,True,
residential-0004__stevens-mrt__cp_048,residential-0004__stevens-mrt,./data/generated/street_images/3887499501331191.jpg,./data/generated/segmentation_images/3887499501331191.png,0,High built frontage + high pedestrian space / low greenery,0.0,0.0,0.0,0.0,0.7712173461914062,0.0,0.0,False,True,
residential-0004__stevens-mrt__cp_049,residential-0004__stevens-mrt,./data/generated/street_images/790323495243903.jpg,./data/generated/segmentation_images/790323495243903.png,2,High pedestrian space + high built frontage / low road exposure,0.009031931559244791,0.010676066080729166,0.006502787272135417,0.2249425252278646,0.6665496826171875,0.023835500081380207,44.11999999999989,False,False,
residential-0004__stevens-mrt__cp_050,residential-0004__stevens-mrt,./data/generated/street_images/490484988812502.jpg,./data/generated/segmentation_images/490484988812502.png,2,High pedestrian space + high built frontage / low road exposure,0.03679656982421875,0.08519363403320312,0.04369481404622396,0.20895258585611978,0.3017539978027344,0.09305953979492188,104.66000000000031,False,False,
residential-0004__stevens-mrt__cp_051,residential-0004__stevens-mrt,./data/generated/street_images/1171484899991171.jpg,./data/generated/segmentation_images/1171484899991171.png,1,High sky exposure + high road exposure / low greenery,0.4411633809407552,0.04765955607096354,0.15025711059570312,0.0004297892252604167,0.11749267578125,0.14425150553385416,159.05999999999995,False,False,
residential-0004__stevens-mrt__cp_052,residential-0004__stevens-mrt,./data/generated/street_images/1171484899991171.jpg,./data/generated/segmentation_images/1171484899991171.png,1,High sky exposure + high road exposure / low greenery,0.4411633809407552,0.04765955607096354,0.15025711059570312,0.0004297892252604167,0.11749267578125,0.14425150553385416,218.36000000000013,False,False,
residential-0005__sembawang-mrt__cp_003,residential-0005__sembawang-mrt,./data/generated/street_images/284159869847137.jpg,./data/generated/segmentation_images/284159869847137.png,3,High greenery + high road exposure / low built frontage,0.08846473693847656,0.4405193328857422,0.10846138000488281,0.001434326171875,0.08857917785644531,0.05224037170410156,,True,False,
residential-0005__sembawang-mrt__cp_004,residential-0005__sembawang-mrt,./data/generated/street_images/755588065329385.jpg,./data/generated/segmentation_images/755588065329385.png,3,High greenery + high road exposure / low built frontage,0.08768463134765625,0.5681591033935547,0.12053680419921875,0.012220382690429688,0.10304450988769531,0.000209808349609375,,True,False,
residential-0005__sembawang-mrt__cp_005,residential-0005__sembawang-mrt,./data/generated/street_images/912139839583663.jpg,./data/generated/segmentation_images/912139839583663.png,3,High greenery + high road exposure / low built frontage,0.1259918212890625,0.4326171875,0.1426372528076172,0.037570953369140625,0.06253242492675781,0.0005474090576171875,,True,False,
residential-0005__sembawang-mrt__cp_006,residential-0005__sembawang-mrt,./data/generated/street_images/233979848516280.jpg,./data/generated/segmentation_images/233979848516280.png,1,High sky exposure + high road exposure / low greenery,0.2663898468017578,0.32672119140625,0.26551246643066406,0.010225296020507812,0.0482940673828125,0.0006923675537109375,,True,False,
residential-0005__sembawang-mrt__cp_007,residential-0005__sembawang-mrt,./data/generated/street_images/914797149373742.jpg,./data/generated/segmentation_images/914797149373742.png,1,High sky exposure + high road exposure / low greenery,0.32964515686035156,0.2759971618652344,0.191741943359375,0.11329269409179688,0.027990341186523438,0.003170013427734375,,True,False,
residential-0005__sembawang-mrt__cp_008,residential-0005__sembawang-mrt,./data/generated/street_images/321266352687955.jpg,./data/generated/segmentation_images/321266352687955.png,0,High built frontage + high pedestrian space / low greenery,0.025904337565104168,0.12364366319444445,0.2248653835720486,0.13299051920572916,0.4205847846137153,0.0,,True,False,
residential-0005__sembawang-mrt__cp_009,residential-0005__sembawang-mrt,./data/generated/street_images/321266352687955.jpg,./data/generated/segmentation_images/321266352687955.png,0,High built frontage + high pedestrian space / low greenery,0.025904337565104168,0.12364366319444445,0.2248653835720486,0.13299051920572916,0.4205847846137153,0.0,,True,False,
residential-0005__sembawang-mrt__cp_010,residential-0005__sembawang-mrt,./data/generated/street_images/3050557195165886.jpg,./data/generated/segmentation_images/3050557195165886.png,3,High greenery + high road exposure / low built frontage,0.00036451551649305556,0.5139923095703125,0.021197848849826388,0.029412163628472224,0.2525448269314236,1.864963107638889e-05,,True,False,
residential-0005__sembawang-mrt__cp_011,residential-0005__sembawang-mrt,./data/generated/street_images/512751906563401.jpg,./data/generated/segmentation_images/512751906563401.png,0,High built frontage + high pedestrian space / low greenery,0.0007392035590277778,0.2903849283854167,0.21385362413194445,0.06554328070746528,0.3676384819878472,0.0,,True,False,
residential-0005__sembawang-mrt__cp_012,residential-0005__sembawang-mrt,./data/generated/street_images/290315132737033.jpg,./data/generated/segmentation_images/290315132737033.png,2,High pedestrian space + high built frontage / low road exposure,0.007841322157118056,0.5104234483506944,0.0017835828993055555,0.22299024793836805,0.24916585286458334,0.004862467447916667,,True,False,
residential-0005__sembawang-mrt__cp_013,residential-0005__sembawang-mrt,./data/generated/street_images/1804492533066250.jpg,./data/generated/segmentation_images/1804492533066250.png,2,High pedestrian space + high built frontage / low road exposure,0.04072401258680555,0.4155341254340278,0.003317938910590278,0.162261962890625,0.3644883897569444,0.0,,True,False,
residential-0005__sembawang-mrt__cp_014,residential-0005__sembawang-mrt,./data/generated/street_images/267019495128371.jpg,./data/generated/segmentation_images/267019495128371.png,3,High greenery + high road exposure / low built frontage,0.1461452907986111,0.6013607449001737,0.031233045789930556,0.00021023220486111112,0.18206787109375,0.00026109483506944444,,True,False,
residential-0005__sembawang-mrt__cp_015,residential-0005__sembawang-mrt,./data/generated/street_images/1181727762269298.jpg,./data/generated/segmentation_images/1181727762269298.png,3,High greenery + high road exposure / low built frontage,0.10769483778211805,0.6178215874565972,0.025141398111979168,0.0,0.19207763671875,1.6954210069444445e-05,,True,False,
residential-0005__sembawang-mrt__cp_016,residential-0005__sembawang-mrt,./data/generated/street_images/493103975065943.jpg,./data/generated/segmentation_images/493103975065943.png,3,High greenery + high road exposure / low built frontage,0.08331468370225695,0.5248972574869791,0.2058444552951389,0.005566067165798611,0.1841854519314236,0.0,,True,False,
residential-0005__sembawang-mrt__cp_017,residential-0005__sembawang-mrt,./data/generated/street_images/221339159413826.jpg,./data/generated/segmentation_images/221339159413826.png,1,High sky exposure + high road exposure / low greenery,0.2863345675998264,0.1807623969184028,0.12214491102430555,0.04570176866319445,0.2732883029513889,0.053382025824652776,,True,False,
residential-0005__sembawang-mrt__cp_018,residential-0005__sembawang-mrt,./data/generated/street_images/221339159413826.jpg,./data/generated/segmentation_images/221339159413826.png,1,High sky exposure + high road exposure / low greenery,0.2863345675998264,0.1807623969184028,0.12214491102430555,0.04570176866319445,0.2732883029513889,0.053382025824652776,,True,False,
residential-0006__springleaf-mrt__cp_000,residential-0006__springleaf-mrt,./data/generated/street_images/2679341032305357.jpg,./data/generated/segmentation_images/2679341032305357.png,3,High greenery + high road exposure / low built frontage,0.09265645345052083,0.7154066297743056,0.1047176784939236,0.0,0.004669189453125,0.0,354.12,False,False,
residential-0006__springleaf-mrt__cp_001,residential-0006__springleaf-mrt,./data/generated/street_images/233331518557140.jpg,./data/generated/segmentation_images/233331518557140.png,3,High greenery + high road exposure / low built frontage,0.04408603244357639,0.7564069959852431,0.1557159423828125,0.0,0.005745781792534722,0.0,299.0,False,False,
residential-0006__springleaf-mrt__cp_002,residential-0006__springleaf-mrt,./data/generated/street_images/288794892897608.jpg,./data/generated/segmentation_images/288794892897608.png,1,High sky exposure + high road exposure / low greenery,0.5084686279296875,0.1551445855034722,0.06857469346788195,0.03778245713975695,0.15959337022569445,0.05970594618055555,112.5,False,False,
residential-0006__springleaf-mrt__cp_003,residential-0006__springleaf-mrt,./data/generated/street_images/1117057278813850.jpg,./data/generated/segmentation_images/1117057278813850.png,1,High sky exposure + high road exposure / low greenery,0.3995174831814236,0.5357869466145834,0.0,0.0,0.06469557020399305,0.0,54.329999999999984,False,False,
residential-0006__springleaf-mrt__cp_004,residential-0006__springleaf-mrt,./data/generated/street_images/478355846615971.jpg,./data/generated/segmentation_images/478355846615971.png,1,High sky exposure + high road exposure / low greenery,0.4363996717664931,0.24296739366319445,0.05457729763454861,0.021068996853298612,0.12041558159722222,0.08185323079427083,0.0,False,True,
residential-0006__springleaf-mrt__cp_005,residential-0006__springleaf-mrt,./data/generated/street_images/299131938509393.jpg,./data/generated/segmentation_images/299131938509393.png,2,High pedestrian space + high built frontage / low road exposure,0.08788045247395833,0.2578328450520833,0.022959391276041668,0.16884358723958334,0.4018622504340278,0.002960205078125,0.0,False,True,
residential-0006__springleaf-mrt__cp_006,residential-0006__springleaf-mrt,./data/generated/street_images/515267832828797.jpg,./data/generated/segmentation_images/515267832828797.png,1,High sky exposure + high road exposure / low greenery,0.2306705050998264,0.2643178304036458,0.1346096462673611,0.035024007161458336,0.2691938612196181,0.06533983018663195,225.29999999999995,False,False,
residential-0006__springleaf-mrt__cp_007,residential-0006__springleaf-mrt,./data/generated/street_images/1943189589178692.jpg,./data/generated/segmentation_images/1943189589178692.png,1,High sky exposure + high road exposure / low greenery,0.467864990234375,0.12882486979166666,0.13480631510416666,0.018529256184895832,0.1555447048611111,0.0672030978732639,347.0,False,False,
residential-0006__springleaf-mrt__cp_008,residential-0006__springleaf-mrt,./data/generated/street_images/521729405849950.jpg,./data/generated/segmentation_images/521729405849950.png,1,High sky exposure + high road exposure / low greenery,0.397705078125,0.2393866644965278,0.1331753200954861,0.11066691080729167,0.07506646050347222,0.006574842664930556,386.4,False,False,
residential-0006__springleaf-mrt__cp_009,residential-0006__springleaf-mrt,./data/generated/street_images/896885594500734.jpg,./data/generated/segmentation_images/896885594500734.png,1,High sky exposure + high road exposure / low greenery,0.41795921325683594,0.020460128784179688,0.3038902282714844,0.0068187713623046875,0.11074447631835938,0.07626533508300781,436.79999999999995,False,False,
residential-0006__springleaf-mrt__cp_010,residential-0006__springleaf-mrt,./data/generated/street_images/1196014294183097.jpg,./data/generated/segmentation_images/1196014294183097.png,1,High sky exposure + high road exposure / low greenery,0.28887367248535156,0.01078033447265625,0.18728065490722656,0.01160430908203125,0.3750190734863281,0.006656646728515625,514.4399999999999,False,False,
residential-0006__springleaf-mrt__cp_011,residential-0006__springleaf-mrt,./data/generated/street_images/1196014294183097.jpg,./data/generated/segmentation_images/1196014294183097.png,1,High sky exposure + high road exposure / low greenery,0.28887367248535156,0.01078033447265625,0.18728065490722656,0.01160430908203125,0.3750190734863281,0.006656646728515625,530.48,False,False,
residential-0007__king-albert-park-mrt__cp_000,residential-0007__king-albert-park-mrt,./data/generated/street_images/264644569107740.jpg,./data/generated/segmentation_images/264644569107740.png,1,High sky exposure + high road exposure / low greenery,0.26953760782877606,0.1392949422200521,0.0743090311686198,0.005572001139322917,0.18453343709309897,0.3267529805501302,,True,False,
residential-0007__king-albert-park-mrt__cp_001,residential-0007__king-albert-park-mrt,./data/generated/street_images/191836563099008.jpg,./data/generated/segmentation_images/191836563099008.png,3,High greenery + high road exposure / low built frontage,0.12734858194986978,0.8128929138183594,0.001293182373046875,0.012655893961588541,0.008958180745442709,0.0,,True,False,
residential-0007__king-albert-park-mrt__cp_002,residential-0007__king-albert-park-mrt,./data/generated/street_images/316305063232089.jpg,./data/generated/segmentation_images/316305063232089.png,1,High sky exposure + high road exposure / low greenery,0.4100528293185764,0.16265869140625,0.033599853515625,0.0,0.1184573703342014,0.0,,True,False,
residential-0007__king-albert-park-mrt__cp_003,residential-0007__king-albert-park-mrt,./data/generated/street_images/2507571966303459.jpg,./data/generated/segmentation_images/2507571966303459.png,1,High sky exposure + high road exposure / low greenery,0.2675921122233073,0.2250951131184896,0.43462244669596356,0.004175821940104167,0.0660845438639323,0.002429962158203125,,True,False,
residential-0007__king-albert-park-mrt__cp_004,residential-0007__king-albert-park-mrt,./data/generated/street_images/1062156674566757.jpg,./data/generated/segmentation_images/1062156674566757.png,3,High greenery + high road exposure / low built frontage,0.0010503133138020833,0.6440073649088541,0.0,0.0,0.23279698689778647,0.0,,True,False,
residential-0007__king-albert-park-mrt__cp_005,residential-0007__king-albert-park-mrt,./data/generated/street_images/731251381186074.jpg,./data/generated/segmentation_images/731251381186074.png,3,High greenery + high road exposure / low built frontage,0.11997350056966145,0.7877972920735677,0.012989044189453125,0.005084991455078125,0.009187062581380209,0.019452412923177082,,True,False,
residential-0007__king-albert-park-mrt__cp_006,residential-0007__king-albert-park-mrt,./data/generated/street_images/167361308955699.jpg,./data/generated/segmentation_images/167361308955699.png,1,High sky exposure + high road exposure / low greenery,0.3576240539550781,0.19478480021158853,0.40035247802734375,0.0009180704752604166,0.019140879313151043,0.0,,True,False,
residential-0007__king-albert-park-mrt__cp_007,residential-0007__king-albert-park-mrt,./data/generated/street_images/1166929084131308.jpg,./data/generated/segmentation_images/1166929084131308.png,3,High greenery + high road exposure / low built frontage,0.011582692464192709,0.937646230061849,0.0,0.018161773681640625,0.0,0.0,,True,False,
residential-0007__king-albert-park-mrt__cp_008,residential-0007__king-albert-park-mrt,./data/generated/street_images/479239489859197.jpg,./data/generated/segmentation_images/479239489859197.png,1,High sky exposure + high road exposure / low greenery,0.4503699408637153,0.1633792453342014,0.006083170572916667,0.0,0.14111497667100695,0.15647379557291666,,True,False,
residential-0007__king-albert-park-mrt__cp_009,residential-0007__king-albert-park-mrt,./data/generated/street_images/1275594794341200.jpg,./data/generated/segmentation_images/1275594794341200.png,3,High greenery + high road exposure / low built frontage,0.0,1.0,0.0,0.0,0.0,0.0,,True,False,
residential-0007__king-albert-park-mrt__cp_010,residential-0007__king-albert-park-mrt,./data/generated/street_images/1275594794341200.jpg,./data/generated/segmentation_images/1275594794341200.png,3,High greenery + high road exposure / low built frontage,0.0,1.0,0.0,0.0,0.0,0.0,,True,False,
residential-0007__king-albert-park-mrt__cp_011,residential-0007__king-albert-park-mrt,./data/generated/street_images/1150061849879643.jpg,./data/generated/segmentation_images/1150061849879643.png,3,High greenery + high road exposure / low built frontage,0.00020345052083333334,0.9598770141601562,0.0,0.0,0.0,0.0,,True,False,
residential-0007__king-albert-park-mrt__cp_012,residential-0007__king-albert-park-mrt,./data/generated/street_images/1547582222922825.jpg,./data/generated/segmentation_images/1547582222922825.png,3,High greenery + high road exposure / low built frontage,0.0,0.9655278523763021,0.0,0.0,8.7738037109375e-05,0.034297943115234375,,True,False,
residential-0007__king-albert-park-mrt__cp_013,residential-0007__king-albert-park-mrt,./data/generated/street_images/924256208292085.jpg,./data/generated/segmentation_images/924256208292085.png,3,High greenery + high road exposure / low built frontage,0.13949966430664062,0.8387870788574219,0.0012156168619791667,0.020497639973958332,0.0,0.0,,True,False,
residential-0007__king-albert-park-mrt__cp_014,residential-0007__king-albert-park-mrt,./data/generated/street_images/4666370900158188.jpg,./data/generated/segmentation_images/4666370900158188.png,3,High greenery + high road exposure / low built frontage,0.22055562337239584,0.6516342163085938,2.1616617838541668e-05,0.0045318603515625,0.024767557779947918,0.0,,True,False,
residential-0007__king-albert-park-mrt__cp_015,residential-0007__king-albert-park-mrt,./data/generated/street_images/1680062233159427.jpg,./data/generated/segmentation_images/1680062233159427.png,2,High pedestrian space + high built frontage / low road exposure,0.052174886067708336,0.42926661173502606,0.0006866455078125,0.2709604899088542,0.16422398885091147,0.00023396809895833334,,True,False,
residential-0007__king-albert-park-mrt__cp_016,residential-0007__king-albert-park-mrt,./data/generated/street_images/844907753042360.jpg,./data/generated/segmentation_images/844907753042360.png,0,High built frontage + high pedestrian space / low greenery,0.04229736328125,0.5151435004340278,0.0011817084418402778,0.011345757378472222,0.4212053087022569,0.0,,True,False,
residential-0007__king-albert-park-mrt__cp_017,residential-0007__king-albert-park-mrt,./data/generated/street_images/531338211217598.jpg,./data/generated/segmentation_images/531338211217598.png,0,High built frontage + high pedestrian space / low greenery,0.1478237575954861,0.3023698594835069,0.10486857096354167,0.019768608940972224,0.3316938612196181,0.07648213704427083,,True,False,
residential-0007__king-albert-park-mrt__cp_018,residential-0007__king-albert-park-mrt,./data/generated/street_images/250980533750650.jpg,./data/generated/segmentation_images/250980533750650.png,2,High pedestrian space + high built frontage / low road exposure,0.11771138509114583,0.20676422119140625,0.08216476440429688,0.2977485656738281,0.2825355529785156,0.013281504313151041,,True,False,
residential-0007__king-albert-park-mrt__cp_019,residential-0007__king-albert-park-mrt,./data/generated/street_images/1053474389421863.jpg,./data/generated/segmentation_images/1053474389421863.png,3,High greenery + high road exposure / low built frontage,0.09550730387369792,0.61285400390625,0.10961151123046875,0.08269627888997395,0.0019543965657552085,0.0,,True,False,
residential-0007__king-albert-park-mrt__cp_020,residential-0007__king-albert-park-mrt,./data/generated/street_images/1382983228828433.jpg,./data/generated/segmentation_images/1382983228828433.png,2,High pedestrian space + high built frontage / low road exposure,0.2648582458496094,0.2759437561035156,0.012556711832682291,0.20740890502929688,0.2021509806315104,0.004288991292317708,,True,False,
residential-0007__king-albert-park-mrt__cp_021,residential-0007__king-albert-park-mrt,./data/generated/street_images/981093119278560.jpg,./data/generated/segmentation_images/981093119278560.png,1,High sky exposure + high road exposure / low greenery,0.2405522664388021,0.12304433186848958,0.0,0.09480539957682292,0.18992106119791666,0.0,,True,False,
residential-0008__upper-thomson-mrt__cp_004,residential-0008__upper-thomson-mrt,./data/generated/street_images/158217479597864.jpg,./data/generated/segmentation_images/158217479597864.png,3,High greenery + high road exposure / low built frontage,0.001925998263888889,0.9264373779296875,0.0,0.045221964518229164,0.0,0.0,424.16999999999996,False,False,
residential-0008__upper-thomson-mrt__cp_005,residential-0008__upper-thomson-mrt,./data/generated/street_images/158217479597864.jpg,./data/generated/segmentation_images/158217479597864.png,3,High greenery + high road exposure / low built frontage,0.001925998263888889,0.9264373779296875,0.0,0.045221964518229164,0.0,0.0,370.83,False,False,
residential-0008__upper-thomson-mrt__cp_006,residential-0008__upper-thomson-mrt,./data/generated/street_images/905629986669786.jpg,./data/generated/segmentation_images/905629986669786.png,3,High greenery + high road exposure / low built frontage,0.0,0.8356611463758681,0.0,0.11266581217447917,0.007331000434027778,0.0,305.71,False,False,
residential-0008__upper-thomson-mrt__cp_007,residential-0008__upper-thomson-mrt,./data/generated/street_images/310814653862509.jpg,./data/generated/segmentation_images/310814653862509.png,3,High greenery + high road exposure / low built frontage,0.0,0.8825581868489584,0.0,0.06109280056423611,0.0,0.0,253.5,False,False,
residential-0008__upper-thomson-mrt__cp_008,residential-0008__upper-thomson-mrt,./data/generated/street_images/4321262781271598.jpg,./data/generated/segmentation_images/4321262781271598.png,3,High greenery + high road exposure / low built frontage,0.0011427137586805555,0.9298078748914931,0.0,0.0689578586154514,0.0,0.0,193.21999999999997,False,False,
residential-0008__upper-thomson-mrt__cp_009,residential-0008__upper-thomson-mrt,./data/generated/street_images/912696359294965.jpg,./data/generated/segmentation_images/912696359294965.png,3,High greenery + high road exposure / low built frontage,0.0,0.8577643500434028,0.0,0.11156209309895833,0.0,0.0,125.00999999999999,False,False,
residential-0008__upper-thomson-mrt__cp_010,residential-0008__upper-thomson-mrt,./data/generated/street_images/770828290284846.jpg,./data/generated/segmentation_images/770828290284846.png,3,High greenery + high road exposure / low built frontage,0.09531487358940972,0.8670213487413194,0.0,0.035346137152777776,0.0,0.0,63.22000000000003,False,False,
residential-0008__upper-thomson-mrt__cp_011,residential-0008__upper-thomson-mrt,./data/generated/street_images/4212331572152958.jpg,./data/generated/segmentation_images/4212331572152958.png,3,High greenery + high road exposure / low built frontage,0.057473076714409724,0.8512318929036459,0.0,0.09129503038194445,0.0,0.0,0.0,False,True,
residential-0008__upper-thomson-mrt__cp_012,residential-0008__upper-thomson-mrt,./data/generated/street_images/681075669341481.jpg,./data/generated/segmentation_images/681075669341481.png,3,High greenery + high road exposure / low built frontage,0.04044765896267361,0.8948008219401041,0.0,0.06475151909722222,0.0,0.0,0.0,False,True,
residential-0008__upper-thomson-mrt__cp_013,residential-0008__upper-thomson-mrt,./data/generated/street_images/2064934063681618.jpg,./data/generated/segmentation_images/2064934063681618.png,3,High greenery + high road exposure / low built frontage,0.0,0.6884341769748263,0.0,0.0,0.0,0.0,0.0,False,True,
residential-0008__upper-thomson-mrt__cp_014,residential-0008__upper-thomson-mrt,./data/generated/street_images/3066820240312592.jpg,./data/generated/segmentation_images/3066820240312592.png,3,High greenery + high road exposure / low built frontage,0.0,0.5288831922743056,0.0,0.0,0.0,0.0,0.0,False,True,
residential-0008__upper-thomson-mrt__cp_015,residential-0008__upper-thomson-mrt,./data/generated/street_images/249362300303050.jpg,./data/generated/segmentation_images/249362300303050.png,3,High greenery + high road exposure / low built frontage,0.2501542833116319,0.4391750759548611,0.23956468370225695,0.039774576822916664,0.00010172526041666667,0.0035349527994791665,79.43000000000006,False,False,
residential-0008__upper-thomson-mrt__cp_016,residential-0008__upper-thomson-mrt,./data/generated/street_images/502238537571782.jpg,./data/generated/segmentation_images/502238537571782.png,3,High greenery + high road exposure / low built frontage,0.16476270887586805,0.66571044921875,0.14707777235243055,0.0031941731770833335,0.0014275444878472222,0.0,134.63,False,False,
residential-0008__upper-thomson-mrt__cp_017,residential-0008__upper-thomson-mrt,./data/generated/street_images/302031328295077.jpg,./data/generated/segmentation_images/302031328295077.png,1,High sky exposure + high road exposure / low greenery,0.2982432047526042,0.1857062445746528,0.3824344211154514,0.006003485785590278,0.07641432020399305,0.04641893174913195,190.37,False,False,
residential-0008__upper-thomson-mrt__cp_018,residential-0008__upper-thomson-mrt,./data/generated/street_images/157775289625697.jpg,./data/generated/segmentation_images/157775289625697.png,3,High greenery + high road exposure / low built frontage,0.14295450846354166,0.55523681640625,0.2990468343098958,0.0004696316189236111,0.0,0.0,242.56000000000006,False,False,
residential-0008__upper-thomson-mrt__cp_019,residential-0008__upper-thomson-mrt,./data/generated/street_images/518763732593031.jpg,./data/generated/segmentation_images/518763732593031.png,0,High built frontage + high pedestrian space / low greenery,0.05670505099826389,0.1975487603081597,0.4138810899522569,0.042687310112847224,0.23401048448350695,0.010854085286458334,300.73000000000013,False,False,
residential-0008__upper-thomson-mrt__cp_020,residential-0008__upper-thomson-mrt,./data/generated/street_images/4235056123183087.jpg,./data/generated/segmentation_images/4235056123183087.png,1,High sky exposure + high road exposure / low greenery,0.0472564697265625,0.12937418619791666,0.3998362223307292,0.015216403537326388,0.2071804470486111,0.1826053195529514,372.93999999999994,False,False,
residential-0008__upper-thomson-mrt__cp_021,residential-0008__upper-thomson-mrt,./data/generated/street_images/592034448358157.jpg,./data/generated/segmentation_images/592034448358157.png,3,High greenery + high road exposure / low built frontage,0.012688530815972222,0.5261908637152778,0.3470001220703125,0.0024210611979166665,0.023390028211805556,0.06320699055989583,457.08000000000004,False,False,
residential-0008__upper-thomson-mrt__cp_022,residential-0008__upper-thomson-mrt,./data/generated/street_images/139104738174497.jpg,./data/generated/segmentation_images/139104738174497.png,3,High greenery + high road exposure / low built frontage,0.05778333875868055,0.4726647271050347,0.3351203070746528,6.781684027777778e-05,0.012671576605902778,0.11564805772569445,535.5600000000001,False,False,
residential-0008__upper-thomson-mrt__cp_023,residential-0008__upper-thomson-mrt,./data/generated/street_images/281400577644837.jpg,./data/generated/segmentation_images/281400577644837.png,3,High greenery + high road exposure / low built frontage,0.0,0.6313680013020834,0.26380030314127606,0.00177764892578125,0.0,0.0,590.4900000000001,False,False,
residential-0008__upper-thomson-mrt__cp_024,residential-0008__upper-thomson-mrt,./data/generated/street_images/728763155687730.jpg,./data/generated/segmentation_images/728763155687730.png,3,High greenery + high road exposure / low built frontage,0.0,0.35910288492838544,0.2824605305989583,0.00856781005859375,0.15538914998372397,0.0,656.18,False,False,
residential-0008__upper-thomson-mrt__cp_025,residential-0008__upper-thomson-mrt,./data/generated/street_images/791724169350278.jpg,./data/generated/segmentation_images/791724169350278.png,3,High greenery + high road exposure / low built frontage,0.0,0.3171704610188802,0.36654408772786456,0.058672587076822914,0.19168853759765625,0.0,721.4900000000001,False,False,
residential-0008__upper-thomson-mrt__cp_026,residential-0008__upper-thomson-mrt,./data/generated/street_images/1914371082045318.jpg,./data/generated/segmentation_images/1914371082045318.png,0,High built frontage + high pedestrian space / low greenery,0.1732092963324653,0.003562079535590278,0.3214687771267361,0.05099148220486111,0.360321044921875,0.040732489691840276,772.86,False,False,
residential-0008__upper-thomson-mrt__cp_027,residential-0008__upper-thomson-mrt,./data/generated/street_images/3546225515655770.jpg,./data/generated/segmentation_images/3546225515655770.png,1,High sky exposure + high road exposure / low greenery,0.15938695271809897,0.1431605021158854,0.38190333048502606,0.029553731282552082,0.2629547119140625,0.0003382364908854167,830.09,False,False,
residential-0008__upper-thomson-mrt__cp_028,residential-0008__upper-thomson-mrt,./data/generated/street_images/4264815970198040.jpg,./data/generated/segmentation_images/4264815970198040.png,1,High sky exposure + high road exposure / low greenery,0.5840793185763888,0.001330905490451389,0.0679355197482639,0.020075480143229168,0.17626953125,0.11986456976996528,887.32,False,False,
residential-0008__upper-thomson-mrt__cp_029,residential-0008__upper-thomson-mrt,./data/generated/street_images/732551457437628.jpg,./data/generated/segmentation_images/732551457437628.png,0,High built frontage + high pedestrian space / low greenery,0.2105221218532986,0.014287312825520834,0.03961351182725695,0.002227783203125,0.4572872585720486,0.0,936.82,False,False,
residential-0009__tan-kah-kee-mrt__cp_043,residential-0009__tan-kah-kee-mrt,./data/generated/street_images/924557038378244.jpg,./data/generated/segmentation_images/924557038378244.png,3,High greenery + high road exposure / low built frontage,0.0,0.9702165391710069,0.0,0.019632975260416668,0.0,0.0,1493.7800000000002,True,False,
residential-0009__tan-kah-kee-mrt__cp_044,residential-0009__tan-kah-kee-mrt,./data/generated/street_images/535777014253805.jpg,./data/generated/segmentation_images/535777014253805.png,3,High greenery + high road exposure / low built frontage,0.013232760959201388,0.5872853597005209,0.0,0.0,0.0,0.0,1443.9500000000003,True,False,
residential-0009__tan-kah-kee-mrt__cp_046,residential-0009__tan-kah-kee-mrt,./data/generated/street_images/766384147405739.jpg,./data/generated/segmentation_images/766384147405739.png,3,High greenery + high road exposure / low built frontage,0.0,0.7671780056423612,0.0,0.013699001736111112,0.0,0.0,1334.75,True,False,
residential-0009__tan-kah-kee-mrt__cp_047,residential-0009__tan-kah-kee-mrt,./data/generated/street_images/223674992522103.jpg,./data/generated/segmentation_images/223674992522103.png,3,High greenery + high road exposure / low built frontage,0.00015089246961805556,0.8891889784071181,0.002219306098090278,0.1018642849392361,0.006173027886284722,0.0,1283.2400000000002,True,False,
residential-0009__tan-kah-kee-mrt__cp_048,residential-0009__tan-kah-kee-mrt,./data/generated/street_images/880250185857064.jpg,./data/generated/segmentation_images/880250185857064.png,3,High greenery + high road exposure / low built frontage,0.0,0.9672732883029513,0.0,0.028411865234375,0.0,0.0,1232.4,True,False,
residential-0009__tan-kah-kee-mrt__cp_049,residential-0009__tan-kah-kee-mrt,./data/generated/street_images/3222596374634453.jpg,./data/generated/segmentation_images/3222596374634453.png,2,High pedestrian space + high built frontage / low road exposure,0.0,0.2515207926432292,0.2545115152994792,0.4935201009114583,0.0003628200954861111,0.0,1183.04,True,False,
residential-0009__tan-kah-kee-mrt__cp_050,residential-0009__tan-kah-kee-mrt,./data/generated/street_images/472952750651163.jpg,./data/generated/segmentation_images/472952750651163.png,3,High greenery + high road exposure / low built frontage,0.13673570421006945,0.4173465304904514,0.1128200954861111,0.008317735460069444,0.0036977132161458335,0.2574971516927083,964.3600000000001,True,False,
residential-0009__tan-kah-kee-mrt__cp_051,residential-0009__tan-kah-kee-mrt,./data/generated/street_images/213731516923832.jpg,./data/generated/segmentation_images/213731516923832.png,1,High sky exposure + high road exposure / low greenery,0.4800885518391927,0.19001388549804688,0.1381963094075521,0.0,2.9246012369791668e-05,0.17445500691731772,888.5,True,False,
residential-0009__tan-kah-kee-mrt__cp_052,residential-0009__tan-kah-kee-mrt,./data/generated/street_images/167192215325943.jpg,./data/generated/segmentation_images/167192215325943.png,3,High greenery + high road exposure / low built frontage,0.1037631564670139,0.4648590087890625,0.23225911458333334,0.021645439995659724,0.031821356879340276,0.0011359320746527778,831.8000000000002,True,False,
residential-0009__tan-kah-kee-mrt__cp_053,residential-0009__tan-kah-kee-mrt,./data/generated/street_images/307476554261848.jpg,./data/generated/segmentation_images/307476554261848.png,1,High sky exposure + high road exposure / low greenery,0.2780032687717014,0.322174072265625,0.1815948486328125,0.001354641384548611,0.028810289171006944,0.0,774.8700000000003,True,False,
residential-0009__tan-kah-kee-mrt__cp_054,residential-0009__tan-kah-kee-mrt,./data/generated/street_images/307476554261848.jpg,./data/generated/segmentation_images/307476554261848.png,1,High sky exposure + high road exposure / low greenery,0.2780032687717014,0.322174072265625,0.1815948486328125,0.001354641384548611,0.028810289171006944,0.0,757.96,True,False,
residential-0009__tan-kah-kee-mrt__cp_055,residential-0009__tan-kah-kee-mrt,./data/generated/street_images/267073078460932.jpg,./data/generated/segmentation_images/267073078460932.png,1,High sky exposure + high road exposure / low greenery,0.6113560994466146,0.12279001871744792,0.19731521606445312,0.0,0.005290985107421875,0.00927734375,679.0500000000002,True,False,
residential-0009__tan-kah-kee-mrt__cp_056,residential-0009__tan-kah-kee-mrt,./data/generated/street_images/267073078460932.jpg,./data/generated/segmentation_images/267073078460932.png,1,High sky exposure + high road exposure / low greenery,0.6113560994466146,0.12279001871744792,0.19731521606445312,0.0,0.005290985107421875,0.00927734375,665.3800000000001,True,False,
residential-0009__tan-kah-kee-mrt__cp_057,residential-0009__tan-kah-kee-mrt,./data/generated/street_images/267073078460932.jpg,./data/generated/segmentation_images/267073078460932.png,1,High sky exposure + high road exposure / low greenery,0.6113560994466146,0.12279001871744792,0.19731521606445312,0.0,0.005290985107421875,0.00927734375,612.4800000000005,True,False,
residential-0009__tan-kah-kee-mrt__cp_058,residential-0009__tan-kah-kee-mrt,./data/generated/street_images/267073078460932.jpg,./data/generated/segmentation_images/267073078460932.png,1,High sky exposure + high road exposure / low greenery,0.6113560994466146,0.12279001871744792,0.19731521606445312,0.0,0.005290985107421875,0.00927734375,546.6300000000001,True,False,
residential-0009__tan-kah-kee-mrt__cp_066,residential-0009__tan-kah-kee-mrt,./data/generated/street_images/934010167400320.jpg,./data/generated/segmentation_images/934010167400320.png,3,High greenery + high road exposure / low built frontage,0.16351318359375,0.4631110297309028,0.08944193522135417,0.0228424072265625,0.1870083279079861,0.041525946723090276,0.0,True,True,
residential-0009__tan-kah-kee-mrt__cp_067,residential-0009__tan-kah-kee-mrt,./data/generated/street_images/934010167400320.jpg,./data/generated/segmentation_images/934010167400320.png,3,High greenery + high road exposure / low built frontage,0.16351318359375,0.4631110297309028,0.08944193522135417,0.0228424072265625,0.1870083279079861,0.041525946723090276,54.92000000000007,True,False,
residential-0009__tan-kah-kee-mrt__cp_068,residential-0009__tan-kah-kee-mrt,./data/generated/street_images/524499448574864.jpg,./data/generated/segmentation_images/524499448574864.png,0,High built frontage + high pedestrian space / low greenery,0.023903740776909724,0.3715532090928819,0.05154588487413195,0.08243306477864583,0.3615349663628472,0.0,115.30999999999949,True,False,
residential-0009__tan-kah-kee-mrt__cp_069,residential-0009__tan-kah-kee-mrt,./data/generated/street_images/524499448574864.jpg,./data/generated/segmentation_images/524499448574864.png,0,High built frontage + high pedestrian space / low greenery,0.023903740776909724,0.3715532090928819,0.05154588487413195,0.08243306477864583,0.3615349663628472,0.0,177.97999999999956,True,False,
residential-0009__tan-kah-kee-mrt__cp_090,residential-0009__tan-kah-kee-mrt,./data/generated/street_images/1142113743641693.jpg,./data/generated/segmentation_images/1142113743641693.png,2,High pedestrian space + high built frontage / low road exposure,0.09646352132161458,0.4008318583170573,0.009382883707682291,0.1448186238606771,0.2118657430013021,0.11915206909179688,1755.29,True,False,
residential-0009__tan-kah-kee-mrt__cp_091,residential-0009__tan-kah-kee-mrt,./data/generated/street_images/1142113743641693.jpg,./data/generated/segmentation_images/1142113743641693.png,2,High pedestrian space + high built frontage / low road exposure,0.09646352132161458,0.4008318583170573,0.009382883707682291,0.1448186238606771,0.2118657430013021,0.11915206909179688,1809.6800000000003,True,False,
residential-0009__tan-kah-kee-mrt__cp_092,residential-0009__tan-kah-kee-mrt,./data/generated/street_images/1170605600766693.jpg,./data/generated/segmentation_images/1170605600766693.png,3,High greenery + high road exposure / low built frontage,0.053295135498046875,0.5129737854003906,0.012694040934244791,0.08562342325846355,0.21551386515299478,0.0,1863.0,True,False,
residential-0009__tan-kah-kee-mrt__cp_093,residential-0009__tan-kah-kee-mrt,./data/generated/street_images/693038385215423.jpg,./data/generated/segmentation_images/693038385215423.png,0,High built frontage + high pedestrian space / low greenery,0.0767224629720052,0.04539362589518229,0.09795888264973958,0.011014302571614584,0.6197764078776041,0.029614766438802082,1914.9899999999998,True,False,
residential-0009__tan-kah-kee-mrt__cp_094,residential-0009__tan-kah-kee-mrt,./data/generated/street_images/1116884345538377.jpg,./data/generated/segmentation_images/1116884345538377.png,0,High built frontage + high pedestrian space / low greenery,0.019068400065104168,0.148651123046875,0.3011919657389323,0.09222793579101562,0.39398193359375,0.0010693868001302083,1987.2799999999997,True,False,
residential-0009__tan-kah-kee-mrt__cp_095,residential-0009__tan-kah-kee-mrt,./data/generated/street_images/1159114748184728.jpg,./data/generated/segmentation_images/1159114748184728.png,3,High greenery + high road exposure / low built frontage,0.11796061197916667,0.5595715840657552,0.03852971394856771,0.022314707438151043,0.25728607177734375,0.0,2043.8599999999997,True,False,
residential-0009__tan-kah-kee-mrt__cp_096,residential-0009__tan-kah-kee-mrt,./data/generated/street_images/1159114748184728.jpg,./data/generated/segmentation_images/1159114748184728.png,3,High greenery + high road exposure / low built frontage,0.11796061197916667,0.5595715840657552,0.03852971394856771,0.022314707438151043,0.25728607177734375,0.0,2045.42,True,False,
residential-0010__pasir-panjang-mrt__cp_006,residential-0010__pasir-panjang-mrt,./data/generated/street_images/541617662174316.jpg,./data/generated/segmentation_images/541617662174316.png,3,High greenery + high road exposure / low built frontage,0.18566004435221353,0.5130284627278646,0.2784169514973958,0.0,0.0024693806966145835,0.0,0.0,False,True,
residential-0010__pasir-panjang-mrt__cp_007,residential-0010__pasir-panjang-mrt,./data/generated/street_images/541617662174316.jpg,./data/generated/segmentation_images/541617662174316.png,3,High greenery + high road exposure / low built frontage,0.18566004435221353,0.5130284627278646,0.2784169514973958,0.0,0.0024693806966145835,0.0,0.0,False,True,
residential-0010__pasir-panjang-mrt__cp_008,residential-0010__pasir-panjang-mrt,./data/generated/street_images/769325592044908.jpg,./data/generated/segmentation_images/769325592044908.png,2,High pedestrian space + high built frontage / low road exposure,0.26184972127278644,0.4436187744140625,0.1014111836751302,0.16139729817708334,0.0037663777669270835,0.0,0.0,False,True,
residential-0010__pasir-panjang-mrt__cp_009,residential-0010__pasir-panjang-mrt,./data/generated/street_images/1348133616596739.jpg,./data/generated/segmentation_images/1348133616596739.png,3,High greenery + high road exposure / low built frontage,0.14121627807617188,0.7303454081217448,0.0028368631998697915,0.1133740743001302,0.0,0.0,0.0,False,True,
residential-0010__pasir-panjang-mrt__cp_010,residential-0010__pasir-panjang-mrt,./data/generated/street_images/769325592044908.jpg,./data/generated/segmentation_images/769325592044908.png,2,High pedestrian space + high built frontage / low road exposure,0.26184972127278644,0.4436187744140625,0.1014111836751302,0.16139729817708334,0.0037663777669270835,0.0,0.0,False,True,
residential-0010__pasir-panjang-mrt__cp_016,residential-0010__pasir-panjang-mrt,./data/generated/street_images/1641392129877925.jpg,./data/generated/segmentation_images/1641392129877925.png,0,High built frontage + high pedestrian space / low greenery,0.004586537679036458,0.031468709309895836,0.0837237040201823,0.13469696044921875,0.7057062784830729,2.7974446614583332e-05,521.5,False,False,
residential-0010__pasir-panjang-mrt__cp_017,residential-0010__pasir-panjang-mrt,./data/generated/street_images/630911962407819.jpg,./data/generated/segmentation_images/630911962407819.png,0,High built frontage + high pedestrian space / low greenery,0.0015996297200520833,0.3953081766764323,0.2012481689453125,0.05280939737955729,0.33918126424153644,0.00022633870442708334,577.4100000000001,False,False,
residential-0010__pasir-panjang-mrt__cp_018,residential-0010__pasir-panjang-mrt,./data/generated/street_images/658001421896792.jpg,./data/generated/segmentation_images/658001421896792.png,3,High greenery + high road exposure / low built frontage,0.0015360514322916667,0.5356648763020834,0.38632456461588544,0.029984792073567707,0.041744232177734375,0.0,635.0999999999999,False,False,
residential-0010__pasir-panjang-mrt__cp_019,residential-0010__pasir-panjang-mrt,./data/generated/street_images/278009464647866.jpg,./data/generated/segmentation_images/278009464647866.png,1,High sky exposure + high road exposure / low greenery,0.14787165323893228,0.1222826639811198,0.4271278381347656,0.03814697265625,0.21446863810221353,0.033762613932291664,673.3299999999999,False,False,
residential-0010__pasir-panjang-mrt__cp_020,residential-0010__pasir-panjang-mrt,./data/generated/street_images/767468880623831.jpg,./data/generated/segmentation_images/767468880623831.png,1,High sky exposure + high road exposure / low greenery,0.2899034288194444,0.1050991482204861,0.320556640625,0.057179768880208336,0.2057308620876736,0.012239244249131944,742.9200000000001,False,False,
residential-0010__pasir-panjang-mrt__cp_021,residential-0010__pasir-panjang-mrt,./data/generated/street_images/767468880623831.jpg,./data/generated/segmentation_images/767468880623831.png,1,High sky exposure + high road exposure / low greenery,0.2899034288194444,0.1050991482204861,0.320556640625,0.057179768880208336,0.2057308620876736,0.012239244249131944,748.5899999999999,False,False,
residential-0011__jurong-east-mrt__cp_004,residential-0011__jurong-east-mrt,./data/generated/street_images/164916566612075.jpg,./data/generated/segmentation_images/164916566612075.png,2,High pedestrian space + high built frontage / low road exposure,0.13182640075683594,0.13909339904785156,0.08132171630859375,0.1996784210205078,0.3868522644042969,0.01593017578125,,False,False,
residential-0011__jurong-east-mrt__cp_005,residential-0011__jurong-east-mrt,./data/generated/street_images/338051438620813.jpg,./data/generated/segmentation_images/338051438620813.png,2,High pedestrian space + high built frontage / low road exposure,0.10479164123535156,0.17914772033691406,0.008871078491210938,0.3050098419189453,0.3596229553222656,0.013248443603515625,,False,False,
residential-0011__jurong-east-mrt__cp_019,residential-0011__jurong-east-mrt,./data/generated/street_images/4467979043216519.jpg,./data/generated/segmentation_images/4467979043216519.png,3,High greenery + high road exposure / low built frontage,0.12958272298177084,0.7614152696397569,0.09737989637586805,0.006139119466145833,0.0,0.0,,False,False,
residential-0011__jurong-east-mrt__cp_020,residential-0011__jurong-east-mrt,./data/generated/street_images/871078101923843.jpg,./data/generated/segmentation_images/871078101923843.png,3,High greenery + high road exposure / low built frontage,0.21480305989583334,0.3491045633951823,0.3136583964029948,0.0003560384114583333,0.060482025146484375,0.0,,False,False,
residential-0011__jurong-east-mrt__cp_021,residential-0011__jurong-east-mrt,./data/generated/street_images/305824644252449.jpg,./data/generated/segmentation_images/305824644252449.png,3,High greenery + high road exposure / low built frontage,0.04372278849283854,0.5056915283203125,0.447906494140625,0.0004526774088541667,0.000797271728515625,0.0013300577799479167,,False,False,
residential-0011__jurong-east-mrt__cp_022,residential-0011__jurong-east-mrt,./data/generated/street_images/2874119452826370.jpg,./data/generated/segmentation_images/2874119452826370.png,1,High sky exposure + high road exposure / low greenery,0.3003285725911458,0.20650100708007812,0.3125661214192708,0.0689557393391927,0.038799285888671875,0.004367828369140625,,False,False,
residential-0011__jurong-east-mrt__cp_023,residential-0011__jurong-east-mrt,./data/generated/street_images/1328931007672037.jpg,./data/generated/segmentation_images/1328931007672037.png,1,High sky exposure + high road exposure / low greenery,0.45948155721028644,0.09868240356445312,0.37436676025390625,0.0,0.009165445963541666,0.0,,False,False,
residential-0011__jurong-east-mrt__cp_024,residential-0011__jurong-east-mrt,./data/generated/street_images/489207259102240.jpg,./data/generated/segmentation_images/489207259102240.png,1,High sky exposure + high road exposure / low greenery,0.2730547587076823,0.15869267781575522,0.21259180704752603,1.1444091796875e-05,0.1606292724609375,0.08969497680664062,,False,False,
residential-0011__jurong-east-mrt__cp_025,residential-0011__jurong-east-mrt,./data/generated/street_images/278898930543994.jpg,./data/generated/segmentation_images/278898930543994.png,3,High greenery + high road exposure / low built frontage,0.11762110392252605,0.4316202799479167,0.1672337849934896,0.1062761942545573,0.06190617879231771,0.008783976236979166,,False,False,
residential-0011__jurong-east-mrt__cp_026,residential-0011__jurong-east-mrt,./data/generated/street_images/164084692285946.jpg,./data/generated/segmentation_images/164084692285946.png,1,High sky exposure + high road exposure / low greenery,0.1442845662434896,0.27222951253255206,0.3950246175130208,0.004131317138671875,0.1793492635091146,0.0005633036295572916,,False,False,
residential-0011__jurong-east-mrt__cp_027,residential-0011__jurong-east-mrt,./data/generated/street_images/173724667878691.jpg,./data/generated/segmentation_images/173724667878691.png,3,High greenery + high road exposure / low built frontage,0.16395060221354166,0.5419650607638888,0.13333299424913195,0.04377916124131945,0.0673404269748264,0.040442572699652776,,False,False,
residential-0011__jurong-east-mrt__cp_028,residential-0011__jurong-east-mrt,./data/generated/street_images/493047295376239.jpg,./data/generated/segmentation_images/493047295376239.png,1,High sky exposure + high road exposure / low greenery,0.2994299994574653,0.3743676079644097,0.13786146375868055,0.04926723904079861,0.08892822265625,0.046427408854166664,,False,False,
residential-0011__jurong-east-mrt__cp_029,residential-0011__jurong-east-mrt,./data/generated/street_images/176863464332605.jpg,./data/generated/segmentation_images/176863464332605.png,4,High vehicle presence + high road exposure / low greenery,0.023729112413194444,0.018522474500868056,0.0819210476345486,0.004698011610243056,0.015896267361111112,0.8541497124565972,,False,False,
residential-0011__jurong-east-mrt__cp_030,residential-0011__jurong-east-mrt,./data/generated/street_images/176863464332605.jpg,./data/generated/segmentation_images/176863464332605.png,4,High vehicle presence + high road exposure / low greenery,0.023729112413194444,0.018522474500868056,0.0819210476345486,0.004698011610243056,0.015896267361111112,0.8541497124565972,,False,False,
residential-0011__jurong-east-mrt__cp_031,residential-0011__jurong-east-mrt,./data/generated/street_images/1904414066378752.jpg,./data/generated/segmentation_images/1904414066378752.png,1,High sky exposure + high road exposure / low greenery,0.2816077338324653,0.3505486382378472,0.263885498046875,0.06108432345920139,0.003807915581597222,0.003490871853298611,,False,False,
residential-0011__jurong-east-mrt__cp_032,residential-0011__jurong-east-mrt,./data/generated/street_images/3891861734237544.jpg,./data/generated/segmentation_images/3891861734237544.png,3,High greenery + high road exposure / low built frontage,0.07956949869791667,0.2785864935980903,0.2766757541232639,0.018290201822916668,0.10576883951822917,0.24049546983506945,,False,False,
residential-0011__jurong-east-mrt__cp_033,residential-0011__jurong-east-mrt,./data/generated/street_images/135505268573510.jpg,./data/generated/segmentation_images/135505268573510.png,1,High sky exposure + high road exposure / low greenery,0.3218587239583333,0.3279469807942708,0.08342658148871528,0.018025716145833332,0.11951531304253472,0.1300082736545139,,False,False,
residential-0011__jurong-east-mrt__cp_034,residential-0011__jurong-east-mrt,./data/generated/street_images/1869135769928343.jpg,./data/generated/segmentation_images/1869135769928343.png,3,High greenery + high road exposure / low built frontage,0.028466542561848957,0.9040552775065104,0.0,0.027303059895833332,0.030680338541666668,0.00010045369466145833,,False,False,
residential-0011__jurong-east-mrt__cp_035,residential-0011__jurong-east-mrt,./data/generated/street_images/1869135769928343.jpg,./data/generated/segmentation_images/1869135769928343.png,3,High greenery + high road exposure / low built frontage,0.028466542561848957,0.9040552775065104,0.0,0.027303059895833332,0.030680338541666668,0.00010045369466145833,,False,False,
residential-0011__jurong-east-mrt__cp_036,residential-0011__jurong-east-mrt,./data/generated/street_images/510974759937973.jpg,./data/generated/segmentation_images/510974759937973.png,0,High built frontage + high pedestrian space / low greenery,0.060109456380208336,0.2521531846788194,0.3344048394097222,0.005499945746527778,0.3477308485243056,0.0,,False,False,
residential-0011__jurong-east-mrt__cp_037,residential-0011__jurong-east-mrt,./data/generated/street_images/510974759937973.jpg,./data/generated/segmentation_images/510974759937973.png,0,High built frontage + high pedestrian space / low greenery,0.060109456380208336,0.2521531846788194,0.3344048394097222,0.005499945746527778,0.3477308485243056,0.0,,False,False,
residential-0011__jurong-east-mrt__cp_038,residential-0011__jurong-east-mrt,./data/generated/street_images/887631873132097.jpg,./data/generated/segmentation_images/887631873132097.png,3,High greenery + high road exposure / low built frontage,0.16031265258789062,0.4589080810546875,0.11863072713216145,0.059832255045572914,0.021798451741536457,0.0,,False,False,
residential-0011__jurong-east-mrt__cp_039,residential-0011__jurong-east-mrt,./data/generated/street_images/887631873132097.jpg,./data/generated/segmentation_images/887631873132097.png,3,High greenery + high road exposure / low built frontage,0.16031265258789062,0.4589080810546875,0.11863072713216145,0.059832255045572914,0.021798451741536457,0.0,,False,False,
residential-0011__jurong-east-mrt__cp_040,residential-0011__jurong-east-mrt,./data/generated/street_images/1470752393846363.jpg,./data/generated/segmentation_images/1470752393846363.png,3,High greenery + high road exposure / low built frontage,0.042240142822265625,0.5715192159016927,0.23235321044921875,0.0018704732259114583,0.004140218098958333,0.0019658406575520835,,False,False,
residential-0011__jurong-east-mrt__cp_041,residential-0011__jurong-east-mrt,./data/generated/street_images/1793251634490206.jpg,./data/generated/segmentation_images/1793251634490206.png,3,High greenery + high road exposure / low built frontage,0.058568318684895836,0.3246192932128906,0.3091023763020833,0.028227488199869793,0.25364939371744794,0.007523854573567708,,False,False,
residential-0012__dover-mrt__cp_012,residential-0012__dover-mrt,./data/generated/street_images/632806061451579.jpg,./data/generated/segmentation_images/632806061451579.png,2,High pedestrian space + high built frontage / low road exposure,0.030569712320963543,0.4692128499348958,0.03782526652018229,0.3432629903157552,0.02166748046875,0.00104522705078125,,False,False,
residential-0012__dover-mrt__cp_013,residential-0012__dover-mrt,./data/generated/street_images/977184722821200.jpg,./data/generated/segmentation_images/977184722821200.png,2,High pedestrian space + high built frontage / low road exposure,0.03251775105794271,0.15211995442708334,0.09750747680664062,0.3612658182779948,0.30899937947591144,0.006865183512369792,,False,False,
residential-0012__dover-mrt__cp_014,residential-0012__dover-mrt,./data/generated/street_images/1037089966032882.jpg,./data/generated/segmentation_images/1037089966032882.png,3,High greenery + high road exposure / low built frontage,0.020723978678385418,0.712432861328125,0.1884918212890625,0.059612274169921875,0.0,0.0,,False,False,
residential-0012__dover-mrt__cp_015,residential-0012__dover-mrt,./data/generated/street_images/2255925185204764.jpg,./data/generated/segmentation_images/2255925185204764.png,3,High greenery + high road exposure / low built frontage,0.31069056193033856,0.6373710632324219,0.0,0.047840118408203125,0.004098256429036458,0.0,,False,False,
residential-0012__dover-mrt__cp_016,residential-0012__dover-mrt,./data/generated/street_images/2226228814447309.jpg,./data/generated/segmentation_images/2226228814447309.png,3,High greenery + high road exposure / low built frontage,0.07559839884440105,0.5585479736328125,0.004587809244791667,0.013907114664713541,0.1806208292643229,0.0,,False,False,
residential-0012__dover-mrt__cp_017,residential-0012__dover-mrt,./data/generated/street_images/1251156939875659.jpg,./data/generated/segmentation_images/1251156939875659.png,3,High greenery + high road exposure / low built frontage,0.21067937215169272,0.3547681172688802,0.27808380126953125,0.005124409993489583,0.11687978108723958,0.0002772013346354167,,False,False,
residential-0012__dover-mrt__cp_018,residential-0012__dover-mrt,./data/generated/street_images/1226532052172737.jpg,./data/generated/segmentation_images/1226532052172737.png,3,High greenery + high road exposure / low built frontage,0.10290781656901042,0.514947255452474,0.004730224609375,0.022551218668619793,0.000896453857421875,0.0,,False,False,
residential-0012__dover-mrt__cp_019,residential-0012__dover-mrt,./data/generated/street_images/872731575396008.jpg,./data/generated/segmentation_images/872731575396008.png,3,High greenery + high road exposure / low built frontage,0.08188247680664062,0.5369834899902344,0.14045079549153647,0.0,0.039638519287109375,0.0019900004069010415,,False,False,
residential-0012__dover-mrt__cp_026,residential-0012__dover-mrt,./data/generated/street_images/4711153315665857.jpg,./data/generated/segmentation_images/4711153315665857.png,3,High greenery + high road exposure / low built frontage,0.034367879231770836,0.6441701253255209,0.0,0.0,0.2866465250651042,0.0,,False,False,
residential-0012__dover-mrt__cp_027,residential-0012__dover-mrt,./data/generated/street_images/660309725131220.jpg,./data/generated/segmentation_images/660309725131220.png,0,High built frontage + high pedestrian space / low greenery,0.0,0.0,0.0,0.0,0.19135030110677084,0.0,,False,False,
residential-0012__dover-mrt__cp_028,residential-0012__dover-mrt,./data/generated/street_images/151967507187879.jpg,./data/generated/segmentation_images/151967507187879.png,0,High built frontage + high pedestrian space / low greenery,0.03266016642252604,0.012308756510416666,0.12932713826497397,0.0518646240234375,0.4548479715983073,0.0,,False,False,
residential-0012__dover-mrt__cp_029,residential-0012__dover-mrt,./data/generated/street_images/906575746658812.jpg,./data/generated/segmentation_images/906575746658812.png,0,High built frontage + high pedestrian space / low greenery,0.015715281168619793,1.7801920572916668e-05,0.0,0.0,0.24022293090820312,0.0,,False,False,
residential-0013__harbourfront-mrt__cp_000,residential-0013__harbourfront-mrt,./data/generated/street_images/1160868302843312.jpg,./data/generated/segmentation_images/1160868302843312.png,0,High built frontage + high pedestrian space / low greenery,0.0034968058268229165,0.0016276041666666667,8.138020833333333e-05,0.0,0.5522753397623698,0.0,,False,False,
residential-0013__harbourfront-mrt__cp_001,residential-0013__harbourfront-mrt,./data/generated/street_images/666060692987480.jpg,./data/generated/segmentation_images/666060692987480.png,1,High sky exposure + high road exposure / low greenery,0.44445546468098956,0.005008697509765625,0.341339111328125,0.05084864298502604,0.15704981486002603,0.0,,False,False,
residential-0013__harbourfront-mrt__cp_002,residential-0013__harbourfront-mrt,./data/generated/street_images/495480344981907.jpg,./data/generated/segmentation_images/495480344981907.png,1,High sky exposure + high road exposure / low greenery,0.4909481472439236,0.030580308702256944,0.24312337239583334,0.0378875732421875,0.15469190809461805,0.017651028103298612,,False,False,
residential-0013__harbourfront-mrt__cp_003,residential-0013__harbourfront-mrt,./data/generated/street_images/1568184191069952.jpg,./data/generated/segmentation_images/1568184191069952.png,1,High sky exposure + high road exposure / low greenery,0.22260411580403647,0.09410349527994792,0.13221359252929688,0.0,0.0,0.0,,False,False,
residential-0013__harbourfront-mrt__cp_004,residential-0013__harbourfront-mrt,./data/generated/street_images/864348219122164.jpg,./data/generated/segmentation_images/864348219122164.png,1,High sky exposure + high road exposure / low greenery,0.31193288167317706,0.044085184733072914,0.40571848551432294,0.004180908203125,0.23148345947265625,0.00145721435546875,,False,False,
residential-0013__harbourfront-mrt__cp_005,residential-0013__harbourfront-mrt,./data/generated/street_images/846409758379139.jpg,./data/generated/segmentation_images/846409758379139.png,0,High built frontage + high pedestrian space / low greenery,0.0,0.0,0.0,0.025630950927734375,0.31302515665690106,0.0,,False,False,
residential-0013__harbourfront-mrt__cp_006,residential-0013__harbourfront-mrt,./data/generated/street_images/1614603508734008.jpg,./data/generated/segmentation_images/1614603508734008.png,1,High sky exposure + high road exposure / low greenery,0.4415435791015625,0.111541748046875,0.2126125759548611,0.0,0.2047186957465278,5.086263020833333e-06,,False,False,
residential-0013__harbourfront-mrt__cp_007,residential-0013__harbourfront-mrt,./data/generated/street_images/868660715535885.jpg,./data/generated/segmentation_images/868660715535885.png,1,High sky exposure + high road exposure / low greenery,0.35285059611002606,0.10113779703776042,0.3652242024739583,0.013337453206380209,0.09588877360026042,0.017912546793619793,,False,False,
residential-0013__harbourfront-mrt__cp_008,residential-0013__harbourfront-mrt,./data/generated/street_images/682615448025925.jpg,./data/generated/segmentation_images/682615448025925.png,2,High pedestrian space + high built frontage / low road exposure,0.20720799763997397,0.16115315755208334,0.1070556640625,0.16976801554361978,0.19659423828125,0.115997314453125,,False,False,
residential-0013__harbourfront-mrt__cp_009,residential-0013__harbourfront-mrt,./data/generated/street_images/521712015665310.jpg,./data/generated/segmentation_images/521712015665310.png,0,High built frontage + high pedestrian space / low greenery,0.2167426215277778,0.11043463812934028,0.056284586588541664,0.007880316840277778,0.4434729682074653,0.1572689480251736,,False,False,
residential-0013__harbourfront-mrt__cp_010,residential-0013__harbourfront-mrt,./data/generated/street_images/952618608831926.jpg,./data/generated/segmentation_images/952618608831926.png,1,High sky exposure + high road exposure / low greenery,0.5462816026475694,0.030259874131944444,0.20752461751302084,8.477105034722223e-06,0.19848463270399305,0.0008595784505208334,,False,False,
residential-0013__harbourfront-mrt__cp_011,residential-0013__harbourfront-mrt,./data/generated/street_images/783263849245143.jpg,./data/generated/segmentation_images/783263849245143.png,0,High built frontage + high pedestrian space / low greenery,0.07169087727864583,0.028920491536458332,0.1285010443793403,0.023062811957465276,0.6817745632595487,0.06410386827256945,,False,False,
residential-0013__harbourfront-mrt__cp_012,residential-0013__harbourfront-mrt,./data/generated/street_images/965431410894134.jpg,./data/generated/segmentation_images/965431410894134.png,1,High sky exposure + high road exposure / low greenery,0.48980712890625,0.016320122612847224,0.2569020589192708,0.0029771592881944445,0.23155042860243055,0.001690334743923611,,False,False,
residential-0013__harbourfront-mrt__cp_013,residential-0013__harbourfront-mrt,./data/generated/street_images/1253341409044604.jpg,./data/generated/segmentation_images/1253341409044604.png,1,High sky exposure + high road exposure / low greenery,0.3259785970052083,0.0822156270345052,0.000316619873046875,0.0,0.19441604614257812,0.0,,False,False,
residential-0013__harbourfront-mrt__cp_014,residential-0013__harbourfront-mrt,./data/generated/street_images/563205779580007.jpg,./data/generated/segmentation_images/563205779580007.png,1,High sky exposure + high road exposure / low greenery,0.2982927958170573,0.05339177449544271,0.0696563720703125,0.013437906901041666,0.29835764567057294,0.03900019327799479,,False,False,
residential-0013__harbourfront-mrt__cp_015,residential-0013__harbourfront-mrt,./data/generated/street_images/230678115932637.jpg,./data/generated/segmentation_images/230678115932637.png,0,High built frontage + high pedestrian space / low greenery,0.0,0.0,0.0,0.0,1.0,0.0,,False,False,
residential-0013__harbourfront-mrt__cp_016,residential-0013__harbourfront-mrt,./data/generated/street_images/704056104309344.jpg,./data/generated/segmentation_images/704056104309344.png,0,High built frontage + high pedestrian space / low greenery,0.0,0.0,0.0,0.0,0.529944101969401,1.52587890625e-05,,False,False,
residential-0013__harbourfront-mrt__cp_017,residential-0013__harbourfront-mrt,./data/generated/street_images/448087673682178.jpg,./data/generated/segmentation_images/448087673682178.png,0,High built frontage + high pedestrian space / low greenery,0.0,0.0,0.0,0.0,0.33159128824869794,0.0,,False,False,
residential-0013__harbourfront-mrt__cp_018,residential-0013__harbourfront-mrt,./data/generated/street_images/560124371936510.jpg,./data/generated/segmentation_images/560124371936510.png,3,High greenery + high road exposure / low built frontage,0.023899078369140625,0.5342725118001302,0.3206494649251302,0.00614166259765625,0.09592310587565105,0.001556396484375,,False,False,
residential-0014__choa-chu-kang-mrt__cp_000,residential-0014__choa-chu-kang-mrt,./data/generated/street_images/947804672689002.jpg,./data/generated/segmentation_images/947804672689002.png,3,High greenery + high road exposure / low built frontage,0.20843336317274305,0.4126078287760417,0.2269744873046875,0.00726318359375,0.1347808837890625,0.0035603841145833335,,True,False,
residential-0014__choa-chu-kang-mrt__cp_001,residential-0014__choa-chu-kang-mrt,./data/generated/street_images/947804672689002.jpg,./data/generated/segmentation_images/947804672689002.png,3,High greenery + high road exposure / low built frontage,0.20843336317274305,0.4126078287760417,0.2269744873046875,0.00726318359375,0.1347808837890625,0.0035603841145833335,,True,False,
residential-0014__choa-chu-kang-mrt__cp_002,residential-0014__choa-chu-kang-mrt,./data/generated/street_images/599834734309843.jpg,./data/generated/segmentation_images/599834734309843.png,1,High sky exposure + high road exposure / low greenery,0.13286844889322916,0.21171061197916666,0.2696126302083333,0.07875569661458333,0.1702660454644097,0.06687757703993055,,True,False,
residential-0014__choa-chu-kang-mrt__cp_003,residential-0014__choa-chu-kang-mrt,./data/generated/street_images/132426872253912.jpg,./data/generated/segmentation_images/132426872253912.png,1,High sky exposure + high road exposure / low greenery,0.2470330132378472,0.3115437825520833,0.0984836154513889,0.05340406629774305,0.199066162109375,0.06287638346354167,,True,False,
residential-0014__choa-chu-kang-mrt__cp_004,residential-0014__choa-chu-kang-mrt,./data/generated/street_images/199183128707537.jpg,./data/generated/segmentation_images/199183128707537.png,1,High sky exposure + high road exposure / low greenery,0.2319369845920139,0.3040873209635417,0.10736592610677083,0.025419447157118056,0.22495863172743055,0.049216376410590276,,True,False,
residential-0014__choa-chu-kang-mrt__cp_005,residential-0014__choa-chu-kang-mrt,./data/generated/street_images/154149446595684.jpg,./data/generated/segmentation_images/154149446595684.png,3,High greenery + high road exposure / low built frontage,0.11058553059895833,0.4358893500434028,0.08464219835069445,0.020243326822916668,0.2266303168402778,0.058074951171875,,True,False,
residential-0014__choa-chu-kang-mrt__cp_006,residential-0014__choa-chu-kang-mrt,./data/generated/street_images/529027634943161.jpg,./data/generated/segmentation_images/529027634943161.png,3,High greenery + high road exposure / low built frontage,0.17360941569010416,0.3432244194878472,0.1009402804904514,0.019495646158854168,0.2580634223090278,0.0706448025173611,,True,False,
residential-0014__choa-chu-kang-mrt__cp_007,residential-0014__choa-chu-kang-mrt,./data/generated/street_images/319957869710455.jpg,./data/generated/segmentation_images/319957869710455.png,3,High greenery + high road exposure / low built frontage,0.0662723117404514,0.4447309705946181,0.08665974934895833,0.00045945909288194444,0.3149736192491319,0.08614095052083333,,True,False,
residential-0014__choa-chu-kang-mrt__cp_008,residential-0014__choa-chu-kang-mrt,./data/generated/street_images/1437281643285701.jpg,./data/generated/segmentation_images/1437281643285701.png,1,High sky exposure + high road exposure / low greenery,0.22911580403645834,0.3487837049696181,0.04525926378038195,0.0069732666015625,0.2043796115451389,0.16094462076822916,,True,False,
residential-0014__choa-chu-kang-mrt__cp_009,residential-0014__choa-chu-kang-mrt,./data/generated/street_images/517523222590231.jpg,./data/generated/segmentation_images/517523222590231.png,0,High built frontage + high pedestrian space / low greenery,0.13017103407118055,0.3491566975911458,0.0836758083767361,0.007097032335069444,0.3128034803602431,0.1030086941189236,,True,False,
residential-0014__choa-chu-kang-mrt__cp_010,residential-0014__choa-chu-kang-mrt,./data/generated/street_images/511009893417319.jpg,./data/generated/segmentation_images/511009893417319.png,3,High greenery + high road exposure / low built frontage,0.0,0.3987257215711806,0.2251739501953125,0.034630669487847224,0.3098517523871528,0.0,,True,False,
residential-0014__choa-chu-kang-mrt__cp_011,residential-0014__choa-chu-kang-mrt,./data/generated/street_images/784872145550130.jpg,./data/generated/segmentation_images/784872145550130.png,1,High sky exposure + high road exposure / low greenery,0.2327050103081597,0.3500993516710069,0.1056399875217014,0.019097222222222224,0.12634107801649305,0.15803697374131945,,True,False,
residential-0014__choa-chu-kang-mrt__cp_012,residential-0014__choa-chu-kang-mrt,./data/generated/street_images/165447442174761.jpg,./data/generated/segmentation_images/165447442174761.png,1,High sky exposure + high road exposure / low greenery,0.16534593370225695,0.2662573920355903,0.3637559678819444,0.010023328993055556,0.10298665364583333,0.07710944281684028,,True,False,
residential-0014__choa-chu-kang-mrt__cp_013,residential-0014__choa-chu-kang-mrt,./data/generated/street_images/203977571544315.jpg,./data/generated/segmentation_images/203977571544315.png,1,High sky exposure + high road exposure / low greenery,0.4476453993055556,0.0644412570529514,0.07920328776041667,0.0140533447265625,0.2227444118923611,0.1672753228081597,,True,False,
residential-0014__choa-chu-kang-mrt__cp_014,residential-0014__choa-chu-kang-mrt,./data/generated/street_images/903943003789784.jpg,./data/generated/segmentation_images/903943003789784.png,1,High sky exposure + high road exposure / low greenery,0.4718339708116319,0.1156344943576389,0.11244371202256945,0.023756239149305556,0.2434912787543403,0.029902140299479168,,True,False,
residential-0014__choa-chu-kang-mrt__cp_015,residential-0014__choa-chu-kang-mrt,./data/generated/street_images/2913170925593922.jpg,./data/generated/segmentation_images/2913170925593922.png,0,High built frontage + high pedestrian space / low greenery,0.2361382378472222,0.24410841200086805,0.06987847222222222,0.011296590169270834,0.3770226372612847,0.002755059136284722,,True,False,
residential-0014__choa-chu-kang-mrt__cp_016,residential-0014__choa-chu-kang-mrt,./data/generated/street_images/476329086776229.jpg,./data/generated/segmentation_images/476329086776229.png,0,High built frontage + high pedestrian space / low greenery,0.13578626844618055,0.0949740939670139,0.046468098958333336,0.03968641493055555,0.5823092990451388,0.06656731499565972,,True,False,
residential-0014__choa-chu-kang-mrt__cp_017,residential-0014__choa-chu-kang-mrt,./data/generated/street_images/1120061188491330.jpg,./data/generated/segmentation_images/1120061188491330.png,0,High built frontage + high pedestrian space / low greenery,0.0020039876302083335,0.08049689398871528,0.013407389322916666,0.018369886610243056,0.7067548963758681,0.17778523763020834,,True,False,
residential-0014__choa-chu-kang-mrt__cp_018,residential-0014__choa-chu-kang-mrt,./data/generated/street_images/1120061188491330.jpg,./data/generated/segmentation_images/1120061188491330.png,0,High built frontage + high pedestrian space / low greenery,0.0020039876302083335,0.08049689398871528,0.013407389322916666,0.018369886610243056,0.7067548963758681,0.17778523763020834,,True,False,
residential-0015__queenstown-mrt__cp_000,residential-0015__queenstown-mrt,./data/generated/street_images/496690415018362.jpg,./data/generated/segmentation_images/496690415018362.png,3,High greenery + high road exposure / low built frontage,0.1492886013454861,0.5236952039930556,0.041007147894965276,0.03758409288194445,0.20473734537760416,0.015875922309027776,,True,False,
residential-0015__queenstown-mrt__cp_001,residential-0015__queenstown-mrt,./data/generated/street_images/785274832108588.jpg,./data/generated/segmentation_images/785274832108588.png,3,High greenery + high road exposure / low built frontage,0.14218648274739584,0.5878109402126737,0.11783006456163195,0.004280938042534722,0.026502821180555556,0.0,,True,False,
residential-0015__queenstown-mrt__cp_002,residential-0015__queenstown-mrt,./data/generated/street_images/1392310731167571.jpg,./data/generated/segmentation_images/1392310731167571.png,3,High greenery + high road exposure / low built frontage,0.1023525661892361,0.8182762993706597,0.00016445583767361112,0.030631171332465276,0.024056328667534724,0.0,,True,False,
residential-0015__queenstown-mrt__cp_003,residential-0015__queenstown-mrt,./data/generated/street_images/1889208284591175.jpg,./data/generated/segmentation_images/1889208284591175.png,3,High greenery + high road exposure / low built frontage,0.2358856201171875,0.4962039523654514,0.1594967312282986,0.03445773654513889,0.014833238389756944,0.0,,True,False,
residential-0015__queenstown-mrt__cp_004,residential-0015__queenstown-mrt,./data/generated/street_images/766738674027161.jpg,./data/generated/segmentation_images/766738674027161.png,3,High greenery + high road exposure / low built frontage,0.11712476942274305,0.6976996527777778,0.010292900933159722,0.0,0.05026584201388889,0.11182149251302083,,True,False,
residential-0015__queenstown-mrt__cp_005,residential-0015__queenstown-mrt,./data/generated/street_images/504298450707272.jpg,./data/generated/segmentation_images/504298450707272.png,3,High greenery + high road exposure / low built frontage,0.0967135959201389,0.7245042588975694,0.029490152994791668,0.00043402777777777775,0.011437310112847222,0.08798895941840278,,True,False,
residential-0015__queenstown-mrt__cp_006,residential-0015__queenstown-mrt,./data/generated/street_images/333037385008464.jpg,./data/generated/segmentation_images/333037385008464.png,3,High greenery + high road exposure / low built frontage,0.18362257215711805,0.5237172444661459,0.03433397081163195,0.020877414279513888,0.13969930013020834,0.07999504937065972,,True,False,
residential-0015__queenstown-mrt__cp_007,residential-0015__queenstown-mrt,./data/generated/street_images/145146940960062.jpg,./data/generated/segmentation_images/145146940960062.png,3,High greenery + high road exposure / low built frontage,0.1433749728732639,0.5969458685980903,0.04560682508680555,0.044657389322916664,0.09546746148003472,0.06378173828125,,True,False,
residential-0015__queenstown-mrt__cp_008,residential-0015__queenstown-mrt,./data/generated/street_images/728389491190309.jpg,./data/generated/segmentation_images/728389491190309.png,3,High greenery + high road exposure / low built frontage,0.036031087239583336,0.6497294108072916,0.1208377414279514,0.002231174045138889,0.1365237765842014,0.0,,True,False,
residential-0015__queenstown-mrt__cp_009,residential-0015__queenstown-mrt,./data/generated/street_images/4095883964003503.jpg,./data/generated/segmentation_images/4095883964003503.png,0,High built frontage + high pedestrian space / low greenery,0.10338338216145833,0.1398493448893229,0.41327667236328125,0.0017140706380208333,0.3086814880371094,0.0164337158203125,,True,False,
residential-0015__queenstown-mrt__cp_010,residential-0015__queenstown-mrt,./data/generated/street_images/508522750332508.jpg,./data/generated/segmentation_images/508522750332508.png,0,High built frontage + high pedestrian space / low greenery,0.005913628472222222,0.3262379964192708,0.00020345052083333334,0.0877651638454861,0.4670138888888889,0.0,,True,False,
residential-0015__queenstown-mrt__cp_011,residential-0015__queenstown-mrt,./data/generated/street_images/4035527976527372.jpg,./data/generated/segmentation_images/4035527976527372.png,3,High greenery + high road exposure / low built frontage,0.03278944227430555,0.5816158718532987,0.0037129720052083335,0.0822296142578125,0.2332119411892361,0.0,,True,False,
residential-0015__queenstown-mrt__cp_012,residential-0015__queenstown-mrt,./data/generated/street_images/768868333820359.jpg,./data/generated/segmentation_images/768868333820359.png,0,High built frontage + high pedestrian space / low greenery,0.11064656575520833,0.2961612277560764,0.10594855414496528,0.0681271023220486,0.2289191351996528,0.0,,True,False,
residential-0015__queenstown-mrt__cp_013,residential-0015__queenstown-mrt,./data/generated/street_images/224524459039528.jpg,./data/generated/segmentation_images/224524459039528.png,3,High greenery + high road exposure / low built frontage,0.005128648546006944,0.7125430636935763,0.24496290418836805,0.0,0.00035942925347222225,0.0,,True,False,
residential-0015__queenstown-mrt__cp_014,residential-0015__queenstown-mrt,./data/generated/street_images/514568216215040.jpg,./data/generated/segmentation_images/514568216215040.png,0,High built frontage + high pedestrian space / low greenery,0.10979207356770833,0.2809821234809028,0.021206325954861112,0.024495442708333332,0.4158698187934028,0.0,,True,False,
residential-0015__queenstown-mrt__cp_015,residential-0015__queenstown-mrt,./data/generated/street_images/463045761465895.jpg,./data/generated/segmentation_images/463045761465895.png,3,High greenery + high road exposure / low built frontage,0.22641160753038195,0.5136633978949653,0.1121402316623264,0.06326124403211805,0.050377739800347224,0.029588487413194444,,True,False,
residential-0015__queenstown-mrt__cp_016,residential-0015__queenstown-mrt,./data/generated/street_images/315486913292738.jpg,./data/generated/segmentation_images/315486913292738.png,1,High sky exposure + high road exposure / low greenery,0.3682115342881944,0.3937445746527778,0.1695437961154514,0.0140228271484375,1.6954210069444444e-06,0.053046332465277776,,True,False,
residential-0015__queenstown-mrt__cp_017,residential-0015__queenstown-mrt,./data/generated/street_images/175567194447919.jpg,./data/generated/segmentation_images/175567194447919.png,3,High greenery + high road exposure / low built frontage,0.0692019992404514,0.7234514024522569,0.17430284288194445,0.0,0.030910915798611112,0.0,,True,False,
residential-0015__queenstown-mrt__cp_028,residential-0015__queenstown-mrt,./data/generated/street_images/741558079860050.jpg,./data/generated/segmentation_images/741558079860050.png,1,High sky exposure + high road exposure / low greenery,0.2985721164279514,0.3089836968315972,0.049262152777777776,0.022962782118055556,0.2235039605034722,0.07756720648871528,,True,False,
residential-0015__queenstown-mrt__cp_029,residential-0015__queenstown-mrt,./data/generated/street_images/177730544243997.jpg,./data/generated/segmentation_images/177730544243997.png,0,High built frontage + high pedestrian space / low greenery,0.004031711154513889,0.2696567111545139,0.0,0.051751030815972224,0.3719397650824653,0.0,,True,False,
residential-0015__queenstown-mrt__cp_030,residential-0015__queenstown-mrt,./data/generated/street_images/480777446472021.jpg,./data/generated/segmentation_images/480777446472021.png,3,High greenery + high road exposure / low built frontage,0.009468926323784722,0.8368106418185763,0.007590399848090278,0.0,0.09067620171440972,0.0033586290147569445,,True,False,
residential-0015__queenstown-mrt__cp_031,residential-0015__queenstown-mrt,./data/generated/street_images/315822420063887.jpg,./data/generated/segmentation_images/315822420063887.png,3,High greenery + high road exposure / low built frontage,0.0761142306857639,0.4319610595703125,0.11164008246527778,0.10530259874131945,0.18781534830729166,0.0004679361979166667,,True,False,
residential-0015__queenstown-mrt__cp_032,residential-0015__queenstown-mrt,./data/generated/street_images/1500686051379715.jpg,./data/generated/segmentation_images/1500686051379715.png,2,High pedestrian space + high built frontage / low road exposure,0.014713287353515625,0.06167793273925781,0.10615730285644531,0.18046188354492188,0.1019287109375,0.0063915252685546875,,True,False,
residential-0015__queenstown-mrt__cp_033,residential-0015__queenstown-mrt,./data/generated/street_images/3004763649773102.jpg,./data/generated/segmentation_images/3004763649773102.png,0,High built frontage + high pedestrian space / low greenery,0.2902984619140625,0.43152618408203125,0.012546539306640625,0.0016428629557291667,0.4288953145345052,0.004273732503255208,,True,False,
residential-0015__queenstown-mrt__cp_034,residential-0015__queenstown-mrt,./data/generated/street_images/487967659185093.jpg,./data/generated/segmentation_images/487967659185093.png,0,High built frontage + high pedestrian space / low greenery,0.11509535047743055,0.2704755995008681,0.0074615478515625,0.06135898166232639,0.3889668782552083,0.1491021050347222,,True,False,
residential-0015__queenstown-mrt__cp_035,residential-0015__queenstown-mrt,./data/generated/street_images/761054663450961.jpg,./data/generated/segmentation_images/761054663450961.png,2,High pedestrian space + high built frontage / low road exposure,0.0,0.012706756591796875,1.71661376953125e-05,0.1437816619873047,0.2641010284423828,0.0,,True,False,
residential-0015__queenstown-mrt__cp_036,residential-0015__queenstown-mrt,./data/generated/street_images/761054663450961.jpg,./data/generated/segmentation_images/761054663450961.png,2,High pedestrian space + high built frontage / low road exposure,0.0,0.012706756591796875,1.71661376953125e-05,0.1437816619873047,0.2641010284423828,0.0,,True,False,
residential-0016__oasis-mrt__cp_007,residential-0016__oasis-mrt,./data/generated/street_images/455566218837535.jpg,./data/generated/segmentation_images/455566218837535.png,3,High greenery + high road exposure / low built frontage,0.023754543728298612,0.774078369140625,0.0,0.0,0.09607103135850695,0.021976047092013888,0.0,True,True,
residential-0016__oasis-mrt__cp_008,residential-0016__oasis-mrt,./data/generated/street_images/910941909683897.jpg,./data/generated/segmentation_images/910941909683897.png,2,High pedestrian space + high built frontage / low road exposure,0.011330922444661459,0.5999984741210938,0.0,0.2602272033691406,0.0010846455891927083,0.0,0.0,True,True,
residential-0016__oasis-mrt__cp_009,residential-0016__oasis-mrt,./data/generated/street_images/131468685631454.jpg,./data/generated/segmentation_images/131468685631454.png,1,High sky exposure + high road exposure / low greenery,0.5063285827636719,0.2540728251139323,0.08681360880533855,0.0,0.0,0.0,113.90999999999997,True,False,
residential-0016__oasis-mrt__cp_010,residential-0016__oasis-mrt,./data/generated/street_images/182284277096370.jpg,./data/generated/segmentation_images/182284277096370.png,1,High sky exposure + high road exposure / low greenery,0.4647064208984375,0.05839729309082031,0.3526191711425781,0.002635955810546875,0.029630661010742188,0.000469207763671875,152.31999999999994,True,False,
residential-0016__oasis-mrt__cp_011,residential-0016__oasis-mrt,./data/generated/street_images/308236874038877.jpg,./data/generated/segmentation_images/308236874038877.png,1,High sky exposure + high road exposure / low greenery,0.46954917907714844,0.04233741760253906,0.34702491760253906,9.1552734375e-05,0.009569168090820312,0.0005741119384765625,216.39999999999998,True,False,
residential-0016__oasis-mrt__cp_021,residential-0016__oasis-mrt,./data/generated/street_images/518078992554464.jpg,./data/generated/segmentation_images/518078992554464.png,0,High built frontage + high pedestrian space / low greenery,0.11107889811197917,0.05293104383680555,0.048482259114583336,0.021950615776909724,0.6281568739149306,0.1074863009982639,1786.7799999999997,True,False,
residential-0016__oasis-mrt__cp_022,residential-0016__oasis-mrt,./data/generated/street_images/343176054074941.jpg,./data/generated/segmentation_images/343176054074941.png,0,High built frontage + high pedestrian space / low greenery,0.0680881076388889,0.056543986002604164,0.0344390869140625,0.051640828450520836,0.6719021267361112,0.1090884738498264,1847.08,True,False,
residential-0016__oasis-mrt__cp_023,residential-0016__oasis-mrt,./data/generated/street_images/301114631632846.jpg,./data/generated/segmentation_images/301114631632846.png,0,High built frontage + high pedestrian space / low greenery,0.0718875461154514,0.1397213406032986,0.23593648274739584,0.08669365776909722,0.3850640190972222,0.0637783474392361,1887.2999999999997,True,False,
residential-0017__canberra-mrt__cp_000,residential-0017__canberra-mrt,./data/generated/street_images/1611909282336482.jpg,./data/generated/segmentation_images/1611909282336482.png,3,High greenery + high road exposure / low built frontage,0.3055572509765625,0.5575018988715278,0.08531019422743055,0.0,0.003501044379340278,0.04621717664930555,,True,False,
residential-0017__canberra-mrt__cp_001,residential-0017__canberra-mrt,./data/generated/street_images/396871541341108.jpg,./data/generated/segmentation_images/396871541341108.png,3,High greenery + high road exposure / low built frontage,0.1560211181640625,0.5431128607855903,0.12228902180989583,0.021662394205729168,0.10764227973090278,0.04557630750868055,,True,False,
residential-0017__canberra-mrt__cp_002,residential-0017__canberra-mrt,./data/generated/street_images/215831803386591.jpg,./data/generated/segmentation_images/215831803386591.png,3,High greenery + high road exposure / low built frontage,0.1531405978732639,0.6813490125868056,0.07074991861979167,0.017730712890625,0.019417656792534724,0.057612101236979164,,True,False,
residential-0017__canberra-mrt__cp_003,residential-0017__canberra-mrt,./data/generated/street_images/2966820636887716.jpg,./data/generated/segmentation_images/2966820636887716.png,3,High greenery + high road exposure / low built frontage,0.1329379611545139,0.6559160020616319,0.0990108913845486,0.00010342068142361111,0.0,0.08647664388020833,,True,False,
residential-0017__canberra-mrt__cp_004,residential-0017__canberra-mrt,./data/generated/street_images/493771795173620.jpg,./data/generated/segmentation_images/493771795173620.png,3,High greenery + high road exposure / low built frontage,0.1924896240234375,0.5539669460720487,0.1455196804470486,0.0,0.021430121527777776,0.057596842447916664,,True,False,
residential-0017__canberra-mrt__cp_005,residential-0017__canberra-mrt,./data/generated/street_images/1132604407230249.jpg,./data/generated/segmentation_images/1132604407230249.png,1,High sky exposure + high road exposure / low greenery,0.3211313883463542,0.4276512993706597,0.06676567925347222,0.028167724609375,0.06735907660590278,0.0887112087673611,,True,False,
residential-0017__canberra-mrt__cp_009,residential-0017__canberra-mrt,./data/generated/street_images/1695426423994023.jpg,./data/generated/segmentation_images/1695426423994023.png,3,High greenery + high road exposure / low built frontage,0.17799546983506945,0.5805731879340278,0.16871134440104166,0.004918416341145833,0.05421617296006945,0.0017310248480902778,,True,False,
residential-0017__canberra-mrt__cp_010,residential-0017__canberra-mrt,./data/generated/street_images/1121277218358319.jpg,./data/generated/segmentation_images/1121277218358319.png,3,High greenery + high road exposure / low built frontage,0.2889946831597222,0.4420589870876736,0.1970977783203125,0.025377061631944444,0.015309651692708334,0.0258941650390625,,True,False,
residential-0017__canberra-mrt__cp_011,residential-0017__canberra-mrt,./data/generated/street_images/186260520013736.jpg,./data/generated/segmentation_images/186260520013736.png,1,High sky exposure + high road exposure / low greenery,0.3685641818576389,0.3147328694661458,0.16118367513020834,0.024731106228298612,0.07493760850694445,0.055182562934027776,,True,False,
residential-0017__canberra-mrt__cp_012,residential-0017__canberra-mrt,./data/generated/street_images/331139775100119.jpg,./data/generated/segmentation_images/331139775100119.png,1,High sky exposure + high road exposure / low greenery,0.30859375,0.3969794379340278,0.16923353407118055,0.02587890625,0.05485704210069445,0.029700385199652776,,True,False,
residential-0017__canberra-mrt__cp_013,residential-0017__canberra-mrt,./data/generated/street_images/331648868382110.jpg,./data/generated/segmentation_images/331648868382110.png,1,High sky exposure + high road exposure / low greenery,0.5205790201822916,0.17144605848524305,0.1434292263454861,0.1127438015407986,0.053314208984375,0.001925998263888889,,True,False,
residential-0017__canberra-mrt__cp_014,residential-0017__canberra-mrt,./data/generated/street_images/2925872250965141.jpg,./data/generated/segmentation_images/2925872250965141.png,1,High sky exposure + high road exposure / low greenery,0.4366675482855903,0.023427327473958332,0.3891703287760417,0.015887790256076388,0.1135440402560764,0.006510416666666667,,True,False,
residential-0017__canberra-mrt__cp_015,residential-0017__canberra-mrt,./data/generated/street_images/153328210097266.jpg,./data/generated/segmentation_images/153328210097266.png,1,High sky exposure + high road exposure / low greenery,0.4130910237630208,0.06243896484375,0.2779744466145833,0.10897996690538195,0.1287841796875,0.0022684733072916665,,True,False,
residential-0017__canberra-mrt__cp_022,residential-0017__canberra-mrt,./data/generated/street_images/1050371352161045.jpg,./data/generated/segmentation_images/1050371352161045.png,1,High sky exposure + high road exposure / low greenery,0.40024757385253906,0.18352317810058594,0.2111358642578125,0.027042388916015625,0.13788986206054688,0.0023670196533203125,,True,False,
residential-0017__canberra-mrt__cp_023,residential-0017__canberra-mrt,./data/generated/street_images/512260769822628.jpg,./data/generated/segmentation_images/512260769822628.png,1,High sky exposure + high road exposure / low greenery,0.42237091064453125,0.15423583984375,0.2957916259765625,0.00063323974609375,0.08270263671875,0.0059757232666015625,,True,False,
residential-0017__canberra-mrt__cp_024,residential-0017__canberra-mrt,./data/generated/street_images/165592898728704.jpg,./data/generated/segmentation_images/165592898728704.png,1,High sky exposure + high road exposure / low greenery,0.42578887939453125,0.08844757080078125,0.34508705139160156,0.0001697540283203125,0.0841522216796875,0.0052547454833984375,,True,False,
residential-0017__canberra-mrt__cp_025,residential-0017__canberra-mrt,./data/generated/street_images/1598686623662084.jpg,./data/generated/segmentation_images/1598686623662084.png,1,High sky exposure + high road exposure / low greenery,0.41492652893066406,0.1574878692626953,0.27522850036621094,0.0047740936279296875,0.09288406372070312,0.007232666015625,,True,False,
residential-0017__canberra-mrt__cp_026,residential-0017__canberra-mrt,./data/generated/street_images/474637150274847.jpg,./data/generated/segmentation_images/474637150274847.png,1,High sky exposure + high road exposure / low greenery,0.39487266540527344,0.09139823913574219,0.1708526611328125,0.048675537109375,0.2088184356689453,0.0,,True,False,
residential-0017__canberra-mrt__cp_027,residential-0017__canberra-mrt,./data/generated/street_images/297127452027593.jpg,./data/generated/segmentation_images/297127452027593.png,1,High sky exposure + high road exposure / low greenery,0.3626079559326172,0.034572601318359375,0.3901844024658203,0.001255035400390625,0.15040016174316406,0.0077228546142578125,,True,False,
residential-0017__canberra-mrt__cp_028,residential-0017__canberra-mrt,./data/generated/street_images/786187249003508.jpg,./data/generated/segmentation_images/786187249003508.png,1,High sky exposure + high road exposure / low greenery,0.3965587615966797,0.06534194946289062,0.3707542419433594,0.0217132568359375,0.10068130493164062,0.002201080322265625,,True,False,
residential-0017__canberra-mrt__cp_029,residential-0017__canberra-mrt,./data/generated/street_images/470342660935368.jpg,./data/generated/segmentation_images/470342660935368.png,1,High sky exposure + high road exposure / low greenery,0.4050712585449219,0.005840301513671875,0.4312934875488281,0.01224517822265625,0.10463905334472656,0.0006656646728515625,,True,False,
residential-0017__canberra-mrt__cp_030,residential-0017__canberra-mrt,./data/generated/street_images/287181719781290.jpg,./data/generated/segmentation_images/287181719781290.png,1,High sky exposure + high road exposure / low greenery,0.25695228576660156,0.06362342834472656,0.2538127899169922,0.020093917846679688,0.3347511291503906,0.0020465850830078125,,True,False,
residential-0017__canberra-mrt__cp_031,residential-0017__canberra-mrt,./data/generated/street_images/133860188731721.jpg,./data/generated/segmentation_images/133860188731721.png,1,High sky exposure + high road exposure / low greenery,0.6285739474826388,0.017830742730034724,0.12852308485243055,0.0004696316189236111,0.1275092230902778,0.025200737847222224,,True,False,
residential-0017__canberra-mrt__cp_032,residential-0017__canberra-mrt,./data/generated/street_images/813570149544377.jpg,./data/generated/segmentation_images/813570149544377.png,1,High sky exposure + high road exposure / low greenery,0.5535329182942709,0.00018649631076388888,0.10481940375434028,0.03680759006076389,0.19952223036024305,0.08758375379774305,,True,False,
residential-0017__canberra-mrt__cp_033,residential-0017__canberra-mrt,./data/generated/street_images/281328270366993.jpg,./data/generated/segmentation_images/281328270366993.png,1,High sky exposure + high road exposure / low greenery,0.2772369384765625,0.008550008138020834,0.2466193305121528,2.0345052083333332e-05,0.1337500678168403,0.0,,True,False,
residential-0017__canberra-mrt__cp_034,residential-0017__canberra-mrt,./data/generated/street_images/281328270366993.jpg,./data/generated/segmentation_images/281328270366993.png,1,High sky exposure + high road exposure / low greenery,0.2772369384765625,0.008550008138020834,0.2466193305121528,2.0345052083333332e-05,0.1337500678168403,0.0,,True,False,
residential-0018__khatib-mrt__cp_000,residential-0018__khatib-mrt,./data/generated/street_images/915518642602738.jpg,./data/generated/segmentation_images/915518642602738.png,3,High greenery + high road exposure / low built frontage,0.18603346082899305,0.5669301350911459,0.1024814181857639,0.021950615776909724,0.05987548828125,0.04102918836805555,,True,False,
residential-0018__khatib-mrt__cp_001,residential-0018__khatib-mrt,./data/generated/street_images/225478949345025.jpg,./data/generated/segmentation_images/225478949345025.png,1,High sky exposure + high road exposure / low greenery,0.3218027750651042,0.3410000271267361,0.1252899169921875,0.0796356201171875,0.10685221354166667,0.014051649305555556,,True,False,
residential-0018__khatib-mrt__cp_002,residential-0018__khatib-mrt,./data/generated/street_images/300692945126893.jpg,./data/generated/segmentation_images/300692945126893.png,3,High greenery + high road exposure / low built frontage,0.23093668619791666,0.4010484483506944,0.1563873291015625,0.0354156494140625,0.11483256022135417,0.05352952745225695,,True,False,
residential-0018__khatib-mrt__cp_003,residential-0018__khatib-mrt,./data/generated/street_images/1164508553991240.jpg,./data/generated/segmentation_images/1164508553991240.png,1,High sky exposure + high road exposure / low greenery,0.3207058376736111,0.24333021375868055,0.1497260199652778,0.005106608072916667,0.16565450032552084,0.08893500434027778,,True,False,
residential-0018__khatib-mrt__cp_004,residential-0018__khatib-mrt,./data/generated/street_images/514631903201749.jpg,./data/generated/segmentation_images/514631903201749.png,3,High greenery + high road exposure / low built frontage,0.16743299696180555,0.4347890218098958,0.23647901746961805,0.019254896375868056,0.0702328152126736,0.0,,True,False,
residential-0018__khatib-mrt__cp_005,residential-0018__khatib-mrt,./data/generated/street_images/301746141618713.jpg,./data/generated/segmentation_images/301746141618713.png,1,High sky exposure + high road exposure / low greenery,0.2976396348741319,0.2874196370442708,0.11424933539496528,0.0263671875,0.1804436577690972,0.08252461751302083,,True,False,
residential-0018__khatib-mrt__cp_006,residential-0018__khatib-mrt,./data/generated/street_images/471398067269505.jpg,./data/generated/segmentation_images/471398067269505.png,3,High greenery + high road exposure / low built frontage,0.0817684597439236,0.5785963270399306,0.2553066677517361,0.0,0.07646687825520833,1.0172526041666666e-05,,True,False,
residential-0018__khatib-mrt__cp_007,residential-0018__khatib-mrt,./data/generated/street_images/3903833573069265.jpg,./data/generated/segmentation_images/3903833573069265.png,1,High sky exposure + high road exposure / low greenery,0.2581549750434028,0.4004753960503472,0.1257561577690972,0.012654622395833334,0.10091484917534722,0.07314046223958333,,True,False,
residential-0018__khatib-mrt__cp_008,residential-0018__khatib-mrt,./data/generated/street_images/302467578005136.jpg,./data/generated/segmentation_images/302467578005136.png,1,High sky exposure + high road exposure / low greenery,0.3083157009548611,0.18238661024305555,0.12471686469184028,0.035103691948784724,0.2785017225477431,0.06254408094618055,,True,False,
residential-0018__khatib-mrt__cp_009,residential-0018__khatib-mrt,./data/generated/street_images/869577760433869.jpg,./data/generated/segmentation_images/869577760433869.png,0,High built frontage + high pedestrian space / low greenery,0.0806121826171875,0.11110432942708333,0.3159281412760417,0.029408772786458332,0.4454396565755208,0.002999199761284722,,True,False,
residential-0018__khatib-mrt__cp_010,residential-0018__khatib-mrt,./data/generated/street_images/184574890189153.jpg,./data/generated/segmentation_images/184574890189153.png,0,High built frontage + high pedestrian space / low greenery,0.22662862141927084,0.20937093098958334,0.10373433430989583,0.042414347330729164,0.3245442708333333,0.08939107259114583,,True,False,
residential-0018__khatib-mrt__cp_011,residential-0018__khatib-mrt,./data/generated/street_images/241085461147990.jpg,./data/generated/segmentation_images/241085461147990.png,0,High built frontage + high pedestrian space / low greenery,0.03224521213107639,0.0012664794921875,0.1861945258246528,0.0911373562282986,0.4852396647135417,0.0,,True,False,
residential-0018__khatib-mrt__cp_012,residential-0018__khatib-mrt,./data/generated/street_images/322232682582165.jpg,./data/generated/segmentation_images/322232682582165.png,0,High built frontage + high pedestrian space / low greenery,0.1814693874782986,0.006384955512152778,0.2253451877170139,0.1267734103732639,0.4274868435329861,0.0032094319661458335,,True,False,
residential-0018__khatib-mrt__cp_013,residential-0018__khatib-mrt,./data/generated/street_images/813278595958682.jpg,./data/generated/segmentation_images/813278595958682.png,1,High sky exposure + high road exposure / low greenery,0.1949242485894097,0.027552286783854168,0.19464619954427084,0.013278537326388888,0.2785186767578125,0.06312730577256945,,True,False,
residential-0018__khatib-mrt__cp_014,residential-0018__khatib-mrt,./data/generated/street_images/3816796941752363.jpg,./data/generated/segmentation_images/3816796941752363.png,1,High sky exposure + high road exposure / low greenery,0.3729604085286458,0.246734619140625,0.20284525553385416,0.007792154947916667,0.021375020345052082,0.022496541341145832,,True,False,
residential-0018__khatib-mrt__cp_015,residential-0018__khatib-mrt,./data/generated/street_images/156220486453681.jpg,./data/generated/segmentation_images/156220486453681.png,1,High sky exposure + high road exposure / low greenery,0.2784411112467448,0.28369140625,0.1028149922688802,0.041051228841145836,0.14545059204101562,0.038799285888671875,,True,False,
residential-0019__labrador-park-mrt__cp_005,residential-0019__labrador-park-mrt,./data/generated/street_images/1230428878544099.jpg,./data/generated/segmentation_images/1230428878544099.png,0,High built frontage + high pedestrian space / low greenery,0.3007621765136719,0.08932240804036458,0.007790883382161458,0.0,0.36605072021484375,0.0,243.51000000000005,True,False,
residential-0019__labrador-park-mrt__cp_006,residential-0019__labrador-park-mrt,./data/generated/street_images/2557354778072388.jpg,./data/generated/segmentation_images/2557354778072388.png,2,High pedestrian space + high built frontage / low road exposure,0.1099395751953125,0.49623362223307294,0.0987866719563802,0.18723551432291666,0.0755615234375,0.0,184.85000000000002,True,False,
residential-0019__labrador-park-mrt__cp_007,residential-0019__labrador-park-mrt,./data/generated/street_images/1809210323452892.jpg,./data/generated/segmentation_images/1809210323452892.png,2,High pedestrian space + high built frontage / low road exposure,0.15178426106770834,0.3044598897298177,0.0858929951985677,0.10895156860351562,0.25124486287434894,0.0,97.80000000000001,True,False,
residential-0019__labrador-park-mrt__cp_008,residential-0019__labrador-park-mrt,./data/generated/street_images/1331777335551286.jpg,./data/generated/segmentation_images/1331777335551286.png,0,High built frontage + high pedestrian space / low greenery,0.11298751831054688,0.08833567301432292,0.28221766153971356,0.05836359659830729,0.40541330973307294,0.04695002237955729,49.76999999999998,True,False,
residential-0019__labrador-park-mrt__cp_009,residential-0019__labrador-park-mrt,./data/generated/street_images/198062742152337.jpg,./data/generated/segmentation_images/198062742152337.png,1,High sky exposure + high road exposure / low greenery,0.2864345974392361,0.2930806477864583,0.3344082302517361,0.030005560980902776,0.022932264539930556,0.011798434787326388,0.0,True,True,
residential-0019__labrador-park-mrt__cp_010,residential-0019__labrador-park-mrt,./data/generated/street_images/3541597799273621.jpg,./data/generated/segmentation_images/3541597799273621.png,0,High built frontage + high pedestrian space / low greenery,0.000979953342013889,0.0152587890625,0.23235914442274305,0.1624823676215278,0.4854092068142361,0.007798936631944444,0.0,True,True,
residential-0020__woodleigh-mrt__cp_000,residential-0020__woodleigh-mrt,./data/generated/street_images/484652510226334.jpg,./data/generated/segmentation_images/484652510226334.png,3,High greenery + high road exposure / low built frontage,0.033954620361328125,0.4264945983886719,0.0,0.0003763834635416667,0.17790603637695312,1.9073486328125e-05,,False,False,
residential-0020__woodleigh-mrt__cp_001,residential-0020__woodleigh-mrt,./data/generated/street_images/1438839916621485.jpg,./data/generated/segmentation_images/1438839916621485.png,2,High pedestrian space + high built frontage / low road exposure,0.0022430419921875,0.7735519409179688,0.0,0.18864568074544272,0.0,0.0,,False,False,
residential-0020__woodleigh-mrt__cp_003,residential-0020__woodleigh-mrt,./data/generated/street_images/409073174638527.jpg,./data/generated/segmentation_images/409073174638527.png,3,High greenery + high road exposure / low built frontage,0.030451456705729168,0.8697090148925781,0.07337697347005208,0.004404703776041667,0.0,0.021798451741536457,,False,False,
residential-0020__woodleigh-mrt__cp_004,residential-0020__woodleigh-mrt,./data/generated/street_images/409073174638527.jpg,./data/generated/segmentation_images/409073174638527.png,3,High greenery + high road exposure / low built frontage,0.030451456705729168,0.8697090148925781,0.07337697347005208,0.004404703776041667,0.0,0.021798451741536457,,False,False,
residential-0020__woodleigh-mrt__cp_005,residential-0020__woodleigh-mrt,./data/generated/street_images/318025079849023.jpg,./data/generated/segmentation_images/318025079849023.png,3,High greenery + high road exposure / low built frontage,0.2356906467013889,0.5338202582465278,0.07393052842881945,0.008380466037326388,0.0989990234375,0.00299072265625,,False,False,
residential-0020__woodleigh-mrt__cp_006,residential-0020__woodleigh-mrt,./data/generated/street_images/856082631920185.jpg,./data/generated/segmentation_images/856082631920185.png,3,High greenery + high road exposure / low built frontage,0.14344618055555555,0.7430759006076388,0.09308878580729167,0.0007358127170138889,0.006793551974826389,0.0020887586805555555,,False,False,
residential-0020__woodleigh-mrt__cp_007,residential-0020__woodleigh-mrt,./data/generated/street_images/499307074752053.jpg,./data/generated/segmentation_images/499307074752053.png,3,High greenery + high road exposure / low built frontage,0.22634718153211805,0.5711483425564237,0.0006934271918402778,0.0,0.045600043402777776,0.00019666883680555556,,False,False,
residential-0020__woodleigh-mrt__cp_008,residential-0020__woodleigh-mrt,./data/generated/street_images/957311938457859.jpg,./data/generated/segmentation_images/957311938457859.png,3,High greenery + high road exposure / low built frontage,0.13654073079427084,0.4280615912543403,0.14564683702256945,0.008951822916666666,0.2757500542534722,0.004002888997395833,,False,False,
residential-0020__woodleigh-mrt__cp_009,residential-0020__woodleigh-mrt,./data/generated/street_images/475197643541623.jpg,./data/generated/segmentation_images/475197643541623.png,1,High sky exposure + high road exposure / low greenery,0.2972581651475694,0.15330674913194445,0.19394938151041666,0.0350341796875,0.2846527099609375,0.015287611219618056,,False,False,
residential-0020__woodleigh-mrt__cp_010,residential-0020__woodleigh-mrt,./data/generated/street_images/1823430881152930.jpg,./data/generated/segmentation_images/1823430881152930.png,3,High greenery + high road exposure / low built frontage,0.13107130262586805,0.5642106797960069,0.2852274576822917,0.0011681450737847222,0.0031890869140625,0.008021036783854166,,False,False,
residential-0020__woodleigh-mrt__cp_011,residential-0020__woodleigh-mrt,./data/generated/street_images/146559480776110.jpg,./data/generated/segmentation_images/146559480776110.png,3,High greenery + high road exposure / low built frontage,0.07498677571614583,0.5050337049696181,0.09287007649739583,0.026818169487847224,0.0008375379774305555,0.2990570068359375,,False,False,
residential-0020__woodleigh-mrt__cp_012,residential-0020__woodleigh-mrt,./data/generated/street_images/508247760202733.jpg,./data/generated/segmentation_images/508247760202733.png,3,High greenery + high road exposure / low built frontage,0.20242818196614584,0.4940016004774306,0.2414584689670139,0.017294989691840276,0.018792046440972224,0.0026092529296875,,False,False,
residential-0020__woodleigh-mrt__cp_013,residential-0020__woodleigh-mrt,./data/generated/street_images/1217406642009579.jpg,./data/generated/segmentation_images/1217406642009579.png,1,High sky exposure + high road exposure / low greenery,0.3295203314887153,0.13709513346354166,0.228729248046875,0.021421644422743056,0.08465406629774305,0.0,,False,False,
residential-0020__woodleigh-mrt__cp_014,residential-0020__woodleigh-mrt,./data/generated/street_images/839380670008384.jpg,./data/generated/segmentation_images/839380670008384.png,1,High sky exposure + high road exposure / low greenery,0.2257232666015625,0.2777591281467014,0.1584845648871528,0.008400811089409722,0.2350531684027778,0.04394361707899305,,False,False,
residential-0020__woodleigh-mrt__cp_015,residential-0020__woodleigh-mrt,./data/generated/street_images/284073880082555.jpg,./data/generated/segmentation_images/284073880082555.png,1,High sky exposure + high road exposure / low greenery,0.2847985161675347,0.2443169487847222,0.21146138509114584,0.06689283582899305,0.1371951633029514,0.021470811631944444,,False,False,
residential-0020__woodleigh-mrt__cp_016,residential-0020__woodleigh-mrt,./data/generated/street_images/968810893860440.jpg,./data/generated/segmentation_images/968810893860440.png,1,High sky exposure + high road exposure / low greenery,0.3798268636067708,0.3071577284071181,0.0355072021484375,0.009760538736979166,0.24873182508680555,0.0,,False,False,
residential-0021__khatib-mrt__cp_007,residential-0021__khatib-mrt,./data/generated/street_images/4047489818620983.jpg,./data/generated/segmentation_images/4047489818620983.png,3,High greenery + high road exposure / low built frontage,0.2531568739149306,0.5100046793619791,0.1659817165798611,0.009779188368055556,0.002475314670138889,0.045298258463541664,,True,False,
residential-0021__khatib-mrt__cp_008,residential-0021__khatib-mrt,./data/generated/street_images/882400209157645.jpg,./data/generated/segmentation_images/882400209157645.png,1,High sky exposure + high road exposure / low greenery,0.3037957085503472,0.4309980604383681,0.10546705457899305,0.0,0.001797146267361111,0.15799458821614584,,True,False,
residential-0021__khatib-mrt__cp_009,residential-0021__khatib-mrt,./data/generated/street_images/135284131952968.jpg,./data/generated/segmentation_images/135284131952968.png,1,High sky exposure + high road exposure / low greenery,0.3206600613064236,0.4282209608289931,0.12493048773871528,0.061228434244791664,0.015240139431423612,0.045923868815104164,,True,False,
residential-0021__khatib-mrt__cp_010,residential-0021__khatib-mrt,./data/generated/street_images/267807221701944.jpg,./data/generated/segmentation_images/267807221701944.png,3,High greenery + high road exposure / low built frontage,0.21129417419433594,0.5160160064697266,0.07002830505371094,0.08852577209472656,0.0086517333984375,0.00098419189453125,,True,False,
residential-0021__khatib-mrt__cp_016,residential-0021__khatib-mrt,./data/generated/street_images/812689729341607.jpg,./data/generated/segmentation_images/812689729341607.png,3,High greenery + high road exposure / low built frontage,0.08601188659667969,0.7118282318115234,0.015539169311523438,0.12145805358886719,0.0,0.005123138427734375,,True,False,
residential-0021__khatib-mrt__cp_017,residential-0021__khatib-mrt,./data/generated/street_images/610724790325766.jpg,./data/generated/segmentation_images/610724790325766.png,1,High sky exposure + high road exposure / low greenery,0.2146275838216146,0.29741668701171875,0.19908269246419272,0.006504058837890625,0.14362589518229166,0.113433837890625,,True,False,
residential-0021__khatib-mrt__cp_018,residential-0021__khatib-mrt,./data/generated/street_images/1202863450127921.jpg,./data/generated/segmentation_images/1202863450127921.png,3,High greenery + high road exposure / low built frontage,0.15378952026367188,0.4479319254557292,0.16254679361979166,0.018886566162109375,0.11704635620117188,0.036966959635416664,,True,False,
residential-0021__khatib-mrt__cp_019,residential-0021__khatib-mrt,./data/generated/street_images/374103663979998.jpg,./data/generated/segmentation_images/374103663979998.png,3,High greenery + high road exposure / low built frontage,0.22503280639648438,0.4108899434407552,0.23952865600585938,0.013159434000651041,0.0693804423014323,0.04228083292643229,,True,False,
residential-0021__khatib-mrt__cp_020,residential-0021__khatib-mrt,./data/generated/street_images/2836095653309529.jpg,./data/generated/segmentation_images/2836095653309529.png,3,High greenery + high road exposure / low built frontage,0.07162729899088542,0.5143610636393229,0.24803034464518228,0.022228240966796875,0.12549972534179688,0.018383026123046875,,True,False,
residential-0021__khatib-mrt__cp_021,residential-0021__khatib-mrt,./data/generated/street_images/135602991889431.jpg,./data/generated/segmentation_images/135602991889431.png,3,High greenery + high road exposure / low built frontage,0.1289850870768229,0.5303878784179688,0.0322723388671875,0.0004908243815104166,0.08882395426432292,0.21350606282552084,,True,False,
residential-0021__khatib-mrt__cp_022,residential-0021__khatib-mrt,./data/generated/street_images/216066766665118.jpg,./data/generated/segmentation_images/216066766665118.png,3,High greenery + high road exposure / low built frontage,0.24359258015950522,0.5361467997233073,0.14226659138997397,0.00016530354817708334,0.0709393819173177,0.0,,True,False,
residential-0021__khatib-mrt__cp_023,residential-0021__khatib-mrt,./data/generated/street_images/464792847928639.jpg,./data/generated/segmentation_images/464792847928639.png,3,High greenery + high road exposure / low built frontage,0.22647603352864584,0.4691658020019531,0.09902572631835938,0.011753082275390625,0.09412892659505208,0.030592600504557293,,True,False,
residential-0021__khatib-mrt__cp_024,residential-0021__khatib-mrt,./data/generated/street_images/490301512418674.jpg,./data/generated/segmentation_images/490301512418674.png,3,High greenery + high road exposure / low built frontage,0.027130126953125,0.3636360168457031,0.106842041015625,0.0,0.18701680501302084,0.26078033447265625,,True,False,
residential-0021__khatib-mrt__cp_025,residential-0021__khatib-mrt,./data/generated/street_images/763649857511379.jpg,./data/generated/segmentation_images/763649857511379.png,3,High greenery + high road exposure / low built frontage,0.13684209187825522,0.47334543863932294,0.19734064737955728,0.004047393798828125,0.1780548095703125,0.0,,True,False,
residential-0021__khatib-mrt__cp_026,residential-0021__khatib-mrt,./data/generated/street_images/1203222526790741.jpg,./data/generated/segmentation_images/1203222526790741.png,3,High greenery + high road exposure / low built frontage,0.0888824462890625,0.5700594584147135,0.18463007609049478,0.006069183349609375,0.15032196044921875,0.0,,True,False,
residential-0021__khatib-mrt__cp_027,residential-0021__khatib-mrt,./data/generated/street_images/3007694866129242.jpg,./data/generated/segmentation_images/3007694866129242.png,3,High greenery + high road exposure / low built frontage,0.012213389078776041,0.5575218200683594,0.09403228759765625,0.006945292154947917,0.10749435424804688,0.21347681681315103,,True,False,
residential-0021__khatib-mrt__cp_028,residential-0021__khatib-mrt,./data/generated/street_images/196661942174393.jpg,./data/generated/segmentation_images/196661942174393.png,3,High greenery + high road exposure / low built frontage,0.1668701171875,0.41307957967122394,0.0967864990234375,5.086263020833333e-06,0.17454147338867188,0.08507919311523438,,True,False,
residential-0021__khatib-mrt__cp_029,residential-0021__khatib-mrt,./data/generated/street_images/169204708346414.jpg,./data/generated/segmentation_images/169204708346414.png,3,High greenery + high road exposure / low built frontage,0.19546000162760416,0.3657328287760417,0.20715967814127603,0.00927734375,0.11798095703125,0.048268636067708336,,True,False,
residential-0021__khatib-mrt__cp_030,residential-0021__khatib-mrt,./data/generated/street_images/376988906940794.jpg,./data/generated/segmentation_images/376988906940794.png,1,High sky exposure + high road exposure / low greenery,0.4648907979329427,0.1758397420247396,0.05847040812174479,0.00206756591796875,0.17121505737304688,0.00853729248046875,,True,False,
residential-0021__khatib-mrt__cp_031,residential-0021__khatib-mrt,./data/generated/street_images/156220486453681.jpg,./data/generated/segmentation_images/156220486453681.png,1,High sky exposure + high road exposure / low greenery,0.2784411112467448,0.28369140625,0.1028149922688802,0.041051228841145836,0.14545059204101562,0.038799285888671875,,True,False,
residential-0021__khatib-mrt__cp_032,residential-0021__khatib-mrt,./data/generated/street_images/156220486453681.jpg,./data/generated/segmentation_images/156220486453681.png,1,High sky exposure + high road exposure / low greenery,0.2784411112467448,0.28369140625,0.1028149922688802,0.041051228841145836,0.14545059204101562,0.038799285888671875,,True,False,
residential-0022__bedok-north-mrt__cp_000,residential-0022__bedok-north-mrt,./data/generated/street_images/602310830741704.jpg,./data/generated/segmentation_images/602310830741704.png,3,High greenery + high road exposure / low built frontage,0.1350428263346354,0.4805094401041667,0.18093744913736978,0.0,0.0,0.20351028442382812,,True,False,
residential-0022__bedok-north-mrt__cp_001,residential-0022__bedok-north-mrt,./data/generated/street_images/602310830741704.jpg,./data/generated/segmentation_images/602310830741704.png,3,High greenery + high road exposure / low built frontage,0.1350428263346354,0.4805094401041667,0.18093744913736978,0.0,0.0,0.20351028442382812,,True,False,
residential-0022__bedok-north-mrt__cp_002,residential-0022__bedok-north-mrt,./data/generated/street_images/602310830741704.jpg,./data/generated/segmentation_images/602310830741704.png,3,High greenery + high road exposure / low built frontage,0.1350428263346354,0.4805094401041667,0.18093744913736978,0.0,0.0,0.20351028442382812,,True,False,
residential-0022__bedok-north-mrt__cp_003,residential-0022__bedok-north-mrt,./data/generated/street_images/602310830741704.jpg,./data/generated/segmentation_images/602310830741704.png,3,High greenery + high road exposure / low built frontage,0.1350428263346354,0.4805094401041667,0.18093744913736978,0.0,0.0,0.20351028442382812,,True,False,
residential-0022__bedok-north-mrt__cp_004,residential-0022__bedok-north-mrt,./data/generated/street_images/602310830741704.jpg,./data/generated/segmentation_images/602310830741704.png,3,High greenery + high road exposure / low built frontage,0.1350428263346354,0.4805094401041667,0.18093744913736978,0.0,0.0,0.20351028442382812,,True,False,
residential-0022__bedok-north-mrt__cp_005,residential-0022__bedok-north-mrt,./data/generated/street_images/602310830741704.jpg,./data/generated/segmentation_images/602310830741704.png,3,High greenery + high road exposure / low built frontage,0.1350428263346354,0.4805094401041667,0.18093744913736978,0.0,0.0,0.20351028442382812,,True,False,
residential-0022__bedok-north-mrt__cp_006,residential-0022__bedok-north-mrt,./data/generated/street_images/948268522653300.jpg,./data/generated/segmentation_images/948268522653300.png,3,High greenery + high road exposure / low built frontage,0.1173858642578125,0.4005635579427083,0.19665357801649305,0.0007832845052083334,0.17196824815538195,0.049214680989583336,,True,False,
residential-0022__bedok-north-mrt__cp_007,residential-0022__bedok-north-mrt,./data/generated/street_images/119304800225349.jpg,./data/generated/segmentation_images/119304800225349.png,3,High greenery + high road exposure / low built frontage,0.11264546712239583,0.6007283528645834,0.1511145697699653,0.0,0.032892862955729164,0.028845893012152776,,True,False,
residential-0022__bedok-north-mrt__cp_008,residential-0022__bedok-north-mrt,./data/generated/street_images/2824656191118638.jpg,./data/generated/segmentation_images/2824656191118638.png,3,High greenery + high road exposure / low built frontage,0.18829854329427084,0.4527448018391927,0.27275848388671875,0.000812530517578125,0.0,0.0772260030110677,,True,False,
residential-0022__bedok-north-mrt__cp_009,residential-0022__bedok-north-mrt,./data/generated/street_images/515767693194124.jpg,./data/generated/segmentation_images/515767693194124.png,3,High greenery + high road exposure / low built frontage,0.050786336263020836,0.6826731363932291,0.1731177435980903,0.0013902452256944445,0.0037519666883680555,0.027111477322048612,,True,False,
residential-0022__bedok-north-mrt__cp_010,residential-0022__bedok-north-mrt,./data/generated/street_images/2921815621393963.jpg,./data/generated/segmentation_images/2921815621393963.png,1,High sky exposure + high road exposure / low greenery,0.24998643663194445,0.1432223849826389,0.1402774386935764,0.00014071994357638888,0.19976298014322916,0.028303358289930556,,True,False,
residential-0022__bedok-north-mrt__cp_011,residential-0022__bedok-north-mrt,./data/generated/street_images/194678932529367.jpg,./data/generated/segmentation_images/194678932529367.png,1,High sky exposure + high road exposure / low greenery,0.22168138292100695,0.3414171006944444,0.1608123779296875,0.000979953342013889,0.1729956732855903,0.03127712673611111,,True,False,
residential-0022__bedok-north-mrt__cp_012,residential-0022__bedok-north-mrt,./data/generated/street_images/191027359562840.jpg,./data/generated/segmentation_images/191027359562840.png,1,High sky exposure + high road exposure / low greenery,0.2520972357855903,0.3342624240451389,0.1561737060546875,0.004906548394097222,0.15718248155381945,0.060465494791666664,,True,False,
residential-0022__bedok-north-mrt__cp_013,residential-0022__bedok-north-mrt,./data/generated/street_images/273608201176668.jpg,./data/generated/segmentation_images/273608201176668.png,2,High pedestrian space + high built frontage / low road exposure,0.03786341349283854,0.3843180338541667,0.034915924072265625,0.17984771728515625,0.34538014729817706,0.005764007568359375,,True,False,
residential-0022__bedok-north-mrt__cp_014,residential-0022__bedok-north-mrt,./data/generated/street_images/3980226808759402.jpg,./data/generated/segmentation_images/3980226808759402.png,2,High pedestrian space + high built frontage / low road exposure,0.19638697306315103,0.2773399353027344,0.11201985677083333,0.20366287231445312,0.12798945109049478,0.027169545491536457,,True,False,
residential-0022__bedok-north-mrt__cp_015,residential-0022__bedok-north-mrt,./data/generated/street_images/173210377965943.jpg,./data/generated/segmentation_images/173210377965943.png,1,High sky exposure + high road exposure / low greenery,0.2567274305555556,0.3573082817925347,0.14622328016493055,0.025577121310763888,0.1535373263888889,0.03191799587673611,,True,False,
residential-0022__bedok-north-mrt__cp_016,residential-0022__bedok-north-mrt,./data/generated/street_images/538457534197816.jpg,./data/generated/segmentation_images/538457534197816.png,3,High greenery + high road exposure / low built frontage,0.09802754720052083,0.5777248806423612,0.19179789225260416,0.00013054741753472222,0.0478668212890625,0.004601372612847222,,True,False,
residential-0022__bedok-north-mrt__cp_017,residential-0022__bedok-north-mrt,./data/generated/street_images/977931243015249.jpg,./data/generated/segmentation_images/977931243015249.png,3,High greenery + high road exposure / low built frontage,0.14061143663194445,0.5440317789713541,0.17979261610243055,0.001827663845486111,0.07915412055121528,0.004067314995659722,,True,False,
residential-0022__bedok-north-mrt__cp_018,residential-0022__bedok-north-mrt,./data/generated/street_images/2898312663816627.jpg,./data/generated/segmentation_images/2898312663816627.png,3,High greenery + high road exposure / low built frontage,0.08855523003472222,0.6162736680772569,0.1619720458984375,0.004954020182291667,0.10599263509114583,0.012117173936631944,,True,False,
residential-0022__bedok-north-mrt__cp_019,residential-0022__bedok-north-mrt,./data/generated/street_images/388770569038694.jpg,./data/generated/segmentation_images/388770569038694.png,1,High sky exposure + high road exposure / low greenery,0.2801344129774306,0.31207275390625,0.1349673800998264,0.016004774305555556,0.03301832411024305,0.10052998860677083,,True,False,
residential-0022__bedok-north-mrt__cp_020,residential-0022__bedok-north-mrt,./data/generated/street_images/991914151552877.jpg,./data/generated/segmentation_images/991914151552877.png,1,High sky exposure + high road exposure / low greenery,0.2724151611328125,0.4000956217447917,0.1728329128689236,0.034581502278645836,0.0229034423828125,0.0743289523654514,,True,False,
residential-0022__bedok-north-mrt__cp_021,residential-0022__bedok-north-mrt,./data/generated/street_images/2815883061962019.jpg,./data/generated/segmentation_images/2815883061962019.png,3,High greenery + high road exposure / low built frontage,0.1225925021701389,0.4819810655381944,0.1540001763237847,0.015570746527777778,0.17761400010850695,0.008251614040798612,,True,False,
residential-0022__bedok-north-mrt__cp_022,residential-0022__bedok-north-mrt,./data/generated/street_images/2130892100380586.jpg,./data/generated/segmentation_images/2130892100380586.png,3,High greenery + high road exposure / low built frontage,0.18752882215711805,0.4864315456814236,0.13115098741319445,0.0822414822048611,0.09116956922743055,6.103515625e-05,,True,False,
residential-0022__bedok-north-mrt__cp_023,residential-0022__bedok-north-mrt,./data/generated/street_images/1141232726397005.jpg,./data/generated/segmentation_images/1141232726397005.png,1,High sky exposure + high road exposure / low greenery,0.0756869845920139,0.2656114366319444,0.288970947265625,0.008085462782118056,0.015385945638020834,0.3261650933159722,,True,False,
residential-0022__bedok-north-mrt__cp_024,residential-0022__bedok-north-mrt,./data/generated/street_images/1191890357902631.jpg,./data/generated/segmentation_images/1191890357902631.png,1,High sky exposure + high road exposure / low greenery,0.3104604085286458,0.2371097140842014,0.2463802761501736,0.023508707682291668,0.12006293402777778,0.0380859375,,True,False,
residential-0022__bedok-north-mrt__cp_025,residential-0022__bedok-north-mrt,./data/generated/street_images/318673489744359.jpg,./data/generated/segmentation_images/318673489744359.png,1,High sky exposure + high road exposure / low greenery,0.2769758436414931,0.1026763916015625,0.2354973687065972,0.029863145616319444,0.15870157877604166,0.15455457899305555,,True,False,
residential-0023__commonwealth-mrt__cp_000,residential-0023__commonwealth-mrt,./data/generated/street_images/829969507726067.jpg,./data/generated/segmentation_images/829969507726067.png,3,High greenery + high road exposure / low built frontage,0.08591545952690972,0.6458079020182291,0.0786777072482639,0.0027940538194444445,0.03255038791232639,0.06575690375434028,,False,False,
residential-0023__commonwealth-mrt__cp_007,residential-0023__commonwealth-mrt,./data/generated/street_images/303400008032339.jpg,./data/generated/segmentation_images/303400008032339.png,2,High pedestrian space + high built frontage / low road exposure,0.08603074815538195,0.16851298014322916,0.04565768771701389,0.22120496961805555,0.4409756130642361,0.031731499565972224,,False,False,
residential-0023__commonwealth-mrt__cp_008,residential-0023__commonwealth-mrt,./data/generated/street_images/968727100603080.jpg,./data/generated/segmentation_images/968727100603080.png,3,High greenery + high road exposure / low built frontage,0.1401214599609375,0.5168134901258681,0.09764268663194445,0.020631578233506944,0.11898295084635417,0.0776095920138889,,False,False,
residential-0023__commonwealth-mrt__cp_009,residential-0023__commonwealth-mrt,./data/generated/street_images/2883556625294942.jpg,./data/generated/segmentation_images/2883556625294942.png,3,High greenery + high road exposure / low built frontage,0.10082499186197917,0.6353132459852431,0.002109103732638889,0.0652652316623264,0.1396755642361111,0.0,,False,False,
residential-0023__commonwealth-mrt__cp_010,residential-0023__commonwealth-mrt,./data/generated/street_images/2972840956324883.jpg,./data/generated/segmentation_images/2972840956324883.png,2,High pedestrian space + high built frontage / low road exposure,0.17552354600694445,0.2172393798828125,0.029301961263020832,0.1473609076605903,0.3908114963107639,0.03976270887586805,,False,False,
residential-0023__commonwealth-mrt__cp_011,residential-0023__commonwealth-mrt,./data/generated/street_images/1869196349898501.jpg,./data/generated/segmentation_images/1869196349898501.png,3,High greenery + high road exposure / low built frontage,0.26007080078125,0.4298248291015625,0.23542022705078125,0.021539052327473957,0.03719965616861979,0.006186167399088542,,False,False,
residential-0023__commonwealth-mrt__cp_012,residential-0023__commonwealth-mrt,./data/generated/street_images/485243636017038.jpg,./data/generated/segmentation_images/485243636017038.png,1,High sky exposure + high road exposure / low greenery,0.2748752170138889,0.21134440104166666,0.09783935546875,0.04318576388888889,0.2707841661241319,0.10275946723090278,,False,False,
residential-0023__commonwealth-mrt__cp_013,residential-0023__commonwealth-mrt,./data/generated/street_images/1374501582951358.jpg,./data/generated/segmentation_images/1374501582951358.png,1,High sky exposure + high road exposure / low greenery,0.23168055216471353,0.32573572794596356,0.2701683044433594,0.016773223876953125,0.07263946533203125,0.013902028401692709,,False,False,
residential-0023__commonwealth-mrt__cp_014,residential-0023__commonwealth-mrt,./data/generated/street_images/216805113539759.jpg,./data/generated/segmentation_images/216805113539759.png,1,High sky exposure + high road exposure / low greenery,0.42702484130859375,0.19665400187174478,0.0806287129720052,0.047009785970052086,0.0909716288248698,0.011372884114583334,,False,False,
residential-0023__commonwealth-mrt__cp_015,residential-0023__commonwealth-mrt,./data/generated/street_images/605551034173102.jpg,./data/generated/segmentation_images/605551034173102.png,1,High sky exposure + high road exposure / low greenery,0.33489100138346356,0.06701914469401042,0.08973439534505208,0.03508758544921875,0.41105016072591144,0.0271148681640625,,False,False,
residential-0023__commonwealth-mrt__cp_016,residential-0023__commonwealth-mrt,./data/generated/street_images/465788241193673.jpg,./data/generated/segmentation_images/465788241193673.png,1,High sky exposure + high road exposure / low greenery,0.34425099690755206,0.12792841593424478,0.08567174275716145,0.025951385498046875,0.3589591979980469,0.05241521199544271,,False,False,
residential-0024__bedok-mrt__cp_001,residential-0024__bedok-mrt,./data/generated/street_images/342640690544107.jpg,./data/generated/segmentation_images/342640690544107.png,3,High greenery + high road exposure / low built frontage,0.05720689561631945,0.3864203559027778,0.2485843234592014,0.012975056966145834,0.1728905571831597,0.09877692328559028,,True,False,
residential-0024__bedok-mrt__cp_002,residential-0024__bedok-mrt,./data/generated/street_images/1523626641173261.jpg,./data/generated/segmentation_images/1523626641173261.png,3,High greenery + high road exposure / low built frontage,0.10503641764322917,0.3134138319227431,0.333251953125,0.013083563910590278,0.19811503092447916,0.024707370334201388,,True,False,
residential-0024__bedok-mrt__cp_003,residential-0024__bedok-mrt,./data/generated/street_images/1396085094061438.jpg,./data/generated/segmentation_images/1396085094061438.png,3,High greenery + high road exposure / low built frontage,0.20636155870225695,0.5480465359157987,0.15992906358506945,0.030342949761284724,0.047292073567708336,0.007892184787326388,,True,False,
residential-0024__bedok-mrt__cp_004,residential-0024__bedok-mrt,./data/generated/street_images/153450986665559.jpg,./data/generated/segmentation_images/153450986665559.png,3,High greenery + high road exposure / low built frontage,0.125946044921875,0.5406511094835069,0.15621778700086805,0.06675211588541667,0.08529154459635417,0.012981838650173612,,True,False,
residential-0024__bedok-mrt__cp_005,residential-0024__bedok-mrt,./data/generated/street_images/157898769540231.jpg,./data/generated/segmentation_images/157898769540231.png,3,High greenery + high road exposure / low built frontage,0.14738633897569445,0.4724714491102431,0.11505635579427083,0.12099711100260417,0.1299099392361111,0.014675564236111112,,True,False,
residential-0024__bedok-mrt__cp_006,residential-0024__bedok-mrt,./data/generated/street_images/864824149743209.jpg,./data/generated/segmentation_images/864824149743209.png,1,High sky exposure + high road exposure / low greenery,0.42208226521809894,0.43395233154296875,0.0042877197265625,0.024678548177083332,0.07057444254557292,0.0004730224609375,,True,False,
residential-0024__bedok-mrt__cp_007,residential-0024__bedok-mrt,./data/generated/street_images/972287123575844.jpg,./data/generated/segmentation_images/972287123575844.png,0,High built frontage + high pedestrian space / low greenery,0.21429443359375,0.21588134765625,0.009553697374131944,0.0015496148003472222,0.51422119140625,0.032903035481770836,,True,False,
residential-0024__bedok-mrt__cp_008,residential-0024__bedok-mrt,./data/generated/street_images/4073233156068800.jpg,./data/generated/segmentation_images/4073233156068800.png,0,High built frontage + high pedestrian space / low greenery,0.2833277036536621,0.290936727518386,0.0,0.0002047156244082439,0.41224864759740626,0.0,,True,False,
residential-0024__bedok-mrt__cp_009,residential-0024__bedok-mrt,./data/generated/street_images/302655657935442.jpg,./data/generated/segmentation_images/302655657935442.png,0,High built frontage + high pedestrian space / low greenery,0.30310067402619334,0.020800386912530132,0.06890727917581489,0.00011259359342453415,0.5694254656000982,0.0032652142093114902,,True,False,
residential-0024__bedok-mrt__cp_010,residential-0024__bedok-mrt,./data/generated/street_images/240615314413665.jpg,./data/generated/segmentation_images/240615314413665.png,0,High built frontage + high pedestrian space / low greenery,0.24920484754774305,0.023037380642361112,0.0182647705078125,0.011569552951388888,0.6863132052951388,0.010713365342881944,,True,False,
residential-0024__bedok-mrt__cp_011,residential-0024__bedok-mrt,./data/generated/street_images/155433503255094.jpg,./data/generated/segmentation_images/155433503255094.png,0,High built frontage + high pedestrian space / low greenery,0.2351413302951389,0.09118821885850695,0.1567535400390625,0.015770806206597224,0.5131072998046875,0.0,,True,False,
residential-0024__bedok-mrt__cp_012,residential-0024__bedok-mrt,./data/generated/street_images/481125659634158.jpg,./data/generated/segmentation_images/481125659634158.png,0,High built frontage + high pedestrian space / low greenery,0.2428131103515625,0.0031636555989583335,0.062530517578125,0.03321668836805555,0.6583828396267362,0.0015343560112847222,,True,False,
residential-0025__yishun-mrt__cp_005,residential-0025__yishun-mrt,./data/generated/street_images/290000199458701.jpg,./data/generated/segmentation_images/290000199458701.png,0,High built frontage + high pedestrian space / low greenery,0.18837992350260416,0.2795003255208333,0.0648379855685764,0.030629475911458332,0.3009830050998264,0.13262430826822916,211.10000000000002,True,False,
residential-0025__yishun-mrt__cp_006,residential-0025__yishun-mrt,./data/generated/street_images/278925190560518.jpg,./data/generated/segmentation_images/278925190560518.png,1,High sky exposure + high road exposure / low greenery,0.2474483913845486,0.2538519965277778,0.1294369167751736,0.054926554361979164,0.2412567138671875,0.06320699055989583,168.56000000000006,True,False,
residential-0025__yishun-mrt__cp_007,residential-0025__yishun-mrt,./data/generated/street_images/2619821301651349.jpg,./data/generated/segmentation_images/2619821301651349.png,0,High built frontage + high pedestrian space / low greenery,0.19808790418836805,0.1973792182074653,0.1126369900173611,0.041329277886284724,0.3527069091796875,0.09388224283854167,91.38000000000005,True,False,
residential-0025__yishun-mrt__cp_008,residential-0025__yishun-mrt,./data/generated/street_images/780547115997885.jpg,./data/generated/segmentation_images/780547115997885.png,3,High greenery + high road exposure / low built frontage,0.2216762966579861,0.3578999837239583,0.16611226399739584,0.025080362955729168,0.2169579399956597,0.007051255967881944,45.31000000000006,True,False,
residential-0025__yishun-mrt__cp_009,residential-0025__yishun-mrt,./data/generated/street_images/1146540725751311.jpg,./data/generated/segmentation_images/1146540725751311.png,1,High sky exposure + high road exposure / low greenery,0.3750932481553819,0.1362525092230903,0.07971021864149305,0.027503119574652776,0.2474246554904514,0.13602193196614584,0.0,True,True,
residential-0025__yishun-mrt__cp_010,residential-0025__yishun-mrt,./data/generated/street_images/965112270972887.jpg,./data/generated/segmentation_images/965112270972887.png,1,High sky exposure + high road exposure / low greenery,0.3119252522786458,0.2858242458767361,0.07387797037760417,0.020367092556423612,0.1909569634331597,0.110137939453125,0.0,True,True,
residential-0025__yishun-mrt__cp_011,residential-0025__yishun-mrt,./data/generated/street_images/147357827403125.jpg,./data/generated/segmentation_images/147357827403125.png,1,High sky exposure + high road exposure / low greenery,0.2852121988932292,0.303253173828125,0.08075968424479167,0.020367092556423612,0.19710795084635416,0.10835944281684028,78.35000000000002,True,False,
residential-0025__yishun-mrt__cp_012,residential-0025__yishun-mrt,./data/generated/street_images/307419800762993.jpg,./data/generated/segmentation_images/307419800762993.png,1,High sky exposure + high road exposure / low greenery,0.3481123182508681,0.2529635959201389,0.05819532606336805,0.0294189453125,0.18140157063802084,0.12962849934895834,133.10000000000002,True,False,
residential-0025__yishun-mrt__cp_013,residential-0025__yishun-mrt,./data/generated/street_images/170646938306099.jpg,./data/generated/segmentation_images/170646938306099.png,1,High sky exposure + high road exposure / low greenery,0.3200971815321181,0.2259487575954861,0.12584940592447916,0.03309970431857639,0.22530958387586805,0.06156751844618055,133.79999999999995,True,False,
residential-0025__yishun-mrt__cp_014,residential-0025__yishun-mrt,./data/generated/street_images/904626170387692.jpg,./data/generated/segmentation_images/904626170387692.png,1,High sky exposure + high road exposure / low greenery,0.2995537651909722,0.2867906358506944,0.09901258680555555,0.020275539822048612,0.1786617702907986,0.11533270941840278,50.64999999999998,True,False,
residential-0025__yishun-mrt__cp_015,residential-0025__yishun-mrt,./data/generated/street_images/460643275034430.jpg,./data/generated/segmentation_images/460643275034430.png,0,High built frontage + high pedestrian space / low greenery,0.19958665635850695,0.2870754665798611,0.1377631293402778,0.033440483940972224,0.2862599690755208,0.009450276692708334,0.0,True,True,
residential-0025__yishun-mrt__cp_016,residential-0025__yishun-mrt,./data/generated/street_images/492754828535531.jpg,./data/generated/segmentation_images/492754828535531.png,3,High greenery + high road exposure / low built frontage,0.03205532497829861,0.4803822835286458,0.2728627522786458,0.039886474609375,0.1424289279513889,0.028661092122395832,0.0,True,True,
residential-0025__yishun-mrt__cp_017,residential-0025__yishun-mrt,./data/generated/street_images/133429438818081.jpg,./data/generated/segmentation_images/133429438818081.png,3,High greenery + high road exposure / low built frontage,0.2663353814019097,0.4442003038194444,0.1365136040581597,0.03877597384982639,0.04130215115017361,0.043772379557291664,47.63999999999987,True,False,
residential-0025__yishun-mrt__cp_018,residential-0025__yishun-mrt,./data/generated/street_images/2561701130802105.jpg,./data/generated/segmentation_images/2561701130802105.png,2,High pedestrian space + high built frontage / low road exposure,0.05836613972981771,0.3841044108072917,0.1074816385904948,0.2328618367513021,0.13948567708333334,0.000324249267578125,0.0,True,True,
residential-0025__yishun-mrt__cp_019,residential-0025__yishun-mrt,./data/generated/street_images/826588138268590.jpg,./data/generated/segmentation_images/826588138268590.png,3,High greenery + high road exposure / low built frontage,0.173553466796875,0.4210272894965278,0.1096462673611111,0.09578959147135417,0.1916266547309028,0.008356730143229166,0.0,True,True,
residential-0025__yishun-mrt__cp_020,residential-0025__yishun-mrt,./data/generated/street_images/804790450139405.jpg,./data/generated/segmentation_images/804790450139405.png,3,High greenery + high road exposure / low built frontage,0.16141255696614584,0.4096510145399306,0.13761393229166666,0.0517425537109375,0.2054358588324653,0.027514987521701388,0.0,True,True,
residential-0025__yishun-mrt__cp_021,residential-0025__yishun-mrt,./data/generated/street_images/4249936065066457.jpg,./data/generated/segmentation_images/4249936065066457.png,2,High pedestrian space + high built frontage / low road exposure,0.0,0.5885124206542969,0.0016263326009114583,0.12313461303710938,0.2866109212239583,0.0,135.85000000000014,True,False,
residential-0025__yishun-mrt__cp_022,residential-0025__yishun-mrt,./data/generated/street_images/174094191267571.jpg,./data/generated/segmentation_images/174094191267571.png,1,High sky exposure + high road exposure / low greenery,0.22615559895833334,0.346954345703125,0.08892144097222222,0.018385145399305556,0.19759623209635416,0.11920674641927083,208.0400000000002,True,False,
residential-0025__yishun-mrt__cp_023,residential-0025__yishun-mrt,./data/generated/street_images/161753645871948.jpg,./data/generated/segmentation_images/161753645871948.png,0,High built frontage + high pedestrian space / low greenery,0.0017725626627604167,0.3882700602213542,0.0010083516438802083,0.022984822591145832,0.5573654174804688,0.0,275.82000000000016,True,False,
residential-0025__yishun-mrt__cp_024,residential-0025__yishun-mrt,./data/generated/street_images/761708691199246.jpg,./data/generated/segmentation_images/761708691199246.png,1,High sky exposure + high road exposure / low greenery,0.3231404622395833,0.1676457722981771,0.2948265075683594,0.006017049153645833,0.13624191284179688,0.07150522867838542,327.3100000000002,True,False,
residential-0025__yishun-mrt__cp_025,residential-0025__yishun-mrt,./data/generated/street_images/258220796082079.jpg,./data/generated/segmentation_images/258220796082079.png,1,High sky exposure + high road exposure / low greenery,0.3290863037109375,0.196258544921875,0.04628329806857639,0.007800632052951389,0.2877451578776042,0.13067626953125,398.0100000000002,True,False,
residential-0025__yishun-mrt__cp_026,residential-0025__yishun-mrt,./data/generated/street_images/258220796082079.jpg,./data/generated/segmentation_images/258220796082079.png,1,High sky exposure + high road exposure / low greenery,0.3290863037109375,0.196258544921875,0.04628329806857639,0.007800632052951389,0.2877451578776042,0.13067626953125,447.0,True,False,
residential-0025__yishun-mrt__cp_027,residential-0025__yishun-mrt,./data/generated/street_images/954040735342817.jpg,./data/generated/segmentation_images/954040735342817.png,0,High built frontage + high pedestrian space / low greenery,0.023883395724826388,0.2635650634765625,0.2542758517795139,0.057396782769097224,0.3329433865017361,0.06225416395399305,515.0400000000002,True,False,
residential-0025__yishun-mrt__cp_028,residential-0025__yishun-mrt,./data/generated/street_images/182160940435832.jpg,./data/generated/segmentation_images/182160940435832.png,4,High vehicle presence + high road exposure / low greenery,0.017937554253472224,0.018917507595486112,0.05215623643663195,0.0,0.0,0.9109887017144097,566.75,True,False,
residential-0025__yishun-mrt__cp_029,residential-0025__yishun-mrt,./data/generated/street_images/314824186701724.jpg,./data/generated/segmentation_images/314824186701724.png,1,High sky exposure + high road exposure / low greenery,0.2260403103298611,0.0780673556857639,0.3345235188802083,0.022223578559027776,0.3223775227864583,0.0100860595703125,617.1200000000001,True,False,
residential-0025__yishun-mrt__cp_030,residential-0025__yishun-mrt,./data/generated/street_images/932314600859005.jpg,./data/generated/segmentation_images/932314600859005.png,1,High sky exposure + high road exposure / low greenery,0.427154541015625,0.04066636827256945,0.037421332465277776,0.0026652018229166665,0.18363783094618055,0.3001708984375,700.96,True,False,
residential-0025__yishun-mrt__cp_031,residential-0025__yishun-mrt,./data/generated/street_images/932314600859005.jpg,./data/generated/segmentation_images/932314600859005.png,1,High sky exposure + high road exposure / low greenery,0.427154541015625,0.04066636827256945,0.037421332465277776,0.0026652018229166665,0.18363783094618055,0.3001708984375,715.9000000000001,True,False,
residential-0026__jurong-east-mrt__cp_001,residential-0026__jurong-east-mrt,./data/generated/street_images/470744970889084.jpg,./data/generated/segmentation_images/470744970889084.png,1,High sky exposure + high road exposure / low greenery,0.5054829915364584,0.1664089626736111,0.2796952989366319,0.0018378363715277778,0.024617513020833332,0.0038587782118055555,,True,False,
residential-0026__jurong-east-mrt__cp_002,residential-0026__jurong-east-mrt,./data/generated/street_images/2353364621766216.jpg,./data/generated/segmentation_images/2353364621766216.png,1,High sky exposure + high road exposure / low greenery,0.287811279296875,0.21654383341471353,0.42214202880859375,0.00014241536458333334,0.031162261962890625,0.029856363932291668,,True,False,
residential-0026__jurong-east-mrt__cp_003,residential-0026__jurong-east-mrt,./data/generated/street_images/2353364621766216.jpg,./data/generated/segmentation_images/2353364621766216.png,1,High sky exposure + high road exposure / low greenery,0.287811279296875,0.21654383341471353,0.42214202880859375,0.00014241536458333334,0.031162261962890625,0.029856363932291668,,True,False,
residential-0026__jurong-east-mrt__cp_004,residential-0026__jurong-east-mrt,./data/generated/street_images/269050364926615.jpg,./data/generated/segmentation_images/269050364926615.png,1,High sky exposure + high road exposure / low greenery,0.3515370686848958,0.4222513834635417,0.17223612467447916,0.0,0.020417531331380207,0.011224110921223959,,True,False,
residential-0026__jurong-east-mrt__cp_005,residential-0026__jurong-east-mrt,./data/generated/street_images/273672534502495.jpg,./data/generated/segmentation_images/273672534502495.png,0,High built frontage + high pedestrian space / low greenery,0.10190497504340278,0.2935723198784722,0.260345458984375,0.028047349717881944,0.301788330078125,0.0048065185546875,,True,False,
residential-0026__jurong-east-mrt__cp_007,residential-0026__jurong-east-mrt,./data/generated/street_images/1676895975844139.jpg,./data/generated/segmentation_images/1676895975844139.png,3,High greenery + high road exposure / low built frontage,0.14399210611979166,0.3620978461371528,0.22934468587239584,0.043024698893229164,0.208465576171875,0.0,,True,False,
residential-0026__jurong-east-mrt__cp_008,residential-0026__jurong-east-mrt,./data/generated/street_images/1676895975844139.jpg,./data/generated/segmentation_images/1676895975844139.png,3,High greenery + high road exposure / low built frontage,0.14399210611979166,0.3620978461371528,0.22934468587239584,0.043024698893229164,0.208465576171875,0.0,,True,False,
residential-0026__jurong-east-mrt__cp_009,residential-0026__jurong-east-mrt,./data/generated/street_images/1666837956851255.jpg,./data/generated/segmentation_images/1666837956851255.png,3,High greenery + high road exposure / low built frontage,0.19605000813802084,0.3643646240234375,0.1728600396050347,0.052007039388020836,0.1834326850043403,0.001675075954861111,,True,False,
residential-0026__jurong-east-mrt__cp_010,residential-0026__jurong-east-mrt,./data/generated/street_images/899334827296206.jpg,./data/generated/segmentation_images/899334827296206.png,3,High greenery + high road exposure / low built frontage,0.2009514702690972,0.4372100830078125,0.15527513292100695,0.08549329969618055,0.0925445556640625,0.008643256293402778,,True,False,
residential-0026__jurong-east-mrt__cp_011,residential-0026__jurong-east-mrt,./data/generated/street_images/161789665917031.jpg,./data/generated/segmentation_images/161789665917031.png,1,High sky exposure + high road exposure / low greenery,0.306976318359375,0.18941752115885416,0.2237481011284722,0.044331868489583336,0.1991305881076389,0.00015767415364583334,,True,False,
residential-0026__jurong-east-mrt__cp_012,residential-0026__jurong-east-mrt,./data/generated/street_images/330653675236889.jpg,./data/generated/segmentation_images/330653675236889.png,1,High sky exposure + high road exposure / low greenery,0.3871561686197917,0.16629197862413195,0.161834716796875,0.07729932996961805,0.1334042019314236,0.011247422960069444,,True,False,
residential-0026__jurong-east-mrt__cp_013,residential-0026__jurong-east-mrt,./data/generated/street_images/171463221574567.jpg,./data/generated/segmentation_images/171463221574567.png,1,High sky exposure + high road exposure / low greenery,0.2218441433376736,0.3560282389322917,0.1972130669487847,0.040230645073784724,0.0249176025390625,0.098663330078125,,True,False,
residential-0026__jurong-east-mrt__cp_014,residential-0026__jurong-east-mrt,./data/generated/street_images/171463221574567.jpg,./data/generated/segmentation_images/171463221574567.png,1,High sky exposure + high road exposure / low greenery,0.2218441433376736,0.3560282389322917,0.1972130669487847,0.040230645073784724,0.0249176025390625,0.098663330078125,,True,False,
residential-0026__jurong-east-mrt__cp_038,residential-0026__jurong-east-mrt,./data/generated/street_images/1159977621082697.jpg,./data/generated/segmentation_images/1159977621082697.png,1,High sky exposure + high road exposure / low greenery,0.2866380479600694,0.4288720024956597,0.08500501844618055,0.029417249891493056,0.032370673285590276,0.13628980848524305,,True,False,
residential-0026__jurong-east-mrt__cp_039,residential-0026__jurong-east-mrt,./data/generated/street_images/538292983827446.jpg,./data/generated/segmentation_images/538292983827446.png,3,High greenery + high road exposure / low built frontage,0.2411041259765625,0.4088914659288194,0.0790676540798611,0.029415554470486112,0.09480963812934028,0.11910502115885417,,True,False,
residential-0026__jurong-east-mrt__cp_040,residential-0026__jurong-east-mrt,./data/generated/street_images/2555022051458254.jpg,./data/generated/segmentation_images/2555022051458254.png,3,High greenery + high road exposure / low built frontage,0.22477213541666666,0.4034152560763889,0.10521613226996528,0.012596978081597222,0.13366529676649305,0.05356004503038195,,True,False,
residential-0026__jurong-east-mrt__cp_041,residential-0026__jurong-east-mrt,./data/generated/street_images/4231639496887995.jpg,./data/generated/segmentation_images/4231639496887995.png,3,High greenery + high road exposure / low built frontage,0.13737996419270834,0.5313924153645834,0.1355777316623264,0.034952799479166664,0.08802625868055555,0.06812032063802083,,True,False,
residential-0026__jurong-east-mrt__cp_042,residential-0026__jurong-east-mrt,./data/generated/street_images/347665736797454.jpg,./data/generated/segmentation_images/347665736797454.png,1,High sky exposure + high road exposure / low greenery,0.2714487711588542,0.4019978841145833,0.1098361545138889,0.11098395453559028,0.15070936414930555,0.003619723849826389,,True,False,
residential-0026__jurong-east-mrt__cp_043,residential-0026__jurong-east-mrt,./data/generated/street_images/322758625909681.jpg,./data/generated/segmentation_images/322758625909681.png,1,High sky exposure + high road exposure / low greenery,0.17894617716471353,0.2757314046223958,0.2824846903483073,0.1014862060546875,0.027360280354817707,0.0,,True,False,
residential-0026__jurong-east-mrt__cp_044,residential-0026__jurong-east-mrt,./data/generated/street_images/205796647851686.jpg,./data/generated/segmentation_images/205796647851686.png,1,High sky exposure + high road exposure / low greenery,0.5438825819227431,0.07642618815104167,0.1305202907986111,0.06293402777777778,0.1496005588107639,0.0022684733072916665,,True,False,
residential-0026__jurong-east-mrt__cp_045,residential-0026__jurong-east-mrt,./data/generated/street_images/1183826645398167.jpg,./data/generated/segmentation_images/1183826645398167.png,1,High sky exposure + high road exposure / low greenery,0.1956719292534722,0.2788831922743056,0.3238593207465278,0.04817369249131945,0.033930460611979164,0.09006754557291667,,True,False,
residential-0026__jurong-east-mrt__cp_046,residential-0026__jurong-east-mrt,./data/generated/street_images/3830655483698974.jpg,./data/generated/segmentation_images/3830655483698974.png,3,High greenery + high road exposure / low built frontage,0.1583624945746528,0.3678232828776042,0.3257802327473958,0.012941148546006944,0.1364712185329861,0.0,,True,False,
residential-0026__jurong-east-mrt__cp_048,residential-0026__jurong-east-mrt,./data/generated/street_images/455019815601280.jpg,./data/generated/segmentation_images/455019815601280.png,1,High sky exposure + high road exposure / low greenery,0.3527119954427083,0.14987691243489584,0.08681233723958333,0.058954874674479164,0.209136962890625,0.1426205105251736,,True,False,
residential-0026__jurong-east-mrt__cp_049,residential-0026__jurong-east-mrt,./data/generated/street_images/504713687541092.jpg,./data/generated/segmentation_images/504713687541092.png,0,High built frontage + high pedestrian space / low greenery,0.08271026611328125,0.11205037434895833,0.1264623006184896,0.007573445638020833,0.50341796875,0.021022796630859375,,True,False,
residential-0027__sixth-avenue-mrt__cp_000,residential-0027__sixth-avenue-mrt,./data/generated/street_images/225440655587781.jpg,./data/generated/segmentation_images/225440655587781.png,3,High greenery + high road exposure / low built frontage,0.006001790364583333,0.8103807237413194,0.0704837375217014,0.0017869737413194445,0.08277723524305555,0.0,0.0,True,True,
residential-0027__sixth-avenue-mrt__cp_001,residential-0027__sixth-avenue-mrt,./data/generated/street_images/269924644833703.jpg,./data/generated/segmentation_images/269924644833703.png,3,High greenery + high road exposure / low built frontage,0.24408467610677084,0.4872775607638889,0.06352064344618055,0.0023668077256944445,0.08646138509114583,0.0034010145399305555,83.59,True,False,
residential-0027__sixth-avenue-mrt__cp_002,residential-0027__sixth-avenue-mrt,./data/generated/street_images/739240363437546.jpg,./data/generated/segmentation_images/739240363437546.png,3,High greenery + high road exposure / low built frontage,0.2291988796657986,0.5729488796657987,0.016094631618923612,0.0006951226128472222,0.13482835557725695,0.0,186.97,True,False,
residential-0027__sixth-avenue-mrt__cp_003,residential-0027__sixth-avenue-mrt,./data/generated/street_images/3667890160140673.jpg,./data/generated/segmentation_images/3667890160140673.png,0,High built frontage + high pedestrian space / low greenery,0.0,0.0,0.0,0.0,0.3100147247314453,0.129852294921875,242.63,True,False,
residential-0027__sixth-avenue-mrt__cp_004,residential-0027__sixth-avenue-mrt,./data/generated/street_images/524390938719917.jpg,./data/generated/segmentation_images/524390938719917.png,0,High built frontage + high pedestrian space / low greenery,0.1900566948784722,0.3340165879991319,0.059717814127604164,0.05183071560329861,0.337158203125,0.0,300.79,True,False,
residential-0027__sixth-avenue-mrt__cp_005,residential-0027__sixth-avenue-mrt,./data/generated/street_images/428782693566136.jpg,./data/generated/segmentation_images/428782693566136.png,0,High built frontage + high pedestrian space / low greenery,0.0,0.34575843811035156,0.019962310791015625,0.0,0.39743995666503906,0.011705398559570312,370.07,True,False,
residential-0027__sixth-avenue-mrt__cp_006,residential-0027__sixth-avenue-mrt,./data/generated/street_images/981409110420370.jpg,./data/generated/segmentation_images/981409110420370.png,1,High sky exposure + high road exposure / low greenery,0.3205375671386719,0.11265945434570312,0.1648101806640625,0.0,0.23609161376953125,0.0202789306640625,454.35,True,False,
residential-0027__sixth-avenue-mrt__cp_007,residential-0027__sixth-avenue-mrt,./data/generated/street_images/487941182632195.jpg,./data/generated/segmentation_images/487941182632195.png,0,High built frontage + high pedestrian space / low greenery,0.1296759711371528,0.19030931260850695,0.2902781168619792,0.012040879991319444,0.3649088541666667,0.0,522.94,True,False,
residential-0027__sixth-avenue-mrt__cp_008,residential-0027__sixth-avenue-mrt,./data/generated/street_images/484086852838319.jpg,./data/generated/segmentation_images/484086852838319.png,1,High sky exposure + high road exposure / low greenery,0.3936004638671875,0.2628275553385417,0.11817253960503472,0.034632364908854164,0.1452704535590278,0.028089735243055556,596.12,True,False,
residential-0027__sixth-avenue-mrt__cp_009,residential-0027__sixth-avenue-mrt,./data/generated/street_images/484086852838319.jpg,./data/generated/segmentation_images/484086852838319.png,1,High sky exposure + high road exposure / low greenery,0.3936004638671875,0.2628275553385417,0.11817253960503472,0.034632364908854164,0.1452704535590278,0.028089735243055556,658.52,True,False,
residential-0027__sixth-avenue-mrt__cp_010,residential-0027__sixth-avenue-mrt,./data/generated/street_images/224731919453435.jpg,./data/generated/segmentation_images/224731919453435.png,1,High sky exposure + high road exposure / low greenery,0.3612484402126736,0.305023193359375,0.06652662489149305,0.07584974500868055,0.1212582058376736,0.07009379069010417,713.89,True,False,
residential-0027__sixth-avenue-mrt__cp_011,residential-0027__sixth-avenue-mrt,./data/generated/street_images/894224045559798.jpg,./data/generated/segmentation_images/894224045559798.png,0,High built frontage + high pedestrian space / low greenery,5.340576171875e-05,0.31676292419433594,0.03598785400390625,0.0,0.4376068115234375,0.06280326843261719,767.71,True,False,
residential-0027__sixth-avenue-mrt__cp_012,residential-0027__sixth-avenue-mrt,./data/generated/street_images/866100707308914.jpg,./data/generated/segmentation_images/866100707308914.png,1,High sky exposure + high road exposure / low greenery,0.4305182562934028,0.1632198757595486,0.09308369954427083,0.05682203504774305,0.1990627712673611,0.05611843532986111,827.78,True,False,
residential-0027__sixth-avenue-mrt__cp_013,residential-0027__sixth-avenue-mrt,./data/generated/street_images/143580284416661.jpg,./data/generated/segmentation_images/143580284416661.png,1,High sky exposure + high road exposure / low greenery,0.2404208713107639,0.3323635525173611,0.0792694091796875,0.030946519639756944,0.23782518174913195,0.0,886.74,True,False,
residential-0027__sixth-avenue-mrt__cp_014,residential-0027__sixth-avenue-mrt,./data/generated/street_images/790347188339199.jpg,./data/generated/segmentation_images/790347188339199.png,1,High sky exposure + high road exposure / low greenery,0.4044325086805556,0.108489990234375,0.018641153971354168,0.029362996419270832,0.2534366183810764,0.18566724989149305,954.17,True,False,
residential-0027__sixth-avenue-mrt__cp_015,residential-0027__sixth-avenue-mrt,./data/generated/street_images/331000052321535.jpg,./data/generated/segmentation_images/331000052321535.png,2,High pedestrian space + high built frontage / low road exposure,0.008570353190104166,0.4366340637207031,0.00018564860026041666,0.0979626973470052,0.3291066487630208,0.0,1020.84,True,False,
residential-0027__sixth-avenue-mrt__cp_016,residential-0027__sixth-avenue-mrt,./data/generated/street_images/331000052321535.jpg,./data/generated/segmentation_images/331000052321535.png,2,High pedestrian space + high built frontage / low road exposure,0.008570353190104166,0.4366340637207031,0.00018564860026041666,0.0979626973470052,0.3291066487630208,0.0,1071.45,True,False,
residential-0027__sixth-avenue-mrt__cp_018,residential-0027__sixth-avenue-mrt,./data/generated/street_images/837236835807965.jpg,./data/generated/segmentation_images/837236835807965.png,3,High greenery + high road exposure / low built frontage,0.08509063720703125,0.3197924296061198,0.1404749552408854,0.010374704996744791,0.12736002604166666,0.000110626220703125,1181.16,True,False,
residential-0027__sixth-avenue-mrt__cp_019,residential-0027__sixth-avenue-mrt,./data/generated/street_images/972427400207886.jpg,./data/generated/segmentation_images/972427400207886.png,0,High built frontage + high pedestrian space / low greenery,0.1878696017795139,0.17120191786024305,0.04533047146267361,0.042236328125,0.4091440836588542,0.14349873860677084,1251.44,True,False,
residential-0027__sixth-avenue-mrt__cp_020,residential-0027__sixth-avenue-mrt,./data/generated/street_images/570825310956645.jpg,./data/generated/segmentation_images/570825310956645.png,0,High built frontage + high pedestrian space / low greenery,0.041941324869791664,0.2611643473307292,0.13519668579101562,0.07807413736979167,0.4825032552083333,0.0,1333.58,True,False,
residential-0027__sixth-avenue-mrt__cp_021,residential-0027__sixth-avenue-mrt,./data/generated/street_images/1097684604085136.jpg,./data/generated/segmentation_images/1097684604085136.png,0,High built frontage + high pedestrian space / low greenery,0.09761725531684028,0.10896470811631945,0.05125088161892361,0.07054816351996528,0.5313432481553819,0.11362711588541667,1376.29,True,False,
residential-0028__canberra-mrt__cp_002,residential-0028__canberra-mrt,./data/generated/street_images/158091206267266.jpg,./data/generated/segmentation_images/158091206267266.png,1,High sky exposure + high road exposure / low greenery,0.4153272840711806,0.4265306260850694,0.13427734375,0.0,0.020360310872395832,0.002124362521701389,213.32,True,False,
residential-0028__canberra-mrt__cp_003,residential-0028__canberra-mrt,./data/generated/street_images/158091206267266.jpg,./data/generated/segmentation_images/158091206267266.png,1,High sky exposure + high road exposure / low greenery,0.4153272840711806,0.4265306260850694,0.13427734375,0.0,0.020360310872395832,0.002124362521701389,160.88,True,False,
residential-0028__canberra-mrt__cp_004,residential-0028__canberra-mrt,./data/generated/street_images/215007803490289.jpg,./data/generated/segmentation_images/215007803490289.png,1,High sky exposure + high road exposure / low greenery,0.4041646321614583,0.3007422553168403,0.089813232421875,0.016325208875868056,0.1643591986762153,0.0291290283203125,63.589999999999975,True,False,
residential-0028__canberra-mrt__cp_005,residential-0028__canberra-mrt,./data/generated/street_images/150199977076128.jpg,./data/generated/segmentation_images/150199977076128.png,1,High sky exposure + high road exposure / low greenery,0.3438195122612847,0.2401699490017361,0.1360507541232639,0.018968370225694444,0.20226033528645834,0.058588663736979164,0.0,True,True,
residential-0028__canberra-mrt__cp_006,residential-0028__canberra-mrt,./data/generated/street_images/293818275701660.jpg,./data/generated/segmentation_images/293818275701660.png,3,High greenery + high road exposure / low built frontage,0.22949727376302084,0.4875759548611111,0.08986748589409722,0.050025092230902776,0.07178751627604167,0.0652618408203125,0.0,True,True,
residential-0028__canberra-mrt__cp_007,residential-0028__canberra-mrt,./data/generated/street_images/896336704258624.jpg,./data/generated/segmentation_images/896336704258624.png,0,High built frontage + high pedestrian space / low greenery,0.17313639322916666,0.2803988986545139,0.148101806640625,0.09804789225260417,0.2391391330295139,0.013151380750868056,79.71999999999997,True,False,
residential-0028__canberra-mrt__cp_009,residential-0028__canberra-mrt,./data/generated/street_images/806279190320463.jpg,./data/generated/segmentation_images/806279190320463.png,2,High pedestrian space + high built frontage / low road exposure,0.14415147569444445,0.1478339301215278,0.0,0.1526031494140625,0.3575948079427083,0.0,0.0,True,True,
residential-0028__canberra-mrt__cp_010,residential-0028__canberra-mrt,./data/generated/street_images/829750644590208.jpg,./data/generated/segmentation_images/829750644590208.png,0,High built frontage + high pedestrian space / low greenery,0.157379150390625,0.1370968288845486,0.2722795274522569,0.0066375732421875,0.4177890353732639,0.0006781684027777778,0.0,True,True,
residential-0028__canberra-mrt__cp_011,residential-0028__canberra-mrt,./data/generated/street_images/193440292631950.jpg,./data/generated/segmentation_images/193440292631950.png,3,High greenery + high road exposure / low built frontage,0.1599951850043403,0.6346333821614584,0.1274498833550347,0.016977945963541668,0.0012613932291666667,0.03886583116319445,50.70999999999992,True,False,
residential-0028__canberra-mrt__cp_012,residential-0028__canberra-mrt,./data/generated/street_images/302516341537753.jpg,./data/generated/segmentation_images/302516341537753.png,3,High greenery + high road exposure / low built frontage,0.2131839328342014,0.7377539740668403,0.007785373263888889,0.0021684434678819445,0.028477986653645832,0.0,101.40999999999997,True,False,
residential-0028__canberra-mrt__cp_013,residential-0028__canberra-mrt,./data/generated/street_images/754762178521451.jpg,./data/generated/segmentation_images/754762178521451.png,3,High greenery + high road exposure / low built frontage,0.03562588161892361,0.9063381618923612,0.050384521484375,0.001788669162326389,0.0028245713975694445,0.0,172.79999999999995,True,False,
residential-0028__canberra-mrt__cp_014,residential-0028__canberra-mrt,./data/generated/street_images/496065528203098.jpg,./data/generated/segmentation_images/496065528203098.png,3,High greenery + high road exposure / low built frontage,0.2057918972439236,0.5599043104383681,0.1870388454861111,0.0018632676866319445,0.00019327799479166666,0.0,238.54999999999995,True,False,
residential-0028__canberra-mrt__cp_015,residential-0028__canberra-mrt,./data/generated/street_images/950033045807169.jpg,./data/generated/segmentation_images/950033045807169.png,3,High greenery + high road exposure / low built frontage,0.12239922417534722,0.8396657307942709,0.035681830512152776,0.0020921495225694445,0.00016106499565972222,0.0,310.03,True,False,
residential-0028__canberra-mrt__cp_016,residential-0028__canberra-mrt,./data/generated/street_images/216085043355101.jpg,./data/generated/segmentation_images/216085043355101.png,3,High greenery + high road exposure / low built frontage,0.1660647922092014,0.6894056532118056,0.0663113064236111,0.0,0.027189466688368056,0.001171535915798611,365.9200000000001,True,False,
residential-0028__canberra-mrt__cp_017,residential-0028__canberra-mrt,./data/generated/street_images/950512615764117.jpg,./data/generated/segmentation_images/950512615764117.png,1,High sky exposure + high road exposure / low greenery,0.2851681179470486,0.3811442057291667,0.045308430989583336,0.025441487630208332,0.12794664171006945,0.050528632269965276,406.3799999999999,True,False,
residential-0028__canberra-mrt__cp_018,residential-0028__canberra-mrt,./data/generated/street_images/298353615096298.jpg,./data/generated/segmentation_images/298353615096298.png,1,High sky exposure + high road exposure / low greenery,0.3011254204644097,0.14617750379774305,0.06792365180121528,0.012795342339409722,0.2851070827907986,0.036677042643229164,481.21000000000004,True,False,
residential-0028__canberra-mrt__cp_019,residential-0028__canberra-mrt,./data/generated/street_images/4017550115004094.jpg,./data/generated/segmentation_images/4017550115004094.png,3,High greenery + high road exposure / low built frontage,0.2408294677734375,0.5235883924696181,0.1827172173394097,0.0,0.03454250759548611,0.0006696912977430555,527.54,True,False,
residential-0028__canberra-mrt__cp_020,residential-0028__canberra-mrt,./data/generated/street_images/165086255451201.jpg,./data/generated/segmentation_images/165086255451201.png,3,High greenery + high road exposure / low built frontage,0.21781751844618055,0.3769073486328125,0.2556067572699653,0.06075880262586805,0.07530890570746528,0.0,573.46,True,False,
residential-0028__canberra-mrt__cp_021,residential-0028__canberra-mrt,./data/generated/street_images/212794333731881.jpg,./data/generated/segmentation_images/212794333731881.png,4,High vehicle presence + high road exposure / low greenery,0.13057115342881945,0.073089599609375,0.15680948893229166,0.0,0.0008477105034722222,0.6386820475260416,632.79,True,False,
residential-0028__canberra-mrt__cp_022,residential-0028__canberra-mrt,./data/generated/street_images/1409932862715612.jpg,./data/generated/segmentation_images/1409932862715612.png,3,High greenery + high road exposure / low built frontage,0.14204576280381945,0.4329952663845486,0.23518202039930555,0.019524468315972224,0.1348639594184028,0.03426784939236111,687.3699999999999,True,False,
residential-0028__canberra-mrt__cp_023,residential-0028__canberra-mrt,./data/generated/street_images/1025213774951477.jpg,./data/generated/segmentation_images/1025213774951477.png,3,High greenery + high road exposure / low built frontage,0.19292704264322916,0.3592088487413194,0.23811170789930555,0.0121917724609375,0.18040974934895834,0.0,739.3499999999999,True,False,
residential-0028__canberra-mrt__cp_024,residential-0028__canberra-mrt,./data/generated/street_images/179456807392222.jpg,./data/generated/segmentation_images/179456807392222.png,1,High sky exposure + high road exposure / low greenery,0.3750372992621528,0.016408284505208332,0.3166249593098958,0.006857977973090278,0.2800937228732639,0.0,791.5699999999999,True,False,
residential-0028__canberra-mrt__cp_025,residential-0028__canberra-mrt,./data/generated/street_images/153328210097266.jpg,./data/generated/segmentation_images/153328210097266.png,1,High sky exposure + high road exposure / low greenery,0.4130910237630208,0.06243896484375,0.2779744466145833,0.10897996690538195,0.1287841796875,0.0022684733072916665,847.1800000000001,True,False,
residential-0028__canberra-mrt__cp_026,residential-0028__canberra-mrt,./data/generated/street_images/153328210097266.jpg,./data/generated/segmentation_images/153328210097266.png,1,High sky exposure + high road exposure / low greenery,0.4130910237630208,0.06243896484375,0.2779744466145833,0.10897996690538195,0.1287841796875,0.0022684733072916665,934.47,True,False,
residential-0028__canberra-mrt__cp_033,residential-0028__canberra-mrt,./data/generated/street_images/1050371352161045.jpg,./data/generated/segmentation_images/1050371352161045.png,1,High sky exposure + high road exposure / low greenery,0.40024757385253906,0.18352317810058594,0.2111358642578125,0.027042388916015625,0.13788986206054688,0.0023670196533203125,1389.84,True,False,
residential-0028__canberra-mrt__cp_034,residential-0028__canberra-mrt,./data/generated/street_images/512260769822628.jpg,./data/generated/segmentation_images/512260769822628.png,1,High sky exposure + high road exposure / low greenery,0.42237091064453125,0.15423583984375,0.2957916259765625,0.00063323974609375,0.08270263671875,0.0059757232666015625,1436.9399999999998,True,False,
residential-0028__canberra-mrt__cp_035,residential-0028__canberra-mrt,./data/generated/street_images/165592898728704.jpg,./data/generated/segmentation_images/165592898728704.png,1,High sky exposure + high road exposure / low greenery,0.42578887939453125,0.08844757080078125,0.34508705139160156,0.0001697540283203125,0.0841522216796875,0.0052547454833984375,1491.86,True,False,
residential-0028__canberra-mrt__cp_036,residential-0028__canberra-mrt,./data/generated/street_images/1598686623662084.jpg,./data/generated/segmentation_images/1598686623662084.png,1,High sky exposure + high road exposure / low greenery,0.41492652893066406,0.1574878692626953,0.27522850036621094,0.0047740936279296875,0.09288406372070312,0.007232666015625,1548.41,True,False,
residential-0028__canberra-mrt__cp_037,residential-0028__canberra-mrt,./data/generated/street_images/474637150274847.jpg,./data/generated/segmentation_images/474637150274847.png,1,High sky exposure + high road exposure / low greenery,0.39487266540527344,0.09139823913574219,0.1708526611328125,0.048675537109375,0.2088184356689453,0.0,1602.9599999999998,True,False,
residential-0028__canberra-mrt__cp_038,residential-0028__canberra-mrt,./data/generated/street_images/297127452027593.jpg,./data/generated/segmentation_images/297127452027593.png,1,High sky exposure + high road exposure / low greenery,0.3626079559326172,0.034572601318359375,0.3901844024658203,0.001255035400390625,0.15040016174316406,0.0077228546142578125,1662.6299999999999,True,False,
residential-0028__canberra-mrt__cp_039,residential-0028__canberra-mrt,./data/generated/street_images/786187249003508.jpg,./data/generated/segmentation_images/786187249003508.png,1,High sky exposure + high road exposure / low greenery,0.3965587615966797,0.06534194946289062,0.3707542419433594,0.0217132568359375,0.10068130493164062,0.002201080322265625,1716.1899999999998,True,False,
residential-0028__canberra-mrt__cp_040,residential-0028__canberra-mrt,./data/generated/street_images/470342660935368.jpg,./data/generated/segmentation_images/470342660935368.png,1,High sky exposure + high road exposure / low greenery,0.4050712585449219,0.005840301513671875,0.4312934875488281,0.01224517822265625,0.10463905334472656,0.0006656646728515625,1774.6899999999998,True,False,
residential-0028__canberra-mrt__cp_041,residential-0028__canberra-mrt,./data/generated/street_images/287181719781290.jpg,./data/generated/segmentation_images/287181719781290.png,1,High sky exposure + high road exposure / low greenery,0.25695228576660156,0.06362342834472656,0.2538127899169922,0.020093917846679688,0.3347511291503906,0.0020465850830078125,1872.86,True,False,
residential-0028__canberra-mrt__cp_042,residential-0028__canberra-mrt,./data/generated/street_images/133860188731721.jpg,./data/generated/segmentation_images/133860188731721.png,1,High sky exposure + high road exposure / low greenery,0.6285739474826388,0.017830742730034724,0.12852308485243055,0.0004696316189236111,0.1275092230902778,0.025200737847222224,1925.8799999999999,True,False,
residential-0028__canberra-mrt__cp_043,residential-0028__canberra-mrt,./data/generated/street_images/813570149544377.jpg,./data/generated/segmentation_images/813570149544377.png,1,High sky exposure + high road exposure / low greenery,0.5535329182942709,0.00018649631076388888,0.10481940375434028,0.03680759006076389,0.19952223036024305,0.08758375379774305,1969.84,True,False,
residential-0028__canberra-mrt__cp_044,residential-0028__canberra-mrt,./data/generated/street_images/281328270366993.jpg,./data/generated/segmentation_images/281328270366993.png,1,High sky exposure + high road exposure / low greenery,0.2772369384765625,0.008550008138020834,0.2466193305121528,2.0345052083333332e-05,0.1337500678168403,0.0,2012.03,True,False,
residential-0028__canberra-mrt__cp_045,residential-0028__canberra-mrt,./data/generated/street_images/281328270366993.jpg,./data/generated/segmentation_images/281328270366993.png,1,High sky exposure + high road exposure / low greenery,0.2772369384765625,0.008550008138020834,0.2466193305121528,2.0345052083333332e-05,0.1337500678168403,0.0,2017.6000000000001,True,False,
residential-0029__yishun-mrt__cp_001,residential-0029__yishun-mrt,./data/generated/street_images/972856316816355.jpg,./data/generated/segmentation_images/972856316816355.png,3,High greenery + high road exposure / low built frontage,0.23590087890625,0.6542714436848959,0.10402552286783855,0.007989247639973959,0.000141143798828125,0.0,1609.41,True,False,
residential-0029__yishun-mrt__cp_002,residential-0029__yishun-mrt,./data/generated/street_images/1445195409146355.jpg,./data/generated/segmentation_images/1445195409146355.png,1,High sky exposure + high road exposure / low greenery,0.45900599161783856,0.40720367431640625,0.0872357686360677,0.0,0.045252482096354164,0.0,1547.3,True,False,
residential-0029__yishun-mrt__cp_003,residential-0029__yishun-mrt,./data/generated/street_images/494465071703883.jpg,./data/generated/segmentation_images/494465071703883.png,3,High greenery + high road exposure / low built frontage,0.15984471638997397,0.7347882588704427,0.0971209208170573,0.0,0.005547841389973958,3.6875406901041664e-05,1446.8600000000001,True,False,
residential-0029__yishun-mrt__cp_004,residential-0029__yishun-mrt,./data/generated/street_images/553388096048807.jpg,./data/generated/segmentation_images/553388096048807.png,3,High greenery + high road exposure / low built frontage,0.3414904276529948,0.4976908365885417,0.09724171956380208,0.0081329345703125,0.0526123046875,0.0,1373.79,True,False,
residential-0029__yishun-mrt__cp_005,residential-0029__yishun-mrt,./data/generated/street_images/942306023223514.jpg,./data/generated/segmentation_images/942306023223514.png,1,High sky exposure + high road exposure / low greenery,0.4748064676920573,0.32492955525716144,0.10181172688802083,0.00018310546875,0.055973052978515625,0.0166778564453125,1317.85,True,False,
residential-0029__yishun-mrt__cp_006,residential-0029__yishun-mrt,./data/generated/street_images/2928258914109427.jpg,./data/generated/segmentation_images/2928258914109427.png,1,High sky exposure + high road exposure / low greenery,0.3351186116536458,0.46203867594401044,0.10070292154947917,0.004380544026692708,0.0703595479329427,0.004498799641927083,1258.22,True,False,
residential-0029__yishun-mrt__cp_007,residential-0029__yishun-mrt,./data/generated/street_images/464804801291873.jpg,./data/generated/segmentation_images/464804801291873.png,3,High greenery + high road exposure / low built frontage,0.2721443176269531,0.6167577107747396,0.10242207845052083,0.0,0.0,0.0,1172.1100000000001,True,False,
residential-0029__yishun-mrt__cp_008,residential-0029__yishun-mrt,./data/generated/street_images/529220078103773.jpg,./data/generated/segmentation_images/529220078103773.png,1,High sky exposure + high road exposure / low greenery,0.4058651394314236,0.3106248643663194,0.11668226453993055,0.0017530653211805555,0.05990939670138889,0.08086649576822917,1138.06,True,False,
residential-0029__yishun-mrt__cp_009,residential-0029__yishun-mrt,./data/generated/street_images/320842709577425.jpg,./data/generated/segmentation_images/320842709577425.png,1,High sky exposure + high road exposure / low greenery,0.240936279296875,0.04948086208767361,0.2553151448567708,0.0706905788845486,0.3342420789930556,0.0,1074.73,True,False,
residential-0029__yishun-mrt__cp_013,residential-0029__yishun-mrt,./data/generated/street_images/195361222422576.jpg,./data/generated/segmentation_images/195361222422576.png,1,High sky exposure + high road exposure / low greenery,0.3215518527560764,0.3914506700303819,0.12712266710069445,0.020855373806423612,0.0855984157986111,0.03778076171875,805.8100000000001,True,False,
residential-0029__yishun-mrt__cp_014,residential-0029__yishun-mrt,./data/generated/street_images/280557177115197.jpg,./data/generated/segmentation_images/280557177115197.png,1,High sky exposure + high road exposure / low greenery,0.3046485053168403,0.4160834418402778,0.1332210964626736,0.05272250705295139,0.03973049587673611,0.018585205078125,754.98,True,False,
residential-0029__yishun-mrt__cp_015,residential-0029__yishun-mrt,./data/generated/street_images/482197453049781.jpg,./data/generated/segmentation_images/482197453049781.png,3,High greenery + high road exposure / low built frontage,0.2776133219401042,0.4670545789930556,0.128936767578125,0.0059814453125,0.058432685004340276,0.015838623046875,706.35,True,False,
residential-0029__yishun-mrt__cp_016,residential-0029__yishun-mrt,./data/generated/street_images/466013798023147.jpg,./data/generated/segmentation_images/466013798023147.png,3,High greenery + high road exposure / low built frontage,0.0527191162109375,0.5308329264322916,0.11953904893663195,0.010013156467013888,0.2503221299913194,0.004742092556423611,603.71,True,False,
residential-0029__yishun-mrt__cp_017,residential-0029__yishun-mrt,./data/generated/street_images/466013798023147.jpg,./data/generated/segmentation_images/466013798023147.png,3,High greenery + high road exposure / low built frontage,0.0527191162109375,0.5308329264322916,0.11953904893663195,0.010013156467013888,0.2503221299913194,0.004742092556423611,556.77,True,False,
residential-0029__yishun-mrt__cp_018,residential-0029__yishun-mrt,./data/generated/street_images/169651438408734.jpg,./data/generated/segmentation_images/169651438408734.png,0,High built frontage + high pedestrian space / low greenery,0.1896277533637153,0.2275475396050347,0.1229214138454861,0.03353542751736111,0.33746337890625,0.08904520670572917,476.85000000000014,True,False,
residential-0029__yishun-mrt__cp_019,residential-0029__yishun-mrt,./data/generated/street_images/484976102846553.jpg,./data/generated/segmentation_images/484976102846553.png,0,High built frontage + high pedestrian space / low greenery,0.23181321885850695,0.12371148003472222,0.1008148193359375,0.0744594997829861,0.3911980523003472,0.06784735785590278,356.96000000000004,True,False,
residential-0029__yishun-mrt__cp_020,residential-0029__yishun-mrt,./data/generated/street_images/826644897946549.jpg,./data/generated/segmentation_images/826644897946549.png,1,High sky exposure + high road exposure / low greenery,0.1800571017795139,0.17252095540364584,0.3024224175347222,0.0345458984375,0.24584791395399305,0.0,268.1700000000001,True,False,
residential-0029__yishun-mrt__cp_021,residential-0029__yishun-mrt,./data/generated/street_images/494588628446549.jpg,./data/generated/segmentation_images/494588628446549.png,0,High built frontage + high pedestrian space / low greenery,0.19412400987413195,0.24704488118489584,0.07622443305121528,0.0286102294921875,0.3079511854383681,0.048797607421875,175.05999999999995,True,False,
residential-0029__yishun-mrt__cp_022,residential-0029__yishun-mrt,./data/generated/street_images/532136614614732.jpg,./data/generated/segmentation_images/532136614614732.png,1,High sky exposure + high road exposure / low greenery,0.21724107530381945,0.2394799126519097,0.07985093858506945,0.03471544053819445,0.3065151638454861,0.11721971299913195,107.47000000000003,True,False,
residential-0029__yishun-mrt__cp_023,residential-0029__yishun-mrt,./data/generated/street_images/2849640825248567.jpg,./data/generated/segmentation_images/2849640825248567.png,0,High built frontage + high pedestrian space / low greenery,0.1797570122612847,0.2450137668185764,0.1386956108940972,0.022396511501736112,0.3479326036241319,0.05954149034288195,45.069999999999936,True,False,
residential-0029__yishun-mrt__cp_024,residential-0029__yishun-mrt,./data/generated/street_images/217563613174001.jpg,./data/generated/segmentation_images/217563613174001.png,1,High sky exposure + high road exposure / low greenery,0.3827599419487847,0.053090413411458336,0.13269551595052084,0.017198350694444444,0.3284403483072917,0.06501600477430555,0.0,True,True,
residential-0029__yishun-mrt__cp_025,residential-0029__yishun-mrt,./data/generated/street_images/920847625380527.jpg,./data/generated/segmentation_images/920847625380527.png,1,High sky exposure + high road exposure / low greenery,0.3125220404730903,0.2886420355902778,0.12167867024739583,0.028778076171875,0.16886393229166666,0.07889641655815972,0.0,True,True,
residential-0029__yishun-mrt__cp_026,residential-0029__yishun-mrt,./data/generated/street_images/180195880663073.jpg,./data/generated/segmentation_images/180195880663073.png,1,High sky exposure + high road exposure / low greenery,0.3627404106987847,0.2696634928385417,0.06405470106336805,0.016031901041666668,0.1674262152777778,0.1206241183810764,82.33000000000015,True,False,
residential-0029__yishun-mrt__cp_027,residential-0029__yishun-mrt,./data/generated/street_images/1513613365644547.jpg,./data/generated/segmentation_images/1513613365644547.png,1,High sky exposure + high road exposure / low greenery,0.3158111572265625,0.2656233045789931,0.06845770941840278,0.017801920572916668,0.21077473958333334,0.121368408203125,179.6300000000001,True,False,
residential-0029__yishun-mrt__cp_028,residential-0029__yishun-mrt,./data/generated/street_images/170646938306099.jpg,./data/generated/segmentation_images/170646938306099.png,1,High sky exposure + high road exposure / low greenery,0.3200971815321181,0.2259487575954861,0.12584940592447916,0.03309970431857639,0.22530958387586805,0.06156751844618055,133.78999999999974,True,False,
residential-0029__yishun-mrt__cp_029,residential-0029__yishun-mrt,./data/generated/street_images/904626170387692.jpg,./data/generated/segmentation_images/904626170387692.png,1,High sky exposure + high road exposure / low greenery,0.2995537651909722,0.2867906358506944,0.09901258680555555,0.020275539822048612,0.1786617702907986,0.11533270941840278,50.649999999999636,True,False,
residential-0029__yishun-mrt__cp_030,residential-0029__yishun-mrt,./data/generated/street_images/460643275034430.jpg,./data/generated/segmentation_images/460643275034430.png,0,High built frontage + high pedestrian space / low greenery,0.19958665635850695,0.2870754665798611,0.1377631293402778,0.033440483940972224,0.2862599690755208,0.009450276692708334,0.0,True,True,
residential-0029__yishun-mrt__cp_031,residential-0029__yishun-mrt,./data/generated/street_images/492754828535531.jpg,./data/generated/segmentation_images/492754828535531.png,3,High greenery + high road exposure / low built frontage,0.03205532497829861,0.4803822835286458,0.2728627522786458,0.039886474609375,0.1424289279513889,0.028661092122395832,0.0,True,True,
residential-0029__yishun-mrt__cp_032,residential-0029__yishun-mrt,./data/generated/street_images/133429438818081.jpg,./data/generated/segmentation_images/133429438818081.png,3,High greenery + high road exposure / low built frontage,0.2663353814019097,0.4442003038194444,0.1365136040581597,0.03877597384982639,0.04130215115017361,0.043772379557291664,47.649999999999636,True,False,
residential-0029__yishun-mrt__cp_033,residential-0029__yishun-mrt,./data/generated/street_images/2561701130802105.jpg,./data/generated/segmentation_images/2561701130802105.png,2,High pedestrian space + high built frontage / low road exposure,0.05836613972981771,0.3841044108072917,0.1074816385904948,0.2328618367513021,0.13948567708333334,0.000324249267578125,0.0,True,True,
residential-0029__yishun-mrt__cp_034,residential-0029__yishun-mrt,./data/generated/street_images/826588138268590.jpg,./data/generated/segmentation_images/826588138268590.png,3,High greenery + high road exposure / low built frontage,0.173553466796875,0.4210272894965278,0.1096462673611111,0.09578959147135417,0.1916266547309028,0.008356730143229166,0.0,True,True,
residential-0029__yishun-mrt__cp_035,residential-0029__yishun-mrt,./data/generated/street_images/804790450139405.jpg,./data/generated/segmentation_images/804790450139405.png,3,High greenery + high road exposure / low built frontage,0.16141255696614584,0.4096510145399306,0.13761393229166666,0.0517425537109375,0.2054358588324653,0.027514987521701388,0.0,True,True,
residential-0029__yishun-mrt__cp_036,residential-0029__yishun-mrt,./data/generated/street_images/4249936065066457.jpg,./data/generated/segmentation_images/4249936065066457.png,2,High pedestrian space + high built frontage / low road exposure,0.0,0.5885124206542969,0.0016263326009114583,0.12313461303710938,0.2866109212239583,0.0,135.8499999999999,True,False,
residential-0029__yishun-mrt__cp_037,residential-0029__yishun-mrt,./data/generated/street_images/174094191267571.jpg,./data/generated/segmentation_images/174094191267571.png,1,High sky exposure + high road exposure / low greenery,0.22615559895833334,0.346954345703125,0.08892144097222222,0.018385145399305556,0.19759623209635416,0.11920674641927083,208.05000000000018,True,False,
residential-0029__yishun-mrt__cp_038,residential-0029__yishun-mrt,./data/generated/street_images/161753645871948.jpg,./data/generated/segmentation_images/161753645871948.png,0,High built frontage + high pedestrian space / low greenery,0.0017725626627604167,0.3882700602213542,0.0010083516438802083,0.022984822591145832,0.5573654174804688,0.0,275.82000000000016,True,False,
residential-0029__yishun-mrt__cp_039,residential-0029__yishun-mrt,./data/generated/street_images/761708691199246.jpg,./data/generated/segmentation_images/761708691199246.png,1,High sky exposure + high road exposure / low greenery,0.3231404622395833,0.1676457722981771,0.2948265075683594,0.006017049153645833,0.13624191284179688,0.07150522867838542,327.30999999999995,True,False,
residential-0029__yishun-mrt__cp_040,residential-0029__yishun-mrt,./data/generated/street_images/258220796082079.jpg,./data/generated/segmentation_images/258220796082079.png,1,High sky exposure + high road exposure / low greenery,0.3290863037109375,0.196258544921875,0.04628329806857639,0.007800632052951389,0.2877451578776042,0.13067626953125,398.0100000000002,True,False,
residential-0029__yishun-mrt__cp_041,residential-0029__yishun-mrt,./data/generated/street_images/258220796082079.jpg,./data/generated/segmentation_images/258220796082079.png,1,High sky exposure + high road exposure / low greenery,0.3290863037109375,0.196258544921875,0.04628329806857639,0.007800632052951389,0.2877451578776042,0.13067626953125,447.0,True,False,
residential-0029__yishun-mrt__cp_042,residential-0029__yishun-mrt,./data/generated/street_images/954040735342817.jpg,./data/generated/segmentation_images/954040735342817.png,0,High built frontage + high pedestrian space / low greenery,0.023883395724826388,0.2635650634765625,0.2542758517795139,0.057396782769097224,0.3329433865017361,0.06225416395399305,515.04,True,False,
residential-0029__yishun-mrt__cp_043,residential-0029__yishun-mrt,./data/generated/street_images/182160940435832.jpg,./data/generated/segmentation_images/182160940435832.png,4,High vehicle presence + high road exposure / low greenery,0.017937554253472224,0.018917507595486112,0.05215623643663195,0.0,0.0,0.9109887017144097,566.7600000000002,True,False,
residential-0029__yishun-mrt__cp_044,residential-0029__yishun-mrt,./data/generated/street_images/314824186701724.jpg,./data/generated/segmentation_images/314824186701724.png,1,High sky exposure + high road exposure / low greenery,0.2260403103298611,0.0780673556857639,0.3345235188802083,0.022223578559027776,0.3223775227864583,0.0100860595703125,617.1300000000001,True,False,
residential-0029__yishun-mrt__cp_045,residential-0029__yishun-mrt,./data/generated/street_images/268648964985531.jpg,./data/generated/segmentation_images/268648964985531.png,0,High built frontage + high pedestrian space / low greenery,0.002204047309027778,0.022269354926215276,0.2522396511501736,0.10093180338541667,0.5885348849826388,0.0,700.96,True,False,
residential-0029__yishun-mrt__cp_046,residential-0029__yishun-mrt,./data/generated/street_images/413028753430552.jpg,./data/generated/segmentation_images/413028753430552.png,0,High built frontage + high pedestrian space / low greenery,0.007476806640625,0.03925916883680555,0.2359992133246528,0.1364864773220486,0.5310889350043403,0.0,715.9099999999999,True,False,
residential-0030__harbourfront-mrt__cp_003,residential-0030__harbourfront-mrt,./data/generated/street_images/272846004541829.jpg,./data/generated/segmentation_images/272846004541829.png,1,High sky exposure + high road exposure / low greenery,0.15053304036458334,0.2158745659722222,0.3397216796875,0.03464084201388889,0.20414225260416666,0.05516391330295139,,False,False,
residential-0030__harbourfront-mrt__cp_004,residential-0030__harbourfront-mrt,./data/generated/street_images/272846004541829.jpg,./data/generated/segmentation_images/272846004541829.png,1,High sky exposure + high road exposure / low greenery,0.15053304036458334,0.2158745659722222,0.3397216796875,0.03464084201388889,0.20414225260416666,0.05516391330295139,,False,False,
residential-0030__harbourfront-mrt__cp_005,residential-0030__harbourfront-mrt,./data/generated/street_images/143768971099486.jpg,./data/generated/segmentation_images/143768971099486.png,3,High greenery + high road exposure / low built frontage,0.104339599609375,0.4294823540581597,0.3305426703559028,0.005674574110243056,0.12996080186631945,0.0,,False,False,
residential-0030__harbourfront-mrt__cp_006,residential-0030__harbourfront-mrt,./data/generated/street_images/1125868457908008.jpg,./data/generated/segmentation_images/1125868457908008.png,1,High sky exposure + high road exposure / low greenery,0.2463311089409722,0.3480580647786458,0.0870361328125,0.0,0.0963168674045139,0.2223968505859375,,False,False,
residential-0030__harbourfront-mrt__cp_007,residential-0030__harbourfront-mrt,./data/generated/street_images/143956910977433.jpg,./data/generated/segmentation_images/143956910977433.png,3,High greenery + high road exposure / low built frontage,0.18860880533854166,0.4859653049045139,0.1555107964409722,0.028637356228298612,0.059305826822916664,0.058649698893229164,,False,False,
residential-0030__harbourfront-mrt__cp_008,residential-0030__harbourfront-mrt,./data/generated/street_images/553436488977046.jpg,./data/generated/segmentation_images/553436488977046.png,1,High sky exposure + high road exposure / low greenery,0.3406728108723958,0.2078976101345486,0.0706142849392361,0.01788330078125,0.2500542534722222,0.09085252549913195,,False,False,
residential-0030__harbourfront-mrt__cp_009,residential-0030__harbourfront-mrt,./data/generated/street_images/300416555030703.jpg,./data/generated/segmentation_images/300416555030703.png,1,High sky exposure + high road exposure / low greenery,0.2896796332465278,0.3975643581814236,0.056128607855902776,0.0005645751953125,0.04921129014756945,0.15446302625868055,,False,False,
residential-0030__harbourfront-mrt__cp_010,residential-0030__harbourfront-mrt,./data/generated/street_images/177751010800779.jpg,./data/generated/segmentation_images/177751010800779.png,1,High sky exposure + high road exposure / low greenery,0.4337276882595486,0.22019449869791666,0.0821194118923611,0.019246419270833332,0.09802754720052083,0.1266445583767361,,False,False,
residential-0030__harbourfront-mrt__cp_011,residential-0030__harbourfront-mrt,./data/generated/street_images/1619598809232836.jpg,./data/generated/segmentation_images/1619598809232836.png,2,High pedestrian space + high built frontage / low road exposure,0.036403656005859375,0.42985280354817706,0.06920369466145833,0.1246337890625,0.1937230428059896,0.056980133056640625,,False,False,
residential-0030__harbourfront-mrt__cp_012,residential-0030__harbourfront-mrt,./data/generated/street_images/1150892802099788.jpg,./data/generated/segmentation_images/1150892802099788.png,3,High greenery + high road exposure / low built frontage,0.08685811360677083,0.2967491149902344,0.3768043518066406,0.03776423136393229,0.03668848673502604,0.08431498209635417,,False,False,
residential-0030__harbourfront-mrt__cp_013,residential-0030__harbourfront-mrt,./data/generated/street_images/201309041825354.jpg,./data/generated/segmentation_images/201309041825354.png,3,High greenery + high road exposure / low built frontage,0.20151265462239584,0.6177283393012153,0.0008171929253472222,0.0,0.14044019911024305,0.0,,False,False,
residential-0030__harbourfront-mrt__cp_014,residential-0030__harbourfront-mrt,./data/generated/street_images/849130975960033.jpg,./data/generated/segmentation_images/849130975960033.png,1,High sky exposure + high road exposure / low greenery,0.3216145833333333,0.14345804850260416,0.041297064887152776,0.033042060004340276,0.3408440483940972,0.1043362087673611,,False,False,
residential-0030__harbourfront-mrt__cp_015,residential-0030__harbourfront-mrt,./data/generated/street_images/174707444536608.jpg,./data/generated/segmentation_images/174707444536608.png,3,High greenery + high road exposure / low built frontage,0.050209893120659724,0.6936832004123263,0.007759941948784722,0.049346923828125,0.04434034559461805,0.0,,False,False,
residential-0030__harbourfront-mrt__cp_016,residential-0030__harbourfront-mrt,./data/generated/street_images/1443361256613875.jpg,./data/generated/segmentation_images/1443361256613875.png,1,High sky exposure + high road exposure / low greenery,0.2183100382486979,0.2928759256998698,0.33760960896809894,0.01047515869140625,0.11917368570963542,0.0,,False,False,
residential-0030__harbourfront-mrt__cp_017,residential-0030__harbourfront-mrt,./data/generated/street_images/2902688096647690.jpg,./data/generated/segmentation_images/2902688096647690.png,0,High built frontage + high pedestrian space / low greenery,0.2572174072265625,0.08673943413628472,0.07324896918402778,0.009156968858506944,0.4282124837239583,0.1413998074001736,,False,False,
residential-0030__harbourfront-mrt__cp_018,residential-0030__harbourfront-mrt,./data/generated/street_images/484950039612192.jpg,./data/generated/segmentation_images/484950039612192.png,0,High built frontage + high pedestrian space / low greenery,0.1202884250217014,0.021075778537326388,0.186126708984375,0.031022813585069444,0.5411648220486112,0.0,,False,False,
residential-0030__harbourfront-mrt__cp_019,residential-0030__harbourfront-mrt,./data/generated/street_images/484950039612192.jpg,./data/generated/segmentation_images/484950039612192.png,0,High built frontage + high pedestrian space / low greenery,0.1202884250217014,0.021075778537326388,0.186126708984375,0.031022813585069444,0.5411648220486112,0.0,,False,False,
residential-0030__harbourfront-mrt__cp_020,residential-0030__harbourfront-mrt,./data/generated/street_images/230678115932637.jpg,./data/generated/segmentation_images/230678115932637.png,0,High built frontage + high pedestrian space / low greenery,0.0,0.0,0.0,0.0,1.0,0.0,,False,False,
residential-0030__harbourfront-mrt__cp_021,residential-0030__harbourfront-mrt,./data/generated/street_images/833287385726138.jpg,./data/generated/segmentation_images/833287385726138.png,1,High sky exposure + high road exposure / low greenery,0.33717981974283856,0.11567179361979167,0.3245709737141927,0.029008229573567707,0.16219075520833334,2.5431315104166665e-06,,False,False,
residential-0030__harbourfront-mrt__cp_022,residential-0030__harbourfront-mrt,./data/generated/street_images/1894819350673924.jpg,./data/generated/segmentation_images/1894819350673924.png,3,High greenery + high road exposure / low built frontage,0.1560397677951389,0.49395751953125,0.3061184353298611,0.016503228081597224,0.013405693901909722,0.0,,False,False,
residential-0030__harbourfront-mrt__cp_023,residential-0030__harbourfront-mrt,./data/generated/street_images/3391675294316290.jpg,./data/generated/segmentation_images/3391675294316290.png,3,High greenery + high road exposure / low built frontage,0.23130035400390625,0.6373761494954427,0.00687408447265625,0.056728363037109375,0.008024851481119791,3.6875406901041664e-05,,False,False,
residential-0031__tanjong-rhu-mrt__cp_000,residential-0031__tanjong-rhu-mrt,./data/generated/street_images/306328174422004.jpg,./data/generated/segmentation_images/306328174422004.png,1,High sky exposure + high road exposure / low greenery,0.6243201361762153,0.1303490532769097,0.1328345404730903,0.005179511176215278,0.018568250868055556,0.032292683919270836,,True,False,
residential-0031__tanjong-rhu-mrt__cp_001,residential-0031__tanjong-rhu-mrt,./data/generated/street_images/301881544882564.jpg,./data/generated/segmentation_images/301881544882564.png,1,High sky exposure + high road exposure / low greenery,0.6525590684678819,0.10229661729600695,0.08710394965277778,0.003482394748263889,0.03845384385850695,0.08203125,,True,False,
residential-0031__tanjong-rhu-mrt__cp_002,residential-0031__tanjong-rhu-mrt,./data/generated/street_images/757399894972016.jpg,./data/generated/segmentation_images/757399894972016.png,1,High sky exposure + high road exposure / low greenery,0.5769297281901041,0.1672787136501736,0.1929931640625,0.002041286892361111,0.027106391059027776,0.0002695719401041667,,True,False,
residential-0031__tanjong-rhu-mrt__cp_003,residential-0031__tanjong-rhu-mrt,./data/generated/street_images/668232607333221.jpg,./data/generated/segmentation_images/668232607333221.png,3,High greenery + high road exposure / low built frontage,0.2650112575954861,0.5554080539279513,0.045128716362847224,0.0,0.13425191243489584,0.0,,True,False,
residential-0031__tanjong-rhu-mrt__cp_004,residential-0031__tanjong-rhu-mrt,./data/generated/street_images/132737362222028.jpg,./data/generated/segmentation_images/132737362222028.png,1,High sky exposure + high road exposure / low greenery,0.3220147026909722,0.4497256808810764,0.12844679090711805,0.001583523220486111,0.03991868760850695,0.05706787109375,,True,False,
residential-0031__tanjong-rhu-mrt__cp_005,residential-0031__tanjong-rhu-mrt,./data/generated/street_images/574066080223160.jpg,./data/generated/segmentation_images/574066080223160.png,1,High sky exposure + high road exposure / low greenery,0.3604261610243056,0.3828718397352431,0.07732645670572917,0.016618516710069444,0.04729037814670139,0.1079745822482639,,True,False,
residential-0031__tanjong-rhu-mrt__cp_006,residential-0031__tanjong-rhu-mrt,./data/generated/street_images/814747049475349.jpg,./data/generated/segmentation_images/814747049475349.png,1,High sky exposure + high road exposure / low greenery,0.4056803385416667,0.3540361192491319,0.0639156765407986,0.0,0.047215779622395836,0.12779744466145834,,True,False,
residential-0031__tanjong-rhu-mrt__cp_007,residential-0031__tanjong-rhu-mrt,./data/generated/street_images/773330426691883.jpg,./data/generated/segmentation_images/773330426691883.png,1,High sky exposure + high road exposure / low greenery,0.3298933241102431,0.4233262803819444,0.14512464735243055,0.016587999131944444,0.0005832248263888889,0.08427259657118055,,True,False,
residential-0031__tanjong-rhu-mrt__cp_008,residential-0031__tanjong-rhu-mrt,./data/generated/street_images/771101546878473.jpg,./data/generated/segmentation_images/771101546878473.png,1,High sky exposure + high road exposure / low greenery,0.4018130832248264,0.4043596055772569,0.1787329779730903,0.0,5.0862630208333336e-05,0.005845811631944444,,True,False,
residential-0031__tanjong-rhu-mrt__cp_009,residential-0031__tanjong-rhu-mrt,./data/generated/street_images/915542975679236.jpg,./data/generated/segmentation_images/915542975679236.png,1,High sky exposure + high road exposure / low greenery,0.4613257514105903,0.2745937771267361,0.17550828721788195,0.0,0.056605021158854164,0.005939059787326389,,True,False,
residential-0031__tanjong-rhu-mrt__cp_010,residential-0031__tanjong-rhu-mrt,./data/generated/street_images/505008330841066.jpg,./data/generated/segmentation_images/505008330841066.png,1,High sky exposure + high road exposure / low greenery,0.5200822618272569,0.1505618625217014,0.14315626356336805,0.004801432291666667,0.054328070746527776,0.1274566650390625,,True,False,
residential-0031__tanjong-rhu-mrt__cp_011,residential-0031__tanjong-rhu-mrt,./data/generated/street_images/545063639817141.jpg,./data/generated/segmentation_images/545063639817141.png,1,High sky exposure + high road exposure / low greenery,0.4797770182291667,0.11009724934895833,0.1566246880425347,0.0,0.03532240125868055,0.12007649739583333,,True,False,
residential-0031__tanjong-rhu-mrt__cp_012,residential-0031__tanjong-rhu-mrt,./data/generated/street_images/944830992931969.jpg,./data/generated/segmentation_images/944830992931969.png,1,High sky exposure + high road exposure / low greenery,0.5751393636067709,0.1388431125217014,0.1576317681206597,0.002215915256076389,0.043889363606770836,0.07618204752604167,,True,False,
residential-0031__tanjong-rhu-mrt__cp_013,residential-0031__tanjong-rhu-mrt,./data/generated/street_images/224438952382487.jpg,./data/generated/segmentation_images/224438952382487.png,1,High sky exposure + high road exposure / low greenery,0.4749840630425347,0.16837565104166666,0.12698872884114584,0.012983534071180556,0.0466156005859375,0.16564432779947916,,True,False,
residential-0031__tanjong-rhu-mrt__cp_014,residential-0031__tanjong-rhu-mrt,./data/generated/street_images/439758457012552.jpg,./data/generated/segmentation_images/439758457012552.png,1,High sky exposure + high road exposure / low greenery,0.5084499782986112,0.1915317111545139,0.12143961588541667,5.0862630208333336e-05,0.017332288953993056,0.0629001193576389,,True,False,
residential-0031__tanjong-rhu-mrt__cp_015,residential-0031__tanjong-rhu-mrt,./data/generated/street_images/1119358845205861.jpg,./data/generated/segmentation_images/1119358845205861.png,1,High sky exposure + high road exposure / low greenery,0.4780646430121528,0.1936713324652778,0.1685299343532986,0.028493245442708332,0.03861829969618055,0.06479729546440972,,True,False,
residential-0031__tanjong-rhu-mrt__cp_016,residential-0031__tanjong-rhu-mrt,./data/generated/street_images/237775128107259.jpg,./data/generated/segmentation_images/237775128107259.png,0,High built frontage + high pedestrian space / low greenery,0.058510674370659724,0.028630574544270832,0.0803951687282986,0.045355902777777776,0.6335025363498263,0.002819485134548611,,True,False,
residential-0031__tanjong-rhu-mrt__cp_017,residential-0031__tanjong-rhu-mrt,./data/generated/street_images/385470886782819.jpg,./data/generated/segmentation_images/385470886782819.png,3,High greenery + high road exposure / low built frontage,0.1323462592230903,0.3656277126736111,0.1755150689019097,0.004036797417534722,0.05692884657118055,0.1032596164279514,,True,False,
residential-0031__tanjong-rhu-mrt__cp_018,residential-0031__tanjong-rhu-mrt,./data/generated/street_images/1172009406607383.jpg,./data/generated/segmentation_images/1172009406607383.png,1,High sky exposure + high road exposure / low greenery,0.24978764851888022,0.18373616536458334,0.15316390991210938,0.0013453165690104167,0.004080454508463542,0.29088719685872394,,True,False,
residential-0031__tanjong-rhu-mrt__cp_019,residential-0031__tanjong-rhu-mrt,./data/generated/street_images/325557618926850.jpg,./data/generated/segmentation_images/325557618926850.png,1,High sky exposure + high road exposure / low greenery,0.2686475118001302,0.148834228515625,0.09000905354817708,0.004861195882161458,0.010718027750651041,0.3368072509765625,,True,False,
residential-0031__tanjong-rhu-mrt__cp_020,residential-0031__tanjong-rhu-mrt,./data/generated/street_images/325557618926850.jpg,./data/generated/segmentation_images/325557618926850.png,1,High sky exposure + high road exposure / low greenery,0.2686475118001302,0.148834228515625,0.09000905354817708,0.004861195882161458,0.010718027750651041,0.3368072509765625,,True,False,
residential-0031__tanjong-rhu-mrt__cp_023,residential-0031__tanjong-rhu-mrt,./data/generated/street_images/155430116535099.jpg,./data/generated/segmentation_images/155430116535099.png,0,High built frontage + high pedestrian space / low greenery,0.046482086181640625,0.393646240234375,0.0026868184407552085,0.010396321614583334,0.43601226806640625,0.0,,True,False,
residential-0031__tanjong-rhu-mrt__cp_029,residential-0031__tanjong-rhu-mrt,./data/generated/street_images/1110781219428066.jpg,./data/generated/segmentation_images/1110781219428066.png,3,High greenery + high road exposure / low built frontage,0.1597171359592014,0.4498409695095486,0.18267822265625,0.002755059136284722,0.10620286729600695,0.0829739040798611,,True,False,
residential-0031__tanjong-rhu-mrt__cp_030,residential-0031__tanjong-rhu-mrt,./data/generated/street_images/493084228674541.jpg,./data/generated/segmentation_images/493084228674541.png,3,High greenery + high road exposure / low built frontage,0.18806966145833334,0.4101053873697917,0.2507273356119792,0.006156073676215278,0.06687757703993055,0.0528717041015625,,True,False,
residential-0031__tanjong-rhu-mrt__cp_031,residential-0031__tanjong-rhu-mrt,./data/generated/street_images/522962332232593.jpg,./data/generated/segmentation_images/522962332232593.png,3,High greenery + high road exposure / low built frontage,0.1341637505425347,0.4088202582465278,0.1569129096137153,0.016535441080729168,0.16774495442708334,0.059868706597222224,,True,False,
residential-0031__tanjong-rhu-mrt__cp_032,residential-0031__tanjong-rhu-mrt,./data/generated/street_images/336580931162637.jpg,./data/generated/segmentation_images/336580931162637.png,1,High sky exposure + high road exposure / low greenery,0.1712103949652778,0.3071611192491319,0.2935265435112847,0.008134629991319444,0.13453165690104166,0.07216559516059028,,True,False,
residential-0031__tanjong-rhu-mrt__cp_033,residential-0031__tanjong-rhu-mrt,./data/generated/street_images/754255915262776.jpg,./data/generated/segmentation_images/754255915262776.png,1,High sky exposure + high road exposure / low greenery,0.2164035373263889,0.2865753173828125,0.3177049424913194,0.004596286349826389,0.057289971245659724,0.08199225531684028,,True,False,
residential-0031__tanjong-rhu-mrt__cp_034,residential-0031__tanjong-rhu-mrt,./data/generated/street_images/956170328467012.jpg,./data/generated/segmentation_images/956170328467012.png,1,High sky exposure + high road exposure / low greenery,0.3333689371744792,0.1872524685329861,0.2887895372178819,0.028693305121527776,0.07219102647569445,0.07341512044270833,,True,False,
residential-0031__tanjong-rhu-mrt__cp_035,residential-0031__tanjong-rhu-mrt,./data/generated/street_images/930674991118962.jpg,./data/generated/segmentation_images/930674991118962.png,0,High built frontage + high pedestrian space / low greenery,0.1861351860894097,0.057927449544270836,0.2804650200737847,0.019198947482638888,0.3683149549696181,0.057961357964409724,,True,False,
residential-0031__tanjong-rhu-mrt__cp_036,residential-0031__tanjong-rhu-mrt,./data/generated/street_images/1133977613763175.jpg,./data/generated/segmentation_images/1133977613763175.png,1,High sky exposure + high road exposure / low greenery,0.2684716118706597,0.009116278754340278,0.3418307834201389,0.0,0.21120198567708334,0.030714246961805556,,True,False,
residential-0031__tanjong-rhu-mrt__cp_037,residential-0031__tanjong-rhu-mrt,./data/generated/street_images/1133977613763175.jpg,./data/generated/segmentation_images/1133977613763175.png,1,High sky exposure + high road exposure / low greenery,0.2684716118706597,0.009116278754340278,0.3418307834201389,0.0,0.21120198567708334,0.030714246961805556,,True,False,
residential-0031__tanjong-rhu-mrt__cp_038,residential-0031__tanjong-rhu-mrt,./data/generated/street_images/1133977613763175.jpg,./data/generated/segmentation_images/1133977613763175.png,1,High sky exposure + high road exposure / low greenery,0.2684716118706597,0.009116278754340278,0.3418307834201389,0.0,0.21120198567708334,0.030714246961805556,,True,False,
residential-0032__pasir-ris-mrt__cp_000,residential-0032__pasir-ris-mrt,./data/generated/street_images/382362986438827.jpg,./data/generated/segmentation_images/382362986438827.png,1,High sky exposure + high road exposure / low greenery,0.3635321723090278,0.2982855902777778,0.12727525499131945,0.015608045789930556,0.09764268663194445,0.0020734998914930555,1314.44,True,False,
residential-0032__pasir-ris-mrt__cp_001,residential-0032__pasir-ris-mrt,./data/generated/street_images/382362986438827.jpg,./data/generated/segmentation_images/382362986438827.png,1,High sky exposure + high road exposure / low greenery,0.3635321723090278,0.2982855902777778,0.12727525499131945,0.015608045789930556,0.09764268663194445,0.0020734998914930555,1259.56,True,False,
residential-0032__pasir-ris-mrt__cp_002,residential-0032__pasir-ris-mrt,./data/generated/street_images/1438135033189697.jpg,./data/generated/segmentation_images/1438135033189697.png,2,High pedestrian space + high built frontage / low road exposure,0.1077423095703125,0.6622026231553819,0.004640367296006944,0.15970018174913195,0.0502777099609375,0.0,1133.43,True,False,
residential-0032__pasir-ris-mrt__cp_003,residential-0032__pasir-ris-mrt,./data/generated/street_images/1407980676228750.jpg,./data/generated/segmentation_images/1407980676228750.png,1,High sky exposure + high road exposure / low greenery,0.3591528998480903,0.4019215901692708,0.1421627468532986,0.002490573459201389,0.029268052842881944,0.0,1090.0900000000001,True,False,
residential-0032__pasir-ris-mrt__cp_004,residential-0032__pasir-ris-mrt,./data/generated/street_images/4379999075346197.jpg,./data/generated/segmentation_images/4379999075346197.png,1,High sky exposure + high road exposure / low greenery,0.4749925401475694,0.2819451226128472,0.1507805718315972,0.0033467610677083335,0.0027754041883680555,0.005605061848958333,1030.78,True,False,
residential-0032__pasir-ris-mrt__cp_006,residential-0032__pasir-ris-mrt,./data/generated/street_images/1395249024189622.jpg,./data/generated/segmentation_images/1395249024189622.png,1,High sky exposure + high road exposure / low greenery,0.1994205050998264,0.2839508056640625,0.23633321126302084,0.037175496419270836,0.15449693467881945,0.025360107421875,927.51,True,False,
residential-0032__pasir-ris-mrt__cp_007,residential-0032__pasir-ris-mrt,./data/generated/street_images/1395249024189622.jpg,./data/generated/segmentation_images/1395249024189622.png,1,High sky exposure + high road exposure / low greenery,0.1994205050998264,0.2839508056640625,0.23633321126302084,0.037175496419270836,0.15449693467881945,0.025360107421875,888.1600000000001,True,False,
residential-0032__pasir-ris-mrt__cp_010,residential-0032__pasir-ris-mrt,./data/generated/street_images/151405473635271.jpg,./data/generated/segmentation_images/151405473635271.png,0,High built frontage + high pedestrian space / low greenery,0.1072879367404514,0.20512898763020834,0.2923024495442708,0.026423136393229168,0.243194580078125,0.0012902153862847222,615.7,True,False,
residential-0032__pasir-ris-mrt__cp_011,residential-0032__pasir-ris-mrt,./data/generated/street_images/5767177759989722.jpg,./data/generated/segmentation_images/5767177759989722.png,1,High sky exposure + high road exposure / low greenery,0.18433634440104166,0.2683173285590278,0.2757737901475694,0.025687323676215276,0.1487392849392361,0.016969468858506944,552.6700000000001,True,False,
residential-0032__pasir-ris-mrt__cp_012,residential-0032__pasir-ris-mrt,./data/generated/street_images/183274827042300.jpg,./data/generated/segmentation_images/183274827042300.png,1,High sky exposure + high road exposure / low greenery,0.24612596299913195,0.18264940049913195,0.2930213080512153,0.022176106770833332,0.1796179877387153,0.006517198350694444,459.96000000000004,True,False,
residential-0032__pasir-ris-mrt__cp_013,residential-0032__pasir-ris-mrt,./data/generated/street_images/231463331678738.jpg,./data/generated/segmentation_images/231463331678738.png,1,High sky exposure + high road exposure / low greenery,0.2944878472222222,0.1490546332465278,0.2463802761501736,0.021570841471354168,0.1144748263888889,0.1386837429470486,403.61,True,False,
residential-0032__pasir-ris-mrt__cp_014,residential-0032__pasir-ris-mrt,./data/generated/street_images/598547234872469.jpg,./data/generated/segmentation_images/598547234872469.png,2,High pedestrian space + high built frontage / low road exposure,0.0,0.27642822265625,0.1528388129340278,0.1296963161892361,0.2986619737413194,0.010477701822916666,370.09000000000003,True,False,
residential-0032__pasir-ris-mrt__cp_015,residential-0032__pasir-ris-mrt,./data/generated/street_images/302590074774486.jpg,./data/generated/segmentation_images/302590074774486.png,2,High pedestrian space + high built frontage / low road exposure,0.1184726291232639,0.1940985785590278,0.05759853786892361,0.21772935655381945,0.3036549886067708,0.06199306911892361,330.05000000000007,True,False,
residential-0032__pasir-ris-mrt__cp_016,residential-0032__pasir-ris-mrt,./data/generated/street_images/308632744170249.jpg,./data/generated/segmentation_images/308632744170249.png,3,High greenery + high road exposure / low built frontage,0.16797892252604166,0.4396820068359375,0.0889739990234375,0.028449164496527776,0.04382493760850695,0.0,253.51999999999998,True,False,
residential-0032__pasir-ris-mrt__cp_017,residential-0032__pasir-ris-mrt,./data/generated/street_images/1117005368773928.jpg,./data/generated/segmentation_images/1117005368773928.png,3,High greenery + high road exposure / low built frontage,0.05765109592013889,0.4624549018012153,0.1306915283203125,0.034281412760416664,0.2789849175347222,0.002432929144965278,200.32000000000016,True,False,
residential-0032__pasir-ris-mrt__cp_018,residential-0032__pasir-ris-mrt,./data/generated/street_images/281074487082784.jpg,./data/generated/segmentation_images/281074487082784.png,4,High vehicle presence + high road exposure / low greenery,0.0,0.013449774848090278,0.07559882269965278,0.0,0.0,0.9109514024522569,150.25,True,False,
residential-0032__pasir-ris-mrt__cp_019,residential-0032__pasir-ris-mrt,./data/generated/street_images/469239580822871.jpg,./data/generated/segmentation_images/469239580822871.png,1,High sky exposure + high road exposure / low greenery,0.3097720675998264,0.3583899603949653,0.102569580078125,0.022308349609375,0.010845608181423612,0.12192450629340278,78.05999999999995,True,False,
residential-0032__pasir-ris-mrt__cp_020,residential-0032__pasir-ris-mrt,./data/generated/street_images/492282308645420.jpg,./data/generated/segmentation_images/492282308645420.png,1,High sky exposure + high road exposure / low greenery,0.2725134955512153,0.20641072591145834,0.2602657741970486,0.012661404079861112,0.013573540581597222,0.0038655598958333335,0.0,True,True,
residential-0032__pasir-ris-mrt__cp_021,residential-0032__pasir-ris-mrt,./data/generated/street_images/1135778883512414.jpg,./data/generated/segmentation_images/1135778883512414.png,3,High greenery + high road exposure / low built frontage,0.18968370225694445,0.5345747205946181,0.20623609754774305,0.024300469292534724,0.006747775607638889,0.00021531846788194444,0.0,True,True,
residential-0032__pasir-ris-mrt__cp_022,residential-0032__pasir-ris-mrt,./data/generated/street_images/570785287416177.jpg,./data/generated/segmentation_images/570785287416177.png,3,High greenery + high road exposure / low built frontage,0.15579054090711805,0.6389177110460069,0.12446085611979167,0.007573445638020833,0.056525336371527776,8.307562934027778e-05,95.22000000000003,True,False,
residential-0032__pasir-ris-mrt__cp_023,residential-0032__pasir-ris-mrt,./data/generated/street_images/1358537441187036.jpg,./data/generated/segmentation_images/1358537441187036.png,3,High greenery + high road exposure / low built frontage,0.24083964029947916,0.5669470893012153,0.11895243326822917,0.0014139811197916667,0.006744384765625,0.06320699055989583,139.66999999999985,True,False,
residential-0032__pasir-ris-mrt__cp_024,residential-0032__pasir-ris-mrt,./data/generated/street_images/1044131397636239.jpg,./data/generated/segmentation_images/1044131397636239.png,2,High pedestrian space + high built frontage / low road exposure,0.06438446044921875,0.21109517415364584,0.009913126627604166,0.1728846232096354,0.4562644958496094,0.0226898193359375,273.8899999999999,True,False,
residential-0032__pasir-ris-mrt__cp_025,residential-0032__pasir-ris-mrt,./data/generated/street_images/838453130361885.jpg,./data/generated/segmentation_images/838453130361885.png,3,High greenery + high road exposure / low built frontage,0.24546644422743055,0.5709245469835069,0.040629069010416664,0.06335957845052083,0.0126800537109375,0.00036451551649305556,336.95000000000005,True,False,
residential-0032__pasir-ris-mrt__cp_026,residential-0032__pasir-ris-mrt,./data/generated/street_images/24547103131573810.jpg,./data/generated/segmentation_images/24547103131573810.png,2,High pedestrian space + high built frontage / low road exposure,0.19819768269856772,0.06985727945963542,0.12708536783854166,0.23286819458007812,0.26140085856119794,0.0028406778971354165,387.21000000000004,True,False,
residential-0032__pasir-ris-mrt__cp_027,residential-0032__pasir-ris-mrt,./data/generated/street_images/1134789365133149.jpg,./data/generated/segmentation_images/1134789365133149.png,1,High sky exposure + high road exposure / low greenery,0.11008071899414062,0.16116968790690103,0.4343159993489583,0.013813018798828125,0.20525487263997397,0.02994537353515625,436.43000000000006,True,False,
residential-0032__pasir-ris-mrt__cp_028,residential-0032__pasir-ris-mrt,./data/generated/street_images/1751952038310563.jpg,./data/generated/segmentation_images/1751952038310563.png,1,High sky exposure + high road exposure / low greenery,0.5248175726996528,0.16523912217881945,0.1610565185546875,0.037421332465277776,0.043892754448784724,0.0002560085720486111,496.5,True,False,
residential-0032__pasir-ris-mrt__cp_029,residential-0032__pasir-ris-mrt,./data/generated/street_images/602046437821047.jpg,./data/generated/segmentation_images/602046437821047.png,0,High built frontage + high pedestrian space / low greenery,0.013772328694661459,0.0011583964029947917,0.0005747477213541666,0.0038401285807291665,0.1243146260579427,0.001483917236328125,552.0899999999999,True,False,
residential-0032__pasir-ris-mrt__cp_030,residential-0032__pasir-ris-mrt,./data/generated/street_images/602046437821047.jpg,./data/generated/segmentation_images/602046437821047.png,0,High built frontage + high pedestrian space / low greenery,0.013772328694661459,0.0011583964029947917,0.0005747477213541666,0.0038401285807291665,0.1243146260579427,0.001483917236328125,560.45,True,False,
residential-0033__hougang-mrt__cp_001,residential-0033__hougang-mrt,./data/generated/street_images/1182048895583615.jpg,./data/generated/segmentation_images/1182048895583615.png,2,High pedestrian space + high built frontage / low road exposure,0.07763163248697917,0.6656761169433594,0.00772857666015625,0.17648951212565103,0.016635894775390625,0.0019696553548177085,,False,False,
residential-0033__hougang-mrt__cp_002,residential-0033__hougang-mrt,./data/generated/street_images/643062949984491.jpg,./data/generated/segmentation_images/643062949984491.png,1,High sky exposure + high road exposure / low greenery,0.31500244140625,0.20519638061523438,0.20328394571940103,0.026400248209635418,0.16303126017252603,0.04347356160481771,,False,False,
residential-0033__hougang-mrt__cp_003,residential-0033__hougang-mrt,./data/generated/street_images/560958811547835.jpg,./data/generated/segmentation_images/560958811547835.png,1,High sky exposure + high road exposure / low greenery,0.28968048095703125,0.2465642293294271,0.2052637736002604,0.018788655598958332,0.14483006795247397,0.031794230143229164,,False,False,
residential-0033__hougang-mrt__cp_004,residential-0033__hougang-mrt,./data/generated/street_images/303365241198288.jpg,./data/generated/segmentation_images/303365241198288.png,3,High greenery + high road exposure / low built frontage,0.13242594401041666,0.4152882893880208,0.18775049845377603,0.040494283040364586,0.12401962280273438,0.012648264567057291,,False,False,
residential-0033__hougang-mrt__cp_005,residential-0033__hougang-mrt,./data/generated/street_images/177481990901057.jpg,./data/generated/segmentation_images/177481990901057.png,3,High greenery + high road exposure / low built frontage,0.052337646484375,0.517907460530599,0.1846593221028646,0.018099466959635418,0.15542984008789062,0.027746836344401043,,False,False,
residential-0033__hougang-mrt__cp_006,residential-0033__hougang-mrt,./data/generated/street_images/290985489193734.jpg,./data/generated/segmentation_images/290985489193734.png,3,High greenery + high road exposure / low built frontage,0.10077412923177083,0.4883829752604167,0.1808293660481771,0.010808308919270834,0.16277058919270834,0.042583465576171875,,False,False,
residential-0033__hougang-mrt__cp_007,residential-0033__hougang-mrt,./data/generated/street_images/1150313442049202.jpg,./data/generated/segmentation_images/1150313442049202.png,2,High pedestrian space + high built frontage / low road exposure,0.019008636474609375,0.5322036743164062,0.04554621378580729,0.14376449584960938,0.18321990966796875,0.04683685302734375,,False,False,
residential-0033__hougang-mrt__cp_008,residential-0033__hougang-mrt,./data/generated/street_images/371514397488063.jpg,./data/generated/segmentation_images/371514397488063.png,3,High greenery + high road exposure / low built frontage,0.16504669189453125,0.36067835489908856,0.18434906005859375,0.0003255208333333333,0.19358698527018228,0.033482869466145836,,False,False,
residential-0033__hougang-mrt__cp_009,residential-0033__hougang-mrt,./data/generated/street_images/497185004744806.jpg,./data/generated/segmentation_images/497185004744806.png,3,High greenery + high road exposure / low built frontage,0.1504847208658854,0.4634145100911458,0.20471064249674478,0.011132558186848959,0.12732060750325522,0.022533416748046875,,False,False,
residential-0033__hougang-mrt__cp_010,residential-0033__hougang-mrt,./data/generated/street_images/1145678022613510.jpg,./data/generated/segmentation_images/1145678022613510.png,3,High greenery + high road exposure / low built frontage,0.06363169352213542,0.5755805969238281,0.23262151082356772,0.0004628499348958333,0.10796101888020833,0.019512176513671875,,False,False,
residential-0033__hougang-mrt__cp_012,residential-0033__hougang-mrt,./data/generated/street_images/2896169637292646.jpg,./data/generated/segmentation_images/2896169637292646.png,3,High greenery + high road exposure / low built frontage,0.06608835856119792,0.4539438883463542,0.22299702962239584,0.006636301676432292,0.2332636515299479,0.016928354899088543,,False,False,
residential-0033__hougang-mrt__cp_013,residential-0033__hougang-mrt,./data/generated/street_images/271476621316388.jpg,./data/generated/segmentation_images/271476621316388.png,3,High greenery + high road exposure / low built frontage,0.1501744588216146,0.3182385762532552,0.23478062947591147,0.006961822509765625,0.20613225301106772,0.083404541015625,,False,False,
residential-0033__hougang-mrt__cp_014,residential-0033__hougang-mrt,./data/generated/street_images/1175964139508537.jpg,./data/generated/segmentation_images/1175964139508537.png,3,High greenery + high road exposure / low built frontage,0.17967987060546875,0.4565582275390625,0.17438761393229166,0.002346038818359375,0.07503636678059895,0.04051335652669271,,False,False,
residential-0033__hougang-mrt__cp_015,residential-0033__hougang-mrt,./data/generated/street_images/1815801405268539.jpg,./data/generated/segmentation_images/1815801405268539.png,0,High built frontage + high pedestrian space / low greenery,0.14289474487304688,0.18756993611653647,0.2030919392903646,0.0625902811686198,0.3826611836751302,0.013702392578125,,False,False,
residential-0033__hougang-mrt__cp_016,residential-0033__hougang-mrt,./data/generated/street_images/170577564943710.jpg,./data/generated/segmentation_images/170577564943710.png,3,High greenery + high road exposure / low built frontage,0.24089813232421875,0.4135246276855469,0.17316436767578125,0.010517120361328125,0.15556208292643228,0.0028546651204427085,,False,False,
residential-0033__hougang-mrt__cp_017,residential-0033__hougang-mrt,./data/generated/street_images/484662652968212.jpg,./data/generated/segmentation_images/484662652968212.png,1,High sky exposure + high road exposure / low greenery,0.27783966064453125,0.3603172302246094,0.22400919596354166,0.014919281005859375,0.10775375366210938,0.005541483561197917,,False,False,
residential-0033__hougang-mrt__cp_018,residential-0033__hougang-mrt,./data/generated/street_images/1947792548710911.jpg,./data/generated/segmentation_images/1947792548710911.png,1,High sky exposure + high road exposure / low greenery,0.1807708740234375,0.20822652180989584,0.354217529296875,0.004557291666666667,0.2294192843967014,0.0158538818359375,,False,False,
residential-0033__hougang-mrt__cp_019,residential-0033__hougang-mrt,./data/generated/street_images/246161357260697.jpg,./data/generated/segmentation_images/246161357260697.png,0,High built frontage + high pedestrian space / low greenery,0.12198893229166667,0.273773193359375,0.2618747287326389,0.012398613823784722,0.2863277859157986,0.014916314019097222,,False,False,
residential-0033__hougang-mrt__cp_022,residential-0033__hougang-mrt,./data/generated/street_images/388623598869035.jpg,./data/generated/segmentation_images/388623598869035.png,1,High sky exposure + high road exposure / low greenery,0.49896240234375,0.19082768758138022,0.04752349853515625,0.00010935465494791667,0.20016860961914062,0.023230234781901043,,False,False,
residential-0034__yishun-mrt__cp_002,residential-0034__yishun-mrt,./data/generated/street_images/176898824309042.jpg,./data/generated/segmentation_images/176898824309042.png,1,High sky exposure + high road exposure / low greenery,0.2129482693142361,0.2452545166015625,0.2036522759331597,0.08144632975260417,0.21233961317274305,0.0007205539279513889,,True,False,
residential-0034__yishun-mrt__cp_003,residential-0034__yishun-mrt,./data/generated/street_images/1063452617516023.jpg,./data/generated/segmentation_images/1063452617516023.png,0,High built frontage + high pedestrian space / low greenery,0.212554931640625,0.1404385036892361,0.05415174696180555,0.032936943901909724,0.5372907850477431,0.011435614691840278,,True,False,
residential-0034__yishun-mrt__cp_004,residential-0034__yishun-mrt,./data/generated/street_images/1333974993669126.jpg,./data/generated/segmentation_images/1333974993669126.png,1,High sky exposure + high road exposure / low greenery,0.2868991427951389,0.1462249755859375,0.055384318033854164,0.015511406792534722,0.3490278455946181,0.14045545789930555,,True,False,
residential-0034__yishun-mrt__cp_005,residential-0034__yishun-mrt,./data/generated/street_images/1575661182769517.jpg,./data/generated/segmentation_images/1575661182769517.png,1,High sky exposure + high road exposure / low greenery,0.4331631130642361,0.06210666232638889,0.1646965874565972,0.030843098958333332,0.2357821994357639,0.057393391927083336,,True,False,
residential-0034__yishun-mrt__cp_006,residential-0034__yishun-mrt,./data/generated/street_images/342933523832464.jpg,./data/generated/segmentation_images/342933523832464.png,1,High sky exposure + high road exposure / low greenery,0.3478478325737847,0.2192196316189236,0.06096055772569445,0.021689520941840276,0.21208021375868055,0.1337314181857639,,True,False,
residential-0034__yishun-mrt__cp_007,residential-0034__yishun-mrt,./data/generated/street_images/221169816103330.jpg,./data/generated/segmentation_images/221169816103330.png,1,High sky exposure + high road exposure / low greenery,0.43218994140625,0.1316680908203125,0.1352996826171875,0.003482394748263889,0.19156901041666666,0.10582987467447917,,True,False,
residential-0034__yishun-mrt__cp_008,residential-0034__yishun-mrt,./data/generated/street_images/523341772000263.jpg,./data/generated/segmentation_images/523341772000263.png,0,High built frontage + high pedestrian space / low greenery,0.018536037868923612,0.09114244249131945,0.2776879204644097,0.0234832763671875,0.5370686848958334,0.0494537353515625,,True,False,
residential-0034__yishun-mrt__cp_009,residential-0034__yishun-mrt,./data/generated/street_images/2840541692930194.jpg,./data/generated/segmentation_images/2840541692930194.png,0,High built frontage + high pedestrian space / low greenery,0.21697489420572916,0.3252444797092014,0.04134962293836805,0.026143391927083332,0.3226250542534722,0.05295986599392361,,True,False,
residential-0034__yishun-mrt__cp_010,residential-0034__yishun-mrt,./data/generated/street_images/499245241213890.jpg,./data/generated/segmentation_images/499245241213890.png,1,High sky exposure + high road exposure / low greenery,0.2432946099175347,0.3344794379340278,0.087066650390625,0.004258897569444444,0.17703077528211805,0.15045674641927084,,True,False,
residential-0034__yishun-mrt__cp_011,residential-0034__yishun-mrt,./data/generated/street_images/318292143252882.jpg,./data/generated/segmentation_images/318292143252882.png,1,High sky exposure + high road exposure / low greenery,0.2432064480251736,0.3619944254557292,0.1290520562065972,0.005839029947916667,0.20452880859375,0.031441582573784724,,True,False,
residential-0034__yishun-mrt__cp_012,residential-0034__yishun-mrt,./data/generated/street_images/504173517292971.jpg,./data/generated/segmentation_images/504173517292971.png,3,High greenery + high road exposure / low built frontage,0.036749945746527776,0.4140913221571181,0.1867591010199653,0.04757520887586805,0.2833014594184028,0.0,,True,False,
residential-0034__yishun-mrt__cp_013,residential-0034__yishun-mrt,./data/generated/street_images/3006392996268357.jpg,./data/generated/segmentation_images/3006392996268357.png,0,High built frontage + high pedestrian space / low greenery,0.060084025065104164,0.3095313178168403,0.24944898817274305,0.04633924696180555,0.2898678249782986,0.0,,True,False,
residential-0034__yishun-mrt__cp_014,residential-0034__yishun-mrt,./data/generated/street_images/297131775337419.jpg,./data/generated/segmentation_images/297131775337419.png,0,High built frontage + high pedestrian space / low greenery,0.016606648763020832,0.3462778727213542,0.17823621961805555,0.023244222005208332,0.4356248643663194,0.0,,True,False,
residential-0034__yishun-mrt__cp_015,residential-0034__yishun-mrt,./data/generated/street_images/951658962304296.jpg,./data/generated/segmentation_images/951658962304296.png,2,High pedestrian space + high built frontage / low road exposure,0.07704671223958333,0.3280453152126736,0.060048421223958336,0.16235521104600695,0.2689598931206597,0.008904351128472222,,True,False,
residential-0034__yishun-mrt__cp_016,residential-0034__yishun-mrt,./data/generated/street_images/453562119074220.jpg,./data/generated/segmentation_images/453562119074220.png,0,High built frontage + high pedestrian space / low greenery,0.003943549262152778,0.202850341796875,0.21368238661024305,0.1444125705295139,0.4086388481987847,0.0,,True,False,
residential-0034__yishun-mrt__cp_017,residential-0034__yishun-mrt,./data/generated/street_images/3811743965540894.jpg,./data/generated/segmentation_images/3811743965540894.png,0,High built frontage + high pedestrian space / low greenery,0.0594329833984375,0.2742852105034722,0.2653689914279514,0.04568142361111111,0.3351491292317708,0.010674370659722222,,True,False,
residential-0034__yishun-mrt__cp_018,residential-0034__yishun-mrt,./data/generated/street_images/855974401997982.jpg,./data/generated/segmentation_images/855974401997982.png,1,High sky exposure + high road exposure / low greenery,0.3101942274305556,0.1542205810546875,0.1247982449001736,0.09332275390625,0.2837456597222222,0.03346082899305555,,True,False,
residential-0034__yishun-mrt__cp_019,residential-0034__yishun-mrt,./data/generated/street_images/2849449368704184.jpg,./data/generated/segmentation_images/2849449368704184.png,1,High sky exposure + high road exposure / low greenery,0.1907772488064236,0.348846435546875,0.11644151475694445,0.022096421983506944,0.1969790988498264,0.1247982449001736,,True,False,
residential-0034__yishun-mrt__cp_020,residential-0034__yishun-mrt,./data/generated/street_images/513702093317805.jpg,./data/generated/segmentation_images/513702093317805.png,2,High pedestrian space + high built frontage / low road exposure,0.055816650390625,0.2404242621527778,0.0808597140842014,0.15088399251302084,0.3857964409722222,0.0020768907335069445,,True,False,
residential-0034__yishun-mrt__cp_021,residential-0034__yishun-mrt,./data/generated/street_images/175240831039569.jpg,./data/generated/segmentation_images/175240831039569.png,2,High pedestrian space + high built frontage / low road exposure,0.007336934407552083,0.5516077677408854,0.011603037516276041,0.25578562418619794,0.13523228963216147,0.011178334554036459,,True,False,
residential-0034__yishun-mrt__cp_022,residential-0034__yishun-mrt,./data/generated/street_images/761708691199246.jpg,./data/generated/segmentation_images/761708691199246.png,1,High sky exposure + high road exposure / low greenery,0.3231404622395833,0.1676457722981771,0.2948265075683594,0.006017049153645833,0.13624191284179688,0.07150522867838542,,True,False,
residential-0034__yishun-mrt__cp_023,residential-0034__yishun-mrt,./data/generated/street_images/258220796082079.jpg,./data/generated/segmentation_images/258220796082079.png,1,High sky exposure + high road exposure / low greenery,0.3290863037109375,0.196258544921875,0.04628329806857639,0.007800632052951389,0.2877451578776042,0.13067626953125,,True,False,
residential-0034__yishun-mrt__cp_024,residential-0034__yishun-mrt,./data/generated/street_images/258220796082079.jpg,./data/generated/segmentation_images/258220796082079.png,1,High sky exposure + high road exposure / low greenery,0.3290863037109375,0.196258544921875,0.04628329806857639,0.007800632052951389,0.2877451578776042,0.13067626953125,,True,False,
residential-0034__yishun-mrt__cp_025,residential-0034__yishun-mrt,./data/generated/street_images/954040735342817.jpg,./data/generated/segmentation_images/954040735342817.png,0,High built frontage + high pedestrian space / low greenery,0.023883395724826388,0.2635650634765625,0.2542758517795139,0.057396782769097224,0.3329433865017361,0.06225416395399305,,True,False,
residential-0034__yishun-mrt__cp_026,residential-0034__yishun-mrt,./data/generated/street_images/182160940435832.jpg,./data/generated/segmentation_images/182160940435832.png,4,High vehicle presence + high road exposure / low greenery,0.017937554253472224,0.018917507595486112,0.05215623643663195,0.0,0.0,0.9109887017144097,,True,False,
residential-0034__yishun-mrt__cp_027,residential-0034__yishun-mrt,./data/generated/street_images/314824186701724.jpg,./data/generated/segmentation_images/314824186701724.png,1,High sky exposure + high road exposure / low greenery,0.2260403103298611,0.0780673556857639,0.3345235188802083,0.022223578559027776,0.3223775227864583,0.0100860595703125,,True,False,
residential-0034__yishun-mrt__cp_028,residential-0034__yishun-mrt,./data/generated/street_images/268648964985531.jpg,./data/generated/segmentation_images/268648964985531.png,0,High built frontage + high pedestrian space / low greenery,0.002204047309027778,0.022269354926215276,0.2522396511501736,0.10093180338541667,0.5885348849826388,0.0,,True,False,
residential-0034__yishun-mrt__cp_029,residential-0034__yishun-mrt,./data/generated/street_images/413028753430552.jpg,./data/generated/segmentation_images/413028753430552.png,0,High built frontage + high pedestrian space / low greenery,0.007476806640625,0.03925916883680555,0.2359992133246528,0.1364864773220486,0.5310889350043403,0.0,,True,False,
residential-0035__tampines-west-mrt__cp_000,residential-0035__tampines-west-mrt,./data/generated/street_images/168578515189272.jpg,./data/generated/segmentation_images/168578515189272.png,0,High built frontage + high pedestrian space / low greenery,0.24090406629774305,0.16372172037760416,0.07124159071180555,0.10883924696180555,0.3785841200086806,0.016610039605034724,,False,False,
residential-0035__tampines-west-mrt__cp_001,residential-0035__tampines-west-mrt,./data/generated/street_images/4320563064634684.jpg,./data/generated/segmentation_images/4320563064634684.png,3,High greenery + high road exposure / low built frontage,0.1138763427734375,0.5394795735677084,0.10683186848958333,0.05172899034288195,0.09221564398871528,0.06206088595920139,,False,False,
residential-0035__tampines-west-mrt__cp_004,residential-0035__tampines-west-mrt,./data/generated/street_images/1610556036001022.jpg,./data/generated/segmentation_images/1610556036001022.png,3,High greenery + high road exposure / low built frontage,0.10196601019965278,0.5268215603298612,0.05038282606336805,0.032648722330729164,0.23823716905381945,0.0,,False,False,
residential-0035__tampines-west-mrt__cp_005,residential-0035__tampines-west-mrt,./data/generated/street_images/766105927601622.jpg,./data/generated/segmentation_images/766105927601622.png,3,High greenery + high road exposure / low built frontage,0.020255194769965276,0.4582587348090278,0.1721869574652778,0.012413872612847222,0.15121629503038195,0.1482018364800347,,False,False,
residential-0035__tampines-west-mrt__cp_006,residential-0035__tampines-west-mrt,./data/generated/street_images/760592327993493.jpg,./data/generated/segmentation_images/760592327993493.png,3,High greenery + high road exposure / low built frontage,0.004650539822048611,0.3142852783203125,0.290008544921875,0.060465494791666664,0.23784891764322916,0.0,,False,False,
residential-0035__tampines-west-mrt__cp_007,residential-0035__tampines-west-mrt,./data/generated/street_images/156707173071236.jpg,./data/generated/segmentation_images/156707173071236.png,0,High built frontage + high pedestrian space / low greenery,0.030341254340277776,0.18461778428819445,0.18781873914930555,0.021677652994791668,0.3254208034939236,0.24995930989583334,,False,False,
residential-0035__tampines-west-mrt__cp_008,residential-0035__tampines-west-mrt,./data/generated/street_images/2909741715908586.jpg,./data/generated/segmentation_images/2909741715908586.png,4,High vehicle presence + high road exposure / low greenery,0.0033552381727430555,0.22107103135850695,0.025934855143229168,0.0,0.0,0.7496388753255209,,False,False,
residential-0035__tampines-west-mrt__cp_009,residential-0035__tampines-west-mrt,./data/generated/street_images/378108883616410.jpg,./data/generated/segmentation_images/378108883616410.png,1,High sky exposure + high road exposure / low greenery,0.4765235053168403,0.03139071994357639,0.2705315483940972,0.024175008138020832,0.06529744466145833,0.07226392957899305,,False,False,
residential-0035__tampines-west-mrt__cp_010,residential-0035__tampines-west-mrt,./data/generated/street_images/528345661499717.jpg,./data/generated/segmentation_images/528345661499717.png,1,High sky exposure + high road exposure / low greenery,0.3136630588107639,0.13233778211805555,0.2437049018012153,0.020923190646701388,0.2739376491970486,0.004464043511284722,,False,False,
residential-0035__tampines-west-mrt__cp_011,residential-0035__tampines-west-mrt,./data/generated/street_images/323283155843215.jpg,./data/generated/segmentation_images/323283155843215.png,1,High sky exposure + high road exposure / low greenery,0.3850775824652778,0.17741563585069445,0.2839982774522569,0.026165432400173612,0.007976955837673612,0.07158406575520833,,False,False,
residential-0036__lakeside-mrt__cp_001,residential-0036__lakeside-mrt,./data/generated/street_images/780913639279699.jpg,./data/generated/segmentation_images/780913639279699.png,3,High greenery + high road exposure / low built frontage,0.1242641872829861,0.4564649793836806,0.12066141764322917,0.06387498643663195,0.16772969563802084,0.03149244520399305,,False,False,
residential-0036__lakeside-mrt__cp_002,residential-0036__lakeside-mrt,./data/generated/street_images/483839116267757.jpg,./data/generated/segmentation_images/483839116267757.png,3,High greenery + high road exposure / low built frontage,0.10045708550347222,0.5374213324652778,0.08544921875,0.07657029893663195,0.10435316297743055,0.058293660481770836,,False,False,
residential-0036__lakeside-mrt__cp_003,residential-0036__lakeside-mrt,./data/generated/street_images/5437850942956555.jpg,./data/generated/segmentation_images/5437850942956555.png,3,High greenery + high road exposure / low built frontage,0.17477925618489584,0.365936279296875,0.13158671061197916,0.024820963541666668,0.2614627414279514,0.04082912868923611,,False,False,
residential-0036__lakeside-mrt__cp_004,residential-0036__lakeside-mrt,./data/generated/street_images/303508634707924.jpg,./data/generated/segmentation_images/303508634707924.png,3,High greenery + high road exposure / low built frontage,0.17222086588541666,0.4776340060763889,0.0939178466796875,0.059439765082465276,0.12388780381944445,0.0538177490234375,,False,False,
residential-0036__lakeside-mrt__cp_005,residential-0036__lakeside-mrt,./data/generated/street_images/487086092495670.jpg,./data/generated/segmentation_images/487086092495670.png,3,High greenery + high road exposure / low built frontage,0.055750528971354164,0.53656005859375,0.11254374186197917,0.035163031684027776,0.1363762749565972,0.10321044921875,,False,False,
residential-0036__lakeside-mrt__cp_006,residential-0036__lakeside-mrt,./data/generated/street_images/4247660408627009.jpg,./data/generated/segmentation_images/4247660408627009.png,3,High greenery + high road exposure / low built frontage,0.05392625596788195,0.6623484293619791,0.018469916449652776,0.0015089246961805555,0.059882269965277776,0.17149861653645834,,False,False,
residential-0036__lakeside-mrt__cp_007,residential-0036__lakeside-mrt,./data/generated/street_images/173504371242436.jpg,./data/generated/segmentation_images/173504371242436.png,0,High built frontage + high pedestrian space / low greenery,0.2169681125217014,0.2425910101996528,0.0653110080295139,0.03816392686631945,0.3027835422092014,0.04176500108506945,,False,False,
residential-0036__lakeside-mrt__cp_008,residential-0036__lakeside-mrt,./data/generated/street_images/953431095419579.jpg,./data/generated/segmentation_images/953431095419579.png,0,High built frontage + high pedestrian space / low greenery,0.10231865776909722,0.10018751356336805,0.010423448350694444,0.03815884060329861,0.5592719184027778,0.1210361056857639,,False,False,
residential-0036__lakeside-mrt__cp_009,residential-0036__lakeside-mrt,./data/generated/street_images/794787157904364.jpg,./data/generated/segmentation_images/794787157904364.png,1,High sky exposure + high road exposure / low greenery,0.18925645616319445,0.2005428738064236,0.2416415744357639,0.002349853515625,0.2376013861762153,0.05021837022569445,,False,False,
residential-0036__lakeside-mrt__cp_010,residential-0036__lakeside-mrt,./data/generated/street_images/762823747739361.jpg,./data/generated/segmentation_images/762823747739361.png,1,High sky exposure + high road exposure / low greenery,0.2738104926215278,0.12338765462239583,0.2219051784939236,0.0026804606119791665,0.22312757703993055,0.0599822998046875,,False,False,
residential-0036__lakeside-mrt__cp_011,residential-0036__lakeside-mrt,./data/generated/street_images/473788273703960.jpg,./data/generated/segmentation_images/473788273703960.png,1,High sky exposure + high road exposure / low greenery,0.21631368001302084,0.19595845540364584,0.2985721164279514,0.005430433485243056,0.24148390028211805,0.03303188747829861,,False,False,
residential-0036__lakeside-mrt__cp_012,residential-0036__lakeside-mrt,./data/generated/street_images/593901606680847.jpg,./data/generated/segmentation_images/593901606680847.png,1,High sky exposure + high road exposure / low greenery,0.24296696980794272,0.0963605244954427,0.4819590250651042,0.025277455647786457,0.10338973999023438,0.019947052001953125,,False,False,
residential-0036__lakeside-mrt__cp_013,residential-0036__lakeside-mrt,./data/generated/street_images/506987175747468.jpg,./data/generated/segmentation_images/506987175747468.png,2,High pedestrian space + high built frontage / low road exposure,0.15652592976888022,0.17577107747395834,0.0,0.10629908243815105,0.24935150146484375,0.0,,False,False,
residential-0037__clementi-mrt__cp_005,residential-0037__clementi-mrt,./data/generated/street_images/2658540304544878.jpg,./data/generated/segmentation_images/2658540304544878.png,3,High greenery + high road exposure / low built frontage,0.032070159912109375,0.6235809326171875,0.1799945831298828,0.003276824951171875,0.037654876708984375,0.0030040740966796875,,True,False,
residential-0037__clementi-mrt__cp_006,residential-0037__clementi-mrt,./data/generated/street_images/1475405910467131.jpg,./data/generated/segmentation_images/1475405910467131.png,1,High sky exposure + high road exposure / low greenery,0.3910026550292969,0.12257575988769531,0.23078155517578125,0.07468795776367188,0.10280418395996094,0.006988525390625,,True,False,
residential-0037__clementi-mrt__cp_007,residential-0037__clementi-mrt,./data/generated/street_images/421406637089708.jpg,./data/generated/segmentation_images/421406637089708.png,2,High pedestrian space + high built frontage / low road exposure,0.114532470703125,0.3800099690755208,0.014331817626953125,0.20672225952148438,0.28001149495442706,0.0007921854654947916,,True,False,
residential-0037__clementi-mrt__cp_008,residential-0037__clementi-mrt,./data/generated/street_images/611969881857265.jpg,./data/generated/segmentation_images/611969881857265.png,1,High sky exposure + high road exposure / low greenery,0.3611920674641927,0.14655558268229166,0.3487345377604167,0.0010973612467447917,0.0346221923828125,0.10779825846354167,,True,False,
residential-0037__clementi-mrt__cp_009,residential-0037__clementi-mrt,./data/generated/street_images/450405443008471.jpg,./data/generated/segmentation_images/450405443008471.png,2,High pedestrian space + high built frontage / low road exposure,0.11758253309461805,0.2198554144965278,0.1377529568142361,0.1579352484809028,0.3189629448784722,3.0517578125e-05,,True,False,
residential-0037__clementi-mrt__cp_010,residential-0037__clementi-mrt,./data/generated/street_images/701177308570108.jpg,./data/generated/segmentation_images/701177308570108.png,2,High pedestrian space + high built frontage / low road exposure,0.06012090047200521,0.47075780232747394,0.017865498860677082,0.19653701782226562,0.2504895528157552,0.0031827290852864585,,True,False,
residential-0037__clementi-mrt__cp_011,residential-0037__clementi-mrt,./data/generated/street_images/196338096051181.jpg,./data/generated/segmentation_images/196338096051181.png,3,High greenery + high road exposure / low built frontage,0.17124557495117188,0.6452980041503906,0.18086624145507812,0.0,0.0,0.0,,True,False,
residential-0037__clementi-mrt__cp_012,residential-0037__clementi-mrt,./data/generated/street_images/150439727562040.jpg,./data/generated/segmentation_images/150439727562040.png,1,High sky exposure + high road exposure / low greenery,0.2823588053385417,0.4081827799479167,0.16401799519856772,2.5431315104166665e-06,0.14525222778320312,0.0,,True,False,
residential-0037__clementi-mrt__cp_013,residential-0037__clementi-mrt,./data/generated/street_images/1447170542362870.jpg,./data/generated/segmentation_images/1447170542362870.png,3,High greenery + high road exposure / low built frontage,0.04252751668294271,0.22444788614908853,0.14816919962565103,0.020716349283854168,0.18567657470703125,0.0,,True,False,
residential-0037__clementi-mrt__cp_015,residential-0037__clementi-mrt,./data/generated/street_images/794269274545122.jpg,./data/generated/segmentation_images/794269274545122.png,3,High greenery + high road exposure / low built frontage,0.06505669487847222,0.5439402262369791,0.240936279296875,0.044776068793402776,0.0912356906467014,0.001910739474826389,,True,False,
residential-0037__clementi-mrt__cp_016,residential-0037__clementi-mrt,./data/generated/street_images/273622437838858.jpg,./data/generated/segmentation_images/273622437838858.png,3,High greenery + high road exposure / low built frontage,0.046364678276909724,0.5893232557508681,0.1903228759765625,0.032174004448784724,0.13122728135850695,0.0009748670789930555,,True,False,
residential-0037__clementi-mrt__cp_017,residential-0037__clementi-mrt,./data/generated/street_images/501073254535042.jpg,./data/generated/segmentation_images/501073254535042.png,3,High greenery + high road exposure / low built frontage,0.0004781087239583333,0.4142473008897569,0.2299126519097222,0.009151882595486112,0.2891574435763889,0.030709160698784724,,True,False,
residential-0037__clementi-mrt__cp_018,residential-0037__clementi-mrt,./data/generated/street_images/501073254535042.jpg,./data/generated/segmentation_images/501073254535042.png,3,High greenery + high road exposure / low built frontage,0.0004781087239583333,0.4142473008897569,0.2299126519097222,0.009151882595486112,0.2891574435763889,0.030709160698784724,,True,False,
residential-0037__clementi-mrt__cp_023,residential-0037__clementi-mrt,./data/generated/street_images/334899134865351.jpg,./data/generated/segmentation_images/334899134865351.png,3,High greenery + high road exposure / low built frontage,0.1087985568576389,0.4071061876085069,0.3224639892578125,0.020962185329861112,0.04524400499131945,0.004067314995659722,,True,False,
residential-0037__clementi-mrt__cp_024,residential-0037__clementi-mrt,./data/generated/street_images/1441364482867114.jpg,./data/generated/segmentation_images/1441364482867114.png,3,High greenery + high road exposure / low built frontage,0.09423997667100695,0.5500810411241319,0.1832054985894097,0.021223280164930556,0.0774875217013889,0.005644056532118056,,True,False,
residential-0037__clementi-mrt__cp_025,residential-0037__clementi-mrt,./data/generated/street_images/566414088278349.jpg,./data/generated/segmentation_images/566414088278349.png,0,High built frontage + high pedestrian space / low greenery,0.1062787373860677,0.025576273600260418,0.4321085611979167,0.0018603006998697917,0.43290456136067706,0.0009702046712239584,,True,False,
residential-0037__clementi-mrt__cp_026,residential-0037__clementi-mrt,./data/generated/street_images/947588139410390.jpg,./data/generated/segmentation_images/947588139410390.png,1,High sky exposure + high road exposure / low greenery,0.1489410400390625,0.050791422526041664,0.3397369384765625,0.021535237630208332,0.2987721761067708,0.11993238661024305,,True,False,
residential-0037__clementi-mrt__cp_027,residential-0037__clementi-mrt,./data/generated/street_images/852357665627002.jpg,./data/generated/segmentation_images/852357665627002.png,0,High built frontage + high pedestrian space / low greenery,0.031639946831597224,0.040568033854166664,0.3587934705946181,0.003185696072048611,0.4590318467881944,0.04722934299045139,,True,False,
residential-0037__clementi-mrt__cp_028,residential-0037__clementi-mrt,./data/generated/street_images/371825538758828.jpg,./data/generated/segmentation_images/371825538758828.png,2,High pedestrian space + high built frontage / low road exposure,0.0926513671875,0.014010111490885416,0.19251378377278647,0.33266321818033856,0.3227068583170573,0.0,,True,False,
residential-0037__clementi-mrt__cp_029,residential-0037__clementi-mrt,./data/generated/street_images/2172965356870048.jpg,./data/generated/segmentation_images/2172965356870048.png,0,High built frontage + high pedestrian space / low greenery,0.07229995727539062,0.06823984781901042,0.07285181681315105,0.044048309326171875,0.5555775960286459,0.00010808308919270833,,True,False,
residential-0038__clementi-mrt__cp_003,residential-0038__clementi-mrt,./data/generated/street_images/1099277354520212.jpg,./data/generated/segmentation_images/1099277354520212.png,0,High built frontage + high pedestrian space / low greenery,0.09093729654947917,0.17339070638020834,0.3366902669270833,0.01352691650390625,0.3587799072265625,0.020598093668619793,,False,False,
residential-0038__clementi-mrt__cp_004,residential-0038__clementi-mrt,./data/generated/street_images/1099277354520212.jpg,./data/generated/segmentation_images/1099277354520212.png,0,High built frontage + high pedestrian space / low greenery,0.09093729654947917,0.17339070638020834,0.3366902669270833,0.01352691650390625,0.3587799072265625,0.020598093668619793,,False,False,
residential-0038__clementi-mrt__cp_005,residential-0038__clementi-mrt,./data/generated/street_images/452877270557425.jpg,./data/generated/segmentation_images/452877270557425.png,0,High built frontage + high pedestrian space / low greenery,0.05981318155924479,0.20788955688476562,0.1517969767252604,0.03967920939127604,0.4932657877604167,0.0023256937662760415,,False,False,
residential-0038__clementi-mrt__cp_006,residential-0038__clementi-mrt,./data/generated/street_images/522172478810769.jpg,./data/generated/segmentation_images/522172478810769.png,0,High built frontage + high pedestrian space / low greenery,0.027040269639756944,0.3908860948350694,0.1594628228081597,0.03765869140625,0.3545616997612847,0.003609551323784722,,False,False,
residential-0038__clementi-mrt__cp_007,residential-0038__clementi-mrt,./data/generated/street_images/1239894924411500.jpg,./data/generated/segmentation_images/1239894924411500.png,0,High built frontage + high pedestrian space / low greenery,0.0,0.3531659444173177,3.814697265625e-06,0.009700775146484375,0.4882100423177083,0.0,,False,False,
residential-0038__clementi-mrt__cp_008,residential-0038__clementi-mrt,./data/generated/street_images/319704612877493.jpg,./data/generated/segmentation_images/319704612877493.png,3,High greenery + high road exposure / low built frontage,0.08635626898871528,0.4566650390625,0.04682583279079861,0.019220987955729168,0.2538740370008681,0.0,,False,False,
residential-0038__clementi-mrt__cp_009,residential-0038__clementi-mrt,./data/generated/street_images/1245304710418625.jpg,./data/generated/segmentation_images/1245304710418625.png,0,High built frontage + high pedestrian space / low greenery,0.037053426106770836,0.1857477823893229,0.021325429280598957,0.10221481323242188,0.45245997111002606,0.00238800048828125,,False,False,
residential-0038__clementi-mrt__cp_010,residential-0038__clementi-mrt,./data/generated/street_images/1117035998771981.jpg,./data/generated/segmentation_images/1117035998771981.png,1,High sky exposure + high road exposure / low greenery,0.221771240234375,0.2951982286241319,0.08430989583333333,0.029488457573784724,0.2609541151258681,0.05581495496961805,,False,False,
residential-0038__clementi-mrt__cp_011,residential-0038__clementi-mrt,./data/generated/street_images/1453073861704990.jpg,./data/generated/segmentation_images/1453073861704990.png,3,High greenery + high road exposure / low built frontage,0.03143310546875,0.4468197292751736,0.0002492268880208333,0.016630384657118056,0.3167487250434028,0.0,,False,False,
residential-0038__clementi-mrt__cp_012,residential-0038__clementi-mrt,./data/generated/street_images/326085218926258.jpg,./data/generated/segmentation_images/326085218926258.png,3,High greenery + high road exposure / low built frontage,0.04282803005642361,0.6052890353732638,0.23797098795572916,0.004860772026909722,0.075103759765625,0.0,,False,False,
residential-0038__clementi-mrt__cp_013,residential-0038__clementi-mrt,./data/generated/street_images/149683747169213.jpg,./data/generated/segmentation_images/149683747169213.png,3,High greenery + high road exposure / low built frontage,0.13271925184461805,0.4771202935112847,0.2593553331163194,0.0013563368055555555,0.07515631781684028,0.0,,False,False,
residential-0038__clementi-mrt__cp_014,residential-0038__clementi-mrt,./data/generated/street_images/224833562344401.jpg,./data/generated/segmentation_images/224833562344401.png,0,High built frontage + high pedestrian space / low greenery,0.13759867350260416,0.1790313720703125,0.2707655164930556,0.029390123155381944,0.3730299207899306,0.0,,False,False,
residential-0038__clementi-mrt__cp_015,residential-0038__clementi-mrt,./data/generated/street_images/1471660191021194.jpg,./data/generated/segmentation_images/1471660191021194.png,0,High built frontage + high pedestrian space / low greenery,0.0081787109375,8.900960286458334e-06,0.13057454427083334,0.0603790283203125,0.6646855672200521,0.07269287109375,,False,False,
residential-0038__clementi-mrt__cp_016,residential-0038__clementi-mrt,./data/generated/street_images/4105963986325695.jpg,./data/generated/segmentation_images/4105963986325695.png,2,High pedestrian space + high built frontage / low road exposure,0.0782178243001302,0.2969309488932292,0.00015131632486979166,0.19286219278971353,0.3189582824707031,0.0,,False,False,
residential-0038__clementi-mrt__cp_017,residential-0038__clementi-mrt,./data/generated/street_images/4105963986325695.jpg,./data/generated/segmentation_images/4105963986325695.png,2,High pedestrian space + high built frontage / low road exposure,0.0782178243001302,0.2969309488932292,0.00015131632486979166,0.19286219278971353,0.3189582824707031,0.0,,False,False,
residential-0039__choa-chu-kang-mrt__cp_000,residential-0039__choa-chu-kang-mrt,./data/generated/street_images/221643372688703.jpg,./data/generated/segmentation_images/221643372688703.png,3,High greenery + high road exposure / low built frontage,0.1572943793402778,0.5589650472005209,0.06891716851128472,0.025204128689236112,0.05210537380642361,0.1154293484157986,,True,False,
residential-0039__choa-chu-kang-mrt__cp_001,residential-0039__choa-chu-kang-mrt,./data/generated/street_images/842880789646055.jpg,./data/generated/segmentation_images/842880789646055.png,1,High sky exposure + high road exposure / low greenery,0.2866295708550347,0.3755052354600694,0.036994086371527776,0.042000664605034724,0.0687408447265625,0.1745825873480903,,True,False,
residential-0039__choa-chu-kang-mrt__cp_002,residential-0039__choa-chu-kang-mrt,./data/generated/street_images/387364302319153.jpg,./data/generated/segmentation_images/387364302319153.png,1,High sky exposure + high road exposure / low greenery,0.08585611979166667,0.0769805908203125,0.1920750935872396,0.0,0.10503005981445312,0.022794087727864582,,True,False,
residential-0039__choa-chu-kang-mrt__cp_003,residential-0039__choa-chu-kang-mrt,./data/generated/street_images/256768896200344.jpg,./data/generated/segmentation_images/256768896200344.png,3,High greenery + high road exposure / low built frontage,0.11543952094184028,0.5822550455729166,0.2211066351996528,0.019368489583333332,0.038245307074652776,3.2212999131944445e-05,,True,False,
residential-0039__choa-chu-kang-mrt__cp_004,residential-0039__choa-chu-kang-mrt,./data/generated/street_images/896301914251829.jpg,./data/generated/segmentation_images/896301914251829.png,3,High greenery + high road exposure / low built frontage,0.11901346842447917,0.5714975992838541,0.2448035346137153,0.02099609375,0.033059014214409724,0.0,,True,False,
residential-0039__choa-chu-kang-mrt__cp_005,residential-0039__choa-chu-kang-mrt,./data/generated/street_images/896301914251829.jpg,./data/generated/segmentation_images/896301914251829.png,3,High greenery + high road exposure / low built frontage,0.11901346842447917,0.5714975992838541,0.2448035346137153,0.02099609375,0.033059014214409724,0.0,,True,False,
residential-0039__choa-chu-kang-mrt__cp_006,residential-0039__choa-chu-kang-mrt,./data/generated/street_images/4555054591189208.jpg,./data/generated/segmentation_images/4555054591189208.png,0,High built frontage + high pedestrian space / low greenery,0.2842339409722222,0.0007595486111111111,0.021321614583333332,0.011730617947048612,0.6340654161241319,0.0,,True,False,
residential-0039__choa-chu-kang-mrt__cp_007,residential-0039__choa-chu-kang-mrt,./data/generated/street_images/507406503950633.jpg,./data/generated/segmentation_images/507406503950633.png,3,High greenery + high road exposure / low built frontage,0.08886210123697917,0.3074679904513889,0.3227878146701389,0.01629638671875,0.1262936062282986,0.13107808430989584,,True,False,
residential-0039__choa-chu-kang-mrt__cp_008,residential-0039__choa-chu-kang-mrt,./data/generated/street_images/165447442174761.jpg,./data/generated/segmentation_images/165447442174761.png,1,High sky exposure + high road exposure / low greenery,0.16534593370225695,0.2662573920355903,0.3637559678819444,0.010023328993055556,0.10298665364583333,0.07710944281684028,,True,False,
residential-0039__choa-chu-kang-mrt__cp_009,residential-0039__choa-chu-kang-mrt,./data/generated/street_images/203977571544315.jpg,./data/generated/segmentation_images/203977571544315.png,1,High sky exposure + high road exposure / low greenery,0.4476453993055556,0.0644412570529514,0.07920328776041667,0.0140533447265625,0.2227444118923611,0.1672753228081597,,True,False,
residential-0039__choa-chu-kang-mrt__cp_010,residential-0039__choa-chu-kang-mrt,./data/generated/street_images/903943003789784.jpg,./data/generated/segmentation_images/903943003789784.png,1,High sky exposure + high road exposure / low greenery,0.4718339708116319,0.1156344943576389,0.11244371202256945,0.023756239149305556,0.2434912787543403,0.029902140299479168,,True,False,
residential-0039__choa-chu-kang-mrt__cp_011,residential-0039__choa-chu-kang-mrt,./data/generated/street_images/2913170925593922.jpg,./data/generated/segmentation_images/2913170925593922.png,0,High built frontage + high pedestrian space / low greenery,0.2361382378472222,0.24410841200086805,0.06987847222222222,0.011296590169270834,0.3770226372612847,0.002755059136284722,,True,False,
residential-0039__choa-chu-kang-mrt__cp_012,residential-0039__choa-chu-kang-mrt,./data/generated/street_images/476329086776229.jpg,./data/generated/segmentation_images/476329086776229.png,0,High built frontage + high pedestrian space / low greenery,0.13578626844618055,0.0949740939670139,0.046468098958333336,0.03968641493055555,0.5823092990451388,0.06656731499565972,,True,False,
residential-0039__choa-chu-kang-mrt__cp_013,residential-0039__choa-chu-kang-mrt,./data/generated/street_images/1120061188491330.jpg,./data/generated/segmentation_images/1120061188491330.png,0,High built frontage + high pedestrian space / low greenery,0.0020039876302083335,0.08049689398871528,0.013407389322916666,0.018369886610243056,0.7067548963758681,0.17778523763020834,,True,False,
residential-0039__choa-chu-kang-mrt__cp_014,residential-0039__choa-chu-kang-mrt,./data/generated/street_images/1120061188491330.jpg,./data/generated/segmentation_images/1120061188491330.png,0,High built frontage + high pedestrian space / low greenery,0.0020039876302083335,0.08049689398871528,0.013407389322916666,0.018369886610243056,0.7067548963758681,0.17778523763020834,,True,False,
residential-0040__telok-blangah-mrt__cp_005,residential-0040__telok-blangah-mrt,./data/generated/street_images/1711039752430931.jpg,./data/generated/segmentation_images/1711039752430931.png,0,High built frontage + high pedestrian space / low greenery,0.062188042534722224,0.2866092258029514,0.2771572536892361,0.05349900987413195,0.2634904649522569,0.0,,False,False,
residential-0040__telok-blangah-mrt__cp_006,residential-0040__telok-blangah-mrt,./data/generated/street_images/459737285095190.jpg,./data/generated/segmentation_images/459737285095190.png,3,High greenery + high road exposure / low built frontage,0.08952162000868055,0.3090294731987847,0.2653401692708333,0.11014302571614583,0.2001800537109375,0.0,,False,False,
residential-0040__telok-blangah-mrt__cp_007,residential-0040__telok-blangah-mrt,./data/generated/street_images/1371862834575386.jpg,./data/generated/segmentation_images/1371862834575386.png,0,High built frontage + high pedestrian space / low greenery,0.05436579386393229,0.19877751668294272,0.003459930419921875,0.000743865966796875,0.5360488891601562,0.10796737670898438,,False,False,
residential-0040__telok-blangah-mrt__cp_008,residential-0040__telok-blangah-mrt,./data/generated/street_images/1449484319143502.jpg,./data/generated/segmentation_images/1449484319143502.png,3,High greenery + high road exposure / low built frontage,0.13904698689778647,0.38847986857096356,0.1181793212890625,0.015529632568359375,0.18970870971679688,0.0,,False,False,
residential-0040__telok-blangah-mrt__cp_009,residential-0040__telok-blangah-mrt,./data/generated/street_images/912084208442644.jpg,./data/generated/segmentation_images/912084208442644.png,3,High greenery + high road exposure / low built frontage,0.25611623128255206,0.528228759765625,0.2156550089518229,0.0,0.0,0.0,,False,False,
residential-0040__telok-blangah-mrt__cp_010,residential-0040__telok-blangah-mrt,./data/generated/street_images/484727306079613.jpg,./data/generated/segmentation_images/484727306079613.png,0,High built frontage + high pedestrian space / low greenery,0.2234988742404514,0.187042236328125,0.14000447591145834,0.031851874457465276,0.3480038113064236,0.046671549479166664,,False,False,
residential-0040__telok-blangah-mrt__cp_011,residential-0040__telok-blangah-mrt,./data/generated/street_images/175029981174556.jpg,./data/generated/segmentation_images/175029981174556.png,1,High sky exposure + high road exposure / low greenery,0.20774332682291666,0.2767690022786458,0.3246510823567708,0.004886203342013889,0.008936564127604166,0.1150326199001736,,False,False,
residential-0040__telok-blangah-mrt__cp_012,residential-0040__telok-blangah-mrt,./data/generated/street_images/169278975672094.jpg,./data/generated/segmentation_images/169278975672094.png,2,High pedestrian space + high built frontage / low road exposure,0.0893084208170573,0.2462590535481771,0.0009409586588541666,0.3570747375488281,0.2126439412434896,0.0,,False,False,
residential-0040__telok-blangah-mrt__cp_013,residential-0040__telok-blangah-mrt,./data/generated/street_images/282775337034373.jpg,./data/generated/segmentation_images/282775337034373.png,0,High built frontage + high pedestrian space / low greenery,0.061968485514322914,0.16756057739257812,0.23768234252929688,0.008434295654296875,0.3945515950520833,0.016569773356119793,,False,False,
residential-0040__telok-blangah-mrt__cp_014,residential-0040__telok-blangah-mrt,./data/generated/street_images/565540455470022.jpg,./data/generated/segmentation_images/565540455470022.png,2,High pedestrian space + high built frontage / low road exposure,0.017480214436848957,0.4889170328776042,0.09083938598632812,0.15008926391601562,0.22411092122395834,0.024135589599609375,,False,False,
residential-0040__telok-blangah-mrt__cp_015,residential-0040__telok-blangah-mrt,./data/generated/street_images/992950161697571.jpg,./data/generated/segmentation_images/992950161697571.png,0,High built frontage + high pedestrian space / low greenery,0.156585693359375,0.033238728841145836,0.19117101033528647,0.14157994588216147,0.4033101399739583,0.0,,False,False,
residential-0040__telok-blangah-mrt__cp_016,residential-0040__telok-blangah-mrt,./data/generated/street_images/589583193610182.jpg,./data/generated/segmentation_images/589583193610182.png,0,High built frontage + high pedestrian space / low greenery,0.10688145955403645,0.0,0.0,0.0,0.552954355875651,0.0,,False,False,
residential-0040__telok-blangah-mrt__cp_017,residential-0040__telok-blangah-mrt,./data/generated/street_images/913185011184681.jpg,./data/generated/segmentation_images/913185011184681.png,0,High built frontage + high pedestrian space / low greenery,0.056339263916015625,0.4490458170572917,0.005967458089192708,0.058620452880859375,0.4283599853515625,0.0,,False,False,
residential-0041__woodlands-mrt__cp_000,residential-0041__woodlands-mrt,./data/generated/street_images/335195771286879.jpg,./data/generated/segmentation_images/335195771286879.png,0,High built frontage + high pedestrian space / low greenery,0.0751681857638889,0.18084208170572916,0.1946258544921875,0.012091742621527778,0.5186750623914931,6.781684027777777e-06,,True,False,
residential-0041__woodlands-mrt__cp_002,residential-0041__woodlands-mrt,./data/generated/street_images/3946081502155180.jpg,./data/generated/segmentation_images/3946081502155180.png,0,High built frontage + high pedestrian space / low greenery,0.002383761935763889,0.3453301323784722,0.1913299560546875,0.017464531792534724,0.3817342122395833,0.06133694118923611,,True,False,
residential-0041__woodlands-mrt__cp_003,residential-0041__woodlands-mrt,./data/generated/street_images/878640952858878.jpg,./data/generated/segmentation_images/878640952858878.png,0,High built frontage + high pedestrian space / low greenery,0.1504143608940972,0.09471978081597222,0.2924228244357639,0.045737372504340276,0.3994055853949653,0.015001085069444444,,True,False,
residential-0041__woodlands-mrt__cp_004,residential-0041__woodlands-mrt,./data/generated/street_images/1292112477850125.jpg,./data/generated/segmentation_images/1292112477850125.png,3,High greenery + high road exposure / low built frontage,0.11283704969618055,0.3735283745659722,0.2254909939236111,0.037667168511284724,0.22161356608072916,0.0037841796875,,True,False,
residential-0041__woodlands-mrt__cp_005,residential-0041__woodlands-mrt,./data/generated/street_images/217136393328009.jpg,./data/generated/segmentation_images/217136393328009.png,3,High greenery + high road exposure / low built frontage,0.08347913953993055,0.5244530571831597,0.2272254096137153,0.027052137586805556,0.09217156304253472,0.034340752495659724,,True,False,
residential-0041__woodlands-mrt__cp_006,residential-0041__woodlands-mrt,./data/generated/street_images/175858024352546.jpg,./data/generated/segmentation_images/175858024352546.png,3,High greenery + high road exposure / low built frontage,0.1018032497829861,0.3084632025824653,0.2422824435763889,0.017183091905381944,0.255126953125,0.002112494574652778,,True,False,
residential-0041__woodlands-mrt__cp_007,residential-0041__woodlands-mrt,./data/generated/street_images/2892154507712207.jpg,./data/generated/segmentation_images/2892154507712207.png,3,High greenery + high road exposure / low built frontage,0.1081119113498264,0.5820261637369791,0.2047186957465278,0.022611829969618056,0.07475789388020833,0.00012376573350694444,,True,False,
residential-0041__woodlands-mrt__cp_008,residential-0041__woodlands-mrt,./data/generated/street_images/928459864597108.jpg,./data/generated/segmentation_images/928459864597108.png,3,High greenery + high road exposure / low built frontage,0.09433661566840278,0.4522264268663194,0.2345920138888889,0.03904554578993055,0.17440287272135416,0.0004221598307291667,,True,False,
residential-0041__woodlands-mrt__cp_009,residential-0041__woodlands-mrt,./data/generated/street_images/262757662288397.jpg,./data/generated/segmentation_images/262757662288397.png,3,High greenery + high road exposure / low built frontage,0.11156548394097222,0.3615027533637153,0.23500230577256945,0.026082356770833332,0.2556576199001736,0.0,,True,False,
residential-0041__woodlands-mrt__cp_010,residential-0041__woodlands-mrt,./data/generated/street_images/172750241352925.jpg,./data/generated/segmentation_images/172750241352925.png,0,High built frontage + high pedestrian space / low greenery,0.03492567274305555,0.1988033718532986,0.2011142306857639,0.02996826171875,0.5178171793619791,0.010235256618923612,,True,False,
residential-0041__woodlands-mrt__cp_011,residential-0041__woodlands-mrt,./data/generated/street_images/2539012653073964.jpg,./data/generated/segmentation_images/2539012653073964.png,0,High built frontage + high pedestrian space / low greenery,0.1436241997612847,0.3148532443576389,0.1537356906467014,0.0012410481770833333,0.2972751193576389,0.08168538411458333,,True,False,
residential-0041__woodlands-mrt__cp_012,residential-0041__woodlands-mrt,./data/generated/street_images/866028517598128.jpg,./data/generated/segmentation_images/866028517598128.png,3,High greenery + high road exposure / low built frontage,0.1367763943142361,0.5233696831597222,0.1267361111111111,0.009243435329861112,0.12496270073784722,0.0033518473307291665,,True,False,
residential-0041__woodlands-mrt__cp_013,residential-0041__woodlands-mrt,./data/generated/street_images/1120757548429272.jpg,./data/generated/segmentation_images/1120757548429272.png,1,High sky exposure + high road exposure / low greenery,0.2770351833767361,0.2833709716796875,0.15200297037760416,0.011125352647569444,0.18284098307291666,0.018988715277777776,,True,False,
residential-0041__woodlands-mrt__cp_014,residential-0041__woodlands-mrt,./data/generated/street_images/870216223573792.jpg,./data/generated/segmentation_images/870216223573792.png,0,High built frontage + high pedestrian space / low greenery,0.016060723198784724,0.23286607530381945,0.159576416015625,0.0186309814453125,0.4702775743272569,0.03738233778211805,,True,False,
residential-0041__woodlands-mrt__cp_015,residential-0041__woodlands-mrt,./data/generated/street_images/471126994216964.jpg,./data/generated/segmentation_images/471126994216964.png,1,High sky exposure + high road exposure / low greenery,0.5404476589626737,0.04947238498263889,0.1782904730902778,0.049479166666666664,0.11415269639756945,0.06331549750434028,,True,False,
residential-0041__woodlands-mrt__cp_016,residential-0041__woodlands-mrt,./data/generated/street_images/330410895098246.jpg,./data/generated/segmentation_images/330410895098246.png,1,High sky exposure + high road exposure / low greenery,0.3604685465494792,0.2029198540581597,0.19254557291666666,0.0505218505859375,0.1085323757595486,0.00046454535590277775,,True,False,
residential-0041__woodlands-mrt__cp_017,residential-0041__woodlands-mrt,./data/generated/street_images/556263092427507.jpg,./data/generated/segmentation_images/556263092427507.png,1,High sky exposure + high road exposure / low greenery,0.4361928304036458,3.2212999131944445e-05,0.1406216091579861,0.0038299560546875,0.1383582221137153,0.2330508761935764,,True,False,
residential-0041__woodlands-mrt__cp_018,residential-0041__woodlands-mrt,./data/generated/street_images/184330820219030.jpg,./data/generated/segmentation_images/184330820219030.png,1,High sky exposure + high road exposure / low greenery,0.3453657362196181,0.0,0.2582329644097222,0.00023735894097222222,0.3492431640625,6.781684027777777e-06,,True,False,
residential-0041__woodlands-mrt__cp_019,residential-0041__woodlands-mrt,./data/generated/street_images/489296962303054.jpg,./data/generated/segmentation_images/489296962303054.png,0,High built frontage + high pedestrian space / low greenery,0.2392493353949653,0.001361423068576389,0.014879014756944444,0.0,0.7405107286241319,0.0,,True,False,
residential-0041__woodlands-mrt__cp_020,residential-0041__woodlands-mrt,./data/generated/street_images/273960797796525.jpg,./data/generated/segmentation_images/273960797796525.png,1,High sky exposure + high road exposure / low greenery,0.4021063910590278,0.004436916775173611,0.11785040961371528,0.07472398546006945,0.25958251953125,0.0,,True,False,
residential-0042__dover-mrt__cp_001,residential-0042__dover-mrt,./data/generated/street_images/490585318851164.jpg,./data/generated/segmentation_images/490585318851164.png,0,High built frontage + high pedestrian space / low greenery,0.05515289306640625,0.31815465291341144,0.0018285115559895833,0.022195180257161457,0.30395253499348956,0.0,,False,False,
residential-0042__dover-mrt__cp_002,residential-0042__dover-mrt,./data/generated/street_images/852425632376062.jpg,./data/generated/segmentation_images/852425632376062.png,1,High sky exposure + high road exposure / low greenery,0.20160929361979166,0.3275027804904514,0.1707187228732639,0.019007364908854168,0.2620764838324653,0.014134724934895834,,False,False,
residential-0042__dover-mrt__cp_003,residential-0042__dover-mrt,./data/generated/street_images/1571919109676899.jpg,./data/generated/segmentation_images/1571919109676899.png,1,High sky exposure + high road exposure / low greenery,0.2897237141927083,0.3383992513020833,0.16318384806315103,0.008722941080729166,0.0009625752766927084,3.4332275390625e-05,,False,False,
residential-0042__dover-mrt__cp_004,residential-0042__dover-mrt,./data/generated/street_images/137328515088969.jpg,./data/generated/segmentation_images/137328515088969.png,3,High greenery + high road exposure / low built frontage,0.024442884657118056,0.5892723931206597,0.23883226182725695,0.00040520562065972225,0.0,0.0,,False,False,
residential-0042__dover-mrt__cp_005,residential-0042__dover-mrt,./data/generated/street_images/183765350285352.jpg,./data/generated/segmentation_images/183765350285352.png,3,High greenery + high road exposure / low built frontage,0.1265716552734375,0.5674421522352431,0.2371554904513889,0.029266357421875,0.0,0.0,,False,False,
residential-0042__dover-mrt__cp_006,residential-0042__dover-mrt,./data/generated/street_images/144318517679320.jpg,./data/generated/segmentation_images/144318517679320.png,2,High pedestrian space + high built frontage / low road exposure,0.3161366780598958,0.4020525614420573,0.016475677490234375,0.15591812133789062,0.08637364705403645,0.0,,False,False,
residential-0042__dover-mrt__cp_007,residential-0042__dover-mrt,./data/generated/street_images/822123051756458.jpg,./data/generated/segmentation_images/822123051756458.png,0,High built frontage + high pedestrian space / low greenery,0.006524403889973958,0.005114237467447917,0.0,0.12741978963216147,0.6148033142089844,0.0,,False,False,
residential-0042__dover-mrt__cp_008,residential-0042__dover-mrt,./data/generated/street_images/1137901456687008.jpg,./data/generated/segmentation_images/1137901456687008.png,2,High pedestrian space + high built frontage / low road exposure,0.04517237345377604,0.266265869140625,0.00170135498046875,0.16625467936197916,0.5181668599446615,0.0,,False,False,
residential-0042__dover-mrt__cp_009,residential-0042__dover-mrt,./data/generated/street_images/841723709751990.jpg,./data/generated/segmentation_images/841723709751990.png,0,High built frontage + high pedestrian space / low greenery,0.13261922200520834,0.014178805881076388,0.10132683648003472,0.08863152398003472,0.6425018310546875,0.021714952256944444,,False,False,
residential-0042__dover-mrt__cp_010,residential-0042__dover-mrt,./data/generated/street_images/906575746658812.jpg,./data/generated/segmentation_images/906575746658812.png,0,High built frontage + high pedestrian space / low greenery,0.015715281168619793,1.7801920572916668e-05,0.0,0.0,0.24022293090820312,0.0,,False,False,
residential-0043__dover-mrt__cp_000,residential-0043__dover-mrt,./data/generated/street_images/296702948605350.jpg,./data/generated/segmentation_images/296702948605350.png,2,High pedestrian space + high built frontage / low road exposure,0.04987970987955729,0.6803105672200521,0.00045013427734375,0.22908910115559897,0.0,0.0,,True,False,
residential-0043__dover-mrt__cp_002,residential-0043__dover-mrt,./data/generated/street_images/240624214506960.jpg,./data/generated/segmentation_images/240624214506960.png,3,High greenery + high road exposure / low built frontage,0.047541300455729164,0.9164547390407987,0.0,0.006281534830729167,0.0,0.0,,True,False,
residential-0043__dover-mrt__cp_003,residential-0043__dover-mrt,./data/generated/street_images/240624214506960.jpg,./data/generated/segmentation_images/240624214506960.png,3,High greenery + high road exposure / low built frontage,0.047541300455729164,0.9164547390407987,0.0,0.006281534830729167,0.0,0.0,,True,False,
residential-0043__dover-mrt__cp_004,residential-0043__dover-mrt,./data/generated/street_images/521591357395551.jpg,./data/generated/segmentation_images/521591357395551.png,3,High greenery + high road exposure / low built frontage,0.11719512939453125,0.6741765340169271,0.12599945068359375,0.03950627644856771,0.022725423177083332,0.0,,True,False,
residential-0043__dover-mrt__cp_005,residential-0043__dover-mrt,./data/generated/street_images/848344147502865.jpg,./data/generated/segmentation_images/848344147502865.png,3,High greenery + high road exposure / low built frontage,0.022928873697916668,0.7022234598795573,0.0,0.012017567952473959,0.0,0.0,,True,False,
residential-0043__dover-mrt__cp_006,residential-0043__dover-mrt,./data/generated/street_images/358702745859041.jpg,./data/generated/segmentation_images/358702745859041.png,3,High greenery + high road exposure / low built frontage,0.192413330078125,0.599334716796875,0.11450703938802083,0.0,0.010006374782986112,0.06579420301649305,,True,False,
residential-0043__dover-mrt__cp_007,residential-0043__dover-mrt,./data/generated/street_images/1031743864071903.jpg,./data/generated/segmentation_images/1031743864071903.png,3,High greenery + high road exposure / low built frontage,0.003391265869140625,0.3911781311035156,0.48310089111328125,0.02447509765625,0.024232228597005207,0.014659881591796875,,True,False,
residential-0043__dover-mrt__cp_008,residential-0043__dover-mrt,./data/generated/street_images/818176249081124.jpg,./data/generated/segmentation_images/818176249081124.png,3,High greenery + high road exposure / low built frontage,0.1219940185546875,0.4594150119357639,0.3413492838541667,0.0174560546875,0.031117757161458332,0.0,,True,False,
residential-0043__dover-mrt__cp_009,residential-0043__dover-mrt,./data/generated/street_images/466970511676640.jpg,./data/generated/segmentation_images/466970511676640.png,3,High greenery + high road exposure / low built frontage,0.03562800089518229,0.5017598470052084,0.4076728820800781,0.015026092529296875,0.0008087158203125,0.009428660074869791,,True,False,
residential-0043__dover-mrt__cp_010,residential-0043__dover-mrt,./data/generated/street_images/489452775722303.jpg,./data/generated/segmentation_images/489452775722303.png,3,High greenery + high road exposure / low built frontage,0.1832851833767361,0.4261288113064236,0.049825032552083336,0.09291585286458333,0.195220947265625,0.0,,True,False,
residential-0043__dover-mrt__cp_011,residential-0043__dover-mrt,./data/generated/street_images/479796803329642.jpg,./data/generated/segmentation_images/479796803329642.png,0,High built frontage + high pedestrian space / low greenery,0.046608818901909724,0.306121826171875,0.002185397677951389,0.015116373697916666,0.5072580973307291,0.0,,True,False,
residential-0043__dover-mrt__cp_012,residential-0043__dover-mrt,./data/generated/street_images/296456758824915.jpg,./data/generated/segmentation_images/296456758824915.png,1,High sky exposure + high road exposure / low greenery,0.4113752577039931,0.1659155951605903,0.13807169596354166,0.0217742919921875,0.19054667154947916,0.07254876030815972,,True,False,
residential-0043__dover-mrt__cp_013,residential-0043__dover-mrt,./data/generated/street_images/269761201545513.jpg,./data/generated/segmentation_images/269761201545513.png,1,High sky exposure + high road exposure / low greenery,0.3795267740885417,0.19536336263020834,0.096435546875,0.05546908908420139,0.2164306640625,0.05363294813368055,,True,False,
residential-0043__dover-mrt__cp_014,residential-0043__dover-mrt,./data/generated/street_images/159670402771021.jpg,./data/generated/segmentation_images/159670402771021.png,1,High sky exposure + high road exposure / low greenery,0.3735758463541667,0.1741706000434028,0.12262132432725695,0.042855156792534724,0.2590450710720486,0.028322007921006944,,True,False,
residential-0043__dover-mrt__cp_015,residential-0043__dover-mrt,./data/generated/street_images/756428991708526.jpg,./data/generated/segmentation_images/756428991708526.png,1,High sky exposure + high road exposure / low greenery,0.2742123074001736,0.3388688829210069,0.10872565375434028,0.05302090115017361,0.18011983235677084,0.015830145941840276,,True,False,
residential-0043__dover-mrt__cp_016,residential-0043__dover-mrt,./data/generated/street_images/515222799512253.jpg,./data/generated/segmentation_images/515222799512253.png,1,High sky exposure + high road exposure / low greenery,0.24399312337239584,0.2612169053819444,0.007068210177951389,0.039845784505208336,0.3063252766927083,0.12127176920572917,,True,False,
residential-0043__dover-mrt__cp_017,residential-0043__dover-mrt,./data/generated/street_images/487231629256503.jpg,./data/generated/segmentation_images/487231629256503.png,1,High sky exposure + high road exposure / low greenery,0.23752339680989584,0.14007568359375,0.14152696397569445,0.027782864040798612,0.3189307318793403,0.1320648193359375,,True,False,
residential-0043__dover-mrt__cp_018,residential-0043__dover-mrt,./data/generated/street_images/279107627225770.jpg,./data/generated/segmentation_images/279107627225770.png,0,High built frontage + high pedestrian space / low greenery,0.1168551974826389,0.24565633138020834,0.1326633029513889,0.062744140625,0.414825439453125,0.0,,True,False,
residential-0043__dover-mrt__cp_019,residential-0043__dover-mrt,./data/generated/street_images/1156753548121984.jpg,./data/generated/segmentation_images/1156753548121984.png,0,High built frontage + high pedestrian space / low greenery,0.1500244140625,0.1341332329644097,0.018078274197048612,0.08568488226996528,0.4879981146918403,0.0,,True,False,
residential-0043__dover-mrt__cp_020,residential-0043__dover-mrt,./data/generated/street_images/484283049481660.jpg,./data/generated/segmentation_images/484283049481660.png,3,High greenery + high road exposure / low built frontage,0.1356048583984375,0.5348052978515625,0.0009731716579861111,0.00048828125,0.2717607286241319,0.0,,True,False,
residential-0043__dover-mrt__cp_022,residential-0043__dover-mrt,./data/generated/street_images/316766413163040.jpg,./data/generated/segmentation_images/316766413163040.png,3,High greenery + high road exposure / low built frontage,0.0900128682454427,0.5659344991048177,0.16675821940104166,0.006520589192708333,0.11765670776367188,0.011096954345703125,,True,False,
residential-0043__dover-mrt__cp_023,residential-0043__dover-mrt,./data/generated/street_images/760316167986342.jpg,./data/generated/segmentation_images/760316167986342.png,3,High greenery + high road exposure / low built frontage,0.24864323933919272,0.43012110392252606,0.15847396850585938,0.005779266357421875,0.11896387736002605,0.0,,True,False,
residential-0043__dover-mrt__cp_024,residential-0043__dover-mrt,./data/generated/street_images/579985026311343.jpg,./data/generated/segmentation_images/579985026311343.png,3,High greenery + high road exposure / low built frontage,0.22410074869791666,0.47168223063151044,0.17926534016927084,9.791056315104167e-05,0.06510416666666667,0.0,,True,False,
residential-0043__dover-mrt__cp_025,residential-0043__dover-mrt,./data/generated/street_images/174391311156698.jpg,./data/generated/segmentation_images/174391311156698.png,3,High greenery + high road exposure / low built frontage,0.19680023193359375,0.4457867940266927,0.19342676798502603,0.00064849853515625,0.05977630615234375,0.0,,True,False,
residential-0043__dover-mrt__cp_026,residential-0043__dover-mrt,./data/generated/street_images/218902079719755.jpg,./data/generated/segmentation_images/218902079719755.png,1,High sky exposure + high road exposure / low greenery,0.3072547912597656,0.3387908935546875,0.17967351277669272,0.02371978759765625,0.045229593912760414,0.0,,True,False,
residential-0043__dover-mrt__cp_027,residential-0043__dover-mrt,./data/generated/street_images/928670934590167.jpg,./data/generated/segmentation_images/928670934590167.png,3,High greenery + high road exposure / low built frontage,0.20769627888997397,0.48432032267252606,0.12747319539388022,0.053985595703125,0.07880020141601562,0.0,,True,False,
residential-0043__dover-mrt__cp_028,residential-0043__dover-mrt,./data/generated/street_images/3886697671457014.jpg,./data/generated/segmentation_images/3886697671457014.png,3,High greenery + high road exposure / low built frontage,0.18878936767578125,0.45169830322265625,0.1901575724283854,0.008884429931640625,0.09377288818359375,0.0,,True,False,
residential-0043__dover-mrt__cp_029,residential-0043__dover-mrt,./data/generated/street_images/483308139659981.jpg,./data/generated/segmentation_images/483308139659981.png,3,High greenery + high road exposure / low built frontage,0.16386795043945312,0.5165621439615885,0.172637939453125,0.004741668701171875,0.1124712626139323,0.0,,True,False,
residential-0043__dover-mrt__cp_030,residential-0043__dover-mrt,./data/generated/street_images/4407844592634103.jpg,./data/generated/segmentation_images/4407844592634103.png,3,High greenery + high road exposure / low built frontage,0.2468541463216146,0.5785408020019531,0.000186920166015625,0.060274759928385414,0.11362330118815105,0.0,,True,False,
residential-0043__dover-mrt__cp_031,residential-0043__dover-mrt,./data/generated/street_images/212739073736514.jpg,./data/generated/segmentation_images/212739073736514.png,3,High greenery + high road exposure / low built frontage,0.1944766574435764,0.5404815673828125,0.2158237033420139,0.007437811957465278,0.039281209309895836,0.0,,True,False,
residential-0043__dover-mrt__cp_032,residential-0043__dover-mrt,./data/generated/street_images/822123051756458.jpg,./data/generated/segmentation_images/822123051756458.png,0,High built frontage + high pedestrian space / low greenery,0.006524403889973958,0.005114237467447917,0.0,0.12741978963216147,0.6148033142089844,0.0,,True,False,
residential-0043__dover-mrt__cp_033,residential-0043__dover-mrt,./data/generated/street_images/1137901456687008.jpg,./data/generated/segmentation_images/1137901456687008.png,2,High pedestrian space + high built frontage / low road exposure,0.04517237345377604,0.266265869140625,0.00170135498046875,0.16625467936197916,0.5181668599446615,0.0,,True,False,
residential-0043__dover-mrt__cp_034,residential-0043__dover-mrt,./data/generated/street_images/841723709751990.jpg,./data/generated/segmentation_images/841723709751990.png,0,High built frontage + high pedestrian space / low greenery,0.13261922200520834,0.014178805881076388,0.10132683648003472,0.08863152398003472,0.6425018310546875,0.021714952256944444,,True,False,
residential-0043__dover-mrt__cp_035,residential-0043__dover-mrt,./data/generated/street_images/906575746658812.jpg,./data/generated/segmentation_images/906575746658812.png,0,High built frontage + high pedestrian space / low greenery,0.015715281168619793,1.7801920572916668e-05,0.0,0.0,0.24022293090820312,0.0,,True,False,
residential-0044__tanjong-rhu-mrt__cp_000,residential-0044__tanjong-rhu-mrt,./data/generated/street_images/369845101117664.jpg,./data/generated/segmentation_images/369845101117664.png,1,High sky exposure + high road exposure / low greenery,0.4156680636935764,0.3297102186414931,0.1485171847873264,0.008997599283854166,0.04144626193576389,0.0569305419921875,,True,False,
residential-0044__tanjong-rhu-mrt__cp_001,residential-0044__tanjong-rhu-mrt,./data/generated/street_images/234989688399958.jpg,./data/generated/segmentation_images/234989688399958.png,1,High sky exposure + high road exposure / low greenery,0.3925798204210069,0.2775488959418403,0.2407141791449653,0.007756551106770833,0.0696224636501736,0.0015326605902777778,,True,False,
residential-0044__tanjong-rhu-mrt__cp_002,residential-0044__tanjong-rhu-mrt,./data/generated/street_images/1246984039091572.jpg,./data/generated/segmentation_images/1246984039091572.png,1,High sky exposure + high road exposure / low greenery,0.45216623942057294,0.2931963602701823,0.21076202392578125,0.005591074625651042,0.029950459798177082,0.00426483154296875,,True,False,
residential-0044__tanjong-rhu-mrt__cp_003,residential-0044__tanjong-rhu-mrt,./data/generated/street_images/487782055870421.jpg,./data/generated/segmentation_images/487782055870421.png,1,High sky exposure + high road exposure / low greenery,0.5925432840983073,0.12226231892903645,0.21416854858398438,0.0051116943359375,0.06060918172200521,0.000946044921875,,True,False,
residential-0044__tanjong-rhu-mrt__cp_004,residential-0044__tanjong-rhu-mrt,./data/generated/street_images/3764011203743368.jpg,./data/generated/segmentation_images/3764011203743368.png,1,High sky exposure + high road exposure / low greenery,0.2879905700683594,0.3605906168619792,0.09905497233072917,1.1444091796875e-05,0.11340840657552083,0.0,,True,False,
residential-0044__tanjong-rhu-mrt__cp_005,residential-0044__tanjong-rhu-mrt,./data/generated/street_images/766804984011847.jpg,./data/generated/segmentation_images/766804984011847.png,1,High sky exposure + high road exposure / low greenery,0.4055633544921875,0.21080907185872397,0.07260386149088542,0.030209859212239582,0.21509806315104166,0.05934015909830729,,True,False,
residential-0044__tanjong-rhu-mrt__cp_006,residential-0044__tanjong-rhu-mrt,./data/generated/street_images/4057314311017002.jpg,./data/generated/segmentation_images/4057314311017002.png,3,High greenery + high road exposure / low built frontage,0.1553921169704861,0.4535844590928819,0.2504509819878472,0.023423936631944444,0.028399997287326388,0.06930372450086805,,True,False,
residential-0044__tanjong-rhu-mrt__cp_007,residential-0044__tanjong-rhu-mrt,./data/generated/street_images/143851364458027.jpg,./data/generated/segmentation_images/143851364458027.png,1,High sky exposure + high road exposure / low greenery,0.2327084011501736,0.3703867594401042,0.238739013671875,0.016669379340277776,0.0467681884765625,0.044760810004340276,,True,False,
residential-0044__tanjong-rhu-mrt__cp_008,residential-0044__tanjong-rhu-mrt,./data/generated/street_images/232586404871443.jpg,./data/generated/segmentation_images/232586404871443.png,3,High greenery + high road exposure / low built frontage,0.1789516872829861,0.4347958034939236,0.24021402994791666,0.014127943250868056,0.017798529730902776,0.054633246527777776,,True,False,
residential-0044__tanjong-rhu-mrt__cp_009,residential-0044__tanjong-rhu-mrt,./data/generated/street_images/2885432925058260.jpg,./data/generated/segmentation_images/2885432925058260.png,3,High greenery + high road exposure / low built frontage,0.20206705729166666,0.3862186008029514,0.3006117078993056,0.024412367078993056,0.002173529730902778,0.07525126139322917,,True,False,
residential-0044__tanjong-rhu-mrt__cp_010,residential-0044__tanjong-rhu-mrt,./data/generated/street_images/276858594231392.jpg,./data/generated/segmentation_images/276858594231392.png,3,High greenery + high road exposure / low built frontage,0.0817905002170139,0.4588724772135417,0.1981472439236111,0.011284722222222222,0.16688707139756945,0.0819583468967014,,True,False,
residential-0044__tanjong-rhu-mrt__cp_011,residential-0044__tanjong-rhu-mrt,./data/generated/street_images/2869366936613456.jpg,./data/generated/segmentation_images/2869366936613456.png,3,High greenery + high road exposure / low built frontage,0.035805596245659724,0.4435204399956597,0.21748521592881945,0.0027177598741319445,0.23354932996961805,0.067962646484375,,True,False,
residential-0044__tanjong-rhu-mrt__cp_012,residential-0044__tanjong-rhu-mrt,./data/generated/street_images/321976979296469.jpg,./data/generated/segmentation_images/321976979296469.png,3,High greenery + high road exposure / low built frontage,0.10318671332465278,0.4486151801215278,0.23758104112413195,0.008661905924479166,0.13267347547743055,0.05038282606336805,,True,False,
residential-0044__tanjong-rhu-mrt__cp_013,residential-0044__tanjong-rhu-mrt,./data/generated/street_images/941531546681287.jpg,./data/generated/segmentation_images/941531546681287.png,3,High greenery + high road exposure / low built frontage,0.10313924153645833,0.28240966796875,0.2202674018012153,0.09886338975694445,0.1558295355902778,0.0769076877170139,,True,False,
residential-0044__tanjong-rhu-mrt__cp_014,residential-0044__tanjong-rhu-mrt,./data/generated/street_images/201598618456512.jpg,./data/generated/segmentation_images/201598618456512.png,1,High sky exposure + high road exposure / low greenery,0.08504613240559895,0.20344161987304688,0.3792978922526042,0.037554423014322914,0.21474075317382812,0.043383280436197914,,True,False,
residential-0044__tanjong-rhu-mrt__cp_015,residential-0044__tanjong-rhu-mrt,./data/generated/street_images/168199275125945.jpg,./data/generated/segmentation_images/168199275125945.png,2,High pedestrian space + high built frontage / low road exposure,0.0788103739420573,0.11716715494791667,0.22391510009765625,0.1613591512044271,0.2662086486816406,0.004240671793619792,,True,False,
residential-0044__tanjong-rhu-mrt__cp_016,residential-0044__tanjong-rhu-mrt,./data/generated/street_images/2305144209660652.jpg,./data/generated/segmentation_images/2305144209660652.png,0,High built frontage + high pedestrian space / low greenery,0.09016672770182292,0.07516225179036458,0.09175999959309895,0.10904184977213542,0.32314300537109375,0.002490997314453125,,True,False,
residential-0044__tanjong-rhu-mrt__cp_017,residential-0044__tanjong-rhu-mrt,./data/generated/street_images/499669828053804.jpg,./data/generated/segmentation_images/499669828053804.png,0,High built frontage + high pedestrian space / low greenery,0.010969797770182291,0.19308598836263022,0.0031140645345052085,0.009563446044921875,0.45866648356119794,0.0,,True,False,
residential-0044__tanjong-rhu-mrt__cp_018,residential-0044__tanjong-rhu-mrt,./data/generated/street_images/486039569115595.jpg,./data/generated/segmentation_images/486039569115595.png,0,High built frontage + high pedestrian space / low greenery,0.11548699273003472,0.09300062391493055,0.19927978515625,0.008387247721354166,0.2363247341579861,0.020345052083333332,,True,False,
residential-0044__tanjong-rhu-mrt__cp_019,residential-0044__tanjong-rhu-mrt,./data/generated/street_images/495425568552770.jpg,./data/generated/segmentation_images/495425568552770.png,2,High pedestrian space + high built frontage / low road exposure,0.023267110188802082,0.08833821614583333,0.030305226643880207,0.3788007100423177,0.37126795450846356,0.006113688151041667,,True,False,
residential-0044__tanjong-rhu-mrt__cp_020,residential-0044__tanjong-rhu-mrt,./data/generated/street_images/583118945996518.jpg,./data/generated/segmentation_images/583118945996518.png,0,High built frontage + high pedestrian space / low greenery,0.0691998799641927,0.011506398518880209,0.0005747477213541666,0.0,0.6423797607421875,0.0,,True,False,
residential-0045__bedok-north-mrt__cp_000,residential-0045__bedok-north-mrt,./data/generated/street_images/267158185104466.jpg,./data/generated/segmentation_images/267158185104466.png,3,High greenery + high road exposure / low built frontage,0.07212999131944445,0.5922325981987847,0.0,0.0,0.335479736328125,0.0,,True,False,
residential-0045__bedok-north-mrt__cp_001,residential-0045__bedok-north-mrt,./data/generated/street_images/619095809048478.jpg,./data/generated/segmentation_images/619095809048478.png,3,High greenery + high road exposure / low built frontage,0.09984673394097222,0.5231713189019097,0.22407023111979166,0.011822170681423612,0.07478841145833333,0.0239105224609375,,True,False,
residential-0045__bedok-north-mrt__cp_002,residential-0045__bedok-north-mrt,./data/generated/street_images/807833790159355.jpg,./data/generated/segmentation_images/807833790159355.png,0,High built frontage + high pedestrian space / low greenery,0.044275919596354164,0.3664584689670139,0.0012105305989583333,0.0,0.5892656114366319,0.0,,True,False,
residential-0045__bedok-north-mrt__cp_003,residential-0045__bedok-north-mrt,./data/generated/street_images/162988455785518.jpg,./data/generated/segmentation_images/162988455785518.png,3,High greenery + high road exposure / low built frontage,0.1163753933376736,0.51202392578125,0.2177802191840278,0.00016615125868055556,0.0899658203125,0.023156060112847224,,True,False,
residential-0045__bedok-north-mrt__cp_004,residential-0045__bedok-north-mrt,./data/generated/street_images/746041289403289.jpg,./data/generated/segmentation_images/746041289403289.png,3,High greenery + high road exposure / low built frontage,0.1263665093315972,0.4226091172960069,0.2159695095486111,0.00041876898871527775,0.18596903483072916,0.034844292534722224,,True,False,
residential-0045__bedok-north-mrt__cp_005,residential-0045__bedok-north-mrt,./data/generated/street_images/306597370944603.jpg,./data/generated/segmentation_images/306597370944603.png,3,High greenery + high road exposure / low built frontage,0.07561408148871528,0.3701307508680556,0.2762858072916667,0.009560479058159722,0.1439293755425347,0.018354627821180556,,True,False,
residential-0045__bedok-north-mrt__cp_006,residential-0045__bedok-north-mrt,./data/generated/street_images/817897009163403.jpg,./data/generated/segmentation_images/817897009163403.png,3,High greenery + high road exposure / low built frontage,0.17801920572916666,0.4837443033854167,0.2118750678168403,0.0,0.0026872422960069445,0.030510796440972224,,True,False,
residential-0045__bedok-north-mrt__cp_012,residential-0045__bedok-north-mrt,./data/generated/street_images/328008422087255.jpg,./data/generated/segmentation_images/328008422087255.png,2,High pedestrian space + high built frontage / low road exposure,0.056498209635416664,0.14172744750976562,0.14776229858398438,0.21699396769205728,0.2399775187174479,0.031909942626953125,,True,False,
residential-0045__bedok-north-mrt__cp_013,residential-0045__bedok-north-mrt,./data/generated/street_images/816495209293599.jpg,./data/generated/segmentation_images/816495209293599.png,0,High built frontage + high pedestrian space / low greenery,0.030918121337890625,0.14066569010416666,0.26983388264973956,0.09285608927408855,0.12587738037109375,0.0,,True,False,
residential-0045__bedok-north-mrt__cp_014,residential-0045__bedok-north-mrt,./data/generated/street_images/511279216582215.jpg,./data/generated/segmentation_images/511279216582215.png,2,High pedestrian space + high built frontage / low road exposure,0.06017939249674479,0.3406626383463542,0.037433624267578125,0.13601048787434897,0.37989552815755206,0.005418141682942708,,True,False,
residential-0045__bedok-north-mrt__cp_015,residential-0045__bedok-north-mrt,./data/generated/street_images/511279216582215.jpg,./data/generated/segmentation_images/511279216582215.png,2,High pedestrian space + high built frontage / low road exposure,0.06017939249674479,0.3406626383463542,0.037433624267578125,0.13601048787434897,0.37989552815755206,0.005418141682942708,,True,False,
residential-0045__bedok-north-mrt__cp_016,residential-0045__bedok-north-mrt,./data/generated/street_images/302529361595290.jpg,./data/generated/segmentation_images/302529361595290.png,2,High pedestrian space + high built frontage / low road exposure,0.0,0.3055432637532552,0.030785878499348957,0.2177302042643229,0.40763219197591144,0.0,,True,False,
residential-0045__bedok-north-mrt__cp_017,residential-0045__bedok-north-mrt,./data/generated/street_images/4177983712266887.jpg,./data/generated/segmentation_images/4177983712266887.png,4,High vehicle presence + high road exposure / low greenery,0.0240936279296875,0.028825547960069444,0.13560316297743055,0.0009324815538194445,0.0,0.8103281656901041,,True,False,
residential-0045__bedok-north-mrt__cp_018,residential-0045__bedok-north-mrt,./data/generated/street_images/2170468629777246.jpg,./data/generated/segmentation_images/2170468629777246.png,3,High greenery + high road exposure / low built frontage,0.07960340711805555,0.3192223442925347,0.331817626953125,0.034415351019965276,0.2226138644748264,0.0001983642578125,,True,False,
residential-0045__bedok-north-mrt__cp_019,residential-0045__bedok-north-mrt,./data/generated/street_images/175740261007184.jpg,./data/generated/segmentation_images/175740261007184.png,3,High greenery + high road exposure / low built frontage,0.07306925455729167,0.8758697509765625,0.0,0.012556287977430556,0.021536933051215276,0.0,,True,False,
residential-0045__bedok-north-mrt__cp_020,residential-0045__bedok-north-mrt,./data/generated/street_images/468804844195671.jpg,./data/generated/segmentation_images/468804844195671.png,3,High greenery + high road exposure / low built frontage,0.09263102213541667,0.7705807156032987,0.0018853081597222222,0.006052652994791667,0.08857896592881945,0.0023668077256944445,,True,False,
residential-0045__bedok-north-mrt__cp_021,residential-0045__bedok-north-mrt,./data/generated/street_images/586854486039885.jpg,./data/generated/segmentation_images/586854486039885.png,1,High sky exposure + high road exposure / low greenery,0.4152679443359375,0.11865870157877605,0.21341323852539062,0.0027529398600260415,0.009616851806640625,0.21558634440104166,,True,False,
residential-0045__bedok-north-mrt__cp_022,residential-0045__bedok-north-mrt,./data/generated/street_images/2815883061962019.jpg,./data/generated/segmentation_images/2815883061962019.png,3,High greenery + high road exposure / low built frontage,0.1225925021701389,0.4819810655381944,0.1540001763237847,0.015570746527777778,0.17761400010850695,0.008251614040798612,,True,False,
residential-0045__bedok-north-mrt__cp_023,residential-0045__bedok-north-mrt,./data/generated/street_images/2130892100380586.jpg,./data/generated/segmentation_images/2130892100380586.png,3,High greenery + high road exposure / low built frontage,0.18752882215711805,0.4864315456814236,0.13115098741319445,0.0822414822048611,0.09116956922743055,6.103515625e-05,,True,False,
residential-0045__bedok-north-mrt__cp_024,residential-0045__bedok-north-mrt,./data/generated/street_images/1141232726397005.jpg,./data/generated/segmentation_images/1141232726397005.png,1,High sky exposure + high road exposure / low greenery,0.0756869845920139,0.2656114366319444,0.288970947265625,0.008085462782118056,0.015385945638020834,0.3261650933159722,,True,False,
residential-0045__bedok-north-mrt__cp_025,residential-0045__bedok-north-mrt,./data/generated/street_images/1191890357902631.jpg,./data/generated/segmentation_images/1191890357902631.png,1,High sky exposure + high road exposure / low greenery,0.3104604085286458,0.2371097140842014,0.2463802761501736,0.023508707682291668,0.12006293402777778,0.0380859375,,True,False,
residential-0045__bedok-north-mrt__cp_026,residential-0045__bedok-north-mrt,./data/generated/street_images/318673489744359.jpg,./data/generated/segmentation_images/318673489744359.png,1,High sky exposure + high road exposure / low greenery,0.2769758436414931,0.1026763916015625,0.2354973687065972,0.029863145616319444,0.15870157877604166,0.15455457899305555,,True,False,
residential-0046__marine-terrace-mrt__cp_003,residential-0046__marine-terrace-mrt,./data/generated/street_images/520207852450494.jpg,./data/generated/segmentation_images/520207852450494.png,0,High built frontage + high pedestrian space / low greenery,0.1489681667751736,0.032875908745659724,0.21305677625868055,0.05351426866319445,0.4251471625434028,0.11465284559461805,,False,False,
residential-0046__marine-terrace-mrt__cp_004,residential-0046__marine-terrace-mrt,./data/generated/street_images/1424334081270344.jpg,./data/generated/segmentation_images/1424334081270344.png,1,High sky exposure + high road exposure / low greenery,0.4378509521484375,0.1244049072265625,0.12679545084635416,0.005186292860243056,0.2040625678168403,0.036231146918402776,,False,False,
residential-0046__marine-terrace-mrt__cp_005,residential-0046__marine-terrace-mrt,./data/generated/street_images/510772920116353.jpg,./data/generated/segmentation_images/510772920116353.png,0,High built frontage + high pedestrian space / low greenery,0.1711341010199653,0.004521687825520833,0.2657979329427083,0.027108086480034724,0.3843434651692708,0.1286960177951389,,False,False,
residential-0046__marine-terrace-mrt__cp_006,residential-0046__marine-terrace-mrt,./data/generated/street_images/492513338625854.jpg,./data/generated/segmentation_images/492513338625854.png,1,High sky exposure + high road exposure / low greenery,0.4315304226345486,0.05394151475694445,0.16766526963975695,0.03310987684461805,0.2769995795355903,0.0108184814453125,,False,False,
residential-0047__macpherson-mrt__cp_000,residential-0047__macpherson-mrt,./data/generated/street_images/772428460134441.jpg,./data/generated/segmentation_images/772428460134441.png,0,High built frontage + high pedestrian space / low greenery,0.0035264756944444445,0.09117804633246528,0.021267361111111112,0.0617828369140625,0.8048468695746528,0.0,,False,False,
residential-0047__macpherson-mrt__cp_001,residential-0047__macpherson-mrt,./data/generated/street_images/519161392458835.jpg,./data/generated/segmentation_images/519161392458835.png,0,High built frontage + high pedestrian space / low greenery,0.0,0.21270243326822916,0.07567681206597222,0.008019341362847222,0.6780683729383681,0.014322916666666666,,False,False,
residential-0047__macpherson-mrt__cp_002,residential-0047__macpherson-mrt,./data/generated/street_images/147909420654012.jpg,./data/generated/segmentation_images/147909420654012.png,0,High built frontage + high pedestrian space / low greenery,0.037043253580729164,0.2725490993923611,0.19719102647569445,0.038777669270833336,0.4261983235677083,0.0,,False,False,
residential-0047__macpherson-mrt__cp_003,residential-0047__macpherson-mrt,./data/generated/street_images/413007046819969.jpg,./data/generated/segmentation_images/413007046819969.png,3,High greenery + high road exposure / low built frontage,0.016562567816840276,0.4732377794053819,0.1705780029296875,0.015621609157986112,0.2949150933159722,0.0,,False,False,
residential-0047__macpherson-mrt__cp_004,residential-0047__macpherson-mrt,./data/generated/street_images/226121978971023.jpg,./data/generated/segmentation_images/226121978971023.png,0,High built frontage + high pedestrian space / low greenery,0.016628689236111112,0.15103658040364584,0.007103814019097222,0.014534844292534722,0.8038397894965278,0.0,,False,False,
residential-0047__macpherson-mrt__cp_005,residential-0047__macpherson-mrt,./data/generated/street_images/498011111401683.jpg,./data/generated/segmentation_images/498011111401683.png,3,High greenery + high road exposure / low built frontage,0.13000318739149305,0.4208662245008681,0.1278601752387153,0.029364691840277776,0.2617543538411458,0.0054473876953125,,False,False,
residential-0047__macpherson-mrt__cp_006,residential-0047__macpherson-mrt,./data/generated/street_images/814382355878138.jpg,./data/generated/segmentation_images/814382355878138.png,0,High built frontage + high pedestrian space / low greenery,0.072845458984375,0.12310282389322917,0.24475606282552084,0.0299224853515625,0.5215827094184028,0.005064222547743056,,False,False,
residential-0047__macpherson-mrt__cp_007,residential-0047__macpherson-mrt,./data/generated/street_images/521679269210852.jpg,./data/generated/segmentation_images/521679269210852.png,1,High sky exposure + high road exposure / low greenery,0.2883504231770833,0.3199530707465278,0.15452406141493055,0.010526869032118056,0.08388773600260417,0.0257415771484375,,False,False,
residential-0047__macpherson-mrt__cp_008,residential-0047__macpherson-mrt,./data/generated/street_images/292548085925431.jpg,./data/generated/segmentation_images/292548085925431.png,1,High sky exposure + high road exposure / low greenery,0.3631100124782986,0.019100613064236112,0.2254859076605903,0.027871025933159724,0.19426133897569445,0.07662116156684028,,False,False,
residential-0047__macpherson-mrt__cp_009,residential-0047__macpherson-mrt,./data/generated/street_images/223337682625508.jpg,./data/generated/segmentation_images/223337682625508.png,1,High sky exposure + high road exposure / low greenery,0.3117201063368056,0.015636867947048612,0.2424248589409722,0.031092325846354168,0.3173166910807292,0.0787692599826389,,False,False,
residential-0047__macpherson-mrt__cp_010,residential-0047__macpherson-mrt,./data/generated/street_images/814051415894975.jpg,./data/generated/segmentation_images/814051415894975.png,1,High sky exposure + high road exposure / low greenery,0.405670166015625,0.1516079372829861,0.22878519694010416,0.015065511067708334,0.1253289116753472,0.016286214192708332,,False,False,
residential-0048__yishun-mrt__cp_001,residential-0048__yishun-mrt,./data/generated/street_images/2297636707036839.jpg,./data/generated/segmentation_images/2297636707036839.png,0,High built frontage + high pedestrian space / low greenery,0.0,0.2504187689887153,0.2463904486762153,0.0632476806640625,0.4374491373697917,0.0,129.92000000000002,True,False,
residential-0048__yishun-mrt__cp_002,residential-0048__yishun-mrt,./data/generated/street_images/935151697259816.jpg,./data/generated/segmentation_images/935151697259816.png,0,High built frontage + high pedestrian space / low greenery,0.000244140625,0.1163296169704861,0.2855309380425347,0.06921895345052083,0.5281694200303819,0.0,77.15,True,False,
residential-0048__yishun-mrt__cp_003,residential-0048__yishun-mrt,./data/generated/street_images/220286826200093.jpg,./data/generated/segmentation_images/220286826200093.png,0,High built frontage + high pedestrian space / low greenery,0.1451958550347222,0.1271548800998264,0.010957505967881944,0.044438680013020836,0.6556362575954862,0.0,0.0,True,True,
residential-0048__yishun-mrt__cp_004,residential-0048__yishun-mrt,./data/generated/street_images/494675531977025.jpg,./data/generated/segmentation_images/494675531977025.png,3,High greenery + high road exposure / low built frontage,0.0,0.5865681966145834,0.15392049153645834,0.019933064778645832,0.2221866183810764,0.0,0.0,True,True,
residential-0048__yishun-mrt__cp_005,residential-0048__yishun-mrt,./data/generated/street_images/826588138268590.jpg,./data/generated/segmentation_images/826588138268590.png,3,High greenery + high road exposure / low built frontage,0.173553466796875,0.4210272894965278,0.1096462673611111,0.09578959147135417,0.1916266547309028,0.008356730143229166,0.0,True,True,
residential-0048__yishun-mrt__cp_006,residential-0048__yishun-mrt,./data/generated/street_images/2943469612596318.jpg,./data/generated/segmentation_images/2943469612596318.png,2,High pedestrian space + high built frontage / low road exposure,0.13463719685872397,0.09948094685872395,0.10965347290039062,0.33405812581380206,0.31993865966796875,0.005162556966145833,0.0,True,True,
residential-0048__yishun-mrt__cp_007,residential-0048__yishun-mrt,./data/generated/street_images/5439365532803593.jpg,./data/generated/segmentation_images/5439365532803593.png,2,High pedestrian space + high built frontage / low road exposure,0.1961491902669271,0.3292096455891927,0.07614898681640625,0.2670300801595052,0.0862884521484375,0.04869842529296875,67.32,True,False,
residential-0048__yishun-mrt__cp_008,residential-0048__yishun-mrt,./data/generated/street_images/4249936065066457.jpg,./data/generated/segmentation_images/4249936065066457.png,2,High pedestrian space + high built frontage / low road exposure,0.0,0.5885124206542969,0.0016263326009114583,0.12313461303710938,0.2866109212239583,0.0,162.87,True,False,
residential-0048__yishun-mrt__cp_009,residential-0048__yishun-mrt,./data/generated/street_images/174094191267571.jpg,./data/generated/segmentation_images/174094191267571.png,1,High sky exposure + high road exposure / low greenery,0.22615559895833334,0.346954345703125,0.08892144097222222,0.018385145399305556,0.19759623209635416,0.11920674641927083,235.07,True,False,
residential-0048__yishun-mrt__cp_010,residential-0048__yishun-mrt,./data/generated/street_images/161753645871948.jpg,./data/generated/segmentation_images/161753645871948.png,0,High built frontage + high pedestrian space / low greenery,0.0017725626627604167,0.3882700602213542,0.0010083516438802083,0.022984822591145832,0.5573654174804688,0.0,302.84999999999997,True,False,
residential-0048__yishun-mrt__cp_011,residential-0048__yishun-mrt,./data/generated/street_images/761708691199246.jpg,./data/generated/segmentation_images/761708691199246.png,1,High sky exposure + high road exposure / low greenery,0.3231404622395833,0.1676457722981771,0.2948265075683594,0.006017049153645833,0.13624191284179688,0.07150522867838542,354.34,True,False,
residential-0048__yishun-mrt__cp_012,residential-0048__yishun-mrt,./data/generated/street_images/258220796082079.jpg,./data/generated/segmentation_images/258220796082079.png,1,High sky exposure + high road exposure / low greenery,0.3290863037109375,0.196258544921875,0.04628329806857639,0.007800632052951389,0.2877451578776042,0.13067626953125,425.04,True,False,
residential-0048__yishun-mrt__cp_013,residential-0048__yishun-mrt,./data/generated/street_images/258220796082079.jpg,./data/generated/segmentation_images/258220796082079.png,1,High sky exposure + high road exposure / low greenery,0.3290863037109375,0.196258544921875,0.04628329806857639,0.007800632052951389,0.2877451578776042,0.13067626953125,474.02000000000004,True,False,
residential-0048__yishun-mrt__cp_014,residential-0048__yishun-mrt,./data/generated/street_images/954040735342817.jpg,./data/generated/segmentation_images/954040735342817.png,0,High built frontage + high pedestrian space / low greenery,0.023883395724826388,0.2635650634765625,0.2542758517795139,0.057396782769097224,0.3329433865017361,0.06225416395399305,542.06,True,False,
residential-0048__yishun-mrt__cp_015,residential-0048__yishun-mrt,./data/generated/street_images/182160940435832.jpg,./data/generated/segmentation_images/182160940435832.png,4,High vehicle presence + high road exposure / low greenery,0.017937554253472224,0.018917507595486112,0.05215623643663195,0.0,0.0,0.9109887017144097,593.78,True,False,
residential-0048__yishun-mrt__cp_016,residential-0048__yishun-mrt,./data/generated/street_images/314824186701724.jpg,./data/generated/segmentation_images/314824186701724.png,1,High sky exposure + high road exposure / low greenery,0.2260403103298611,0.0780673556857639,0.3345235188802083,0.022223578559027776,0.3223775227864583,0.0100860595703125,644.1500000000001,True,False,
residential-0048__yishun-mrt__cp_017,residential-0048__yishun-mrt,./data/generated/street_images/268648964985531.jpg,./data/generated/segmentation_images/268648964985531.png,0,High built frontage + high pedestrian space / low greenery,0.002204047309027778,0.022269354926215276,0.2522396511501736,0.10093180338541667,0.5885348849826388,0.0,727.98,True,False,
residential-0048__yishun-mrt__cp_018,residential-0048__yishun-mrt,./data/generated/street_images/413028753430552.jpg,./data/generated/segmentation_images/413028753430552.png,0,High built frontage + high pedestrian space / low greenery,0.007476806640625,0.03925916883680555,0.2359992133246528,0.1364864773220486,0.5310889350043403,0.0,742.9300000000001,True,False,
residential-0049__yishun-mrt__cp_002,residential-0049__yishun-mrt,./data/generated/street_images/3990124657746124.jpg,./data/generated/segmentation_images/3990124657746124.png,1,High sky exposure + high road exposure / low greenery,0.3678707546657986,0.038838704427083336,0.09554884168836805,0.053461710611979164,0.3475918240017361,0.09563361273871528,,True,False,
residential-0049__yishun-mrt__cp_003,residential-0049__yishun-mrt,./data/generated/street_images/2173129409491186.jpg,./data/generated/segmentation_images/2173129409491186.png,1,High sky exposure + high road exposure / low greenery,0.3801981608072917,0.013554890950520834,0.13183424207899305,0.007615831163194444,0.3854861789279514,0.024073282877604168,,True,False,
residential-0049__yishun-mrt__cp_004,residential-0049__yishun-mrt,./data/generated/street_images/175002057841614.jpg,./data/generated/segmentation_images/175002057841614.png,0,High built frontage + high pedestrian space / low greenery,0.008539835611979166,0.0003696017795138889,0.035164727105034724,0.016682942708333332,0.4516177707248264,0.0,,True,False,
residential-0049__yishun-mrt__cp_005,residential-0049__yishun-mrt,./data/generated/street_images/136094401873646.jpg,./data/generated/segmentation_images/136094401873646.png,1,High sky exposure + high road exposure / low greenery,0.3551415337456597,0.0015106201171875,0.1060909695095486,0.006256103515625,0.4000074598524306,0.07521226671006945,,True,False,
residential-0049__yishun-mrt__cp_006,residential-0049__yishun-mrt,./data/generated/street_images/218883043031399.jpg,./data/generated/segmentation_images/218883043031399.png,1,High sky exposure + high road exposure / low greenery,0.3731452094184028,0.010598076714409722,0.11945258246527778,0.067718505859375,0.3569861518012153,0.051116943359375,,True,False,
residential-0049__yishun-mrt__cp_007,residential-0049__yishun-mrt,./data/generated/street_images/1098379027321670.jpg,./data/generated/segmentation_images/1098379027321670.png,1,High sky exposure + high road exposure / low greenery,0.3636440700954861,0.002236260308159722,0.1328345404730903,0.0,0.3828091091579861,0.07043626573350695,,True,False,
residential-0049__yishun-mrt__cp_008,residential-0049__yishun-mrt,./data/generated/street_images/1106123103205194.jpg,./data/generated/segmentation_images/1106123103205194.png,0,High built frontage + high pedestrian space / low greenery,0.03316921657986111,0.055201212565104164,0.19980875651041666,0.1059604220920139,0.4564225938585069,0.12513902452256945,,True,False,
residential-0049__yishun-mrt__cp_009,residential-0049__yishun-mrt,./data/generated/street_images/413028753430552.jpg,./data/generated/segmentation_images/413028753430552.png,0,High built frontage + high pedestrian space / low greenery,0.007476806640625,0.03925916883680555,0.2359992133246528,0.1364864773220486,0.5310889350043403,0.0,,True,False,
residential-0050__pasir-ris-mrt__cp_003,residential-0050__pasir-ris-mrt,./data/generated/street_images/5582506791791198.jpg,./data/generated/segmentation_images/5582506791791198.png,0,High built frontage + high pedestrian space / low greenery,0.22861226399739584,0.22311909993489584,0.11085340711805555,0.0776824951171875,0.3243628607855903,0.022745768229166668,,False,False,
residential-0050__pasir-ris-mrt__cp_004,residential-0050__pasir-ris-mrt,./data/generated/street_images/493468341850043.jpg,./data/generated/segmentation_images/493468341850043.png,1,High sky exposure + high road exposure / low greenery,0.18256971571180555,0.2895541720920139,0.0682830810546875,0.016420152452256944,0.2893235948350694,0.1531643337673611,,False,False,
residential-0050__pasir-ris-mrt__cp_005,residential-0050__pasir-ris-mrt,./data/generated/street_images/179267143971728.jpg,./data/generated/segmentation_images/179267143971728.png,1,High sky exposure + high road exposure / low greenery,0.3444722493489583,0.2105492485894097,0.09452141655815972,0.006490071614583333,0.2621341281467014,0.08218892415364583,,False,False,
residential-0050__pasir-ris-mrt__cp_006,residential-0050__pasir-ris-mrt,./data/generated/street_images/735497307120165.jpg,./data/generated/segmentation_images/735497307120165.png,1,High sky exposure + high road exposure / low greenery,0.16255018446180555,0.2886030409071181,0.3637830946180556,0.0027754041883680555,0.16217549641927084,0.005633884006076389,,False,False,
residential-0050__pasir-ris-mrt__cp_007,residential-0050__pasir-ris-mrt,./data/generated/street_images/760509361287179.jpg,./data/generated/segmentation_images/760509361287179.png,1,High sky exposure + high road exposure / low greenery,0.1627739800347222,0.2723185221354167,0.3903944227430556,0.012673272026909722,0.10615030924479167,0.0311737060546875,,False,False,
residential-0050__pasir-ris-mrt__cp_008,residential-0050__pasir-ris-mrt,./data/generated/street_images/320120663016678.jpg,./data/generated/segmentation_images/320120663016678.png,1,High sky exposure + high road exposure / low greenery,0.13878885904947916,0.16403706868489584,0.3325110541449653,0.05746290418836805,0.19450887044270834,0.06604173448350695,,False,False,
residential-0050__pasir-ris-mrt__cp_009,residential-0050__pasir-ris-mrt,./data/generated/street_images/194647865873834.jpg,./data/generated/segmentation_images/194647865873834.png,2,High pedestrian space + high built frontage / low road exposure,0.1236538357204861,0.22285630967881945,0.18005540635850695,0.1346588134765625,0.2640397813585069,0.037331475151909724,,False,False,
residential-0050__pasir-ris-mrt__cp_010,residential-0050__pasir-ris-mrt,./data/generated/street_images/1472042209803541.jpg,./data/generated/segmentation_images/1472042209803541.png,2,High pedestrian space + high built frontage / low road exposure,0.06765238444010417,0.4341651068793403,0.019166734483506944,0.15725199381510416,0.2980465359157986,0.0,,False,False,
residential-0050__pasir-ris-mrt__cp_011,residential-0050__pasir-ris-mrt,./data/generated/street_images/581295412849319.jpg,./data/generated/segmentation_images/581295412849319.png,3,High greenery + high road exposure / low built frontage,0.1914248996310764,0.4544169108072917,0.07372368706597222,0.006442599826388889,0.1651645236545139,0.1059536404079861,,False,False,
residential-0050__pasir-ris-mrt__cp_012,residential-0050__pasir-ris-mrt,./data/generated/street_images/582766035970999.jpg,./data/generated/segmentation_images/582766035970999.png,3,High greenery + high road exposure / low built frontage,0.06496514214409722,0.5030500623914931,0.2858005099826389,0.07233683268229167,0.047882080078125,0.0,,False,False,
residential-0050__pasir-ris-mrt__cp_013,residential-0050__pasir-ris-mrt,./data/generated/street_images/148889017211120.jpg,./data/generated/segmentation_images/148889017211120.png,3,High greenery + high road exposure / low built frontage,0.10016038682725695,0.8523966471354166,0.0254364013671875,0.008278740776909722,0.0,0.0,,False,False,
residential-0050__pasir-ris-mrt__cp_014,residential-0050__pasir-ris-mrt,./data/generated/street_images/305622394519459.jpg,./data/generated/segmentation_images/305622394519459.png,1,High sky exposure + high road exposure / low greenery,0.3150736490885417,0.3785112169053819,0.03331332736545139,0.010160658094618056,0.11809285481770833,0.1365271674262153,,False,False,
residential-0050__pasir-ris-mrt__cp_015,residential-0050__pasir-ris-mrt,./data/generated/street_images/3004006406592916.jpg,./data/generated/segmentation_images/3004006406592916.png,3,High greenery + high road exposure / low built frontage,0.1618567572699653,0.4864925808376736,0.04894680447048611,0.023130628797743056,0.1763882107204861,0.09637620713975695,,False,False,
residential-0050__pasir-ris-mrt__cp_016,residential-0050__pasir-ris-mrt,./data/generated/street_images/786677768714550.jpg,./data/generated/segmentation_images/786677768714550.png,3,High greenery + high road exposure / low built frontage,0.1981964111328125,0.4749535454644097,0.055808173285590276,0.005288018120659722,0.1536034478081597,0.11165703667534722,,False,False,
residential-0050__pasir-ris-mrt__cp_017,residential-0050__pasir-ris-mrt,./data/generated/street_images/172082534720304.jpg,./data/generated/segmentation_images/172082534720304.png,1,High sky exposure + high road exposure / low greenery,0.5514475504557291,0.2135077582465278,0.14070638020833334,0.0036485460069444445,0.013232760959201388,0.07097540961371528,,False,False,
residential-0050__pasir-ris-mrt__cp_018,residential-0050__pasir-ris-mrt,./data/generated/street_images/1488502891481842.jpg,./data/generated/segmentation_images/1488502891481842.png,3,High greenery + high road exposure / low built frontage,0.17547607421875,0.4431983100043403,0.3524136013454861,8.307562934027778e-05,0.0021345350477430555,0.0,,False,False,
residential-0050__pasir-ris-mrt__cp_019,residential-0050__pasir-ris-mrt,./data/generated/street_images/479916146654023.jpg,./data/generated/segmentation_images/479916146654023.png,3,High greenery + high road exposure / low built frontage,0.175445556640625,0.6163584391276041,0.11908806694878472,0.03814527723524305,0.0133209228515625,0.0,,False,False,
residential-0050__pasir-ris-mrt__cp_020,residential-0050__pasir-ris-mrt,./data/generated/street_images/1193216077790884.jpg,./data/generated/segmentation_images/1193216077790884.png,3,High greenery + high road exposure / low built frontage,0.20956251356336805,0.4500512017144097,0.3130594889322917,0.005420260959201389,0.008568657769097222,0.004982842339409722,,False,False,
residential-0050__pasir-ris-mrt__cp_021,residential-0050__pasir-ris-mrt,./data/generated/street_images/185004513516654.jpg,./data/generated/segmentation_images/185004513516654.png,3,High greenery + high road exposure / low built frontage,0.10060289171006945,0.7114037407769097,0.023717244466145832,0.04261440700954861,0.04803127712673611,0.0,,False,False,
residential-0050__pasir-ris-mrt__cp_022,residential-0050__pasir-ris-mrt,./data/generated/street_images/490499055487173.jpg,./data/generated/segmentation_images/490499055487173.png,2,High pedestrian space + high built frontage / low road exposure,0.002236260308159722,0.3623453776041667,0.10009256998697917,0.1547512478298611,0.3268246120876736,0.001110500759548611,,False,False,
residential-0051__pending-mrt__cp_000,residential-0051__pending-mrt,./data/generated/street_images/142795651172867.jpg,./data/generated/segmentation_images/142795651172867.png,0,High built frontage + high pedestrian space / low greenery,0.03378465440538195,0.22869364420572916,0.079254150390625,0.015389336480034722,0.6199256049262153,0.021550496419270832,,False,False,
residential-0051__pending-mrt__cp_001,residential-0051__pending-mrt,./data/generated/street_images/537181530793231.jpg,./data/generated/segmentation_images/537181530793231.png,0,High built frontage + high pedestrian space / low greenery,0.21114942762586805,0.19152662489149305,0.0313568115234375,0.01666259765625,0.4929911295572917,0.05570644802517361,,False,False,
residential-0051__pending-mrt__cp_002,residential-0051__pending-mrt,./data/generated/street_images/2929353584051845.jpg,./data/generated/segmentation_images/2929353584051845.png,0,High built frontage + high pedestrian space / low greenery,0.08599683973524305,0.015594482421875,0.06033155653211805,0.034951104058159724,0.7156321207682291,0.08347235785590278,,False,False,
residential-0051__pending-mrt__cp_003,residential-0051__pending-mrt,./data/generated/street_images/319415346328669.jpg,./data/generated/segmentation_images/319415346328669.png,0,High built frontage + high pedestrian space / low greenery,0.0,0.015741984049479168,0.09306844075520833,0.029207017686631944,0.8270958794487847,0.0241241455078125,,False,False,
residential-0051__pending-mrt__cp_004,residential-0051__pending-mrt,./data/generated/street_images/2990229651251751.jpg,./data/generated/segmentation_images/2990229651251751.png,0,High built frontage + high pedestrian space / low greenery,0.09466552734375,0.13035753038194445,0.07644483778211805,0.03159756130642361,0.6075015597873263,0.031095716688368056,,False,False,
residential-0051__pending-mrt__cp_005,residential-0051__pending-mrt,./data/generated/street_images/296980275257592.jpg,./data/generated/segmentation_images/296980275257592.png,3,High greenery + high road exposure / low built frontage,0.0,0.5232645670572916,0.1409369574652778,0.06793721516927083,0.23397657606336805,0.0,,False,False,
residential-0051__pending-mrt__cp_006,residential-0051__pending-mrt,./data/generated/street_images/223577809268713.jpg,./data/generated/segmentation_images/223577809268713.png,3,High greenery + high road exposure / low built frontage,0.003070407443576389,0.7023145887586806,0.022850884331597224,0.008107503255208334,0.23238627115885416,0.011242336697048612,,False,False,
residential-0051__pending-mrt__cp_007,residential-0051__pending-mrt,./data/generated/street_images/954869225051819.jpg,./data/generated/segmentation_images/954869225051819.png,1,High sky exposure + high road exposure / low greenery,0.2583855523003472,0.2974446614583333,0.1171993679470486,0.023335774739583332,0.2421502007378472,0.035497029622395836,,False,False,
residential-0051__pending-mrt__cp_008,residential-0051__pending-mrt,./data/generated/street_images/352815456326684.jpg,./data/generated/segmentation_images/352815456326684.png,2,High pedestrian space + high built frontage / low road exposure,0.054784138997395836,0.4273389180501302,0.021828969319661457,0.3000742594401042,0.19367853800455728,0.001422882080078125,,False,False,
residential-0051__pending-mrt__cp_009,residential-0051__pending-mrt,./data/generated/street_images/175423437734517.jpg,./data/generated/segmentation_images/175423437734517.png,0,High built frontage + high pedestrian space / low greenery,0.0755886501736111,0.009801228841145834,0.049933539496527776,0.028744167751736112,0.8133409288194444,0.0,,False,False,
residential-0051__pending-mrt__cp_010,residential-0051__pending-mrt,./data/generated/street_images/955047605255088.jpg,./data/generated/segmentation_images/955047605255088.png,2,High pedestrian space + high built frontage / low road exposure,0.013517591688368056,0.3774363199869792,0.1168212890625,0.14975145128038195,0.3375345865885417,0.0008273654513888889,,False,False,
residential-0051__pending-mrt__cp_011,residential-0051__pending-mrt,./data/generated/street_images/1089292235201100.jpg,./data/generated/segmentation_images/1089292235201100.png,3,High greenery + high road exposure / low built frontage,0.17563374837239584,0.525475819905599,0.023249308268229168,0.06141026814778646,0.18600336710611978,0.023433685302734375,,False,False,
residential-0051__pending-mrt__cp_012,residential-0051__pending-mrt,./data/generated/street_images/298425755662020.jpg,./data/generated/segmentation_images/298425755662020.png,2,High pedestrian space + high built frontage / low road exposure,0.0015767415364583333,0.51953125,0.005926767985026042,0.4250284830729167,0.03755950927734375,0.004049936930338542,,False,False,
residential-0051__pending-mrt__cp_013,residential-0051__pending-mrt,./data/generated/street_images/323849185931790.jpg,./data/generated/segmentation_images/323849185931790.png,0,High built frontage + high pedestrian space / low greenery,0.1358489990234375,0.21743604871961805,0.3444569905598958,0.020724826388888888,0.2729966905381944,0.008509318033854166,,False,False,
residential-0051__pending-mrt__cp_014,residential-0051__pending-mrt,./data/generated/street_images/2101841767118376.jpg,./data/generated/segmentation_images/2101841767118376.png,2,High pedestrian space + high built frontage / low road exposure,0.08467483520507812,0.20359929402669272,0.09963099161783855,0.13710784912109375,0.30345789591471356,0.03320185343424479,,False,False,
residential-0051__pending-mrt__cp_015,residential-0051__pending-mrt,./data/generated/street_images/3022994424646170.jpg,./data/generated/segmentation_images/3022994424646170.png,0,High built frontage + high pedestrian space / low greenery,0.17694261338975695,0.13102552625868055,0.057927449544270836,0.010504828559027778,0.6224382188585069,2.3735894097222223e-05,,False,False,
residential-0052__hougang-mrt__cp_000,residential-0052__hougang-mrt,./data/generated/street_images/1619027554973894.jpg,./data/generated/segmentation_images/1619027554973894.png,0,High built frontage + high pedestrian space / low greenery,0.0677032470703125,0.1938968234592014,0.21343485514322916,0.050938924153645836,0.3353135850694444,0.019100613064236112,,False,False,
residential-0052__hougang-mrt__cp_002,residential-0052__hougang-mrt,./data/generated/street_images/3986923081390479.jpg,./data/generated/segmentation_images/3986923081390479.png,3,High greenery + high road exposure / low built frontage,0.14311048719618055,0.3059065077039931,0.3237169053819444,0.024631076388888888,0.1489715576171875,0.022613525390625,,False,False,
residential-0052__hougang-mrt__cp_003,residential-0052__hougang-mrt,./data/generated/street_images/3986923081390479.jpg,./data/generated/segmentation_images/3986923081390479.png,3,High greenery + high road exposure / low built frontage,0.14311048719618055,0.3059065077039931,0.3237169053819444,0.024631076388888888,0.1489715576171875,0.022613525390625,,False,False,
residential-0052__hougang-mrt__cp_004,residential-0052__hougang-mrt,./data/generated/street_images/881038235808466.jpg,./data/generated/segmentation_images/881038235808466.png,3,High greenery + high road exposure / low built frontage,0.1300014919704861,0.4411841498480903,0.23391215006510416,0.044303046332465276,0.12541029188368055,0.0,,False,False,
residential-0052__hougang-mrt__cp_005,residential-0052__hougang-mrt,./data/generated/street_images/2229285153872781.jpg,./data/generated/segmentation_images/2229285153872781.png,3,High greenery + high road exposure / low built frontage,0.10192023383246528,0.2836354573567708,0.2859547932942708,0.04601881239149305,0.2315826416015625,0.049002753363715276,,False,False,
residential-0052__hougang-mrt__cp_006,residential-0052__hougang-mrt,./data/generated/street_images/849901109238959.jpg,./data/generated/segmentation_images/849901109238959.png,3,High greenery + high road exposure / low built frontage,0.047387017144097224,0.4675259060329861,0.23345947265625,0.013007269965277778,0.2263098822699653,0.0,,False,False,
residential-0052__hougang-mrt__cp_007,residential-0052__hougang-mrt,./data/generated/street_images/132918088885579.jpg,./data/generated/segmentation_images/132918088885579.png,3,High greenery + high road exposure / low built frontage,0.09465874565972222,0.3271857367621528,0.2730780707465278,0.012356228298611112,0.0686221652560764,0.16757032606336805,,False,False,
residential-0052__hougang-mrt__cp_008,residential-0052__hougang-mrt,./data/generated/street_images/500175731419667.jpg,./data/generated/segmentation_images/500175731419667.png,1,High sky exposure + high road exposure / low greenery,0.2587619357638889,0.3236643473307292,0.10865105523003472,0.0016767713758680555,0.033148871527777776,0.252899169921875,,False,False,
residential-0052__hougang-mrt__cp_012,residential-0052__hougang-mrt,./data/generated/street_images/955674445237379.jpg,./data/generated/segmentation_images/955674445237379.png,3,High greenery + high road exposure / low built frontage,0.056711832682291664,0.3593631320529514,0.1851128472222222,0.014063517252604166,0.2253841824001736,0.0919460720486111,,False,False,
residential-0052__hougang-mrt__cp_013,residential-0052__hougang-mrt,./data/generated/street_images/513795356466453.jpg,./data/generated/segmentation_images/513795356466453.png,3,High greenery + high road exposure / low built frontage,0.11835564507378472,0.3318413628472222,0.2845492892795139,0.047083536783854164,0.1782446967230903,0.020087348090277776,,False,False,
residential-0052__hougang-mrt__cp_014,residential-0052__hougang-mrt,./data/generated/street_images/1145308779275513.jpg,./data/generated/segmentation_images/1145308779275513.png,1,High sky exposure + high road exposure / low greenery,0.2982059054904514,0.20422193739149305,0.07503594292534722,0.10327657063802083,0.22383287217881945,0.0984225802951389,,False,False,
residential-0052__hougang-mrt__cp_015,residential-0052__hougang-mrt,./data/generated/street_images/948709795939975.jpg,./data/generated/segmentation_images/948709795939975.png,1,High sky exposure + high road exposure / low greenery,0.3151618109809028,0.2006005181206597,0.1264580620659722,0.07480875651041667,0.20747884114583334,0.046498616536458336,,False,False,
residential-0053__tanah-merah-mrt__cp_006,residential-0053__tanah-merah-mrt,./data/generated/street_images/434616539100442.jpg,./data/generated/segmentation_images/434616539100442.png,2,High pedestrian space + high built frontage / low road exposure,0.17162195841471353,0.10137176513671875,0.14527257283528647,0.14843114217122397,0.2184600830078125,0.000469207763671875,,False,False,
residential-0053__tanah-merah-mrt__cp_007,residential-0053__tanah-merah-mrt,./data/generated/street_images/434616539100442.jpg,./data/generated/segmentation_images/434616539100442.png,2,High pedestrian space + high built frontage / low road exposure,0.17162195841471353,0.10137176513671875,0.14527257283528647,0.14843114217122397,0.2184600830078125,0.000469207763671875,,False,False,
residential-0053__tanah-merah-mrt__cp_008,residential-0053__tanah-merah-mrt,./data/generated/street_images/2414234482328247.jpg,./data/generated/segmentation_images/2414234482328247.png,0,High built frontage + high pedestrian space / low greenery,0.0025177001953125,0.11754608154296875,0.0,0.000377655029296875,0.7817217508951823,0.0,,False,False,
residential-0053__tanah-merah-mrt__cp_009,residential-0053__tanah-merah-mrt,./data/generated/street_images/1212447235876675.jpg,./data/generated/segmentation_images/1212447235876675.png,3,High greenery + high road exposure / low built frontage,0.051213582356770836,0.3369767930772569,0.2196570502387153,0.053293863932291664,0.1803521050347222,0.060540093315972224,,False,False,
residential-0053__tanah-merah-mrt__cp_010,residential-0053__tanah-merah-mrt,./data/generated/street_images/318399193105400.jpg,./data/generated/segmentation_images/318399193105400.png,3,High greenery + high road exposure / low built frontage,0.06864251030815972,0.4054853651258681,0.2868703206380208,0.04931810167100695,0.08654954698350695,0.054848564995659724,,False,False,
residential-0053__tanah-merah-mrt__cp_011,residential-0053__tanah-merah-mrt,./data/generated/street_images/529186008466218.jpg,./data/generated/segmentation_images/529186008466218.png,3,High greenery + high road exposure / low built frontage,0.06964959038628472,0.394775390625,0.3019561767578125,0.019237942165798612,0.1408725314670139,0.0,,False,False,
residential-0053__tanah-merah-mrt__cp_012,residential-0053__tanah-merah-mrt,./data/generated/street_images/1118911718606270.jpg,./data/generated/segmentation_images/1118911718606270.png,3,High greenery + high road exposure / low built frontage,0.05487399631076389,0.441192626953125,0.3008236355251736,0.014967176649305556,0.18048604329427084,0.0,,False,False,
residential-0053__tanah-merah-mrt__cp_013,residential-0053__tanah-merah-mrt,./data/generated/street_images/936415630459049.jpg,./data/generated/segmentation_images/936415630459049.png,1,High sky exposure + high road exposure / low greenery,0.2181243896484375,0.18579271104600695,0.3670467800564236,0.017759535047743056,0.19826761881510416,0.0,,False,False,
residential-0053__tanah-merah-mrt__cp_014,residential-0053__tanah-merah-mrt,./data/generated/street_images/137524431695891.jpg,./data/generated/segmentation_images/137524431695891.png,3,High greenery + high road exposure / low built frontage,0.1867133246527778,0.3462439643012153,0.2403530544704861,0.0047760009765625,0.2192654079861111,0.0,,False,False,
residential-0053__tanah-merah-mrt__cp_015,residential-0053__tanah-merah-mrt,./data/generated/street_images/296879425352213.jpg,./data/generated/segmentation_images/296879425352213.png,1,High sky exposure + high road exposure / low greenery,0.20760599772135416,0.06190321180555555,0.3553263346354167,0.020885891384548612,0.3310529920789931,0.020631578233506944,,False,False,
residential-0053__tanah-merah-mrt__cp_016,residential-0053__tanah-merah-mrt,./data/generated/street_images/773384969991400.jpg,./data/generated/segmentation_images/773384969991400.png,1,High sky exposure + high road exposure / low greenery,0.3969641791449653,0.1081814236111111,0.08132765028211805,0.09327528211805555,0.24246724446614584,0.03338962131076389,,False,False,
residential-0053__tanah-merah-mrt__cp_017,residential-0053__tanah-merah-mrt,./data/generated/street_images/898603466163045.jpg,./data/generated/segmentation_images/898603466163045.png,0,High built frontage + high pedestrian space / low greenery,0.135955810546875,0.4090321858723958,3.814697265625e-05,0.06961949666341145,0.3853925069173177,0.0,,False,False,
residential-0053__tanah-merah-mrt__cp_018,residential-0053__tanah-merah-mrt,./data/generated/street_images/1305751644650266.jpg,./data/generated/segmentation_images/1305751644650266.png,3,High greenery + high road exposure / low built frontage,0.22672526041666666,0.5366923014322916,0.0003598531087239583,0.004023234049479167,0.2270533243815104,0.0,,False,False,
residential-0053__tanah-merah-mrt__cp_019,residential-0053__tanah-merah-mrt,./data/generated/street_images/854947407501039.jpg,./data/generated/segmentation_images/854947407501039.png,3,High greenery + high road exposure / low built frontage,0.2208099365234375,0.5563786824544271,0.0,0.0016123453776041667,0.21968587239583334,0.0013682047526041667,,False,False,
residential-0053__tanah-merah-mrt__cp_020,residential-0053__tanah-merah-mrt,./data/generated/street_images/828904454386212.jpg,./data/generated/segmentation_images/828904454386212.png,1,High sky exposure + high road exposure / low greenery,0.2970614963107639,0.03243679470486111,0.1318596733940972,0.0004323323567708333,0.3409220377604167,0.0,,False,False,
residential-0054__buangkok-mrt__cp_001,residential-0054__buangkok-mrt,./data/generated/street_images/1094645134377823.jpg,./data/generated/segmentation_images/1094645134377823.png,3,High greenery + high road exposure / low built frontage,0.0799594455295139,0.3520914713541667,0.2280815972222222,0.06606547037760417,0.2623019748263889,0.0,,True,False,
residential-0054__buangkok-mrt__cp_002,residential-0054__buangkok-mrt,./data/generated/street_images/1094645134377823.jpg,./data/generated/segmentation_images/1094645134377823.png,3,High greenery + high road exposure / low built frontage,0.0799594455295139,0.3520914713541667,0.2280815972222222,0.06606547037760417,0.2623019748263889,0.0,,True,False,
residential-0054__buangkok-mrt__cp_003,residential-0054__buangkok-mrt,./data/generated/street_images/795957507957679.jpg,./data/generated/segmentation_images/795957507957679.png,0,High built frontage + high pedestrian space / low greenery,0.21615091959635416,0.20588514539930555,0.1571078830295139,0.050530327690972224,0.3190375434027778,0.043280707465277776,,True,False,
residential-0054__buangkok-mrt__cp_004,residential-0054__buangkok-mrt,./data/generated/street_images/293134422350588.jpg,./data/generated/segmentation_images/293134422350588.png,3,High greenery + high road exposure / low built frontage,0.016182793511284724,0.4454566107855903,0.2093505859375,0.0082550048828125,0.3219621446397569,0.0,,True,False,
residential-0054__buangkok-mrt__cp_005,residential-0054__buangkok-mrt,./data/generated/street_images/297294828781654.jpg,./data/generated/segmentation_images/297294828781654.png,0,High built frontage + high pedestrian space / low greenery,0.09132554796006945,0.08850775824652778,0.0276947021484375,0.0,0.5646803114149306,0.2277916802300347,,True,False,
residential-0054__buangkok-mrt__cp_006,residential-0054__buangkok-mrt,./data/generated/street_images/434635700849341.jpg,./data/generated/segmentation_images/434635700849341.png,0,High built frontage + high pedestrian space / low greenery,0.15153672960069445,0.2029571533203125,0.1311713324652778,0.006440904405381944,0.3840281168619792,0.11768595377604167,,True,False,
residential-0054__buangkok-mrt__cp_007,residential-0054__buangkok-mrt,./data/generated/street_images/268524111682625.jpg,./data/generated/segmentation_images/268524111682625.png,0,High built frontage + high pedestrian space / low greenery,0.14633687337239584,0.22418721516927084,0.007826063368055556,0.003304375542534722,0.5071868896484375,0.056710137261284724,,True,False,
residential-0054__buangkok-mrt__cp_008,residential-0054__buangkok-mrt,./data/generated/street_images/216596329956161.jpg,./data/generated/segmentation_images/216596329956161.png,3,High greenery + high road exposure / low built frontage,0.06161329481336805,0.4728003607855903,0.0,9.494357638888889e-05,0.2778388129340278,0.019298977322048612,,True,False,
residential-0054__buangkok-mrt__cp_009,residential-0054__buangkok-mrt,./data/generated/street_images/982197312519555.jpg,./data/generated/segmentation_images/982197312519555.png,3,High greenery + high road exposure / low built frontage,0.04457261827256945,0.3421664767795139,0.07242838541666667,0.00046624077690972225,0.2538367377387153,0.2860056559244792,,True,False,
residential-0054__buangkok-mrt__cp_010,residential-0054__buangkok-mrt,./data/generated/street_images/806194340037327.jpg,./data/generated/segmentation_images/806194340037327.png,0,High built frontage + high pedestrian space / low greenery,0.039127349853515625,0.2937520345052083,0.006718953450520833,0.026990254720052082,0.29185740152994794,0.0,,True,False,
residential-0054__buangkok-mrt__cp_011,residential-0054__buangkok-mrt,./data/generated/street_images/501510721291119.jpg,./data/generated/segmentation_images/501510721291119.png,2,High pedestrian space + high built frontage / low road exposure,0.08522288004557292,0.41091156005859375,0.115875244140625,0.10851033528645833,0.2382990519205729,0.0002733866373697917,,True,False,
residential-0054__buangkok-mrt__cp_012,residential-0054__buangkok-mrt,./data/generated/street_images/189630783012900.jpg,./data/generated/segmentation_images/189630783012900.png,0,High built frontage + high pedestrian space / low greenery,0.07682291666666667,0.37438710530598956,0.08196512858072917,0.038433074951171875,0.2889722188313802,0.026791890462239582,,True,False,
residential-0054__buangkok-mrt__cp_013,residential-0054__buangkok-mrt,./data/generated/street_images/157971686303596.jpg,./data/generated/segmentation_images/157971686303596.png,3,High greenery + high road exposure / low built frontage,0.11648813883463542,0.39510472615559894,0.08987172444661458,0.08169809977213542,0.21364339192708334,0.005162556966145833,,True,False,
residential-0054__buangkok-mrt__cp_014,residential-0054__buangkok-mrt,./data/generated/street_images/133681095415770.jpg,./data/generated/segmentation_images/133681095415770.png,0,High built frontage + high pedestrian space / low greenery,0.0316925048828125,0.32961273193359375,0.0014279683430989583,0.06789652506510417,0.564172108968099,0.0,,True,False,
residential-0054__buangkok-mrt__cp_015,residential-0054__buangkok-mrt,./data/generated/street_images/244863497388939.jpg,./data/generated/segmentation_images/244863497388939.png,2,High pedestrian space + high built frontage / low road exposure,0.0742047627766927,0.10199356079101562,0.16729100545247397,0.404449462890625,0.24317550659179688,0.0104827880859375,,True,False,
residential-0054__buangkok-mrt__cp_016,residential-0054__buangkok-mrt,./data/generated/street_images/506335743869044.jpg,./data/generated/segmentation_images/506335743869044.png,0,High built frontage + high pedestrian space / low greenery,0.07860946655273438,0.3342081705729167,0.026568094889322918,0.09766642252604167,0.4340019226074219,0.0005366007486979166,,True,False,
residential-0054__buangkok-mrt__cp_017,residential-0054__buangkok-mrt,./data/generated/street_images/746704529332106.jpg,./data/generated/segmentation_images/746704529332106.png,2,High pedestrian space + high built frontage / low road exposure,0.15786870320638022,0.10849380493164062,0.030756632486979168,0.2902069091796875,0.3770128885904948,0.0251617431640625,,True,False,
residential-0055__sembawang-mrt__cp_002,residential-0055__sembawang-mrt,./data/generated/street_images/581398653247123.jpg,./data/generated/segmentation_images/581398653247123.png,2,High pedestrian space + high built frontage / low road exposure,0.0706787109375,0.44845008850097656,0.016994476318359375,0.2433032989501953,0.08767509460449219,0.006999969482421875,,False,False,
residential-0055__sembawang-mrt__cp_003,residential-0055__sembawang-mrt,./data/generated/street_images/1140816316387498.jpg,./data/generated/segmentation_images/1140816316387498.png,2,High pedestrian space + high built frontage / low road exposure,0.0603485107421875,0.5209617614746094,0.016874313354492188,0.21071434020996094,0.07390022277832031,0.0,,False,False,
residential-0055__sembawang-mrt__cp_004,residential-0055__sembawang-mrt,./data/generated/street_images/752610352093091.jpg,./data/generated/segmentation_images/752610352093091.png,0,High built frontage + high pedestrian space / low greenery,0.18818495008680555,0.14962938096788195,0.0974239773220486,0.097991943359375,0.4009552001953125,0.041605631510416664,,False,False,
residential-0055__sembawang-mrt__cp_005,residential-0055__sembawang-mrt,./data/generated/street_images/3381392901963878.jpg,./data/generated/segmentation_images/3381392901963878.png,0,High built frontage + high pedestrian space / low greenery,0.011967976888020834,0.3514438205295139,0.2309943305121528,0.09133063422309028,0.2866838243272569,0.0,,False,False,
residential-0055__sembawang-mrt__cp_006,residential-0055__sembawang-mrt,./data/generated/street_images/150991543588686.jpg,./data/generated/segmentation_images/150991543588686.png,1,High sky exposure + high road exposure / low greenery,0.3604092068142361,0.14078776041666666,0.1268768310546875,0.05969577365451389,0.23304578993055555,0.048105875651041664,,False,False,
residential-0055__sembawang-mrt__cp_007,residential-0055__sembawang-mrt,./data/generated/street_images/150991543588686.jpg,./data/generated/segmentation_images/150991543588686.png,1,High sky exposure + high road exposure / low greenery,0.3604092068142361,0.14078776041666666,0.1268768310546875,0.05969577365451389,0.23304578993055555,0.048105875651041664,,False,False,
residential-0055__sembawang-mrt__cp_008,residential-0055__sembawang-mrt,./data/generated/street_images/221339159413826.jpg,./data/generated/segmentation_images/221339159413826.png,1,High sky exposure + high road exposure / low greenery,0.2863345675998264,0.1807623969184028,0.12214491102430555,0.04570176866319445,0.2732883029513889,0.053382025824652776,,False,False,
residential-0056__tampines-east-mrt__cp_000,residential-0056__tampines-east-mrt,./data/generated/street_images/860142867905074.jpg,./data/generated/segmentation_images/860142867905074.png,1,High sky exposure + high road exposure / low greenery,0.5282931857638888,0.1594051784939236,0.09938218858506945,0.050969441731770836,0.11971876356336805,0.014265272352430556,,True,False,
residential-0056__tampines-east-mrt__cp_001,residential-0056__tampines-east-mrt,./data/generated/street_images/799175187395728.jpg,./data/generated/segmentation_images/799175187395728.png,0,High built frontage + high pedestrian space / low greenery,0.30322265625,0.0015411376953125,0.13424173990885416,0.014668782552083334,0.53076171875,0.0,,True,False,
residential-0056__tampines-east-mrt__cp_002,residential-0056__tampines-east-mrt,./data/generated/street_images/468193241125580.jpg,./data/generated/segmentation_images/468193241125580.png,0,High built frontage + high pedestrian space / low greenery,0.29852294921875,0.0006120469835069445,0.1114841037326389,0.014360215928819444,0.5743628607855903,0.0,,True,False,
residential-0056__tampines-east-mrt__cp_003,residential-0056__tampines-east-mrt,./data/generated/street_images/2952642538347703.jpg,./data/generated/segmentation_images/2952642538347703.png,0,High built frontage + high pedestrian space / low greenery,0.1029018825954861,0.043060302734375,0.004519992404513889,0.0,0.20649549696180555,0.005167643229166667,,True,False,
residential-0056__tampines-east-mrt__cp_004,residential-0056__tampines-east-mrt,./data/generated/street_images/4596201793750464.jpg,./data/generated/segmentation_images/4596201793750464.png,3,High greenery + high road exposure / low built frontage,0.04609341091579861,0.6304304334852431,0.0,0.0,0.2097083197699653,0.0028211805555555555,,True,False,
residential-0056__tampines-east-mrt__cp_005,residential-0056__tampines-east-mrt,./data/generated/street_images/1402980056725270.jpg,./data/generated/segmentation_images/1402980056725270.png,3,High greenery + high road exposure / low built frontage,0.024039374457465276,0.4963192409939236,0.006305270724826389,0.06534322102864583,0.19305250379774305,0.009343465169270834,,True,False,
residential-0056__tampines-east-mrt__cp_011,residential-0056__tampines-east-mrt,./data/generated/street_images/866145020910508.jpg,./data/generated/segmentation_images/866145020910508.png,3,High greenery + high road exposure / low built frontage,0.10363388061523438,0.42242431640625,8.0108642578125e-05,0.0008182525634765625,0.2392730712890625,0.0,,True,False,
residential-0056__tampines-east-mrt__cp_012,residential-0056__tampines-east-mrt,./data/generated/street_images/1180516279057591.jpg,./data/generated/segmentation_images/1180516279057591.png,1,High sky exposure + high road exposure / low greenery,0.1928863525390625,0.29623985290527344,0.253814697265625,0.04131889343261719,0.13627243041992188,0.016632080078125,,True,False,
residential-0056__tampines-east-mrt__cp_013,residential-0056__tampines-east-mrt,./data/generated/street_images/489569345801087.jpg,./data/generated/segmentation_images/489569345801087.png,1,High sky exposure + high road exposure / low greenery,0.27632904052734375,0.21426963806152344,0.23323822021484375,0.03947257995605469,0.13675498962402344,0.02527618408203125,,True,False,
residential-0056__tampines-east-mrt__cp_014,residential-0056__tampines-east-mrt,./data/generated/street_images/484430882754219.jpg,./data/generated/segmentation_images/484430882754219.png,2,High pedestrian space + high built frontage / low road exposure,0.05452919006347656,0.42711448669433594,0.10866355895996094,0.1378002166748047,0.15270614624023438,0.009073257446289062,,True,False,
residential-0056__tampines-east-mrt__cp_015,residential-0056__tampines-east-mrt,./data/generated/street_images/519192195768838.jpg,./data/generated/segmentation_images/519192195768838.png,3,High greenery + high road exposure / low built frontage,0.08745574951171875,0.4829578399658203,0.04163551330566406,0.08498191833496094,0.19785308837890625,0.0011386871337890625,,True,False,
residential-0056__tampines-east-mrt__cp_017,residential-0056__tampines-east-mrt,./data/generated/street_images/182800910399449.jpg,./data/generated/segmentation_images/182800910399449.png,0,High built frontage + high pedestrian space / low greenery,0.07559034559461805,0.2883029513888889,0.2113308376736111,0.059210883246527776,0.3161688910590278,0.0030195448133680555,,True,False,
residential-0056__tampines-east-mrt__cp_018,residential-0056__tampines-east-mrt,./data/generated/street_images/182800910399449.jpg,./data/generated/segmentation_images/182800910399449.png,0,High built frontage + high pedestrian space / low greenery,0.07559034559461805,0.2883029513888889,0.2113308376736111,0.059210883246527776,0.3161688910590278,0.0030195448133680555,,True,False,
residential-0056__tampines-east-mrt__cp_019,residential-0056__tampines-east-mrt,./data/generated/street_images/468423854222130.jpg,./data/generated/segmentation_images/468423854222130.png,3,High greenery + high road exposure / low built frontage,0.0737152099609375,0.24918619791666666,0.2830641004774306,0.007346259223090278,0.1885528564453125,0.0020039876302083335,,True,False,
residential-0056__tampines-east-mrt__cp_020,residential-0056__tampines-east-mrt,./data/generated/street_images/315053416815634.jpg,./data/generated/segmentation_images/315053416815634.png,3,High greenery + high road exposure / low built frontage,0.14257642957899305,0.3195393880208333,0.2864345974392361,0.019532945421006944,0.1769036187065972,0.013944837782118056,,True,False,
residential-0056__tampines-east-mrt__cp_021,residential-0056__tampines-east-mrt,./data/generated/street_images/913538762761058.jpg,./data/generated/segmentation_images/913538762761058.png,1,High sky exposure + high road exposure / low greenery,0.1714664035373264,0.15515645345052084,0.2336646185980903,0.003899468315972222,0.21278550889756945,0.19255235460069445,,True,False,
residential-0056__tampines-east-mrt__cp_022,residential-0056__tampines-east-mrt,./data/generated/street_images/1431585507193576.jpg,./data/generated/segmentation_images/1431585507193576.png,0,High built frontage + high pedestrian space / low greenery,0.17844136555989584,0.09755113389756945,0.3194732666015625,0.026072184244791668,0.3642645941840278,0.0006663004557291666,,True,False,
residential-0056__tampines-east-mrt__cp_023,residential-0056__tampines-east-mrt,./data/generated/street_images/1311224529272243.jpg,./data/generated/segmentation_images/1311224529272243.png,1,High sky exposure + high road exposure / low greenery,0.3431294759114583,0.014010959201388888,0.3303714328342014,0.017452663845486112,0.2010837131076389,0.0815277099609375,,True,False,
residential-0056__tampines-east-mrt__cp_024,residential-0056__tampines-east-mrt,./data/generated/street_images/1311224529272243.jpg,./data/generated/segmentation_images/1311224529272243.png,1,High sky exposure + high road exposure / low greenery,0.3431294759114583,0.014010959201388888,0.3303714328342014,0.017452663845486112,0.2010837131076389,0.0815277099609375,,True,False,
residential-0057__bishan-mrt__cp_006,residential-0057__bishan-mrt,./data/generated/street_images/205908168027288.jpg,./data/generated/segmentation_images/205908168027288.png,1,High sky exposure + high road exposure / low greenery,0.3015509711371528,0.3036380343967014,0.1905754937065972,0.016028510199652776,0.15931193033854166,0.020185682508680556,,False,False,
residential-0057__bishan-mrt__cp_007,residential-0057__bishan-mrt,./data/generated/street_images/617819912946302.jpg,./data/generated/segmentation_images/617819912946302.png,3,High greenery + high road exposure / low built frontage,0.1574740939670139,0.3298170301649306,0.18156602647569445,0.012478298611111112,0.1083187527126736,0.15606519911024305,,False,False,
residential-0057__bishan-mrt__cp_008,residential-0057__bishan-mrt,./data/generated/street_images/525494828466218.jpg,./data/generated/segmentation_images/525494828466218.png,3,High greenery + high road exposure / low built frontage,0.026394314236111112,0.6111178927951388,0.2369927300347222,0.00030687120225694444,0.12442694769965278,0.0,,False,False,
residential-0057__bishan-mrt__cp_009,residential-0057__bishan-mrt,./data/generated/street_images/1027443861330221.jpg,./data/generated/segmentation_images/1027443861330221.png,1,High sky exposure + high road exposure / low greenery,0.2535671657986111,0.3506062825520833,0.1610446506076389,0.011191474066840278,0.18076578776041666,0.042824639214409724,,False,False,
residential-0057__bishan-mrt__cp_010,residential-0057__bishan-mrt,./data/generated/street_images/1373944659645896.jpg,./data/generated/segmentation_images/1373944659645896.png,3,High greenery + high road exposure / low built frontage,0.12942674424913195,0.6697065565321181,0.05749172634548611,0.004228379991319444,0.10967508951822917,0.0,,False,False,
residential-0057__bishan-mrt__cp_011,residential-0057__bishan-mrt,./data/generated/street_images/852382532022131.jpg,./data/generated/segmentation_images/852382532022131.png,3,High greenery + high road exposure / low built frontage,0.18298848470052084,0.7126973470052084,0.0008443196614583334,0.030678643120659724,0.06712849934895833,0.0034281412760416665,,False,False,
residential-0057__bishan-mrt__cp_012,residential-0057__bishan-mrt,./data/generated/street_images/505318303843039.jpg,./data/generated/segmentation_images/505318303843039.png,1,High sky exposure + high road exposure / low greenery,0.5981089274088541,0.08986070421006945,0.14956495496961805,0.006300184461805556,0.07611931694878472,0.009562174479166666,,False,False,
residential-0057__bishan-mrt__cp_013,residential-0057__bishan-mrt,./data/generated/street_images/295133522111217.jpg,./data/generated/segmentation_images/295133522111217.png,1,High sky exposure + high road exposure / low greenery,0.3054453531901042,0.23224046495225695,0.2665184868706597,0.023717244466145832,0.054316202799479164,0.07308451334635417,,False,False,
residential-0057__bishan-mrt__cp_014,residential-0057__bishan-mrt,./data/generated/street_images/304916911210983.jpg,./data/generated/segmentation_images/304916911210983.png,3,High greenery + high road exposure / low built frontage,0.22981431749131945,0.4827253553602431,0.011310153537326388,0.008175320095486112,0.04927402072482639,0.19751146104600695,,False,False,
residential-0057__bishan-mrt__cp_015,residential-0057__bishan-mrt,./data/generated/street_images/508080920552323.jpg,./data/generated/segmentation_images/508080920552323.png,3,High greenery + high road exposure / low built frontage,0.19589063856336805,0.3829176161024306,0.2743089463975694,0.018100314670138888,0.1247134738498264,0.0,,False,False,
residential-0057__bishan-mrt__cp_016,residential-0057__bishan-mrt,./data/generated/street_images/500897104290441.jpg,./data/generated/segmentation_images/500897104290441.png,0,High built frontage + high pedestrian space / low greenery,0.19748094346788195,0.12150404188368055,0.2767791748046875,0.021718343098958332,0.3625708685980903,0.011457655164930556,,False,False,
residential-0057__bishan-mrt__cp_017,residential-0057__bishan-mrt,./data/generated/street_images/304034064651795.jpg,./data/generated/segmentation_images/304034064651795.png,1,High sky exposure + high road exposure / low greenery,0.2805853949652778,0.07027689615885417,0.2551439073350694,0.026541815863715276,0.3642527262369792,0.0020277235243055555,,False,False,
residential-0057__bishan-mrt__cp_018,residential-0057__bishan-mrt,./data/generated/street_images/507064940332114.jpg,./data/generated/segmentation_images/507064940332114.png,1,High sky exposure + high road exposure / low greenery,0.228302001953125,0.0,0.3249376085069444,0.006771511501736111,0.17384168836805555,0.2660590277777778,,False,False,
residential-0057__bishan-mrt__cp_019,residential-0057__bishan-mrt,./data/generated/street_images/507064940332114.jpg,./data/generated/segmentation_images/507064940332114.png,1,High sky exposure + high road exposure / low greenery,0.228302001953125,0.0,0.3249376085069444,0.006771511501736111,0.17384168836805555,0.2660590277777778,,False,False,
residential-0058__beauty-world-mrt__cp_005,residential-0058__beauty-world-mrt,./data/generated/street_images/1417750782469504.jpg,./data/generated/segmentation_images/1417750782469504.png,3,High greenery + high road exposure / low built frontage,0.2003936767578125,0.6533025105794271,0.11971028645833333,0.023337046305338543,1.2715657552083333e-06,0.0,,False,False,
residential-0058__beauty-world-mrt__cp_006,residential-0058__beauty-world-mrt,./data/generated/street_images/780109097273981.jpg,./data/generated/segmentation_images/780109097273981.png,3,High greenery + high road exposure / low built frontage,0.2544085184733073,0.6333783467610677,0.06965255737304688,0.0,0.0,0.0,,False,False,
residential-0058__beauty-world-mrt__cp_007,residential-0058__beauty-world-mrt,./data/generated/street_images/1555818081547347.jpg,./data/generated/segmentation_images/1555818081547347.png,0,High built frontage + high pedestrian space / low greenery,0.0,0.0,0.08396530151367188,0.15753046671549478,0.7585042317708334,0.0,,False,False,
residential-0058__beauty-world-mrt__cp_008,residential-0058__beauty-world-mrt,./data/generated/street_images/803544177298486.jpg,./data/generated/segmentation_images/803544177298486.png,1,High sky exposure + high road exposure / low greenery,0.27693430582682294,0.08881123860677083,0.3434918721516927,2.288818359375e-05,0.2907396952311198,0.0,,False,False,
residential-0058__beauty-world-mrt__cp_009,residential-0058__beauty-world-mrt,./data/generated/street_images/410662097780312.jpg,./data/generated/segmentation_images/410662097780312.png,1,High sky exposure + high road exposure / low greenery,0.31510035196940106,0.13628260294596353,0.3533681233723958,0.0,0.1952489217122396,0.0,,False,False,
residential-0058__beauty-world-mrt__cp_010,residential-0058__beauty-world-mrt,./data/generated/street_images/446915300185898.jpg,./data/generated/segmentation_images/446915300185898.png,1,High sky exposure + high road exposure / low greenery,0.31438318888346356,0.10234451293945312,0.3629926045735677,0.0023218790690104165,0.13330078125,0.08777618408203125,,False,False,
residential-0058__beauty-world-mrt__cp_011,residential-0058__beauty-world-mrt,./data/generated/street_images/923164494919172.jpg,./data/generated/segmentation_images/923164494919172.png,1,High sky exposure + high road exposure / low greenery,0.3630167643229167,0.1792941623263889,0.08867390950520833,0.0836452907986111,0.10492791069878472,0.16143798828125,,False,False,
residential-0058__beauty-world-mrt__cp_012,residential-0058__beauty-world-mrt,./data/generated/street_images/813914261285394.jpg,./data/generated/segmentation_images/813914261285394.png,3,High greenery + high road exposure / low built frontage,0.019387563069661457,0.5532188415527344,0.004556020100911458,0.017072041829427082,0.39090601603190106,7.120768229166667e-05,,False,False,
residential-0058__beauty-world-mrt__cp_013,residential-0058__beauty-world-mrt,./data/generated/street_images/180876693948197.jpg,./data/generated/segmentation_images/180876693948197.png,3,High greenery + high road exposure / low built frontage,0.140625,0.6635996500651041,0.11688741048177083,0.0041351318359375,0.0375823974609375,0.015002780490451388,,False,False,
residential-0059__tan-kah-kee-mrt__cp_002,residential-0059__tan-kah-kee-mrt,./data/generated/street_images/294225728953586.jpg,./data/generated/segmentation_images/294225728953586.png,3,High greenery + high road exposure / low built frontage,0.1462487114800347,0.6843956841362847,0.09619818793402778,0.005072699652777778,0.03742811414930555,2.0345052083333332e-05,,True,False,
residential-0059__tan-kah-kee-mrt__cp_003,residential-0059__tan-kah-kee-mrt,./data/generated/street_images/138351611544947.jpg,./data/generated/segmentation_images/138351611544947.png,3,High greenery + high road exposure / low built frontage,0.2492523193359375,0.4809837341308594,0.17347335815429688,0.008210500081380209,0.03223419189453125,0.05584589640299479,,True,False,
residential-0059__tan-kah-kee-mrt__cp_005,residential-0059__tan-kah-kee-mrt,./data/generated/street_images/138351611544947.jpg,./data/generated/segmentation_images/138351611544947.png,3,High greenery + high road exposure / low built frontage,0.2492523193359375,0.4809837341308594,0.17347335815429688,0.008210500081380209,0.03223419189453125,0.05584589640299479,,True,False,
residential-0059__tan-kah-kee-mrt__cp_006,residential-0059__tan-kah-kee-mrt,./data/generated/street_images/138351611544947.jpg,./data/generated/segmentation_images/138351611544947.png,3,High greenery + high road exposure / low built frontage,0.2492523193359375,0.4809837341308594,0.17347335815429688,0.008210500081380209,0.03223419189453125,0.05584589640299479,,True,False,
residential-0059__tan-kah-kee-mrt__cp_007,residential-0059__tan-kah-kee-mrt,./data/generated/street_images/198348005446952.jpg,./data/generated/segmentation_images/198348005446952.png,3,High greenery + high road exposure / low built frontage,0.2469092475043403,0.5331505669487847,0.18014356825086805,0.011137220594618056,0.023835923936631944,0.0021769205729166665,,True,False,
residential-0059__tan-kah-kee-mrt__cp_008,residential-0059__tan-kah-kee-mrt,./data/generated/street_images/504793774098138.jpg,./data/generated/segmentation_images/504793774098138.png,3,High greenery + high road exposure / low built frontage,0.1116299099392361,0.6439751519097222,0.19134012858072916,0.003436618381076389,0.007366604275173611,0.010272555881076388,,True,False,
residential-0059__tan-kah-kee-mrt__cp_009,residential-0059__tan-kah-kee-mrt,./data/generated/street_images/960442654767993.jpg,./data/generated/segmentation_images/960442654767993.png,3,High greenery + high road exposure / low built frontage,0.1898651123046875,0.5200907389322916,0.2015804714626736,0.008861965603298612,0.05653211805555555,0.011969672309027778,,True,False,
residential-0059__tan-kah-kee-mrt__cp_010,residential-0059__tan-kah-kee-mrt,./data/generated/street_images/781453075891022.jpg,./data/generated/segmentation_images/781453075891022.png,3,High greenery + high road exposure / low built frontage,0.2113376193576389,0.5098317464192709,0.22463819715711805,0.017947726779513888,0.007331000434027778,0.0157470703125,,True,False,
residential-0059__tan-kah-kee-mrt__cp_011,residential-0059__tan-kah-kee-mrt,./data/generated/street_images/296221358880735.jpg,./data/generated/segmentation_images/296221358880735.png,3,High greenery + high road exposure / low built frontage,0.1532508002387153,0.7662929958767362,0.0211181640625,0.0,0.034815470377604164,0.0,,True,False,
residential-0059__tan-kah-kee-mrt__cp_012,residential-0059__tan-kah-kee-mrt,./data/generated/street_images/2869448099978337.jpg,./data/generated/segmentation_images/2869448099978337.png,1,High sky exposure + high road exposure / low greenery,0.3133629692925347,0.24793836805555555,0.051798502604166664,0.004397922092013889,0.1864200168185764,0.17693583170572916,,True,False,
residential-0059__tan-kah-kee-mrt__cp_013,residential-0059__tan-kah-kee-mrt,./data/generated/street_images/1071681276575390.jpg,./data/generated/segmentation_images/1071681276575390.png,0,High built frontage + high pedestrian space / low greenery,0.0648617214626736,0.3513200547960069,0.1881934271918403,0.021323310004340276,0.3042229546440972,0.0665096706814236,,True,False,
residential-0059__tan-kah-kee-mrt__cp_014,residential-0059__tan-kah-kee-mrt,./data/generated/street_images/289082249529138.jpg,./data/generated/segmentation_images/289082249529138.png,1,High sky exposure + high road exposure / low greenery,0.6584459940592448,0.060292561848958336,0.18274307250976562,0.0,0.053265889485677086,0.0038286844889322915,,True,False,
residential-0059__tan-kah-kee-mrt__cp_015,residential-0059__tan-kah-kee-mrt,./data/generated/street_images/773521023306931.jpg,./data/generated/segmentation_images/773521023306931.png,0,High built frontage + high pedestrian space / low greenery,0.2521959940592448,0.13521830240885416,0.12668863932291666,0.0016390482584635417,0.40328343709309894,0.0669390360514323,,True,False,
residential-0059__tan-kah-kee-mrt__cp_016,residential-0059__tan-kah-kee-mrt,./data/generated/street_images/1422619364755705.jpg,./data/generated/segmentation_images/1422619364755705.png,3,High greenery + high road exposure / low built frontage,0.13795979817708334,0.3699832492404514,0.08810255262586805,0.005942450629340278,0.0,0.3886617024739583,,True,False,
residential-0059__tan-kah-kee-mrt__cp_017,residential-0059__tan-kah-kee-mrt,./data/generated/street_images/998530991071924.jpg,./data/generated/segmentation_images/998530991071924.png,3,High greenery + high road exposure / low built frontage,0.16519927978515625,0.3773752848307292,0.2273712158203125,0.07739639282226562,0.12745030721028647,0.012364705403645834,,True,False,
residential-0059__tan-kah-kee-mrt__cp_018,residential-0059__tan-kah-kee-mrt,./data/generated/street_images/2050766861758131.jpg,./data/generated/segmentation_images/2050766861758131.png,2,High pedestrian space + high built frontage / low road exposure,0.00357818603515625,0.5341059366861979,0.045574188232421875,0.10776519775390625,0.2185821533203125,0.0,,True,False,
residential-0059__tan-kah-kee-mrt__cp_019,residential-0059__tan-kah-kee-mrt,./data/generated/street_images/472907627369731.jpg,./data/generated/segmentation_images/472907627369731.png,0,High built frontage + high pedestrian space / low greenery,0.052378336588541664,0.1512179904513889,0.1937340630425347,0.0702243381076389,0.442230224609375,0.084716796875,,True,False,
residential-0059__tan-kah-kee-mrt__cp_020,residential-0059__tan-kah-kee-mrt,./data/generated/street_images/2412770205780453.jpg,./data/generated/segmentation_images/2412770205780453.png,2,High pedestrian space + high built frontage / low road exposure,0.08078511555989583,0.5440889994303385,0.00572967529296875,0.17378616333007812,0.16768010457356772,0.0250091552734375,,True,False,
residential-0059__tan-kah-kee-mrt__cp_021,residential-0059__tan-kah-kee-mrt,./data/generated/street_images/795190207772105.jpg,./data/generated/segmentation_images/795190207772105.png,3,High greenery + high road exposure / low built frontage,0.14039103190104166,0.5589497884114584,0.014865451388888888,0.0037129720052083335,0.2333306206597222,0.023481580946180556,,True,False,
residential-0059__tan-kah-kee-mrt__cp_022,residential-0059__tan-kah-kee-mrt,./data/generated/street_images/217385299916865.jpg,./data/generated/segmentation_images/217385299916865.png,3,High greenery + high road exposure / low built frontage,0.0007612440321180555,0.20440673828125,0.3742794460720486,0.1203121609157986,0.15392896864149305,0.022660997178819444,,True,False,
residential-0059__tan-kah-kee-mrt__cp_023,residential-0059__tan-kah-kee-mrt,./data/generated/street_images/935319648250636.jpg,./data/generated/segmentation_images/935319648250636.png,0,High built frontage + high pedestrian space / low greenery,0.018807729085286457,0.29650115966796875,0.023729960123697918,0.12667338053385416,0.48162841796875,0.0463714599609375,,True,False,
residential-0059__tan-kah-kee-mrt__cp_024,residential-0059__tan-kah-kee-mrt,./data/generated/street_images/431784175790996.jpg,./data/generated/segmentation_images/431784175790996.png,3,High greenery + high road exposure / low built frontage,0.002651214599609375,0.9955660502115885,0.0,0.0,0.0,0.0,,True,False,
residential-0059__tan-kah-kee-mrt__cp_025,residential-0059__tan-kah-kee-mrt,./data/generated/street_images/2792409147642611.jpg,./data/generated/segmentation_images/2792409147642611.png,3,High greenery + high road exposure / low built frontage,0.2098388671875,0.4083964029947917,0.048838297526041664,0.043497721354166664,0.25714111328125,0.013056437174479166,,True,False,
residential-0059__tan-kah-kee-mrt__cp_026,residential-0059__tan-kah-kee-mrt,./data/generated/street_images/955782889600064.jpg,./data/generated/segmentation_images/955782889600064.png,0,High built frontage + high pedestrian space / low greenery,0.019411722819010418,0.45093536376953125,0.010583241780598959,0.07597986857096355,0.4375953674316406,0.009405771891276041,,True,False,
residential-0059__tan-kah-kee-mrt__cp_027,residential-0059__tan-kah-kee-mrt,./data/generated/street_images/654660672486505.jpg,./data/generated/segmentation_images/654660672486505.png,3,High greenery + high road exposure / low built frontage,0.029987335205078125,0.5970624287923177,0.0,0.0033365885416666665,0.3668835957845052,0.0,,True,False,
residential-0059__tan-kah-kee-mrt__cp_028,residential-0059__tan-kah-kee-mrt,./data/generated/street_images/980882352315744.jpg,./data/generated/segmentation_images/980882352315744.png,1,High sky exposure + high road exposure / low greenery,0.2673611111111111,0.1487698025173611,0.2579989963107639,0.01019287109375,0.3149515787760417,0.0,,True,False,
residential-0059__tan-kah-kee-mrt__cp_029,residential-0059__tan-kah-kee-mrt,./data/generated/street_images/654660672486505.jpg,./data/generated/segmentation_images/654660672486505.png,3,High greenery + high road exposure / low built frontage,0.029987335205078125,0.5970624287923177,0.0,0.0033365885416666665,0.3668835957845052,0.0,,True,False,
residential-0059__tan-kah-kee-mrt__cp_030,residential-0059__tan-kah-kee-mrt,./data/generated/street_images/654660672486505.jpg,./data/generated/segmentation_images/654660672486505.png,3,High greenery + high road exposure / low built frontage,0.029987335205078125,0.5970624287923177,0.0,0.0033365885416666665,0.3668835957845052,0.0,,True,False,
residential-0060__hougang-mrt__cp_000,residential-0060__hougang-mrt,./data/generated/street_images/300325211801764.jpg,./data/generated/segmentation_images/300325211801764.png,1,High sky exposure + high road exposure / low greenery,0.3892500135633681,0.08261617024739583,0.08079020182291667,0.010640462239583334,0.062342325846354164,0.3691982693142361,,False,False,
residential-0060__hougang-mrt__cp_001,residential-0060__hougang-mrt,./data/generated/street_images/2336080643192043.jpg,./data/generated/segmentation_images/2336080643192043.png,1,High sky exposure + high road exposure / low greenery,0.2914174397786458,0.3140869140625,0.1998443603515625,0.0529632568359375,0.04716322157118055,0.06914265950520833,,False,False,
residential-0060__hougang-mrt__cp_003,residential-0060__hougang-mrt,./data/generated/street_images/505270073941978.jpg,./data/generated/segmentation_images/505270073941978.png,3,High greenery + high road exposure / low built frontage,0.02117919921875,0.3406842549641927,0.4804344177246094,0.08508809407552083,0.07191975911458333,0.0,,False,False,
residential-0060__hougang-mrt__cp_004,residential-0060__hougang-mrt,./data/generated/street_images/325113369182625.jpg,./data/generated/segmentation_images/325113369182625.png,2,High pedestrian space + high built frontage / low road exposure,0.24879964192708334,0.4964001973470052,0.03225835164388021,0.16436894734700522,0.024274190266927082,0.031077067057291668,,False,False,
residential-0060__hougang-mrt__cp_005,residential-0060__hougang-mrt,./data/generated/street_images/244352050815052.jpg,./data/generated/segmentation_images/244352050815052.png,2,High pedestrian space + high built frontage / low road exposure,0.1924921671549479,0.4297587076822917,0.029263814290364582,0.2611249287923177,0.08671951293945312,0.0,,False,False,
residential-0060__hougang-mrt__cp_006,residential-0060__hougang-mrt,./data/generated/street_images/379140446732806.jpg,./data/generated/segmentation_images/379140446732806.png,1,High sky exposure + high road exposure / low greenery,0.4117719862196181,0.08638678656684028,0.3342912462022569,0.04957241482204861,0.10981580946180555,0.004906548394097222,,False,False,
residential-0060__hougang-mrt__cp_007,residential-0060__hougang-mrt,./data/generated/street_images/521703095494425.jpg,./data/generated/segmentation_images/521703095494425.png,1,High sky exposure + high road exposure / low greenery,0.2926076253255208,0.2649010552300347,0.2417212592230903,0.09192403157552083,0.05004713270399305,0.04034593370225695,,False,False,
residential-0060__hougang-mrt__cp_008,residential-0060__hougang-mrt,./data/generated/street_images/939769076562928.jpg,./data/generated/segmentation_images/939769076562928.png,1,High sky exposure + high road exposure / low greenery,0.3070339626736111,0.3183966742621528,0.1126895480685764,0.0019938151041666665,0.11762152777777778,0.10465833875868055,,False,False,
residential-0060__hougang-mrt__cp_009,residential-0060__hougang-mrt,./data/generated/street_images/2583816311764369.jpg,./data/generated/segmentation_images/2583816311764369.png,3,High greenery + high road exposure / low built frontage,0.2410888671875,0.4247402615017361,0.08896552191840278,0.009721544053819444,0.1222686767578125,0.11228773328993055,,False,False,
residential-0061__marsiling-mrt__cp_000,residential-0061__marsiling-mrt,./data/generated/street_images/145903877575225.jpg,./data/generated/segmentation_images/145903877575225.png,0,High built frontage + high pedestrian space / low greenery,0.01446533203125,0.010262383355034722,0.1318020290798611,0.020634969075520832,0.6427934434678819,0.0162506103515625,,True,False,
residential-0061__marsiling-mrt__cp_001,residential-0061__marsiling-mrt,./data/generated/street_images/336391841407275.jpg,./data/generated/segmentation_images/336391841407275.png,0,High built frontage + high pedestrian space / low greenery,0.0018513997395833333,0.11414252387152778,0.2394527859157986,0.021553887261284724,0.5415140787760416,0.063812255859375,,True,False,
residential-0061__marsiling-mrt__cp_002,residential-0061__marsiling-mrt,./data/generated/street_images/2750771305234991.jpg,./data/generated/segmentation_images/2750771305234991.png,0,High built frontage + high pedestrian space / low greenery,0.09398905436197917,0.041634453667534724,0.1270633273654514,0.013112386067708334,0.5709720187717013,0.1491326226128472,,True,False,
residential-0061__marsiling-mrt__cp_003,residential-0061__marsiling-mrt,./data/generated/street_images/1149445282238249.jpg,./data/generated/segmentation_images/1149445282238249.png,0,High built frontage + high pedestrian space / low greenery,0.025487263997395832,0.05802747938368055,0.18375142415364584,0.005366007486979167,0.5468071831597222,0.13145277235243055,,True,False,
residential-0061__marsiling-mrt__cp_004,residential-0061__marsiling-mrt,./data/generated/street_images/860967484827947.jpg,./data/generated/segmentation_images/860967484827947.png,0,High built frontage + high pedestrian space / low greenery,0.026240030924479168,0.04018825954861111,0.14004007975260416,0.0932888454861111,0.5645836724175347,0.13266499837239584,,True,False,
residential-0061__marsiling-mrt__cp_005,residential-0061__marsiling-mrt,./data/generated/street_images/860967484827947.jpg,./data/generated/segmentation_images/860967484827947.png,0,High built frontage + high pedestrian space / low greenery,0.026240030924479168,0.04018825954861111,0.14004007975260416,0.0932888454861111,0.5645836724175347,0.13266499837239584,,True,False,
residential-0061__marsiling-mrt__cp_006,residential-0061__marsiling-mrt,./data/generated/street_images/860967484827947.jpg,./data/generated/segmentation_images/860967484827947.png,0,High built frontage + high pedestrian space / low greenery,0.026240030924479168,0.04018825954861111,0.14004007975260416,0.0932888454861111,0.5645836724175347,0.13266499837239584,,True,False,
residential-0061__marsiling-mrt__cp_009,residential-0061__marsiling-mrt,./data/generated/street_images/317959153332238.jpg,./data/generated/segmentation_images/317959153332238.png,3,High greenery + high road exposure / low built frontage,0.0697970920138889,0.6888580322265625,0.1157192654079861,0.0030195448133680555,0.058858235677083336,0.04277377658420139,,True,False,
residential-0061__marsiling-mrt__cp_010,residential-0061__marsiling-mrt,./data/generated/street_images/317959153332238.jpg,./data/generated/segmentation_images/317959153332238.png,3,High greenery + high road exposure / low built frontage,0.0697970920138889,0.6888580322265625,0.1157192654079861,0.0030195448133680555,0.058858235677083336,0.04277377658420139,,True,False,
residential-0061__marsiling-mrt__cp_011,residential-0061__marsiling-mrt,./data/generated/street_images/180639670635713.jpg,./data/generated/segmentation_images/180639670635713.png,3,High greenery + high road exposure / low built frontage,0.08645460340711805,0.5075666639539931,0.2507256401909722,0.013987223307291666,0.1379513210720486,0.0005900065104166666,,True,False,
residential-0061__marsiling-mrt__cp_012,residential-0061__marsiling-mrt,./data/generated/street_images/234375391788051.jpg,./data/generated/segmentation_images/234375391788051.png,3,High greenery + high road exposure / low built frontage,0.10096232096354167,0.5519256591796875,0.14313252766927084,0.00047132703993055556,0.1687893337673611,0.016150580512152776,,True,False,
residential-0061__marsiling-mrt__cp_013,residential-0061__marsiling-mrt,./data/generated/street_images/947706999323948.jpg,./data/generated/segmentation_images/947706999323948.png,3,High greenery + high road exposure / low built frontage,0.139739990234375,0.4396938747829861,0.16810099283854166,0.005510118272569444,0.1850518120659722,0.012824164496527778,,True,False,
residential-0061__marsiling-mrt__cp_014,residential-0061__marsiling-mrt,./data/generated/street_images/142006477960296.jpg,./data/generated/segmentation_images/142006477960296.png,3,High greenery + high road exposure / low built frontage,0.1988491482204861,0.3497755262586806,0.21301099989149305,0.012900458441840278,0.09909735785590278,0.06280687120225695,,True,False,
residential-0061__marsiling-mrt__cp_015,residential-0061__marsiling-mrt,./data/generated/street_images/4149499055125806.jpg,./data/generated/segmentation_images/4149499055125806.png,1,High sky exposure + high road exposure / low greenery,0.2000918918185764,0.07948981391059028,0.1759270562065972,0.0180206298828125,0.27874755859375,0.050423516167534724,,True,False,
residential-0061__marsiling-mrt__cp_016,residential-0061__marsiling-mrt,./data/generated/street_images/2941643092787610.jpg,./data/generated/segmentation_images/2941643092787610.png,3,High greenery + high road exposure / low built frontage,0.165557861328125,0.5057373046875,0.09831407335069445,0.002966986762152778,0.17400614420572916,0.04021877712673611,,True,False,
residential-0061__marsiling-mrt__cp_017,residential-0061__marsiling-mrt,./data/generated/street_images/761225207881327.jpg,./data/generated/segmentation_images/761225207881327.png,3,High greenery + high road exposure / low built frontage,0.21363661024305555,0.50714111328125,0.15231831868489584,0.002032809787326389,0.047505696614583336,0.010225084092881944,,True,False,
residential-0061__marsiling-mrt__cp_018,residential-0061__marsiling-mrt,./data/generated/street_images/4586058868075284.jpg,./data/generated/segmentation_images/4586058868075284.png,3,High greenery + high road exposure / low built frontage,0.1285163031684028,0.3744252522786458,0.16692606608072916,0.014331393771701388,0.2843882242838542,0.013092041015625,,True,False,
residential-0061__marsiling-mrt__cp_019,residential-0061__marsiling-mrt,./data/generated/street_images/186748956561809.jpg,./data/generated/segmentation_images/186748956561809.png,1,High sky exposure + high road exposure / low greenery,0.2537468804253472,0.21290418836805555,0.227264404296875,0.0279083251953125,0.0860595703125,0.025889078776041668,,True,False,
residential-0061__marsiling-mrt__cp_020,residential-0061__marsiling-mrt,./data/generated/street_images/322084869307910.jpg,./data/generated/segmentation_images/322084869307910.png,3,High greenery + high road exposure / low built frontage,0.19171651204427084,0.5065595838758681,0.1375698513454861,0.017495049370659724,0.1210361056857639,0.005454169379340278,,True,False,
residential-0061__marsiling-mrt__cp_021,residential-0061__marsiling-mrt,./data/generated/street_images/243742627559824.jpg,./data/generated/segmentation_images/243742627559824.png,1,High sky exposure + high road exposure / low greenery,0.16429646809895834,0.2340172661675347,0.2661404079861111,0.005252414279513889,0.1632775200737847,0.16303507486979166,,True,False,
residential-0061__marsiling-mrt__cp_022,residential-0061__marsiling-mrt,./data/generated/street_images/750876532271666.jpg,./data/generated/segmentation_images/750876532271666.png,0,High built frontage + high pedestrian space / low greenery,0.2244025336371528,0.07152811686197917,0.21853129069010416,0.023261176215277776,0.3733079698350694,0.0904812282986111,,True,False,
residential-0062__stevens-mrt__cp_000,residential-0062__stevens-mrt,./data/generated/street_images/1088880651606828.jpg,./data/generated/segmentation_images/1088880651606828.png,3,High greenery + high road exposure / low built frontage,0.014479319254557291,0.8191146850585938,0.16370010375976562,0.00022252400716145834,0.0,0.0,61.85,False,False,
residential-0062__stevens-mrt__cp_001,residential-0062__stevens-mrt,./data/generated/street_images/153776690025249.jpg,./data/generated/segmentation_images/153776690025249.png,3,High greenery + high road exposure / low built frontage,0.11820348103841145,0.5028915405273438,0.17489242553710938,0.042432149251302086,0.1617889404296875,0.0,0.0,False,True,
residential-0062__stevens-mrt__cp_002,residential-0062__stevens-mrt,./data/generated/street_images/262300188918460.jpg,./data/generated/segmentation_images/262300188918460.png,3,High greenery + high road exposure / low built frontage,0.027777353922526043,0.7757377624511719,0.18261337280273438,0.00028228759765625,0.01264190673828125,0.0,0.0,False,True,
residential-0062__stevens-mrt__cp_003,residential-0062__stevens-mrt,./data/generated/street_images/279835240503423.jpg,./data/generated/segmentation_images/279835240503423.png,3,High greenery + high road exposure / low built frontage,0.1164868672688802,0.6449139912923177,0.15689214070638022,0.00289154052734375,0.017981211344401043,0.06222661336263021,57.03999999999999,False,False,
residential-0062__stevens-mrt__cp_004,residential-0062__stevens-mrt,./data/generated/street_images/312792840240218.jpg,./data/generated/segmentation_images/312792840240218.png,3,High greenery + high road exposure / low built frontage,0.1576868693033854,0.35318756103515625,0.18922932942708334,0.029755910237630207,0.21309280395507812,0.028971354166666668,118.96000000000001,False,False,
residential-0062__stevens-mrt__cp_005,residential-0062__stevens-mrt,./data/generated/street_images/136207438431217.jpg,./data/generated/segmentation_images/136207438431217.png,1,High sky exposure + high road exposure / low greenery,0.4077644348144531,0.21780522664388022,0.2004114786783854,0.013384501139322916,0.11375935872395833,0.04021453857421875,191.04,False,False,
residential-0062__stevens-mrt__cp_006,residential-0062__stevens-mrt,./data/generated/street_images/474237123897314.jpg,./data/generated/segmentation_images/474237123897314.png,1,High sky exposure + high road exposure / low greenery,0.24947992960611978,0.35639699300130206,0.19707870483398438,0.013383229573567709,0.16515986124674478,0.0,240.20000000000002,False,False,
residential-0062__stevens-mrt__cp_007,residential-0062__stevens-mrt,./data/generated/street_images/769480840601699.jpg,./data/generated/segmentation_images/769480840601699.png,3,High greenery + high road exposure / low built frontage,0.22737884521484375,0.5522626241048177,0.11802037556966145,0.01500701904296875,0.0,0.06927871704101562,347.16999999999996,False,False,
residential-0062__stevens-mrt__cp_008,residential-0062__stevens-mrt,./data/generated/street_images/274212391083625.jpg,./data/generated/segmentation_images/274212391083625.png,0,High built frontage + high pedestrian space / low greenery,0.04095119900173611,0.2179904513888889,0.291290283203125,0.07586669921875,0.2979448106553819,0.005015055338541667,369.38,False,False,
residential-0062__stevens-mrt__cp_009,residential-0062__stevens-mrt,./data/generated/street_images/4431067090254321.jpg,./data/generated/segmentation_images/4431067090254321.png,3,High greenery + high road exposure / low built frontage,0.15662638346354166,0.6438179016113281,0.13557306925455728,0.012602488199869791,0.00836181640625,0.02185821533203125,436.72,False,False,
residential-0062__stevens-mrt__cp_018,residential-0062__stevens-mrt,./data/generated/street_images/523826632114704.jpg,./data/generated/segmentation_images/523826632114704.png,3,High greenery + high road exposure / low built frontage,0.2301610310872396,0.47383371988932294,0.11530049641927083,0.009638468424479166,0.15726852416992188,0.005832672119140625,1146.02,False,False,
residential-0062__stevens-mrt__cp_019,residential-0062__stevens-mrt,./data/generated/street_images/308257897595791.jpg,./data/generated/segmentation_images/308257897595791.png,3,High greenery + high road exposure / low built frontage,0.18256632486979166,0.5473378499348959,0.1469090779622396,0.005334218343098958,0.09049733479817708,0.004136403401692708,1198.39,False,False,
residential-0062__stevens-mrt__cp_020,residential-0062__stevens-mrt,./data/generated/street_images/1841175346046282.jpg,./data/generated/segmentation_images/1841175346046282.png,2,High pedestrian space + high built frontage / low road exposure,0.005678812662760417,0.43545277913411456,0.14962895711263022,0.15175374348958334,0.1785761515299479,0.007970174153645834,1295.3200000000002,False,False,
residential-0062__stevens-mrt__cp_021,residential-0062__stevens-mrt,./data/generated/street_images/531775414871184.jpg,./data/generated/segmentation_images/531775414871184.png,1,High sky exposure + high road exposure / low greenery,0.45769500732421875,0.18757756551106772,0.15736007690429688,0.047559102376302086,0.14038467407226562,0.009805043538411459,1367.52,False,False,
residential-0062__stevens-mrt__cp_022,residential-0062__stevens-mrt,./data/generated/street_images/245018604038644.jpg,./data/generated/segmentation_images/245018604038644.png,1,High sky exposure + high road exposure / low greenery,0.4476826985677083,0.17128753662109375,0.14521662394205728,0.012929280598958334,0.2014287312825521,0.009599049886067709,1409.39,False,False,
residential-0062__stevens-mrt__cp_023,residential-0062__stevens-mrt,./data/generated/street_images/508566593833018.jpg,./data/generated/segmentation_images/508566593833018.png,0,High built frontage + high pedestrian space / low greenery,0.07371139526367188,0.11854044596354167,0.2633221944173177,0.006809234619140625,0.4557075500488281,0.011990865071614584,1470.3500000000001,False,False,
residential-0062__stevens-mrt__cp_024,residential-0062__stevens-mrt,./data/generated/street_images/370273571082149.jpg,./data/generated/segmentation_images/370273571082149.png,1,High sky exposure + high road exposure / low greenery,0.24282709757486978,0.07927449544270833,0.15826924641927084,0.008321126302083334,0.18737030029296875,0.32190195719401044,1548.7,False,False,
residential-0062__stevens-mrt__cp_025,residential-0062__stevens-mrt,./data/generated/street_images/976972903107248.jpg,./data/generated/segmentation_images/976972903107248.png,3,High greenery + high road exposure / low built frontage,0.030914306640625,0.2443627251519097,0.4564548068576389,0.008331298828125,0.13057963053385416,0.006412082248263889,1612.47,False,False,
residential-0062__stevens-mrt__cp_026,residential-0062__stevens-mrt,./data/generated/street_images/314647446742363.jpg,./data/generated/segmentation_images/314647446742363.png,1,High sky exposure + high road exposure / low greenery,0.26639048258463544,0.33628590901692706,0.09283447265625,0.03365961710611979,0.2210820515950521,0.03549830118815104,1628.7,False,False,
residential-0063__fernvale-mrt__cp_004,residential-0063__fernvale-mrt,./data/generated/street_images/481417576412645.jpg,./data/generated/segmentation_images/481417576412645.png,1,High sky exposure + high road exposure / low greenery,0.3526679144965278,0.2601199679904514,0.2685106065538194,0.022642347547743056,0.024083455403645832,0.0,49.72000000000003,True,False,
residential-0063__fernvale-mrt__cp_005,residential-0063__fernvale-mrt,./data/generated/street_images/481417576412645.jpg,./data/generated/segmentation_images/481417576412645.png,1,High sky exposure + high road exposure / low greenery,0.3526679144965278,0.2601199679904514,0.2685106065538194,0.022642347547743056,0.024083455403645832,0.0,0.0,True,True,
residential-0063__fernvale-mrt__cp_006,residential-0063__fernvale-mrt,./data/generated/street_images/273968034452057.jpg,./data/generated/segmentation_images/273968034452057.png,1,High sky exposure + high road exposure / low greenery,0.2899898952907986,0.1906772189670139,0.3204142252604167,0.0033009847005208335,0.0030534532335069445,0.0006171332465277778,0.0,True,True,
residential-0063__fernvale-mrt__cp_007,residential-0063__fernvale-mrt,./data/generated/street_images/1149130255530913.jpg,./data/generated/segmentation_images/1149130255530913.png,1,High sky exposure + high road exposure / low greenery,0.4518178304036458,0.13214111328125,0.319000244140625,0.007124159071180556,0.0786709255642361,0.0,0.0,True,True,
residential-0063__fernvale-mrt__cp_008,residential-0063__fernvale-mrt,./data/generated/street_images/2459453134200287.jpg,./data/generated/segmentation_images/2459453134200287.png,1,High sky exposure + high road exposure / low greenery,0.42034912109375,0.10137769911024305,0.1285010443793403,0.04007297092013889,0.2556644015842014,0.030682033962673612,0.0,True,True,
residential-0063__fernvale-mrt__cp_009,residential-0063__fernvale-mrt,./data/generated/street_images/370282034420451.jpg,./data/generated/segmentation_images/370282034420451.png,3,High greenery + high road exposure / low built frontage,0.1361575656467014,0.3902418348524306,0.3698323567708333,0.0089263916015625,0.07664659288194445,0.005340576171875,94.97000000000003,True,False,
residential-0063__fernvale-mrt__cp_010,residential-0063__fernvale-mrt,./data/generated/street_images/1354304391635577.jpg,./data/generated/segmentation_images/1354304391635577.png,1,High sky exposure + high road exposure / low greenery,0.4402855767144097,0.10120646158854167,0.08855183919270833,0.0003085666232638889,0.1953209771050347,0.1622585720486111,148.5,True,False,
residential-0063__fernvale-mrt__cp_011,residential-0063__fernvale-mrt,./data/generated/street_images/796442834613011.jpg,./data/generated/segmentation_images/796442834613011.png,3,High greenery + high road exposure / low built frontage,0.07807413736979167,0.3883751763237847,0.3304409450954861,0.0009358723958333334,0.16873677571614584,0.03152804904513889,249.94000000000005,True,False,
residential-0063__fernvale-mrt__cp_012,residential-0063__fernvale-mrt,./data/generated/street_images/303553344739249.jpg,./data/generated/segmentation_images/303553344739249.png,1,High sky exposure + high road exposure / low greenery,0.17818705240885416,0.1921725802951389,0.2926262749565972,0.0,0.21134779188368055,0.07613457573784722,312.5,True,False,
residential-0063__fernvale-mrt__cp_013,residential-0063__fernvale-mrt,./data/generated/street_images/523903922323785.jpg,./data/generated/segmentation_images/523903922323785.png,1,High sky exposure + high road exposure / low greenery,0.359771728515625,0.07835896809895833,0.3035532633463542,0.006084865993923611,0.17706129286024305,0.029378255208333332,393.03999999999996,True,False,
residential-0063__fernvale-mrt__cp_014,residential-0063__fernvale-mrt,./data/generated/street_images/455866365501569.jpg,./data/generated/segmentation_images/455866365501569.png,1,High sky exposure + high road exposure / low greenery,0.3754492865668403,0.0921478271484375,0.3279707166883681,0.0063018798828125,0.0736423068576389,0.03930324978298611,473.15999999999997,True,False,
residential-0063__fernvale-mrt__cp_015,residential-0063__fernvale-mrt,./data/generated/street_images/815492862409459.jpg,./data/generated/segmentation_images/815492862409459.png,1,High sky exposure + high road exposure / low greenery,0.4259558783637153,0.1935356987847222,0.2937876383463542,0.001819186740451389,0.006171332465277778,0.0052947998046875,575.44,True,False,
residential-0063__fernvale-mrt__cp_016,residential-0063__fernvale-mrt,./data/generated/street_images/923435098405902.jpg,./data/generated/segmentation_images/923435098405902.png,1,High sky exposure + high road exposure / low greenery,0.3024088541666667,0.15609571668836805,0.2939860026041667,0.013008965386284722,0.1842685275607639,0.04315355088975695,697.76,True,False,
residential-0063__fernvale-mrt__cp_017,residential-0063__fernvale-mrt,./data/generated/street_images/147916274013662.jpg,./data/generated/segmentation_images/147916274013662.png,1,High sky exposure + high road exposure / low greenery,0.15729777018229166,0.2808430989583333,0.2131076388888889,0.004353841145833333,0.14543660481770834,0.1834021674262153,760.71,True,False,
residential-0063__fernvale-mrt__cp_018,residential-0063__fernvale-mrt,./data/generated/street_images/2896722527268984.jpg,./data/generated/segmentation_images/2896722527268984.png,1,High sky exposure + high road exposure / low greenery,0.1648220486111111,0.2908511691623264,0.2795647515190972,0.010125054253472222,0.182891845703125,0.046173095703125,807.02,True,False,
residential-0063__fernvale-mrt__cp_019,residential-0063__fernvale-mrt,./data/generated/street_images/515911736214295.jpg,./data/generated/segmentation_images/515911736214295.png,3,High greenery + high road exposure / low built frontage,0.15681627061631945,0.3826514350043403,0.3071441650390625,0.012200249565972222,0.1379886203342014,0.002524481879340278,866.3599999999999,True,False,
residential-0063__fernvale-mrt__cp_020,residential-0063__fernvale-mrt,./data/generated/street_images/1621176374739514.jpg,./data/generated/segmentation_images/1621176374739514.png,3,High greenery + high road exposure / low built frontage,0.06886800130208333,0.4200015597873264,0.2897321912977431,0.030080159505208332,0.17489115397135416,0.008721245659722222,946.2,True,False,
residential-0063__fernvale-mrt__cp_021,residential-0063__fernvale-mrt,./data/generated/street_images/504453963934918.jpg,./data/generated/segmentation_images/504453963934918.png,3,High greenery + high road exposure / low built frontage,0.14277479383680555,0.4039357503255208,0.3068728976779514,0.022099812825520832,0.10218980577256945,0.017076280381944444,1031.71,True,False,
residential-0063__fernvale-mrt__cp_022,residential-0063__fernvale-mrt,./data/generated/street_images/523165838863296.jpg,./data/generated/segmentation_images/523165838863296.png,3,High greenery + high road exposure / low built frontage,0.1310967339409722,0.4810384114583333,0.3019680447048611,0.006284925672743056,0.04565768771701389,0.00286865234375,1082.07,True,False,
residential-0063__fernvale-mrt__cp_023,residential-0063__fernvale-mrt,./data/generated/street_images/346767420133592.jpg,./data/generated/segmentation_images/346767420133592.png,3,High greenery + high road exposure / low built frontage,0.060857137044270836,0.5143330891927084,0.2915751139322917,1.6954210069444445e-05,0.1253882514105903,0.0,1149.23,True,False,
residential-0063__fernvale-mrt__cp_029,residential-0063__fernvale-mrt,./data/generated/street_images/121752806635101.jpg,./data/generated/segmentation_images/121752806635101.png,0,High built frontage + high pedestrian space / low greenery,0.10579766167534722,0.3779432508680556,0.10113525390625,0.042319403754340276,0.2956780327690972,0.048041449652777776,1617.0100000000002,True,False,
residential-0063__fernvale-mrt__cp_030,residential-0063__fernvale-mrt,./data/generated/street_images/1184214395376001.jpg,./data/generated/segmentation_images/1184214395376001.png,3,High greenery + high road exposure / low built frontage,0.012891981336805556,0.5135091145833334,0.2884165445963542,0.015694512261284724,0.1176028781467014,0.009067111545138888,1671.79,True,False,
residential-0063__fernvale-mrt__cp_031,residential-0063__fernvale-mrt,./data/generated/street_images/1182704158858397.jpg,./data/generated/segmentation_images/1182704158858397.png,3,High greenery + high road exposure / low built frontage,0.11023796929253472,0.2871924506293403,0.2643280029296875,0.015036688910590278,0.1760779486762153,0.050131903754340276,1714.4,True,False,
residential-0063__fernvale-mrt__cp_032,residential-0063__fernvale-mrt,./data/generated/street_images/862219800998972.jpg,./data/generated/segmentation_images/862219800998972.png,0,High built frontage + high pedestrian space / low greenery,0.14420912000868055,0.233642578125,0.286865234375,0.030419243706597224,0.2675696478949653,0.020345052083333332,1776.0900000000001,True,False,
residential-0063__fernvale-mrt__cp_033,residential-0063__fernvale-mrt,./data/generated/street_images/4032964646738522.jpg,./data/generated/segmentation_images/4032964646738522.png,0,High built frontage + high pedestrian space / low greenery,0.0,0.0,0.0,0.0,0.5968017578125,0.0,1806.7600000000002,True,False,
residential-0063__fernvale-mrt__cp_034,residential-0063__fernvale-mrt,./data/generated/street_images/168470445213239.jpg,./data/generated/segmentation_images/168470445213239.png,0,High built frontage + high pedestrian space / low greenery,0.0,0.0,0.0,0.0,0.2530721028645833,0.0,1877.0900000000001,True,False,
residential-0063__fernvale-mrt__cp_035,residential-0063__fernvale-mrt,./data/generated/street_images/3917490891638364.jpg,./data/generated/segmentation_images/3917490891638364.png,3,High greenery + high road exposure / low built frontage,0.14219156901041666,0.3061269124348958,0.3103858100043403,0.023917304144965276,0.1793975830078125,0.008443196614583334,1914.0,True,False,
residential-0064__kovan-mrt__cp_007,residential-0064__kovan-mrt,./data/generated/street_images/280103753827032.jpg,./data/generated/segmentation_images/280103753827032.png,3,High greenery + high road exposure / low built frontage,0.039676666259765625,0.6646766662597656,0.2552350362141927,0.021788279215494793,0.0028292338053385415,0.006071726481119792,620.23,False,False,
residential-0064__kovan-mrt__cp_008,residential-0064__kovan-mrt,./data/generated/street_images/753465815314589.jpg,./data/generated/segmentation_images/753465815314589.png,3,High greenery + high road exposure / low built frontage,0.0596160888671875,0.6305135091145834,0.2714589436848958,0.027928670247395832,1.6530354817708332e-05,0.005558013916015625,535.29,False,False,
residential-0064__kovan-mrt__cp_009,residential-0064__kovan-mrt,./data/generated/street_images/496408961715577.jpg,./data/generated/segmentation_images/496408961715577.png,3,High greenery + high road exposure / low built frontage,0.0892804463704427,0.5537490844726562,0.3237317403157552,0.024728139241536457,0.0,0.008510589599609375,483.8499999999999,False,False,
residential-0064__kovan-mrt__cp_010,residential-0064__kovan-mrt,./data/generated/street_images/283332050088932.jpg,./data/generated/segmentation_images/283332050088932.png,3,High greenery + high road exposure / low built frontage,0.1425043741861979,0.509490966796875,0.09397379557291667,0.008663177490234375,8.7738037109375e-05,0.18043136596679688,430.76,False,False,
residential-0064__kovan-mrt__cp_011,residential-0064__kovan-mrt,./data/generated/street_images/1187197781714228.jpg,./data/generated/segmentation_images/1187197781714228.png,3,High greenery + high road exposure / low built frontage,0.25601832071940106,0.47074254353841144,0.2369715372721354,0.00301361083984375,0.0,0.027582804361979168,386.49,False,False,
residential-0064__kovan-mrt__cp_012,residential-0064__kovan-mrt,./data/generated/street_images/3990696291018695.jpg,./data/generated/segmentation_images/3990696291018695.png,3,High greenery + high road exposure / low built frontage,0.1051974826388889,0.5336676703559028,0.2190009223090278,0.043212890625,0.026078965928819444,0.042305840386284724,337.81999999999994,False,False,
residential-0064__kovan-mrt__cp_013,residential-0064__kovan-mrt,./data/generated/street_images/190643336105635.jpg,./data/generated/segmentation_images/190643336105635.png,3,High greenery + high road exposure / low built frontage,0.08368682861328125,0.6236546834309896,0.17716217041015625,0.008731842041015625,0.0181884765625,0.025750478108723957,286.05999999999995,False,False,
residential-0064__kovan-mrt__cp_014,residential-0064__kovan-mrt,./data/generated/street_images/493188588688884.jpg,./data/generated/segmentation_images/493188588688884.png,1,High sky exposure + high road exposure / low greenery,0.3981119791666667,0.4036119249131944,0.04751925998263889,0.0,0.0018785264756944445,0.1419406467013889,228.38,False,False,
residential-0064__kovan-mrt__cp_015,residential-0064__kovan-mrt,./data/generated/street_images/971562046951319.jpg,./data/generated/segmentation_images/971562046951319.png,3,High greenery + high road exposure / low built frontage,0.18015416463216147,0.5958442687988281,0.17408879597981772,0.0015424092610677083,0.015490214029947916,0.023291269938151043,163.18999999999994,False,False,
residential-0064__kovan-mrt__cp_016,residential-0064__kovan-mrt,./data/generated/street_images/731371940865107.jpg,./data/generated/segmentation_images/731371940865107.png,3,High greenery + high road exposure / low built frontage,0.21271642049153647,0.5269355773925781,0.20764287312825522,9.282430013020833e-05,0.006186167399088542,0.03061676025390625,50.72000000000003,False,False,
residential-0064__kovan-mrt__cp_017,residential-0064__kovan-mrt,./data/generated/street_images/314603363378593.jpg,./data/generated/segmentation_images/314603363378593.png,3,High greenery + high road exposure / low built frontage,0.14875920613606772,0.3564313252766927,0.09564844767252605,0.10599517822265625,0.13778813680013022,0.12457656860351562,0.0,False,True,
residential-0064__kovan-mrt__cp_018,residential-0064__kovan-mrt,./data/generated/street_images/2958258411081787.jpg,./data/generated/segmentation_images/2958258411081787.png,1,High sky exposure + high road exposure / low greenery,0.3857150607638889,0.2807345920138889,0.1583624945746528,0.014958699544270834,0.059290568033854164,0.09874131944444445,0.0,False,True,
residential-0064__kovan-mrt__cp_019,residential-0064__kovan-mrt,./data/generated/street_images/1325636811152592.jpg,./data/generated/segmentation_images/1325636811152592.png,3,High greenery + high road exposure / low built frontage,0.0977325439453125,0.6151292588975694,0.2453087700737847,0.001812405056423611,0.03999498155381945,0.0,0.0,False,True,
residential-0065__ang-mo-kio-mrt__cp_006,residential-0065__ang-mo-kio-mrt,./data/generated/street_images/1220097305055047.jpg,./data/generated/segmentation_images/1220097305055047.png,2,High pedestrian space + high built frontage / low road exposure,0.06365585327148438,0.056125640869140625,0.08423487345377605,0.15474065144856772,0.3451805114746094,0.2144495646158854,,False,False,
residential-0065__ang-mo-kio-mrt__cp_007,residential-0065__ang-mo-kio-mrt,./data/generated/street_images/1220097305055047.jpg,./data/generated/segmentation_images/1220097305055047.png,2,High pedestrian space + high built frontage / low road exposure,0.06365585327148438,0.056125640869140625,0.08423487345377605,0.15474065144856772,0.3451805114746094,0.2144495646158854,,False,False,
residential-0065__ang-mo-kio-mrt__cp_008,residential-0065__ang-mo-kio-mrt,./data/generated/street_images/881175441233278.jpg,./data/generated/segmentation_images/881175441233278.png,1,High sky exposure + high road exposure / low greenery,0.2522735595703125,0.1335669623480903,0.1669854058159722,0.007710774739583333,0.2715115017361111,0.13817850748697916,,False,False,
residential-0065__ang-mo-kio-mrt__cp_009,residential-0065__ang-mo-kio-mrt,./data/generated/street_images/306269140939512.jpg,./data/generated/segmentation_images/306269140939512.png,0,High built frontage + high pedestrian space / low greenery,0.07990858289930555,0.164215087890625,0.2924719916449653,0.004241943359375,0.3706631130642361,0.0,,False,False,
residential-0065__ang-mo-kio-mrt__cp_010,residential-0065__ang-mo-kio-mrt,./data/generated/street_images/156899016379452.jpg,./data/generated/segmentation_images/156899016379452.png,0,High built frontage + high pedestrian space / low greenery,0.06201171875,0.2148674858940972,0.2699500189887153,0.05956692165798611,0.3596140543619792,0.0011766221788194445,,False,False,
residential-0066__aljunied-mrt__cp_000,residential-0066__aljunied-mrt,./data/generated/street_images/479452749944014.jpg,./data/generated/segmentation_images/479452749944014.png,0,High built frontage + high pedestrian space / low greenery,0.0,0.0796847873263889,0.20259263780381945,0.019543117947048612,0.6018524169921875,0.088775634765625,,False,False,
residential-0066__aljunied-mrt__cp_001,residential-0066__aljunied-mrt,./data/generated/street_images/4051506871561818.jpg,./data/generated/segmentation_images/4051506871561818.png,0,High built frontage + high pedestrian space / low greenery,0.11447652180989583,0.14753214518229166,0.2164832221137153,0.050774468315972224,0.3573269314236111,0.05131361219618055,,False,False,
residential-0066__aljunied-mrt__cp_002,residential-0066__aljunied-mrt,./data/generated/street_images/164223705710468.jpg,./data/generated/segmentation_images/164223705710468.png,3,High greenery + high road exposure / low built frontage,0.12346903483072917,0.2719523111979167,0.22822401258680555,0.009089152018229166,0.2360195583767361,0.053353203667534724,,False,False,
residential-0066__aljunied-mrt__cp_003,residential-0066__aljunied-mrt,./data/generated/street_images/138948074951175.jpg,./data/generated/segmentation_images/138948074951175.png,3,High greenery + high road exposure / low built frontage,0.07029215494791667,0.3841756184895833,0.2035285101996528,0.008460150824652778,0.267364501953125,0.059382120768229164,,False,False,
residential-0066__aljunied-mrt__cp_004,residential-0066__aljunied-mrt,./data/generated/street_images/4991818147499230.jpg,./data/generated/segmentation_images/4991818147499230.png,0,High built frontage + high pedestrian space / low greenery,0.1348758273654514,0.2869737413194444,0.18931070963541666,0.0706448025173611,0.2878977457682292,0.0,,False,False,
residential-0066__aljunied-mrt__cp_005,residential-0066__aljunied-mrt,./data/generated/street_images/4991818147499230.jpg,./data/generated/segmentation_images/4991818147499230.png,0,High built frontage + high pedestrian space / low greenery,0.1348758273654514,0.2869737413194444,0.18931070963541666,0.0706448025173611,0.2878977457682292,0.0,,False,False,
residential-0066__aljunied-mrt__cp_006,residential-0066__aljunied-mrt,./data/generated/street_images/216860416696383.jpg,./data/generated/segmentation_images/216860416696383.png,3,High greenery + high road exposure / low built frontage,0.09222412109375,0.5759192572699653,0.18300882975260416,0.006522284613715278,0.09495713975694445,0.00115966796875,,False,False,
residential-0066__aljunied-mrt__cp_007,residential-0066__aljunied-mrt,./data/generated/street_images/596944985033443.jpg,./data/generated/segmentation_images/596944985033443.png,3,High greenery + high road exposure / low built frontage,0.1458960639105903,0.54193115234375,0.12799241807725695,0.004589504665798611,0.1045566134982639,0.05647108289930555,,False,False,
residential-0066__aljunied-mrt__cp_008,residential-0066__aljunied-mrt,./data/generated/street_images/487423612488987.jpg,./data/generated/segmentation_images/487423612488987.png,3,High greenery + high road exposure / low built frontage,0.12372673882378472,0.4058770073784722,0.3304545084635417,0.027079264322916668,0.045827229817708336,0.038567437065972224,,False,False,
residential-0066__aljunied-mrt__cp_009,residential-0066__aljunied-mrt,./data/generated/street_images/3734519750010279.jpg,./data/generated/segmentation_images/3734519750010279.png,1,High sky exposure + high road exposure / low greenery,0.3771938747829861,0.025678846571180556,0.0741763644748264,0.05888027615017361,0.3352339002821181,0.06817118326822917,,False,False,
residential-0066__aljunied-mrt__cp_010,residential-0066__aljunied-mrt,./data/generated/street_images/901896653876592.jpg,./data/generated/segmentation_images/901896653876592.png,0,High built frontage + high pedestrian space / low greenery,0.23263380262586805,0.15887281629774305,0.09906514485677083,0.019944932725694444,0.3332994249131944,0.07890150282118055,,False,False,
residential-0066__aljunied-mrt__cp_011,residential-0066__aljunied-mrt,./data/generated/street_images/1692164297637165.jpg,./data/generated/segmentation_images/1692164297637165.png,3,High greenery + high road exposure / low built frontage,0.08762444390190972,0.4836764865451389,0.1558312310112847,0.0066070556640625,0.1496497260199653,0.0987430148654514,,False,False,
residential-0066__aljunied-mrt__cp_012,residential-0066__aljunied-mrt,./data/generated/street_images/931259041032642.jpg,./data/generated/segmentation_images/931259041032642.png,0,High built frontage + high pedestrian space / low greenery,0.22072822465492623,0.286454734816498,0.0,0.0,0.28539021356957517,0.0,,False,False,
residential-0067__senja-mrt__cp_000,residential-0067__senja-mrt,./data/generated/street_images/2237564716409632.jpg,./data/generated/segmentation_images/2237564716409632.png,0,High built frontage + high pedestrian space / low greenery,0.013125949435763888,0.3217705620659722,0.007809109157986111,0.0663486056857639,0.5161997477213541,0.06793043348524305,,False,False,
residential-0067__senja-mrt__cp_001,residential-0067__senja-mrt,./data/generated/street_images/323624742494896.jpg,./data/generated/segmentation_images/323624742494896.png,3,High greenery + high road exposure / low built frontage,0.0081634521484375,0.5203535291883681,0.0214691162109375,0.0030721028645833335,0.3547736273871528,0.032555474175347224,,False,False,
residential-0067__senja-mrt__cp_002,residential-0067__senja-mrt,./data/generated/street_images/479199399861458.jpg,./data/generated/segmentation_images/479199399861458.png,0,High built frontage + high pedestrian space / low greenery,0.0706634521484375,0.4190860324435764,0.08108350965711805,0.015852186414930556,0.4102223714192708,0.0,,False,False,
residential-0067__senja-mrt__cp_003,residential-0067__senja-mrt,./data/generated/street_images/808664916713842.jpg,./data/generated/segmentation_images/808664916713842.png,1,High sky exposure + high road exposure / low greenery,0.3053741455078125,0.3467322455512153,0.0826297336154514,0.011479695638020834,0.2332339816623264,0.0002933078342013889,,False,False,
residential-0067__senja-mrt__cp_004,residential-0067__senja-mrt,./data/generated/street_images/521775968840492.jpg,./data/generated/segmentation_images/521775968840492.png,0,High built frontage + high pedestrian space / low greenery,0.2522006564670139,0.2172919379340278,0.023325602213541668,0.005852593315972222,0.4696333143446181,0.0,,False,False,
residential-0067__senja-mrt__cp_005,residential-0067__senja-mrt,./data/generated/street_images/493883308592329.jpg,./data/generated/segmentation_images/493883308592329.png,0,High built frontage + high pedestrian space / low greenery,0.12096489800347222,0.2995062934027778,0.060826619466145836,0.022974650065104168,0.4460262722439236,0.0,,False,False,
residential-0067__senja-mrt__cp_006,residential-0067__senja-mrt,./data/generated/street_images/157018439756073.jpg,./data/generated/segmentation_images/157018439756073.png,0,High built frontage + high pedestrian space / low greenery,0.17626953125,0.2620052761501736,0.0751461452907986,0.0313568115234375,0.4429829915364583,0.009852091471354166,,False,False,
residential-0067__senja-mrt__cp_007,residential-0067__senja-mrt,./data/generated/street_images/165836125485525.jpg,./data/generated/segmentation_images/165836125485525.png,3,High greenery + high road exposure / low built frontage,0.10497877332899305,0.4827558729383681,0.07126702202690972,0.020287407769097224,0.2685055202907986,0.0,,False,False,
residential-0067__senja-mrt__cp_008,residential-0067__senja-mrt,./data/generated/street_images/2945540045727238.jpg,./data/generated/segmentation_images/2945540045727238.png,0,High built frontage + high pedestrian space / low greenery,0.1449245876736111,0.3779381646050347,0.07349989149305555,0.029330783420138888,0.3448164198133681,4.57763671875e-05,,False,False,
residential-0067__senja-mrt__cp_009,residential-0067__senja-mrt,./data/generated/street_images/473953527204610.jpg,./data/generated/segmentation_images/473953527204610.png,0,High built frontage + high pedestrian space / low greenery,0.2280765109592014,0.19481404622395834,0.06204562717013889,0.029234144422743056,0.3120032416449653,0.07590230305989583,,False,False,
residential-0067__senja-mrt__cp_010,residential-0067__senja-mrt,./data/generated/street_images/473953527204610.jpg,./data/generated/segmentation_images/473953527204610.png,0,High built frontage + high pedestrian space / low greenery,0.2280765109592014,0.19481404622395834,0.06204562717013889,0.029234144422743056,0.3120032416449653,0.07590230305989583,,False,False,
residential-0068__ubi-mrt__cp_010,residential-0068__ubi-mrt,./data/generated/street_images/151054150368279.jpg,./data/generated/segmentation_images/151054150368279.png,1,High sky exposure + high road exposure / low greenery,0.5314907497829862,0.007437811957465278,0.0947723388671875,0.020077175564236112,0.21011522081163195,0.1304100884331597,,False,False,
residential-0068__ubi-mrt__cp_011,residential-0068__ubi-mrt,./data/generated/street_images/151054150368279.jpg,./data/generated/segmentation_images/151054150368279.png,1,High sky exposure + high road exposure / low greenery,0.5314907497829862,0.007437811957465278,0.0947723388671875,0.020077175564236112,0.21011522081163195,0.1304100884331597,,False,False,
residential-0068__ubi-mrt__cp_012,residential-0068__ubi-mrt,./data/generated/street_images/983523532421011.jpg,./data/generated/segmentation_images/983523532421011.png,1,High sky exposure + high road exposure / low greenery,0.4889916314019097,0.04037136501736111,0.031285603841145836,0.0006306966145833334,0.22600809733072916,0.1732516818576389,,False,False,
residential-0069__telok-blangah-mrt__cp_003,residential-0069__telok-blangah-mrt,./data/generated/street_images/1258262444983332.jpg,./data/generated/segmentation_images/1258262444983332.png,3,High greenery + high road exposure / low built frontage,0.06623458862304688,0.5952898661295573,0.2762921651204427,0.0139617919921875,0.029944101969401043,0.013500213623046875,,False,False,
residential-0069__telok-blangah-mrt__cp_004,residential-0069__telok-blangah-mrt,./data/generated/street_images/1258262444983332.jpg,./data/generated/segmentation_images/1258262444983332.png,3,High greenery + high road exposure / low built frontage,0.06623458862304688,0.5952898661295573,0.2762921651204427,0.0139617919921875,0.029944101969401043,0.013500213623046875,,False,False,
residential-0069__telok-blangah-mrt__cp_005,residential-0069__telok-blangah-mrt,./data/generated/street_images/832661920693460.jpg,./data/generated/segmentation_images/832661920693460.png,3,High greenery + high road exposure / low built frontage,0.17103407118055555,0.67724609375,0.0004916720920138889,0.0,0.021223280164930556,0.011757744683159722,,False,False,
residential-0069__telok-blangah-mrt__cp_006,residential-0069__telok-blangah-mrt,./data/generated/street_images/481579543066408.jpg,./data/generated/segmentation_images/481579543066408.png,0,High built frontage + high pedestrian space / low greenery,0.012088351779513888,0.2897610134548611,0.2364586724175347,0.053139580620659724,0.4033847384982639,0.0,,False,False,
residential-0069__telok-blangah-mrt__cp_007,residential-0069__telok-blangah-mrt,./data/generated/street_images/302273591402192.jpg,./data/generated/segmentation_images/302273591402192.png,3,High greenery + high road exposure / low built frontage,0.0019696553548177085,0.39940134684244794,0.2607587178548177,0.001556396484375,0.3050346374511719,0.015402475992838541,,False,False,
residential-0069__telok-blangah-mrt__cp_008,residential-0069__telok-blangah-mrt,./data/generated/street_images/303520741260040.jpg,./data/generated/segmentation_images/303520741260040.png,0,High built frontage + high pedestrian space / low greenery,0.0028788248697916665,0.3065575493706597,0.2052951388888889,0.016971164279513888,0.4714575873480903,0.0,,False,False,
residential-0069__telok-blangah-mrt__cp_009,residential-0069__telok-blangah-mrt,./data/generated/street_images/3469102566656764.jpg,./data/generated/segmentation_images/3469102566656764.png,2,High pedestrian space + high built frontage / low road exposure,0.08812967936197917,0.39469655354817706,0.0,0.2229283650716146,0.28297678629557294,0.009553273518880209,,False,False,
residential-0069__telok-blangah-mrt__cp_010,residential-0069__telok-blangah-mrt,./data/generated/street_images/3059628070999912.jpg,./data/generated/segmentation_images/3059628070999912.png,2,High pedestrian space + high built frontage / low road exposure,0.10596211751302083,0.12993240356445312,0.07803980509440105,0.14063390096028647,0.4066925048828125,0.00351715087890625,,False,False,
residential-0069__telok-blangah-mrt__cp_011,residential-0069__telok-blangah-mrt,./data/generated/street_images/1103873252576100.jpg,./data/generated/segmentation_images/1103873252576100.png,0,High built frontage + high pedestrian space / low greenery,0.09375635782877605,0.22016398111979166,0.13336944580078125,0.056798299153645836,0.2875200907389323,0.11926905314127605,,False,False,
residential-0069__telok-blangah-mrt__cp_012,residential-0069__telok-blangah-mrt,./data/generated/street_images/1851298175207559.jpg,./data/generated/segmentation_images/1851298175207559.png,0,High built frontage + high pedestrian space / low greenery,0.04707972208658854,0.3149973551432292,0.3126538594563802,0.0030492146809895835,0.31427764892578125,0.006717681884765625,,False,False,
residential-0070__yishun-mrt__cp_001,residential-0070__yishun-mrt,./data/generated/street_images/318292143252882.jpg,./data/generated/segmentation_images/318292143252882.png,1,High sky exposure + high road exposure / low greenery,0.2432064480251736,0.3619944254557292,0.1290520562065972,0.005839029947916667,0.20452880859375,0.031441582573784724,,True,False,
residential-0070__yishun-mrt__cp_005,residential-0070__yishun-mrt,./data/generated/street_images/4093844984065025.jpg,./data/generated/segmentation_images/4093844984065025.png,2,High pedestrian space + high built frontage / low road exposure,0.0929272969563802,0.47245152791341144,0.03753534952799479,0.2838134765625,0.03996149698893229,0.003101348876953125,,True,False,
residential-0070__yishun-mrt__cp_006,residential-0070__yishun-mrt,./data/generated/street_images/1383569335343510.jpg,./data/generated/segmentation_images/1383569335343510.png,0,High built frontage + high pedestrian space / low greenery,0.0,0.30116526285807294,0.0,0.0,0.6988347371419271,0.0,,True,False,
residential-0070__yishun-mrt__cp_007,residential-0070__yishun-mrt,./data/generated/street_images/130396519107176.jpg,./data/generated/segmentation_images/130396519107176.png,2,High pedestrian space + high built frontage / low road exposure,0.001705169677734375,0.5443687438964844,0.0,0.24759292602539062,0.20182291666666666,0.0,,True,False,
residential-0070__yishun-mrt__cp_008,residential-0070__yishun-mrt,./data/generated/street_images/972760243300872.jpg,./data/generated/segmentation_images/972760243300872.png,3,High greenery + high road exposure / low built frontage,0.0,0.30590565999348956,0.45021947224934894,0.08981831868489583,0.08609644571940105,0.00466156005859375,,True,False,
residential-0070__yishun-mrt__cp_009,residential-0070__yishun-mrt,./data/generated/street_images/316286026791553.jpg,./data/generated/segmentation_images/316286026791553.png,3,High greenery + high road exposure / low built frontage,0.23897806803385416,0.4030965169270833,0.1763390435112847,0.007905748155381944,0.10712348090277778,0.0558929443359375,,True,False,
residential-0070__yishun-mrt__cp_010,residential-0070__yishun-mrt,./data/generated/street_images/161753645871948.jpg,./data/generated/segmentation_images/161753645871948.png,0,High built frontage + high pedestrian space / low greenery,0.0017725626627604167,0.3882700602213542,0.0010083516438802083,0.022984822591145832,0.5573654174804688,0.0,,True,False,
residential-0070__yishun-mrt__cp_011,residential-0070__yishun-mrt,./data/generated/street_images/761708691199246.jpg,./data/generated/segmentation_images/761708691199246.png,1,High sky exposure + high road exposure / low greenery,0.3231404622395833,0.1676457722981771,0.2948265075683594,0.006017049153645833,0.13624191284179688,0.07150522867838542,,True,False,
residential-0070__yishun-mrt__cp_012,residential-0070__yishun-mrt,./data/generated/street_images/258220796082079.jpg,./data/generated/segmentation_images/258220796082079.png,1,High sky exposure + high road exposure / low greenery,0.3290863037109375,0.196258544921875,0.04628329806857639,0.007800632052951389,0.2877451578776042,0.13067626953125,,True,False,
residential-0070__yishun-mrt__cp_013,residential-0070__yishun-mrt,./data/generated/street_images/258220796082079.jpg,./data/generated/segmentation_images/258220796082079.png,1,High sky exposure + high road exposure / low greenery,0.3290863037109375,0.196258544921875,0.04628329806857639,0.007800632052951389,0.2877451578776042,0.13067626953125,,True,False,
residential-0070__yishun-mrt__cp_014,residential-0070__yishun-mrt,./data/generated/street_images/954040735342817.jpg,./data/generated/segmentation_images/954040735342817.png,0,High built frontage + high pedestrian space / low greenery,0.023883395724826388,0.2635650634765625,0.2542758517795139,0.057396782769097224,0.3329433865017361,0.06225416395399305,,True,False,
residential-0070__yishun-mrt__cp_015,residential-0070__yishun-mrt,./data/generated/street_images/182160940435832.jpg,./data/generated/segmentation_images/182160940435832.png,4,High vehicle presence + high road exposure / low greenery,0.017937554253472224,0.018917507595486112,0.05215623643663195,0.0,0.0,0.9109887017144097,,True,False,
residential-0070__yishun-mrt__cp_016,residential-0070__yishun-mrt,./data/generated/street_images/314824186701724.jpg,./data/generated/segmentation_images/314824186701724.png,1,High sky exposure + high road exposure / low greenery,0.2260403103298611,0.0780673556857639,0.3345235188802083,0.022223578559027776,0.3223775227864583,0.0100860595703125,,True,False,
residential-0070__yishun-mrt__cp_017,residential-0070__yishun-mrt,./data/generated/street_images/268648964985531.jpg,./data/generated/segmentation_images/268648964985531.png,0,High built frontage + high pedestrian space / low greenery,0.002204047309027778,0.022269354926215276,0.2522396511501736,0.10093180338541667,0.5885348849826388,0.0,,True,False,
residential-0070__yishun-mrt__cp_018,residential-0070__yishun-mrt,./data/generated/street_images/413028753430552.jpg,./data/generated/segmentation_images/413028753430552.png,0,High built frontage + high pedestrian space / low greenery,0.007476806640625,0.03925916883680555,0.2359992133246528,0.1364864773220486,0.5310889350043403,0.0,,True,False,
residential-0071__lakeside-mrt__cp_002,residential-0071__lakeside-mrt,./data/generated/street_images/805963916972186.jpg,./data/generated/segmentation_images/805963916972186.png,3,High greenery + high road exposure / low built frontage,0.0648922390407986,0.3251325819227431,0.020321316189236112,0.011628892686631944,0.1879543728298611,4.916720920138889e-05,,False,False,
residential-0071__lakeside-mrt__cp_003,residential-0071__lakeside-mrt,./data/generated/street_images/805963916972186.jpg,./data/generated/segmentation_images/805963916972186.png,3,High greenery + high road exposure / low built frontage,0.0648922390407986,0.3251325819227431,0.020321316189236112,0.011628892686631944,0.1879543728298611,4.916720920138889e-05,,False,False,
residential-0071__lakeside-mrt__cp_004,residential-0071__lakeside-mrt,./data/generated/street_images/1178369609277902.jpg,./data/generated/segmentation_images/1178369609277902.png,3,High greenery + high road exposure / low built frontage,0.05142550998263889,0.3412390814887153,0.1809607611762153,0.06728278266059028,0.1714969211154514,1.3563368055555555e-05,,False,False,
residential-0071__lakeside-mrt__cp_005,residential-0071__lakeside-mrt,./data/generated/street_images/210206250691676.jpg,./data/generated/segmentation_images/210206250691676.png,0,High built frontage + high pedestrian space / low greenery,0.12541029188368055,0.2589925130208333,0.11427137586805555,0.043121337890625,0.3716023763020833,0.07452223036024305,,False,False,
residential-0071__lakeside-mrt__cp_006,residential-0071__lakeside-mrt,./data/generated/street_images/144225507623030.jpg,./data/generated/segmentation_images/144225507623030.png,1,High sky exposure + high road exposure / low greenery,0.2989688449435764,0.3056708441840278,0.08477613661024305,0.030588785807291668,0.0856136745876736,0.15442403157552084,,False,False,
residential-0071__lakeside-mrt__cp_007,residential-0071__lakeside-mrt,./data/generated/street_images/309383327422209.jpg,./data/generated/segmentation_images/309383327422209.png,0,High built frontage + high pedestrian space / low greenery,0.14892747667100695,0.2573564317491319,0.039666069878472224,0.04957241482204861,0.2525346544053819,0.2316402859157986,,False,False,
residential-0071__lakeside-mrt__cp_008,residential-0071__lakeside-mrt,./data/generated/street_images/485735205977418.jpg,./data/generated/segmentation_images/485735205977418.png,0,High built frontage + high pedestrian space / low greenery,0.191680908203125,0.2692684597439236,0.134521484375,0.040885077582465276,0.3078138563368056,0.05265638563368055,,False,False,
residential-0071__lakeside-mrt__cp_009,residential-0071__lakeside-mrt,./data/generated/street_images/136880688461698.jpg,./data/generated/segmentation_images/136880688461698.png,0,High built frontage + high pedestrian space / low greenery,0.18492296006944445,0.025232950846354168,0.3175642225477431,0.06153530544704861,0.3563401963975694,0.0,,False,False,
residential-0071__lakeside-mrt__cp_010,residential-0071__lakeside-mrt,./data/generated/street_images/947876465987767.jpg,./data/generated/segmentation_images/947876465987767.png,2,High pedestrian space + high built frontage / low road exposure,0.1529693603515625,0.17441304524739584,0.05978732638888889,0.2703433566623264,0.2052883572048611,0.03556484646267361,,False,False,
residential-0071__lakeside-mrt__cp_011,residential-0071__lakeside-mrt,./data/generated/street_images/502376937784550.jpg,./data/generated/segmentation_images/502376937784550.png,3,High greenery + high road exposure / low built frontage,0.023423936631944444,0.6157938639322916,0.1329888237847222,0.0139312744140625,0.187164306640625,0.0,,False,False,
residential-0071__lakeside-mrt__cp_012,residential-0071__lakeside-mrt,./data/generated/street_images/3769707373152287.jpg,./data/generated/segmentation_images/3769707373152287.png,3,High greenery + high road exposure / low built frontage,0.0836639404296875,0.4998508029513889,0.1886359320746528,0.06971062554253472,0.007854885525173612,0.002239651150173611,,False,False,
residential-0071__lakeside-mrt__cp_013,residential-0071__lakeside-mrt,./data/generated/street_images/470183927388292.jpg,./data/generated/segmentation_images/470183927388292.png,1,High sky exposure + high road exposure / low greenery,0.2776319715711806,0.2439117431640625,0.1333075629340278,0.05408053927951389,0.21544392903645834,0.06465996636284722,,False,False,
residential-0071__lakeside-mrt__cp_014,residential-0071__lakeside-mrt,./data/generated/street_images/2897924187090717.jpg,./data/generated/segmentation_images/2897924187090717.png,1,High sky exposure + high road exposure / low greenery,0.2687869601779514,0.3144209120008681,0.11088731553819445,0.0795254177517361,0.15941026475694445,0.06366475423177083,,False,False,
residential-0071__lakeside-mrt__cp_015,residential-0071__lakeside-mrt,./data/generated/street_images/939337953574612.jpg,./data/generated/segmentation_images/939337953574612.png,3,High greenery + high road exposure / low built frontage,0.192291259765625,0.4533487955729167,0.11751810709635417,0.015740288628472224,0.1697625054253472,0.048970540364583336,,False,False,
residential-0071__lakeside-mrt__cp_016,residential-0071__lakeside-mrt,./data/generated/street_images/400897347552046.jpg,./data/generated/segmentation_images/400897347552046.png,3,High greenery + high road exposure / low built frontage,0.17725626627604166,0.4625091552734375,0.0442352294921875,0.040198432074652776,0.1791229248046875,0.09669664171006945,,False,False,
residential-0071__lakeside-mrt__cp_017,residential-0071__lakeside-mrt,./data/generated/street_images/169961631606705.jpg,./data/generated/segmentation_images/169961631606705.png,1,High sky exposure + high road exposure / low greenery,0.2488437228732639,0.3320668538411458,0.1485968695746528,0.041814168294270836,0.16796705457899305,0.047231038411458336,,False,False,
residential-0071__lakeside-mrt__cp_018,residential-0071__lakeside-mrt,./data/generated/street_images/283914650126370.jpg,./data/generated/segmentation_images/283914650126370.png,1,High sky exposure + high road exposure / low greenery,0.2896847195095486,0.21931966145833334,0.2053917778862847,0.03228759765625,0.1976894802517361,0.0023091634114583335,,False,False,
residential-0071__lakeside-mrt__cp_019,residential-0071__lakeside-mrt,./data/generated/street_images/473788273703960.jpg,./data/generated/segmentation_images/473788273703960.png,1,High sky exposure + high road exposure / low greenery,0.21631368001302084,0.19595845540364584,0.2985721164279514,0.005430433485243056,0.24148390028211805,0.03303188747829861,,False,False,
residential-0071__lakeside-mrt__cp_020,residential-0071__lakeside-mrt,./data/generated/street_images/473788273703960.jpg,./data/generated/segmentation_images/473788273703960.png,1,High sky exposure + high road exposure / low greenery,0.21631368001302084,0.19595845540364584,0.2985721164279514,0.005430433485243056,0.24148390028211805,0.03303188747829861,,False,False,
residential-0071__lakeside-mrt__cp_021,residential-0071__lakeside-mrt,./data/generated/street_images/1652211775689166.jpg,./data/generated/segmentation_images/1652211775689166.png,2,High pedestrian space + high built frontage / low road exposure,0.1695988972981771,0.13897705078125,0.24989446004231772,0.1577173868815104,0.1500396728515625,0.05316925048828125,,False,False,
residential-0071__lakeside-mrt__cp_022,residential-0071__lakeside-mrt,./data/generated/street_images/5438474796226433.jpg,./data/generated/segmentation_images/5438474796226433.png,0,High built frontage + high pedestrian space / low greenery,0.19979688856336805,0.3135443793402778,0.05359056260850695,0.07010735405815972,0.3409627278645833,0.0,,False,False,
residential-0071__lakeside-mrt__cp_023,residential-0071__lakeside-mrt,./data/generated/street_images/506987175747468.jpg,./data/generated/segmentation_images/506987175747468.png,2,High pedestrian space + high built frontage / low road exposure,0.15652592976888022,0.17577107747395834,0.0,0.10629908243815105,0.24935150146484375,0.0,,False,False,
residential-0072__boon-lay-mrt__cp_003,residential-0072__boon-lay-mrt,./data/generated/street_images/220939986123401.jpg,./data/generated/segmentation_images/220939986123401.png,3,High greenery + high road exposure / low built frontage,0.004082573784722222,0.6863505045572916,0.018917507595486112,0.0039215087890625,0.24777730305989584,0.0,,False,False,
residential-0072__boon-lay-mrt__cp_004,residential-0072__boon-lay-mrt,./data/generated/street_images/296455651956163.jpg,./data/generated/segmentation_images/296455651956163.png,4,High vehicle presence + high road exposure / low greenery,0.0,0.0809173583984375,0.10539754231770833,0.003044976128472222,0.0942654079861111,0.7163747151692709,,False,False,
residential-0072__boon-lay-mrt__cp_005,residential-0072__boon-lay-mrt,./data/generated/street_images/282895956892734.jpg,./data/generated/segmentation_images/282895956892734.png,0,High built frontage + high pedestrian space / low greenery,0.0,0.2287868923611111,0.2562984890407986,0.0883297390407986,0.4175194634331597,0.0,,False,False,
residential-0072__boon-lay-mrt__cp_006,residential-0072__boon-lay-mrt,./data/generated/street_images/370584377693712.jpg,./data/generated/segmentation_images/370584377693712.png,0,High built frontage + high pedestrian space / low greenery,0.21432325575086805,0.186737060546875,0.1671786838107639,0.024610731336805556,0.3254292805989583,0.018581814236111112,,False,False,
residential-0072__boon-lay-mrt__cp_007,residential-0072__boon-lay-mrt,./data/generated/street_images/466101734657225.jpg,./data/generated/segmentation_images/466101734657225.png,2,High pedestrian space + high built frontage / low road exposure,0.0,0.3621504041883681,0.05369398328993055,0.1437564425998264,0.3504740397135417,0.0,,False,False,
residential-0072__boon-lay-mrt__cp_009,residential-0072__boon-lay-mrt,./data/generated/street_images/472721923835604.jpg,./data/generated/segmentation_images/472721923835604.png,3,High greenery + high road exposure / low built frontage,0.1932135687934028,0.3404964870876736,0.2511664496527778,0.023659600151909724,0.1439327663845486,0.018280029296875,,False,False,
residential-0072__boon-lay-mrt__cp_010,residential-0072__boon-lay-mrt,./data/generated/street_images/472721923835604.jpg,./data/generated/segmentation_images/472721923835604.png,3,High greenery + high road exposure / low built frontage,0.1932135687934028,0.3404964870876736,0.2511664496527778,0.023659600151909724,0.1439327663845486,0.018280029296875,,False,False,
residential-0072__boon-lay-mrt__cp_011,residential-0072__boon-lay-mrt,./data/generated/street_images/472721923835604.jpg,./data/generated/segmentation_images/472721923835604.png,3,High greenery + high road exposure / low built frontage,0.1932135687934028,0.3404964870876736,0.2511664496527778,0.023659600151909724,0.1439327663845486,0.018280029296875,,False,False,
residential-0072__boon-lay-mrt__cp_012,residential-0072__boon-lay-mrt,./data/generated/street_images/2101973819944436.jpg,./data/generated/segmentation_images/2101973819944436.png,3,High greenery + high road exposure / low built frontage,0.17544725206163195,0.4321204291449653,0.12259419759114583,0.028647528754340276,0.2135399712456597,3.3908420138888887e-06,,False,False,
residential-0072__boon-lay-mrt__cp_013,residential-0072__boon-lay-mrt,./data/generated/street_images/213464097079269.jpg,./data/generated/segmentation_images/213464097079269.png,3,High greenery + high road exposure / low built frontage,0.11017693413628472,0.3953840467664931,0.22520616319444445,0.030653211805555556,0.14063517252604166,0.09733751085069445,,False,False,
residential-0072__boon-lay-mrt__cp_014,residential-0072__boon-lay-mrt,./data/generated/street_images/2199737526835844.jpg,./data/generated/segmentation_images/2199737526835844.png,0,High built frontage + high pedestrian space / low greenery,0.12420654296875,0.05310228135850695,0.3114997016059028,0.010255601671006944,0.4527265760633681,0.041890462239583336,,False,False,
residential-0072__boon-lay-mrt__cp_015,residential-0072__boon-lay-mrt,./data/generated/street_images/162763535797346.jpg,./data/generated/segmentation_images/162763535797346.png,0,High built frontage + high pedestrian space / low greenery,0.11388142903645833,0.023139105902777776,0.2903951009114583,0.044611612955729164,0.5053897433810763,0.0,,False,False,
residential-0072__boon-lay-mrt__cp_016,residential-0072__boon-lay-mrt,./data/generated/street_images/125255876246550.jpg,./data/generated/segmentation_images/125255876246550.png,1,High sky exposure + high road exposure / low greenery,0.2408972846137153,0.070220947265625,0.2860633002387153,0.0594940185546875,0.3202599419487847,0.0,,False,False,
residential-0073__toa-payoh-mrt__cp_000,residential-0073__toa-payoh-mrt,./data/generated/street_images/839894616925440.jpg,./data/generated/segmentation_images/839894616925440.png,0,High built frontage + high pedestrian space / low greenery,0.045069376627604164,0.02362060546875,0.21011861165364584,0.0687289767795139,0.5388387044270834,0.10226270887586805,,False,False,
residential-0073__toa-payoh-mrt__cp_001,residential-0073__toa-payoh-mrt,./data/generated/street_images/528593661841766.jpg,./data/generated/segmentation_images/528593661841766.png,0,High built frontage + high pedestrian space / low greenery,0.04083082411024305,0.0647243923611111,0.22223069932725695,0.005282931857638889,0.5164082845052084,0.15028889973958334,,False,False,
residential-0073__toa-payoh-mrt__cp_002,residential-0073__toa-payoh-mrt,./data/generated/street_images/875407283040559.jpg,./data/generated/segmentation_images/875407283040559.png,0,High built frontage + high pedestrian space / low greenery,0.07311842176649305,0.058753119574652776,0.22720506456163195,0.026448567708333332,0.4205644395616319,0.1923794216579861,,False,False,
residential-0073__toa-payoh-mrt__cp_003,residential-0073__toa-payoh-mrt,./data/generated/street_images/4474014695965329.jpg,./data/generated/segmentation_images/4474014695965329.png,3,High greenery + high road exposure / low built frontage,0.05265977647569445,0.3818122016059028,0.2430792914496528,0.052863226996527776,0.1294436984592014,0.09195793999565972,,False,False,
residential-0073__toa-payoh-mrt__cp_004,residential-0073__toa-payoh-mrt,./data/generated/street_images/508043617056809.jpg,./data/generated/segmentation_images/508043617056809.png,1,High sky exposure + high road exposure / low greenery,0.14474656846788195,0.248321533203125,0.2679341634114583,0.0014088948567708333,0.24537828233506945,0.007802327473958333,,False,False,
residential-0073__toa-payoh-mrt__cp_005,residential-0073__toa-payoh-mrt,./data/generated/street_images/196165835713468.jpg,./data/generated/segmentation_images/196165835713468.png,3,High greenery + high road exposure / low built frontage,0.1490054660373264,0.2617255316840278,0.1639133029513889,0.015184190538194444,0.1612311469184028,0.0560150146484375,,False,False,
residential-0073__toa-payoh-mrt__cp_006,residential-0073__toa-payoh-mrt,./data/generated/street_images/513538313013458.jpg,./data/generated/segmentation_images/513538313013458.png,3,High greenery + high road exposure / low built frontage,0.1108059353298611,0.5234290228949653,0.18810526529947916,0.013505723741319444,0.07837761773003472,0.018912421332465276,,False,False,
residential-0073__toa-payoh-mrt__cp_007,residential-0073__toa-payoh-mrt,./data/generated/street_images/1123698108125299.jpg,./data/generated/segmentation_images/1123698108125299.png,1,High sky exposure + high road exposure / low greenery,0.2709181043836806,0.3410017225477431,0.2529161241319444,0.05285474989149305,0.0318145751953125,0.03445604112413195,,False,False,
residential-0073__toa-payoh-mrt__cp_008,residential-0073__toa-payoh-mrt,./data/generated/street_images/757672631569427.jpg,./data/generated/segmentation_images/757672631569427.png,0,High built frontage + high pedestrian space / low greenery,0.022922092013888888,0.4099375406901042,0.21273634168836805,0.023500230577256944,0.3293796115451389,0.0,,False,False,
residential-0073__toa-payoh-mrt__cp_009,residential-0073__toa-payoh-mrt,./data/generated/street_images/559642308348587.jpg,./data/generated/segmentation_images/559642308348587.png,1,High sky exposure + high road exposure / low greenery,0.3574710422092014,0.2209743923611111,0.0994381374782986,0.053334554036458336,0.1061859130859375,0.130950927734375,,False,False,
residential-0073__toa-payoh-mrt__cp_010,residential-0073__toa-payoh-mrt,./data/generated/street_images/317554589756075.jpg,./data/generated/segmentation_images/317554589756075.png,1,High sky exposure + high road exposure / low greenery,0.3328467475043403,0.16511366102430555,0.09334648980034722,0.06989542643229167,0.21967909071180555,0.07890997992621528,,False,False,
residential-0073__toa-payoh-mrt__cp_011,residential-0073__toa-payoh-mrt,./data/generated/street_images/1989967167820139.jpg,./data/generated/segmentation_images/1989967167820139.png,3,High greenery + high road exposure / low built frontage,0.14279005262586805,0.3316192626953125,0.36138916015625,0.016533745659722224,0.1309543185763889,0.007598876953125,,False,False,
residential-0073__toa-payoh-mrt__cp_012,residential-0073__toa-payoh-mrt,./data/generated/street_images/141058068038037.jpg,./data/generated/segmentation_images/141058068038037.png,1,High sky exposure + high road exposure / low greenery,0.3355238172743056,0.3131340874565972,0.14941575792100695,0.049933539496527776,0.08017815483940972,0.023106892903645832,,False,False,
residential-0073__toa-payoh-mrt__cp_013,residential-0073__toa-payoh-mrt,./data/generated/street_images/303456451449342.jpg,./data/generated/segmentation_images/303456451449342.png,3,High greenery + high road exposure / low built frontage,0.059334648980034724,0.3714463975694444,0.3508351643880208,0.005672878689236111,0.2098761664496528,0.0,,False,False,
residential-0073__toa-payoh-mrt__cp_014,residential-0073__toa-payoh-mrt,./data/generated/street_images/6193685710657208.jpg,./data/generated/segmentation_images/6193685710657208.png,1,High sky exposure + high road exposure / low greenery,0.1922268337673611,0.15956285264756945,0.2412380642361111,0.12060546875,0.1574520534939236,8.138020833333333e-05,,False,False,
residential-0073__toa-payoh-mrt__cp_015,residential-0073__toa-payoh-mrt,./data/generated/street_images/4295953220414778.jpg,./data/generated/segmentation_images/4295953220414778.png,0,High built frontage + high pedestrian space / low greenery,0.1429104275173611,0.1535118950737847,0.2621205647786458,0.1047634548611111,0.3289998372395833,0.0,,False,False,
residential-0073__toa-payoh-mrt__cp_016,residential-0073__toa-payoh-mrt,./data/generated/street_images/1447991558893482.jpg,./data/generated/segmentation_images/1447991558893482.png,0,High built frontage + high pedestrian space / low greenery,0.0263824462890625,0.11092291937934028,0.1594170464409722,0.003265380859375,0.5086839463975694,0.1960686577690972,,False,False,
residential-0073__toa-payoh-mrt__cp_017,residential-0073__toa-payoh-mrt,./data/generated/street_images/2963296317217585.jpg,./data/generated/segmentation_images/2963296317217585.png,0,High built frontage + high pedestrian space / low greenery,0.027350531684027776,0.3460540771484375,0.2354159884982639,0.030287000868055556,0.34246826171875,9.494357638888889e-05,,False,False,
residential-0073__toa-payoh-mrt__cp_021,residential-0073__toa-payoh-mrt,./data/generated/street_images/1963339857161779.jpg,./data/generated/segmentation_images/1963339857161779.png,3,High greenery + high road exposure / low built frontage,0.12139892578125,0.3585154215494792,0.08509148491753472,0.05902099609375,0.23218790690104166,0.05653042263454861,,False,False,
residential-0074__clementi-mrt__cp_000,residential-0074__clementi-mrt,./data/generated/street_images/1408133569570400.jpg,./data/generated/segmentation_images/1408133569570400.png,0,High built frontage + high pedestrian space / low greenery,0.0,0.2666405571831597,0.2098015679253472,0.005718655056423611,0.3970625135633681,0.1207767062717014,478.0,False,False,
residential-0074__clementi-mrt__cp_001,residential-0074__clementi-mrt,./data/generated/street_images/248416933721604.jpg,./data/generated/segmentation_images/248416933721604.png,0,High built frontage + high pedestrian space / low greenery,0.0,0.3535546196831597,0.0917510986328125,0.053314208984375,0.4215596516927083,0.044306437174479164,426.17,False,False,
residential-0074__clementi-mrt__cp_002,residential-0074__clementi-mrt,./data/generated/street_images/773407063801750.jpg,./data/generated/segmentation_images/773407063801750.png,2,High pedestrian space + high built frontage / low road exposure,0.025478363037109375,0.3069190979003906,0.009070078531901041,0.24077351888020834,0.235321044921875,0.0174713134765625,387.37,False,False,
residential-0074__clementi-mrt__cp_003,residential-0074__clementi-mrt,./data/generated/street_images/3573035732920551.jpg,./data/generated/segmentation_images/3573035732920551.png,3,High greenery + high road exposure / low built frontage,0.0940738254123264,0.3673468695746528,0.2073330349392361,0.018429226345486112,0.20182291666666666,0.0,320.40999999999997,False,False,
residential-0074__clementi-mrt__cp_004,residential-0074__clementi-mrt,./data/generated/street_images/1145854123009693.jpg,./data/generated/segmentation_images/1145854123009693.png,3,High greenery + high road exposure / low built frontage,0.12151082356770833,0.4507560729980469,0.053730010986328125,0.1004193623860677,0.23652013142903647,0.012132008870442709,242.89,False,False,
residential-0074__clementi-mrt__cp_005,residential-0074__clementi-mrt,./data/generated/street_images/124532336986954.jpg,./data/generated/segmentation_images/124532336986954.png,2,High pedestrian space + high built frontage / low road exposure,0.056865692138671875,0.6199302673339844,0.03192901611328125,0.15114974975585938,0.13721593221028647,0.0005594889322916666,179.0,False,False,
residential-0074__clementi-mrt__cp_006,residential-0074__clementi-mrt,./data/generated/street_images/124532336986954.jpg,./data/generated/segmentation_images/124532336986954.png,2,High pedestrian space + high built frontage / low road exposure,0.056865692138671875,0.6199302673339844,0.03192901611328125,0.15114974975585938,0.13721593221028647,0.0005594889322916666,134.79000000000002,False,False,
residential-0074__clementi-mrt__cp_008,residential-0074__clementi-mrt,./data/generated/street_images/427613168593215.jpg,./data/generated/segmentation_images/427613168593215.png,1,High sky exposure + high road exposure / low greenery,0.21955362955729166,0.3345489501953125,0.0868496365017361,0.049662272135416664,0.2674306233723958,0.04065110948350695,0.0,False,True,
residential-0074__clementi-mrt__cp_015,residential-0074__clementi-mrt,./data/generated/street_images/524047145450304.jpg,./data/generated/segmentation_images/524047145450304.png,2,High pedestrian space + high built frontage / low road exposure,0.11424891153971355,0.34658177693684894,0.07924143473307292,0.16866938273111978,0.0923004150390625,0.004390716552734375,472.49,False,False,
residential-0074__clementi-mrt__cp_016,residential-0074__clementi-mrt,./data/generated/street_images/364629092138467.jpg,./data/generated/segmentation_images/364629092138467.png,2,High pedestrian space + high built frontage / low road exposure,0.0267333984375,0.4263407389322917,0.011311848958333334,0.11128616333007812,0.10632960001627605,0.003957112630208333,533.02,False,False,
residential-0074__clementi-mrt__cp_017,residential-0074__clementi-mrt,./data/generated/street_images/364629092138467.jpg,./data/generated/segmentation_images/364629092138467.png,2,High pedestrian space + high built frontage / low road exposure,0.0267333984375,0.4263407389322917,0.011311848958333334,0.11128616333007812,0.10632960001627605,0.003957112630208333,590.8900000000001,False,False,
residential-0074__clementi-mrt__cp_018,residential-0074__clementi-mrt,./data/generated/street_images/898448504046885.jpg,./data/generated/segmentation_images/898448504046885.png,0,High built frontage + high pedestrian space / low greenery,0.015389336480034722,0.2636650933159722,0.2900661892361111,0.054312811957465276,0.23675367567274305,0.07784016927083333,636.19,False,False,
residential-0074__clementi-mrt__cp_019,residential-0074__clementi-mrt,./data/generated/street_images/186663136614356.jpg,./data/generated/segmentation_images/186663136614356.png,1,High sky exposure + high road exposure / low greenery,0.2940622965494792,0.3804117838541667,0.048670450846354164,0.008000691731770834,0.17487970987955728,0.012531280517578125,677.9000000000001,False,False,
residential-0074__clementi-mrt__cp_020,residential-0074__clementi-mrt,./data/generated/street_images/340346871294770.jpg,./data/generated/segmentation_images/340346871294770.png,2,High pedestrian space + high built frontage / low road exposure,0.09599685668945312,0.07963943481445312,0.1761601765950521,0.28798548380533856,0.3378092447916667,0.005528767903645833,746.1600000000001,False,False,
residential-0074__clementi-mrt__cp_021,residential-0074__clementi-mrt,./data/generated/street_images/1111705582683278.jpg,./data/generated/segmentation_images/1111705582683278.png,1,High sky exposure + high road exposure / low greenery,0.4514363606770833,0.008466932508680556,0.06353081597222222,0.1048736572265625,0.24408467610677084,0.053366767035590276,809.1300000000001,False,False,
residential-0074__clementi-mrt__cp_022,residential-0074__clementi-mrt,./data/generated/street_images/524124788621994.jpg,./data/generated/segmentation_images/524124788621994.png,0,High built frontage + high pedestrian space / low greenery,0.0596923828125,0.14020284016927084,0.3196750217013889,0.016759236653645832,0.2539605034722222,0.07096354166666667,875.69,False,False,
residential-0074__clementi-mrt__cp_023,residential-0074__clementi-mrt,./data/generated/street_images/127872326444236.jpg,./data/generated/segmentation_images/127872326444236.png,1,High sky exposure + high road exposure / low greenery,0.12690353393554688,0.19083658854166666,0.4002240498860677,0.014016469319661459,0.09624608357747395,0.0,938.44,False,False,
residential-0074__clementi-mrt__cp_024,residential-0074__clementi-mrt,./data/generated/street_images/325588292785223.jpg,./data/generated/segmentation_images/325588292785223.png,2,High pedestrian space + high built frontage / low road exposure,0.06252797444661458,0.16765213012695312,0.027935028076171875,0.16235987345377603,0.4178263346354167,5.2134195963541664e-05,1040.46,False,False,
residential-0074__clementi-mrt__cp_025,residential-0074__clementi-mrt,./data/generated/street_images/4105963986325695.jpg,./data/generated/segmentation_images/4105963986325695.png,2,High pedestrian space + high built frontage / low road exposure,0.0782178243001302,0.2969309488932292,0.00015131632486979166,0.19286219278971353,0.3189582824707031,0.0,1056.0,False,False,
residential-0075__bishan-mrt__cp_006,residential-0075__bishan-mrt,./data/generated/street_images/942979783133258.jpg,./data/generated/segmentation_images/942979783133258.png,0,High built frontage + high pedestrian space / low greenery,0.042811075846354164,0.22505018446180555,0.2175937228732639,0.0,0.339874267578125,0.0,,False,False,
residential-0075__bishan-mrt__cp_007,residential-0075__bishan-mrt,./data/generated/street_images/4589348874425844.jpg,./data/generated/segmentation_images/4589348874425844.png,0,High built frontage + high pedestrian space / low greenery,0.038350423177083336,0.24295552571614584,0.21683756510416666,0.003980848524305556,0.3458641899956597,0.0,,False,False,
residential-0075__bishan-mrt__cp_008,residential-0075__bishan-mrt,./data/generated/street_images/562044841622280.jpg,./data/generated/segmentation_images/562044841622280.png,0,High built frontage + high pedestrian space / low greenery,0.011311848958333334,0.3760986328125,0.2264675564236111,0.053461710611979164,0.3168199327256944,0.0,,False,False,
residential-0075__bishan-mrt__cp_017,residential-0075__bishan-mrt,./data/generated/street_images/1715866662657562.jpg,./data/generated/segmentation_images/1715866662657562.png,0,High built frontage + high pedestrian space / low greenery,0.0,0.0,0.10574849446614583,0.0,0.6722526550292969,0.0,,False,False,
residential-0075__bishan-mrt__cp_018,residential-0075__bishan-mrt,./data/generated/street_images/507064940332114.jpg,./data/generated/segmentation_images/507064940332114.png,1,High sky exposure + high road exposure / low greenery,0.228302001953125,0.0,0.3249376085069444,0.006771511501736111,0.17384168836805555,0.2660590277777778,,False,False,
residential-0076__kaki-bukit-mrt__cp_002,residential-0076__kaki-bukit-mrt,./data/generated/street_images/166503608737348.jpg,./data/generated/segmentation_images/166503608737348.png,0,High built frontage + high pedestrian space / low greenery,0.03453233506944445,0.3629811604817708,0.1539798312717014,0.029669867621527776,0.3784383138020833,0.0,,False,False,
residential-0076__kaki-bukit-mrt__cp_004,residential-0076__kaki-bukit-mrt,./data/generated/street_images/864734164112384.jpg,./data/generated/segmentation_images/864734164112384.png,3,High greenery + high road exposure / low built frontage,0.07432725694444445,0.7599232991536459,0.056357489691840276,0.020734998914930556,0.0847812228732639,0.0,,False,False,
residential-0076__kaki-bukit-mrt__cp_005,residential-0076__kaki-bukit-mrt,./data/generated/street_images/291580909185148.jpg,./data/generated/segmentation_images/291580909185148.png,3,High greenery + high road exposure / low built frontage,0.1940680609809028,0.6265123155381944,0.005071004231770833,0.0,0.17434861924913195,0.0,,False,False,
residential-0076__kaki-bukit-mrt__cp_006,residential-0076__kaki-bukit-mrt,./data/generated/street_images/301362958371936.jpg,./data/generated/segmentation_images/301362958371936.png,2,High pedestrian space + high built frontage / low road exposure,0.07835006713867188,0.21951929728190103,8.392333984375e-05,0.27426910400390625,0.3512255350748698,0.0003789265950520833,,False,False,
residential-0076__kaki-bukit-mrt__cp_007,residential-0076__kaki-bukit-mrt,./data/generated/street_images/2101209683364367.jpg,./data/generated/segmentation_images/2101209683364367.png,1,High sky exposure + high road exposure / low greenery,0.28619384765625,0.3601142035590278,0.03474256727430555,0.004682752821180556,0.213104248046875,0.0007968478732638889,,False,False,
residential-0077__sembawang-mrt__cp_003,residential-0077__sembawang-mrt,./data/generated/street_images/177140637517411.jpg,./data/generated/segmentation_images/177140637517411.png,2,High pedestrian space + high built frontage / low road exposure,0.08941268920898438,0.43669700622558594,0.03426170349121094,0.2516498565673828,0.09984207153320312,0.029811859130859375,492.81999999999994,True,False,
residential-0077__sembawang-mrt__cp_004,residential-0077__sembawang-mrt,./data/generated/street_images/279745583863003.jpg,./data/generated/segmentation_images/279745583863003.png,2,High pedestrian space + high built frontage / low road exposure,0.04611396789550781,0.47513580322265625,0.037227630615234375,0.27964210510253906,0.11152076721191406,0.0003604888916015625,420.66999999999996,True,False,
residential-0077__sembawang-mrt__cp_005,residential-0077__sembawang-mrt,./data/generated/street_images/480823726589291.jpg,./data/generated/segmentation_images/480823726589291.png,2,High pedestrian space + high built frontage / low road exposure,0.28297996520996094,0.03960418701171875,0.020471572875976562,0.3237762451171875,0.18900489807128906,0.005527496337890625,360.28999999999996,True,False,
residential-0077__sembawang-mrt__cp_006,residential-0077__sembawang-mrt,./data/generated/street_images/490482778819618.jpg,./data/generated/segmentation_images/490482778819618.png,3,High greenery + high road exposure / low built frontage,0.09107398986816406,0.3477516174316406,0.3364715576171875,0.029115676879882812,0.11872100830078125,0.024890899658203125,279.92999999999995,True,False,
residential-0077__sembawang-mrt__cp_007,residential-0077__sembawang-mrt,./data/generated/street_images/218798936314162.jpg,./data/generated/segmentation_images/218798936314162.png,3,High greenery + high road exposure / low built frontage,0.013280868530273438,0.48105812072753906,0.2169170379638672,0.1265392303466797,0.07901382446289062,0.0062732696533203125,207.37999999999994,True,False,
residential-0077__sembawang-mrt__cp_008,residential-0077__sembawang-mrt,./data/generated/street_images/299018928359542.jpg,./data/generated/segmentation_images/299018928359542.png,0,High built frontage + high pedestrian space / low greenery,0.0,0.291168212890625,0.2637040879991319,0.10541280110677083,0.33148193359375,0.0013817681206597222,142.32999999999998,True,False,
residential-0077__sembawang-mrt__cp_009,residential-0077__sembawang-mrt,./data/generated/street_images/453686692367744.jpg,./data/generated/segmentation_images/453686692367744.png,2,High pedestrian space + high built frontage / low road exposure,0.26320648193359375,0.04982185363769531,0.000667572021484375,0.3270683288574219,0.21626663208007812,0.00620269775390625,88.5,True,False,
residential-0077__sembawang-mrt__cp_010,residential-0077__sembawang-mrt,./data/generated/street_images/1647135312136311.jpg,./data/generated/segmentation_images/1647135312136311.png,3,High greenery + high road exposure / low built frontage,0.023249308268229168,0.4318254258897569,0.2886861165364583,0.056243896484375,0.1545800103081597,0.036246405707465276,38.110000000000014,True,False,
residential-0077__sembawang-mrt__cp_011,residential-0077__sembawang-mrt,./data/generated/street_images/852581795292741.jpg,./data/generated/segmentation_images/852581795292741.png,2,High pedestrian space + high built frontage / low road exposure,0.05417823791503906,0.5097446441650391,0.0014438629150390625,0.23968124389648438,0.08136940002441406,0.0,0.0,True,True,
residential-0077__sembawang-mrt__cp_012,residential-0077__sembawang-mrt,./data/generated/street_images/169866911615390.jpg,./data/generated/segmentation_images/169866911615390.png,1,High sky exposure + high road exposure / low greenery,0.3009728325737847,0.17573038736979166,0.09765116373697917,0.053324381510416664,0.2903510199652778,0.06323411729600695,0.0,True,True,
residential-0077__sembawang-mrt__cp_013,residential-0077__sembawang-mrt,./data/generated/street_images/150991543588686.jpg,./data/generated/segmentation_images/150991543588686.png,1,High sky exposure + high road exposure / low greenery,0.3604092068142361,0.14078776041666666,0.1268768310546875,0.05969577365451389,0.23304578993055555,0.048105875651041664,60.22000000000003,True,False,
residential-0077__sembawang-mrt__cp_014,residential-0077__sembawang-mrt,./data/generated/street_images/221339159413826.jpg,./data/generated/segmentation_images/221339159413826.png,1,High sky exposure + high road exposure / low greenery,0.2863345675998264,0.1807623969184028,0.12214491102430555,0.04570176866319445,0.2732883029513889,0.053382025824652776,91.64999999999998,True,False,
residential-0078__hougang-mrt__cp_000,residential-0078__hougang-mrt,./data/generated/street_images/479825503334094.jpg,./data/generated/segmentation_images/479825503334094.png,3,High greenery + high road exposure / low built frontage,0.12491226196289062,0.4159901936848958,0.20598220825195312,0.035992940266927086,0.1220855712890625,0.014372507731119791,,False,False,
residential-0078__hougang-mrt__cp_001,residential-0078__hougang-mrt,./data/generated/street_images/211955397070166.jpg,./data/generated/segmentation_images/211955397070166.png,1,High sky exposure + high road exposure / low greenery,0.2619616190592448,0.2864850362141927,0.2262242635091146,0.017100016276041668,0.13874308268229166,0.05696233113606771,,False,False,
residential-0078__hougang-mrt__cp_002,residential-0078__hougang-mrt,./data/generated/street_images/768986707150325.jpg,./data/generated/segmentation_images/768986707150325.png,3,High greenery + high road exposure / low built frontage,0.1503753662109375,0.4505971272786458,0.19178390502929688,0.03191375732421875,0.10714085896809895,0.02327728271484375,,False,False,
residential-0078__hougang-mrt__cp_003,residential-0078__hougang-mrt,./data/generated/street_images/177481990901057.jpg,./data/generated/segmentation_images/177481990901057.png,3,High greenery + high road exposure / low built frontage,0.052337646484375,0.517907460530599,0.1846593221028646,0.018099466959635418,0.15542984008789062,0.027746836344401043,,False,False,
residential-0078__hougang-mrt__cp_004,residential-0078__hougang-mrt,./data/generated/street_images/486037149377367.jpg,./data/generated/segmentation_images/486037149377367.png,3,High greenery + high road exposure / low built frontage,0.08601888020833333,0.43184789021809894,0.15810267130533853,7.62939453125e-05,0.15499114990234375,0.11452356974283855,,False,False,
residential-0078__hougang-mrt__cp_005,residential-0078__hougang-mrt,./data/generated/street_images/880536682792553.jpg,./data/generated/segmentation_images/880536682792553.png,3,High greenery + high road exposure / low built frontage,0.049074808756510414,0.3514149983723958,0.19705327351888022,0.0034942626953125,0.2506268819173177,0.025567372639973957,,False,False,
residential-0078__hougang-mrt__cp_006,residential-0078__hougang-mrt,./data/generated/street_images/1408022119556439.jpg,./data/generated/segmentation_images/1408022119556439.png,3,High greenery + high road exposure / low built frontage,0.1656977335611979,0.41618982950846356,0.20013554890950522,0.04997380574544271,0.1286773681640625,0.025346120198567707,,False,False,
residential-0078__hougang-mrt__cp_007,residential-0078__hougang-mrt,./data/generated/street_images/1145678022613510.jpg,./data/generated/segmentation_images/1145678022613510.png,3,High greenery + high road exposure / low built frontage,0.06363169352213542,0.5755805969238281,0.23262151082356772,0.0004628499348958333,0.10796101888020833,0.019512176513671875,,False,False,
residential-0078__hougang-mrt__cp_008,residential-0078__hougang-mrt,./data/generated/street_images/4007328799330060.jpg,./data/generated/segmentation_images/4007328799330060.png,1,High sky exposure + high road exposure / low greenery,0.2854499816894531,0.20217005411783853,0.25484339396158856,0.0012232462565104167,0.11092758178710938,0.11227162679036458,,False,False,
residential-0078__hougang-mrt__cp_009,residential-0078__hougang-mrt,./data/generated/street_images/2896169637292646.jpg,./data/generated/segmentation_images/2896169637292646.png,3,High greenery + high road exposure / low built frontage,0.06608835856119792,0.4539438883463542,0.22299702962239584,0.006636301676432292,0.2332636515299479,0.016928354899088543,,False,False,
residential-0078__hougang-mrt__cp_010,residential-0078__hougang-mrt,./data/generated/street_images/271476621316388.jpg,./data/generated/segmentation_images/271476621316388.png,3,High greenery + high road exposure / low built frontage,0.1501744588216146,0.3182385762532552,0.23478062947591147,0.006961822509765625,0.20613225301106772,0.083404541015625,,False,False,
residential-0078__hougang-mrt__cp_011,residential-0078__hougang-mrt,./data/generated/street_images/1175964139508537.jpg,./data/generated/segmentation_images/1175964139508537.png,3,High greenery + high road exposure / low built frontage,0.17967987060546875,0.4565582275390625,0.17438761393229166,0.002346038818359375,0.07503636678059895,0.04051335652669271,,False,False,
residential-0078__hougang-mrt__cp_012,residential-0078__hougang-mrt,./data/generated/street_images/1815801405268539.jpg,./data/generated/segmentation_images/1815801405268539.png,0,High built frontage + high pedestrian space / low greenery,0.14289474487304688,0.18756993611653647,0.2030919392903646,0.0625902811686198,0.3826611836751302,0.013702392578125,,False,False,
residential-0078__hougang-mrt__cp_013,residential-0078__hougang-mrt,./data/generated/street_images/170577564943710.jpg,./data/generated/segmentation_images/170577564943710.png,3,High greenery + high road exposure / low built frontage,0.24089813232421875,0.4135246276855469,0.17316436767578125,0.010517120361328125,0.15556208292643228,0.0028546651204427085,,False,False,
residential-0078__hougang-mrt__cp_014,residential-0078__hougang-mrt,./data/generated/street_images/484662652968212.jpg,./data/generated/segmentation_images/484662652968212.png,1,High sky exposure + high road exposure / low greenery,0.27783966064453125,0.3603172302246094,0.22400919596354166,0.014919281005859375,0.10775375366210938,0.005541483561197917,,False,False,
residential-0078__hougang-mrt__cp_015,residential-0078__hougang-mrt,./data/generated/street_images/1947792548710911.jpg,./data/generated/segmentation_images/1947792548710911.png,1,High sky exposure + high road exposure / low greenery,0.1807708740234375,0.20822652180989584,0.354217529296875,0.004557291666666667,0.2294192843967014,0.0158538818359375,,False,False,
residential-0078__hougang-mrt__cp_016,residential-0078__hougang-mrt,./data/generated/street_images/246161357260697.jpg,./data/generated/segmentation_images/246161357260697.png,0,High built frontage + high pedestrian space / low greenery,0.12198893229166667,0.273773193359375,0.2618747287326389,0.012398613823784722,0.2863277859157986,0.014916314019097222,,False,False,
residential-0078__hougang-mrt__cp_019,residential-0078__hougang-mrt,./data/generated/street_images/388623598869035.jpg,./data/generated/segmentation_images/388623598869035.png,1,High sky exposure + high road exposure / low greenery,0.49896240234375,0.19082768758138022,0.04752349853515625,0.00010935465494791667,0.20016860961914062,0.023230234781901043,,False,False,
residential-0079__bedok-mrt__cp_005,residential-0079__bedok-mrt,./data/generated/street_images/847588649165186.jpg,./data/generated/segmentation_images/847588649165186.png,3,High greenery + high road exposure / low built frontage,0.16612413194444445,0.4363454182942708,0.07413567437065972,0.06923421223958333,0.1644931369357639,0.0010918511284722222,,False,False,
residential-0079__bedok-mrt__cp_006,residential-0079__bedok-mrt,./data/generated/street_images/352125022921851.jpg,./data/generated/segmentation_images/352125022921851.png,3,High greenery + high road exposure / low built frontage,0.21062723795572916,0.3455573187934028,0.1611362033420139,0.014014350043402778,0.1893225775824653,0.0008951822916666666,,False,False,
residential-0079__bedok-mrt__cp_007,residential-0079__bedok-mrt,./data/generated/street_images/158250839578430.jpg,./data/generated/segmentation_images/158250839578430.png,3,High greenery + high road exposure / low built frontage,0.1456943088107639,0.5738355848524306,0.12198384602864583,0.007500542534722222,0.05433824327256945,0.018576727973090276,,False,False,
residential-0079__bedok-mrt__cp_008,residential-0079__bedok-mrt,./data/generated/street_images/1104453743373446.jpg,./data/generated/segmentation_images/1104453743373446.png,0,High built frontage + high pedestrian space / low greenery,0.09132215711805555,0.2464718288845486,0.2663235134548611,0.0756072998046875,0.3191901312934028,0.0,,False,False,
residential-0079__bedok-mrt__cp_009,residential-0079__bedok-mrt,./data/generated/street_images/5441637792573903.jpg,./data/generated/segmentation_images/5441637792573903.png,0,High built frontage + high pedestrian space / low greenery,0.0,0.3063189188639323,0.0,0.0857988993326823,0.3088239034016927,0.0,,False,False,
residential-0079__bedok-mrt__cp_010,residential-0079__bedok-mrt,./data/generated/street_images/4610317492318481.jpg,./data/generated/segmentation_images/4610317492318481.png,0,High built frontage + high pedestrian space / low greenery,0.11148707071940105,0.3001963297526042,0.012493133544921875,0.10457229614257812,0.46478525797526044,0.0,,False,False,
residential-0079__bedok-mrt__cp_011,residential-0079__bedok-mrt,./data/generated/street_images/4610317492318481.jpg,./data/generated/segmentation_images/4610317492318481.png,0,High built frontage + high pedestrian space / low greenery,0.11148707071940105,0.3001963297526042,0.012493133544921875,0.10457229614257812,0.46478525797526044,0.0,,False,False,
residential-0079__bedok-mrt__cp_012,residential-0079__bedok-mrt,./data/generated/street_images/972287123575844.jpg,./data/generated/segmentation_images/972287123575844.png,0,High built frontage + high pedestrian space / low greenery,0.21429443359375,0.21588134765625,0.009553697374131944,0.0015496148003472222,0.51422119140625,0.032903035481770836,,False,False,
residential-0079__bedok-mrt__cp_013,residential-0079__bedok-mrt,./data/generated/street_images/179197863979887.jpg,./data/generated/segmentation_images/179197863979887.png,0,High built frontage + high pedestrian space / low greenery,0.2879638671875,0.05474683973524305,0.04732937282986111,0.1380767822265625,0.4701453314887153,8.138020833333333e-05,,False,False,
residential-0079__bedok-mrt__cp_014,residential-0079__bedok-mrt,./data/generated/street_images/588861032074866.jpg,./data/generated/segmentation_images/588861032074866.png,0,High built frontage + high pedestrian space / low greenery,0.15969340006510416,0.1385226779513889,0.06143018934461805,0.05020311143663195,0.5711907280815972,0.016827053493923612,,False,False,
residential-0079__bedok-mrt__cp_015,residential-0079__bedok-mrt,./data/generated/street_images/1136086763572826.jpg,./data/generated/segmentation_images/1136086763572826.png,0,High built frontage + high pedestrian space / low greenery,0.3711327446831597,0.026258680555555556,0.024180094401041668,0.026709662543402776,0.5440046522352431,0.0,,False,False,
residential-0079__bedok-mrt__cp_016,residential-0079__bedok-mrt,./data/generated/street_images/240615314413665.jpg,./data/generated/segmentation_images/240615314413665.png,0,High built frontage + high pedestrian space / low greenery,0.24920484754774305,0.023037380642361112,0.0182647705078125,0.011569552951388888,0.6863132052951388,0.010713365342881944,,False,False,
residential-0079__bedok-mrt__cp_017,residential-0079__bedok-mrt,./data/generated/street_images/155433503255094.jpg,./data/generated/segmentation_images/155433503255094.png,0,High built frontage + high pedestrian space / low greenery,0.2351413302951389,0.09118821885850695,0.1567535400390625,0.015770806206597224,0.5131072998046875,0.0,,False,False,
residential-0079__bedok-mrt__cp_018,residential-0079__bedok-mrt,./data/generated/street_images/481125659634158.jpg,./data/generated/segmentation_images/481125659634158.png,0,High built frontage + high pedestrian space / low greenery,0.2428131103515625,0.0031636555989583335,0.062530517578125,0.03321668836805555,0.6583828396267362,0.0015343560112847222,,False,False,
residential-0080__woodlands-mrt__cp_000,residential-0080__woodlands-mrt,./data/generated/street_images/1282385468845140.jpg,./data/generated/segmentation_images/1282385468845140.png,1,High sky exposure + high road exposure / low greenery,0.2403784857855903,0.23524983723958334,0.2305026584201389,0.013927883572048612,0.2666354709201389,0.0004967583550347222,,True,False,
residential-0080__woodlands-mrt__cp_003,residential-0080__woodlands-mrt,./data/generated/street_images/125021956269044.jpg,./data/generated/segmentation_images/125021956269044.png,3,High greenery + high road exposure / low built frontage,0.09542338053385417,0.3471594916449653,0.3733740912543403,0.009158664279513888,0.1649509006076389,0.008658515082465278,,True,False,
residential-0080__woodlands-mrt__cp_004,residential-0080__woodlands-mrt,./data/generated/street_images/904011350144695.jpg,./data/generated/segmentation_images/904011350144695.png,1,High sky exposure + high road exposure / low greenery,0.3068067762586806,0.24429490831163195,0.2279290093315972,0.021374172634548612,0.18466695149739584,0.010874430338541666,,True,False,
residential-0080__woodlands-mrt__cp_005,residential-0080__woodlands-mrt,./data/generated/street_images/505890167213865.jpg,./data/generated/segmentation_images/505890167213865.png,3,High greenery + high road exposure / low built frontage,0.19120279947916666,0.4568803575303819,0.15708753797743055,0.051630655924479164,0.11555311414930555,0.0240478515625,,True,False,
residential-0080__woodlands-mrt__cp_006,residential-0080__woodlands-mrt,./data/generated/street_images/1808815605962607.jpg,./data/generated/segmentation_images/1808815605962607.png,3,High greenery + high road exposure / low built frontage,0.0,0.3877173529730903,0.2945488823784722,0.028691609700520832,0.21441480848524305,0.038262261284722224,,True,False,
residential-0080__woodlands-mrt__cp_007,residential-0080__woodlands-mrt,./data/generated/street_images/294808855483724.jpg,./data/generated/segmentation_images/294808855483724.png,3,High greenery + high road exposure / low built frontage,0.03735521104600695,0.4492984347873264,0.21145460340711805,0.021355523003472224,0.2127922905815972,0.006761338975694444,,True,False,
residential-0080__woodlands-mrt__cp_008,residential-0080__woodlands-mrt,./data/generated/street_images/394554401606388.jpg,./data/generated/segmentation_images/394554401606388.png,1,High sky exposure + high road exposure / low greenery,0.270111083984375,0.14893934461805555,0.3298831515842014,0.042683919270833336,0.1589592827690972,0.021950615776909724,,True,False,
residential-0080__woodlands-mrt__cp_009,residential-0080__woodlands-mrt,./data/generated/street_images/536421020705834.jpg,./data/generated/segmentation_images/536421020705834.png,1,High sky exposure + high road exposure / low greenery,0.2933892144097222,0.07537163628472222,0.19729783799913195,0.004640367296006944,0.22361585828993055,0.006201850043402778,,True,False,
residential-0080__woodlands-mrt__cp_010,residential-0080__woodlands-mrt,./data/generated/street_images/262490858947292.jpg,./data/generated/segmentation_images/262490858947292.png,1,High sky exposure + high road exposure / low greenery,0.4446580674913194,0.06662495930989583,0.1909366183810764,0.04614596896701389,0.1928626166449653,0.019677056206597224,,True,False,
residential-0080__woodlands-mrt__cp_011,residential-0080__woodlands-mrt,./data/generated/street_images/481273352992881.jpg,./data/generated/segmentation_images/481273352992881.png,1,High sky exposure + high road exposure / low greenery,0.5214097764756944,0.007264879014756944,0.11495123969184028,0.019183688693576388,0.2212100558810764,0.06443956163194445,,True,False,
residential-0080__woodlands-mrt__cp_012,residential-0080__woodlands-mrt,./data/generated/street_images/1911571679011858.jpg,./data/generated/segmentation_images/1911571679011858.png,1,High sky exposure + high road exposure / low greenery,0.3906283908420139,9.1552734375e-05,0.231475830078125,0.050728691948784724,0.3058963351779514,0.0005917019314236111,,True,False,
residential-0080__woodlands-mrt__cp_013,residential-0080__woodlands-mrt,./data/generated/street_images/1911571679011858.jpg,./data/generated/segmentation_images/1911571679011858.png,1,High sky exposure + high road exposure / low greenery,0.3906283908420139,9.1552734375e-05,0.231475830078125,0.050728691948784724,0.3058963351779514,0.0005917019314236111,,True,False,
residential-0080__woodlands-mrt__cp_014,residential-0080__woodlands-mrt,./data/generated/street_images/273960797796525.jpg,./data/generated/segmentation_images/273960797796525.png,1,High sky exposure + high road exposure / low greenery,0.4021063910590278,0.004436916775173611,0.11785040961371528,0.07472398546006945,0.25958251953125,0.0,,True,False,
residential-0081__lentor-mrt__cp_003,residential-0081__lentor-mrt,./data/generated/street_images/145217770913013.jpg,./data/generated/segmentation_images/145217770913013.png,3,High greenery + high road exposure / low built frontage,0.1324191623263889,0.5299546983506944,0.08950297037760417,0.006357828776041667,0.0744171142578125,0.062077840169270836,,False,False,
residential-0081__lentor-mrt__cp_004,residential-0081__lentor-mrt,./data/generated/street_images/2573757096265593.jpg,./data/generated/segmentation_images/2573757096265593.png,3,High greenery + high road exposure / low built frontage,0.1905517578125,0.4735192192925347,0.17841084798177084,0.007110595703125,0.10866461859809028,0.0025380452473958335,,False,False,
residential-0081__lentor-mrt__cp_005,residential-0081__lentor-mrt,./data/generated/street_images/1397535270612459.jpg,./data/generated/segmentation_images/1397535270612459.png,1,High sky exposure + high road exposure / low greenery,0.3358527289496528,0.2633446587456597,0.10417683919270833,0.1051449245876736,0.1848670111762153,0.003929985894097222,,False,False,
residential-0081__lentor-mrt__cp_006,residential-0081__lentor-mrt,./data/generated/street_images/481966699779516.jpg,./data/generated/segmentation_images/481966699779516.png,3,High greenery + high road exposure / low built frontage,0.1376885308159722,0.4226057264539931,0.2566918267144097,0.0501861572265625,0.06048244900173611,0.0,,False,False,
residential-0081__lentor-mrt__cp_008,residential-0081__lentor-mrt,./data/generated/street_images/474731763760483.jpg,./data/generated/segmentation_images/474731763760483.png,0,High built frontage + high pedestrian space / low greenery,0.3401709662543403,0.06303575303819445,0.031155056423611112,0.004870944552951389,0.4497392442491319,0.028127034505208332,,False,False,
residential-0081__lentor-mrt__cp_009,residential-0081__lentor-mrt,./data/generated/street_images/874962923054217.jpg,./data/generated/segmentation_images/874962923054217.png,0,High built frontage + high pedestrian space / low greenery,0.06696912977430555,0.0005374484592013889,0.030602349175347224,0.0,0.7867092556423612,0.0,,False,False,
residential-0081__lentor-mrt__cp_010,residential-0081__lentor-mrt,./data/generated/street_images/818238642405524.jpg,./data/generated/segmentation_images/818238642405524.png,1,High sky exposure + high road exposure / low greenery,0.311737060546875,0.0022481282552083335,0.1215481228298611,0.11086866590711805,0.3017730712890625,0.0,,False,False,
residential-0081__lentor-mrt__cp_011,residential-0081__lentor-mrt,./data/generated/street_images/381862743074016.jpg,./data/generated/segmentation_images/381862743074016.png,1,High sky exposure + high road exposure / low greenery,0.5376213921440972,0.011837429470486112,0.0785251193576389,0.04110378689236111,0.2048560248480903,0.06614176432291667,,False,False,
residential-0081__lentor-mrt__cp_012,residential-0081__lentor-mrt,./data/generated/street_images/2876932909098038.jpg,./data/generated/segmentation_images/2876932909098038.png,1,High sky exposure + high road exposure / low greenery,0.5356072319878472,0.027988009982638888,0.0865020751953125,0.021892971462673612,0.2454715304904514,0.0643768310546875,,False,False,
residential-0082__hougang-mrt__cp_007,residential-0082__hougang-mrt,./data/generated/street_images/955674445237379.jpg,./data/generated/segmentation_images/955674445237379.png,3,High greenery + high road exposure / low built frontage,0.056711832682291664,0.3593631320529514,0.1851128472222222,0.014063517252604166,0.2253841824001736,0.0919460720486111,,False,False,
residential-0082__hougang-mrt__cp_008,residential-0082__hougang-mrt,./data/generated/street_images/513795356466453.jpg,./data/generated/segmentation_images/513795356466453.png,3,High greenery + high road exposure / low built frontage,0.11835564507378472,0.3318413628472222,0.2845492892795139,0.047083536783854164,0.1782446967230903,0.020087348090277776,,False,False,
residential-0082__hougang-mrt__cp_009,residential-0082__hougang-mrt,./data/generated/street_images/1145308779275513.jpg,./data/generated/segmentation_images/1145308779275513.png,1,High sky exposure + high road exposure / low greenery,0.2982059054904514,0.20422193739149305,0.07503594292534722,0.10327657063802083,0.22383287217881945,0.0984225802951389,,False,False,
residential-0082__hougang-mrt__cp_010,residential-0082__hougang-mrt,./data/generated/street_images/948709795939975.jpg,./data/generated/segmentation_images/948709795939975.png,1,High sky exposure + high road exposure / low greenery,0.3151618109809028,0.2006005181206597,0.1264580620659722,0.07480875651041667,0.20747884114583334,0.046498616536458336,,False,False,
residential-0083__woodlands-mrt__cp_000,residential-0083__woodlands-mrt,./data/generated/street_images/151318970226769.jpg,./data/generated/segmentation_images/151318970226769.png,1,High sky exposure + high road exposure / low greenery,0.2523871527777778,0.3467051188151042,0.13083394368489584,0.044087727864583336,0.1420203314887153,0.03199598524305555,,True,False,
residential-0083__woodlands-mrt__cp_007,residential-0083__woodlands-mrt,./data/generated/street_images/170372915020144.jpg,./data/generated/segmentation_images/170372915020144.png,1,High sky exposure + high road exposure / low greenery,0.15751817491319445,0.2189364963107639,0.2697007921006944,0.03289455837673611,0.2425299750434028,0.029127332899305556,,True,False,
residential-0083__woodlands-mrt__cp_008,residential-0083__woodlands-mrt,./data/generated/street_images/770818233634471.jpg,./data/generated/segmentation_images/770818233634471.png,1,High sky exposure + high road exposure / low greenery,0.2580295138888889,0.10620795355902778,0.2446475558810764,0.036997477213541664,0.3139699300130208,0.015735202365451388,,True,False,
residential-0083__woodlands-mrt__cp_009,residential-0083__woodlands-mrt,./data/generated/street_images/477677739970412.jpg,./data/generated/segmentation_images/477677739970412.png,1,High sky exposure + high road exposure / low greenery,0.2576276991102431,0.012841118706597222,0.2829928927951389,0.003704494900173611,0.2876773410373264,0.07736714680989583,,True,False,
residential-0083__woodlands-mrt__cp_010,residential-0083__woodlands-mrt,./data/generated/street_images/2926430081008693.jpg,./data/generated/segmentation_images/2926430081008693.png,1,High sky exposure + high road exposure / low greenery,0.2853003607855903,0.009882609049479166,0.3097500271267361,0.005206637912326389,0.2837982177734375,0.018257988823784724,,True,False,
residential-0083__woodlands-mrt__cp_011,residential-0083__woodlands-mrt,./data/generated/street_images/216647859966352.jpg,./data/generated/segmentation_images/216647859966352.png,0,High built frontage + high pedestrian space / low greenery,0.21130879720052084,0.0006306966145833334,0.2409278021918403,0.0007188585069444445,0.3933529324001736,0.0009494357638888889,,True,False,
residential-0083__woodlands-mrt__cp_012,residential-0083__woodlands-mrt,./data/generated/street_images/1734348460083325.jpg,./data/generated/segmentation_images/1734348460083325.png,0,High built frontage + high pedestrian space / low greenery,0.1886969672309028,0.007631089952256944,0.1935797797309028,0.016693115234375,0.3951839870876736,0.16896565755208334,,True,False,
residential-0083__woodlands-mrt__cp_013,residential-0083__woodlands-mrt,./data/generated/street_images/536421020705834.jpg,./data/generated/segmentation_images/536421020705834.png,1,High sky exposure + high road exposure / low greenery,0.2933892144097222,0.07537163628472222,0.19729783799913195,0.004640367296006944,0.22361585828993055,0.006201850043402778,,True,False,
residential-0083__woodlands-mrt__cp_014,residential-0083__woodlands-mrt,./data/generated/street_images/262490858947292.jpg,./data/generated/segmentation_images/262490858947292.png,1,High sky exposure + high road exposure / low greenery,0.4446580674913194,0.06662495930989583,0.1909366183810764,0.04614596896701389,0.1928626166449653,0.019677056206597224,,True,False,
residential-0083__woodlands-mrt__cp_015,residential-0083__woodlands-mrt,./data/generated/street_images/481273352992881.jpg,./data/generated/segmentation_images/481273352992881.png,1,High sky exposure + high road exposure / low greenery,0.5214097764756944,0.007264879014756944,0.11495123969184028,0.019183688693576388,0.2212100558810764,0.06443956163194445,,True,False,
residential-0083__woodlands-mrt__cp_016,residential-0083__woodlands-mrt,./data/generated/street_images/1911571679011858.jpg,./data/generated/segmentation_images/1911571679011858.png,1,High sky exposure + high road exposure / low greenery,0.3906283908420139,9.1552734375e-05,0.231475830078125,0.050728691948784724,0.3058963351779514,0.0005917019314236111,,True,False,
residential-0083__woodlands-mrt__cp_017,residential-0083__woodlands-mrt,./data/generated/street_images/1911571679011858.jpg,./data/generated/segmentation_images/1911571679011858.png,1,High sky exposure + high road exposure / low greenery,0.3906283908420139,9.1552734375e-05,0.231475830078125,0.050728691948784724,0.3058963351779514,0.0005917019314236111,,True,False,
residential-0083__woodlands-mrt__cp_018,residential-0083__woodlands-mrt,./data/generated/street_images/273960797796525.jpg,./data/generated/segmentation_images/273960797796525.png,1,High sky exposure + high road exposure / low greenery,0.4021063910590278,0.004436916775173611,0.11785040961371528,0.07472398546006945,0.25958251953125,0.0,,True,False,
residential-0084__tanah-merah-mrt__cp_001,residential-0084__tanah-merah-mrt,./data/generated/street_images/158477049482431.jpg,./data/generated/segmentation_images/158477049482431.png,0,High built frontage + high pedestrian space / low greenery,0.18236796061197916,0.2614491780598958,0.17342631022135416,0.03792148166232639,0.2843339708116319,0.0605010986328125,,False,False,
residential-0084__tanah-merah-mrt__cp_002,residential-0084__tanah-merah-mrt,./data/generated/street_images/4071773586212209.jpg,./data/generated/segmentation_images/4071773586212209.png,3,High greenery + high road exposure / low built frontage,0.11551072862413195,0.4457210964626736,0.11211480034722222,0.1080661349826389,0.21590169270833334,0.0006222195095486111,,False,False,
residential-0084__tanah-merah-mrt__cp_003,residential-0084__tanah-merah-mrt,./data/generated/street_images/1009936809542216.jpg,./data/generated/segmentation_images/1009936809542216.png,3,High greenery + high road exposure / low built frontage,0.04017469618055555,0.4583740234375,0.13656446668836805,0.019456651475694444,0.3024580213758681,0.0081329345703125,,False,False,
residential-0084__tanah-merah-mrt__cp_004,residential-0084__tanah-merah-mrt,./data/generated/street_images/927439504497035.jpg,./data/generated/segmentation_images/927439504497035.png,3,High greenery + high road exposure / low built frontage,0.1960211859809028,0.3491143120659722,0.12906901041666666,0.06563313802083333,0.233917236328125,0.025658501519097224,,False,False,
residential-0084__tanah-merah-mrt__cp_010,residential-0084__tanah-merah-mrt,./data/generated/street_images/220405579513215.jpg,./data/generated/segmentation_images/220405579513215.png,0,High built frontage + high pedestrian space / low greenery,0.0735812717013889,0.1081424289279514,0.00029669867621527775,0.041603936089409724,0.7478908962673612,0.0,,False,False,
residential-0084__tanah-merah-mrt__cp_011,residential-0084__tanah-merah-mrt,./data/generated/street_images/197635195413185.jpg,./data/generated/segmentation_images/197635195413185.png,0,High built frontage + high pedestrian space / low greenery,0.054219563802083336,0.1301083034939236,1.864963107638889e-05,0.0007798936631944445,0.6566382514105903,0.0,,False,False,
residential-0084__tanah-merah-mrt__cp_012,residential-0084__tanah-merah-mrt,./data/generated/street_images/1225425911229129.jpg,./data/generated/segmentation_images/1225425911229129.png,0,High built frontage + high pedestrian space / low greenery,0.11872016059027778,0.10510084364149305,0.0018751356336805555,0.012420654296875,0.5638936360677084,0.0,,False,False,
residential-0084__tanah-merah-mrt__cp_013,residential-0084__tanah-merah-mrt,./data/generated/street_images/1956373428104959.jpg,./data/generated/segmentation_images/1956373428104959.png,2,High pedestrian space + high built frontage / low road exposure,0.3456132676866319,0.059332953559027776,0.04164462619357639,0.1653205023871528,0.3141513400607639,0.06260172526041667,,False,False,
residential-0084__tanah-merah-mrt__cp_014,residential-0084__tanah-merah-mrt,./data/generated/street_images/982982435782029.jpg,./data/generated/segmentation_images/982982435782029.png,0,High built frontage + high pedestrian space / low greenery,0.071380615234375,0.1263953314887153,0.0,0.0005950927734375,0.7223019070095487,0.0,,False,False,
residential-0084__tanah-merah-mrt__cp_015,residential-0084__tanah-merah-mrt,./data/generated/street_images/530854178047849.jpg,./data/generated/segmentation_images/530854178047849.png,1,High sky exposure + high road exposure / low greenery,0.3312106662326389,0.025407579210069444,0.1714935302734375,0.002234564887152778,0.3124711778428819,0.0,,False,False,
residential-0084__tanah-merah-mrt__cp_016,residential-0084__tanah-merah-mrt,./data/generated/street_images/3961455310604796.jpg,./data/generated/segmentation_images/3961455310604796.png,0,High built frontage + high pedestrian space / low greenery,0.2815093994140625,0.019602457682291668,0.12356736924913195,0.004635281032986111,0.5407748752170138,0.0,,False,False,
residential-0084__tanah-merah-mrt__cp_017,residential-0084__tanah-merah-mrt,./data/generated/street_images/380217550066352.jpg,./data/generated/segmentation_images/380217550066352.png,1,High sky exposure + high road exposure / low greenery,0.2690226236979167,0.03487820095486111,0.1278652615017361,6.442599826388889e-05,0.2940758599175347,0.0,,False,False,
residential-0084__tanah-merah-mrt__cp_018,residential-0084__tanah-merah-mrt,./data/generated/street_images/828904454386212.jpg,./data/generated/segmentation_images/828904454386212.png,1,High sky exposure + high road exposure / low greenery,0.2970614963107639,0.03243679470486111,0.1318596733940972,0.0004323323567708333,0.3409220377604167,0.0,,False,False,
residential-0085__braddell-mrt__cp_009,residential-0085__braddell-mrt,./data/generated/street_images/516361776345929.jpg,./data/generated/segmentation_images/516361776345929.png,3,High greenery + high road exposure / low built frontage,0.0855865478515625,0.2977634006076389,0.3413119845920139,0.0016191270616319445,0.24619886610243055,0.0,,False,False,
residential-0085__braddell-mrt__cp_010,residential-0085__braddell-mrt,./data/generated/street_images/516361776345929.jpg,./data/generated/segmentation_images/516361776345929.png,3,High greenery + high road exposure / low built frontage,0.0855865478515625,0.2977634006076389,0.3413119845920139,0.0016191270616319445,0.24619886610243055,0.0,,False,False,
residential-0085__braddell-mrt__cp_011,residential-0085__braddell-mrt,./data/generated/street_images/456031195459822.jpg,./data/generated/segmentation_images/456031195459822.png,1,High sky exposure + high road exposure / low greenery,0.20854695638020834,0.29486083984375,0.08388773600260417,0.034537421332465276,0.2692599826388889,0.10374281141493055,,False,False,
residential-0085__braddell-mrt__cp_012,residential-0085__braddell-mrt,./data/generated/street_images/181062690567293.jpg,./data/generated/segmentation_images/181062690567293.png,1,High sky exposure + high road exposure / low greenery,0.2506459554036458,0.2955474853515625,0.08532545301649305,0.009746975368923612,0.19793531629774305,0.1517333984375,,False,False,
residential-0085__braddell-mrt__cp_013,residential-0085__braddell-mrt,./data/generated/street_images/938473686989857.jpg,./data/generated/segmentation_images/938473686989857.png,1,High sky exposure + high road exposure / low greenery,0.20452372233072916,0.1301812065972222,0.3001047770182292,0.022332085503472224,0.3116268581814236,0.0007137722439236111,,False,False,
residential-0085__braddell-mrt__cp_014,residential-0085__braddell-mrt,./data/generated/street_images/318088153095628.jpg,./data/generated/segmentation_images/318088153095628.png,3,High greenery + high road exposure / low built frontage,0.0537261962890625,0.4075775146484375,0.2488674587673611,0.023946126302083332,0.19871351453993055,0.06411064995659722,,False,False,
residential-0085__braddell-mrt__cp_015,residential-0085__braddell-mrt,./data/generated/street_images/961221501372775.jpg,./data/generated/segmentation_images/961221501372775.png,3,High greenery + high road exposure / low built frontage,0.1040225558810764,0.3386213514539931,0.3039177788628472,0.003965589735243056,0.1329074435763889,0.11125352647569445,,False,False,
residential-0085__braddell-mrt__cp_016,residential-0085__braddell-mrt,./data/generated/street_images/968971573858363.jpg,./data/generated/segmentation_images/968971573858363.png,1,High sky exposure + high road exposure / low greenery,0.23705037434895834,0.17332628038194445,0.281097412109375,0.1219635009765625,0.16351826985677084,0.0,,False,False,
residential-0085__braddell-mrt__cp_017,residential-0085__braddell-mrt,./data/generated/street_images/785146665725536.jpg,./data/generated/segmentation_images/785146665725536.png,3,High greenery + high road exposure / low built frontage,0.125,0.3865814208984375,0.2621799045138889,0.09996710883246528,0.11558024088541667,0.0,,False,False,
residential-0085__braddell-mrt__cp_018,residential-0085__braddell-mrt,./data/generated/street_images/202625211676394.jpg,./data/generated/segmentation_images/202625211676394.png,4,High vehicle presence + high road exposure / low greenery,0.023191663953993056,0.12620713975694445,0.08606465657552083,0.011342366536458334,0.0,0.7529313829210069,,False,False,
residential-0085__braddell-mrt__cp_019,residential-0085__braddell-mrt,./data/generated/street_images/568918104090153.jpg,./data/generated/segmentation_images/568918104090153.png,1,High sky exposure + high road exposure / low greenery,0.2576785617404514,0.3027784559461806,0.0859408908420139,0.08047654893663195,0.1545376247829861,0.11388990614149305,,False,False,
residential-0085__braddell-mrt__cp_020,residential-0085__braddell-mrt,./data/generated/street_images/965818964190694.jpg,./data/generated/segmentation_images/965818964190694.png,1,High sky exposure + high road exposure / low greenery,0.2336883544921875,0.3398640950520833,0.12639024522569445,0.0741085476345486,0.16421000162760416,0.04130215115017361,,False,False,
residential-0085__braddell-mrt__cp_021,residential-0085__braddell-mrt,./data/generated/street_images/957583168377753.jpg,./data/generated/segmentation_images/957583168377753.png,2,High pedestrian space + high built frontage / low road exposure,0.2547573513454861,0.2848154703776042,0.09354654947916667,0.1420508490668403,0.2236209445529514,0.002310858832465278,,False,False,
residential-0085__braddell-mrt__cp_022,residential-0085__braddell-mrt,./data/generated/street_images/3994977163920302.jpg,./data/generated/segmentation_images/3994977163920302.png,1,High sky exposure + high road exposure / low greenery,0.3129458957248264,0.042363484700520836,0.1264580620659722,0.032297770182291664,0.3843282063802083,0.04916551378038195,,False,False,
residential-0085__braddell-mrt__cp_023,residential-0085__braddell-mrt,./data/generated/street_images/121925773260066.jpg,./data/generated/segmentation_images/121925773260066.png,1,High sky exposure + high road exposure / low greenery,0.3998989529079861,0.053368462456597224,0.15399678548177084,0.04212782118055555,0.2868194580078125,0.0017751057942708333,,False,False,
residential-0085__braddell-mrt__cp_024,residential-0085__braddell-mrt,./data/generated/street_images/513536069787881.jpg,./data/generated/segmentation_images/513536069787881.png,2,High pedestrian space + high built frontage / low road exposure,0.17622884114583334,0.13765462239583334,0.07555135091145833,0.24221293131510416,0.3255106608072917,0.002032809787326389,,False,False,
residential-0086__tongkang-mrt__cp_007,residential-0086__tongkang-mrt,./data/generated/street_images/173419184968976.jpg,./data/generated/segmentation_images/173419184968976.png,2,High pedestrian space + high built frontage / low road exposure,0.22236760457356772,0.26528294881184894,0.1352055867513021,0.13757960001627603,0.24115880330403647,0.0,,True,False,
residential-0086__tongkang-mrt__cp_008,residential-0086__tongkang-mrt,./data/generated/street_images/3070672869874741.jpg,./data/generated/segmentation_images/3070672869874741.png,1,High sky exposure + high road exposure / low greenery,0.4091377258300781,0.12015914916992188,0.2637646993001302,0.029890696207682293,0.17161178588867188,0.0006815592447916666,,True,False,
residential-0086__tongkang-mrt__cp_009,residential-0086__tongkang-mrt,./data/generated/street_images/2659443924201927.jpg,./data/generated/segmentation_images/2659443924201927.png,1,High sky exposure + high road exposure / low greenery,0.48230616251627606,0.19042460123697916,0.2382939656575521,0.043560028076171875,0.04327265421549479,0.0,,True,False,
residential-0086__tongkang-mrt__cp_010,residential-0086__tongkang-mrt,./data/generated/street_images/556404015658112.jpg,./data/generated/segmentation_images/556404015658112.png,1,High sky exposure + high road exposure / low greenery,0.4420280456542969,0.2278289794921875,0.2662061055501302,0.03705469767252604,0.009671529134114584,0.000118255615234375,,True,False,
residential-0086__tongkang-mrt__cp_011,residential-0086__tongkang-mrt,./data/generated/street_images/3019786991623079.jpg,./data/generated/segmentation_images/3019786991623079.png,1,High sky exposure + high road exposure / low greenery,0.4322547912597656,0.20120112101236978,0.20425033569335938,0.0668652852376302,0.0762926737467448,0.008939107259114584,,True,False,
residential-0086__tongkang-mrt__cp_012,residential-0086__tongkang-mrt,./data/generated/street_images/3019786991623079.jpg,./data/generated/segmentation_images/3019786991623079.png,1,High sky exposure + high road exposure / low greenery,0.4322547912597656,0.20120112101236978,0.20425033569335938,0.0668652852376302,0.0762926737467448,0.008939107259114584,,True,False,
residential-0086__tongkang-mrt__cp_025,residential-0086__tongkang-mrt,./data/generated/street_images/491591922108692.jpg,./data/generated/segmentation_images/491591922108692.png,0,High built frontage + high pedestrian space / low greenery,0.05393812391493055,0.3801371256510417,0.08286200629340278,0.0028279622395833335,0.3975779215494792,0.019726223415798612,,True,False,
residential-0086__tongkang-mrt__cp_026,residential-0086__tongkang-mrt,./data/generated/street_images/969816707123840.jpg,./data/generated/segmentation_images/969816707123840.png,0,High built frontage + high pedestrian space / low greenery,0.1561669243706597,0.0691867404513889,0.08131578233506945,0.006468031141493056,0.6592678493923612,0.006640964084201389,,True,False,
residential-0086__tongkang-mrt__cp_027,residential-0086__tongkang-mrt,./data/generated/street_images/3776161009159567.jpg,./data/generated/segmentation_images/3776161009159567.png,0,High built frontage + high pedestrian space / low greenery,0.06966654459635417,0.3706241183810764,0.09363301595052083,0.06418863932291667,0.3279605441623264,0.031990898980034724,,True,False,
residential-0086__tongkang-mrt__cp_028,residential-0086__tongkang-mrt,./data/generated/street_images/4069020593191037.jpg,./data/generated/segmentation_images/4069020593191037.png,3,High greenery + high road exposure / low built frontage,0.17690022786458334,0.4127977159288194,0.08235337999131945,0.005596584743923611,0.22451612684461805,0.0,,True,False,
residential-0086__tongkang-mrt__cp_029,residential-0086__tongkang-mrt,./data/generated/street_images/535581404480732.jpg,./data/generated/segmentation_images/535581404480732.png,0,High built frontage + high pedestrian space / low greenery,0.22682020399305555,0.11366780598958333,0.09255303276909722,0.050833808051215276,0.5112931993272569,0.0,,True,False,
residential-0086__tongkang-mrt__cp_030,residential-0086__tongkang-mrt,./data/generated/street_images/2961066960780004.jpg,./data/generated/segmentation_images/2961066960780004.png,0,High built frontage + high pedestrian space / low greenery,0.07931009928385417,0.4004279242621528,0.08636305067274305,0.022625393337673612,0.3832668728298611,0.0004950629340277778,,True,False,
residential-0086__tongkang-mrt__cp_031,residential-0086__tongkang-mrt,./data/generated/street_images/308349890748872.jpg,./data/generated/segmentation_images/308349890748872.png,0,High built frontage + high pedestrian space / low greenery,0.1720513237847222,0.322357177734375,0.09771728515625,0.009775797526041666,0.3889516194661458,0.00019497341579861112,,True,False,
residential-0086__tongkang-mrt__cp_032,residential-0086__tongkang-mrt,./data/generated/street_images/232223032039162.jpg,./data/generated/segmentation_images/232223032039162.png,3,High greenery + high road exposure / low built frontage,0.11684332953559028,0.4893595377604167,0.10299852159288195,0.006812201605902778,0.2527906629774306,0.0,,True,False,
residential-0086__tongkang-mrt__cp_033,residential-0086__tongkang-mrt,./data/generated/street_images/3977116589037321.jpg,./data/generated/segmentation_images/3977116589037321.png,3,High greenery + high road exposure / low built frontage,0.11115858289930555,0.3602396647135417,0.2578548855251736,0.023520575629340276,0.2433132595486111,0.0,,True,False,
residential-0086__tongkang-mrt__cp_034,residential-0086__tongkang-mrt,./data/generated/street_images/137182418464961.jpg,./data/generated/segmentation_images/137182418464961.png,0,High built frontage + high pedestrian space / low greenery,0.026787651909722224,0.011401706271701388,0.0750461154513889,0.05720689561631945,0.8319854736328125,4.4080946180555555e-05,,True,False,
residential-0087__bukit-gombak-mrt__cp_004,residential-0087__bukit-gombak-mrt,./data/generated/street_images/3974775952603426.jpg,./data/generated/segmentation_images/3974775952603426.png,1,High sky exposure + high road exposure / low greenery,0.2552931043836806,0.230926513671875,0.020787556966145832,0.053538004557291664,0.17466227213541666,0.2563442654079861,,True,False,
residential-0087__bukit-gombak-mrt__cp_005,residential-0087__bukit-gombak-mrt,./data/generated/street_images/1196621814111820.jpg,./data/generated/segmentation_images/1196621814111820.png,1,High sky exposure + high road exposure / low greenery,0.2853207058376736,0.20077684190538195,0.17103407118055555,0.020501030815972224,0.2803870307074653,0.04104953342013889,,True,False,
residential-0087__bukit-gombak-mrt__cp_006,residential-0087__bukit-gombak-mrt,./data/generated/street_images/519240259080076.jpg,./data/generated/segmentation_images/519240259080076.png,1,High sky exposure + high road exposure / low greenery,0.07397630479600695,0.234771728515625,0.2344173855251736,0.017713758680555556,0.18443467881944445,0.2532585991753472,,True,False,
residential-0087__bukit-gombak-mrt__cp_007,residential-0087__bukit-gombak-mrt,./data/generated/street_images/464303948136849.jpg,./data/generated/segmentation_images/464303948136849.png,1,High sky exposure + high road exposure / low greenery,0.3138020833333333,0.2400885687934028,0.10836283365885417,0.03375244140625,0.1906094021267361,0.053078545464409724,,True,False,
residential-0087__bukit-gombak-mrt__cp_008,residential-0087__bukit-gombak-mrt,./data/generated/street_images/1166442880436328.jpg,./data/generated/segmentation_images/1166442880436328.png,2,High pedestrian space + high built frontage / low road exposure,0.08573277791341145,0.048731486002604164,0.062121073404947914,0.34314854939778644,0.37146886189778644,0.023230234781901043,,True,False,
residential-0088__yishun-mrt__cp_002,residential-0088__yishun-mrt,./data/generated/street_images/1348008495570684.jpg,./data/generated/segmentation_images/1348008495570684.png,3,High greenery + high road exposure / low built frontage,0.052469889322916664,0.3548227945963542,0.3185085720486111,0.017088148328993056,0.2393764919704861,0.007849799262152778,,True,False,
residential-0088__yishun-mrt__cp_003,residential-0088__yishun-mrt,./data/generated/street_images/460545158352827.jpg,./data/generated/segmentation_images/460545158352827.png,0,High built frontage + high pedestrian space / low greenery,0.004572550455729167,0.2645924886067708,0.22318861219618055,0.005847507052951389,0.4964616563585069,0.0,,True,False,
residential-0088__yishun-mrt__cp_004,residential-0088__yishun-mrt,./data/generated/street_images/1459825574350528.jpg,./data/generated/segmentation_images/1459825574350528.png,0,High built frontage + high pedestrian space / low greenery,0.009977552625868056,0.3234948052300347,0.2613847520616319,0.028547498914930556,0.3238728841145833,0.04707675509982639,,True,False,
residential-0088__yishun-mrt__cp_005,residential-0088__yishun-mrt,./data/generated/street_images/894642164426228.jpg,./data/generated/segmentation_images/894642164426228.png,0,High built frontage + high pedestrian space / low greenery,0.1406589084201389,0.09812249077690972,0.2318047417534722,0.037775675455729164,0.3295864529079861,0.1592339409722222,,True,False,
residential-0088__yishun-mrt__cp_006,residential-0088__yishun-mrt,./data/generated/street_images/1526330724364666.jpg,./data/generated/segmentation_images/1526330724364666.png,0,High built frontage + high pedestrian space / low greenery,0.04754299587673611,0.17805650499131945,0.21076456705729166,0.02276611328125,0.3717007107204861,0.11355082194010417,,True,False,
residential-0088__yishun-mrt__cp_007,residential-0088__yishun-mrt,./data/generated/street_images/171035134924893.jpg,./data/generated/segmentation_images/171035134924893.png,0,High built frontage + high pedestrian space / low greenery,0.1203189425998264,0.09549797905815972,0.19835408528645834,0.08818901909722222,0.3527442084418403,0.14511277940538195,,True,False,
residential-0088__yishun-mrt__cp_008,residential-0088__yishun-mrt,./data/generated/street_images/777162803003698.jpg,./data/generated/segmentation_images/777162803003698.png,1,High sky exposure + high road exposure / low greenery,0.20455763075086805,0.1952124701605903,0.2918056911892361,0.023040771484375,0.24157884385850695,0.005154079861111111,,True,False,
residential-0088__yishun-mrt__cp_009,residential-0088__yishun-mrt,./data/generated/street_images/202466538222311.jpg,./data/generated/segmentation_images/202466538222311.png,1,High sky exposure + high road exposure / low greenery,0.4240485297309028,0.13369242350260416,0.2047119140625,0.015367296006944444,0.1870795355902778,0.028661092122395832,,True,False,
residential-0088__yishun-mrt__cp_010,residential-0088__yishun-mrt,./data/generated/street_images/314644493379919.jpg,./data/generated/segmentation_images/314644493379919.png,3,High greenery + high road exposure / low built frontage,0.0660400390625,0.3390672471788194,0.1710849338107639,0.021564059787326388,0.1588524712456597,0.006020439995659722,,True,False,
residential-0088__yishun-mrt__cp_011,residential-0088__yishun-mrt,./data/generated/street_images/491839545291567.jpg,./data/generated/segmentation_images/491839545291567.png,1,High sky exposure + high road exposure / low greenery,0.2768741183810764,0.2587517632378472,0.13213602701822916,0.0847930908203125,0.21253797743055555,0.011449178059895834,,True,False,
residential-0088__yishun-mrt__cp_012,residential-0088__yishun-mrt,./data/generated/street_images/307369187622786.jpg,./data/generated/segmentation_images/307369187622786.png,0,High built frontage + high pedestrian space / low greenery,0.025612725151909724,0.1647304958767361,0.18382771809895834,0.014550103081597222,0.3030598958333333,0.3075154622395833,,True,False,
residential-0088__yishun-mrt__cp_013,residential-0088__yishun-mrt,./data/generated/street_images/638004717161620.jpg,./data/generated/segmentation_images/638004717161620.png,0,High built frontage + high pedestrian space / low greenery,0.039559258355034724,0.027384440104166668,0.3045586480034722,0.03139919704861111,0.542999267578125,0.04583401150173611,,True,False,
residential-0088__yishun-mrt__cp_014,residential-0088__yishun-mrt,./data/generated/street_images/1433716240303896.jpg,./data/generated/segmentation_images/1433716240303896.png,3,High greenery + high road exposure / low built frontage,0.018636067708333332,0.4346533881293403,0.24499003092447916,0.023264567057291668,0.2633277045355903,0.0,,True,False,
residential-0088__yishun-mrt__cp_015,residential-0088__yishun-mrt,./data/generated/street_images/1466880543654169.jpg,./data/generated/segmentation_images/1466880543654169.png,3,High greenery + high road exposure / low built frontage,0.13346693250868055,0.3843214246961806,0.2600606282552083,0.003757052951388889,0.1369510226779514,0.051430596245659724,,True,False,
residential-0088__yishun-mrt__cp_016,residential-0088__yishun-mrt,./data/generated/street_images/319086482933205.jpg,./data/generated/segmentation_images/319086482933205.png,0,High built frontage + high pedestrian space / low greenery,0.10984293619791667,0.11695692274305555,0.2950727674696181,0.025917900933159724,0.3115997314453125,0.12104288736979167,,True,False,
residential-0088__yishun-mrt__cp_017,residential-0088__yishun-mrt,./data/generated/street_images/220246322866565.jpg,./data/generated/segmentation_images/220246322866565.png,0,High built frontage + high pedestrian space / low greenery,0.12544759114583334,0.08610026041666667,0.2836761474609375,0.0792728000217014,0.3815714518229167,0.007605658637152778,,True,False,
residential-0088__yishun-mrt__cp_018,residential-0088__yishun-mrt,./data/generated/street_images/268648964985531.jpg,./data/generated/segmentation_images/268648964985531.png,0,High built frontage + high pedestrian space / low greenery,0.002204047309027778,0.022269354926215276,0.2522396511501736,0.10093180338541667,0.5885348849826388,0.0,,True,False,
residential-0088__yishun-mrt__cp_019,residential-0088__yishun-mrt,./data/generated/street_images/413028753430552.jpg,./data/generated/segmentation_images/413028753430552.png,0,High built frontage + high pedestrian space / low greenery,0.007476806640625,0.03925916883680555,0.2359992133246528,0.1364864773220486,0.5310889350043403,0.0,,True,False,
residential-0089__tiong-bahru-mrt__cp_000,residential-0089__tiong-bahru-mrt,./data/generated/street_images/478876400898326.jpg,./data/generated/segmentation_images/478876400898326.png,1,High sky exposure + high road exposure / low greenery,0.2191162109375,0.32773590087890625,0.34079869588216144,0.0,0.08225758870442708,0.016743977864583332,,False,False,
residential-0089__tiong-bahru-mrt__cp_001,residential-0089__tiong-bahru-mrt,./data/generated/street_images/520917662889359.jpg,./data/generated/segmentation_images/520917662889359.png,3,High greenery + high road exposure / low built frontage,0.21060943603515625,0.37699635823567706,0.3295427958170573,0.0033238728841145835,0.05282465616861979,0.020867665608723957,,False,False,
residential-0089__tiong-bahru-mrt__cp_002,residential-0089__tiong-bahru-mrt,./data/generated/street_images/602441987404171.jpg,./data/generated/segmentation_images/602441987404171.png,3,High greenery + high road exposure / low built frontage,0.0985904269748264,0.4084337022569444,0.3190680609809028,0.0017479790581597222,0.03383043077256945,0.010732014973958334,,False,False,
residential-0089__tiong-bahru-mrt__cp_003,residential-0089__tiong-bahru-mrt,./data/generated/street_images/602441987404171.jpg,./data/generated/segmentation_images/602441987404171.png,3,High greenery + high road exposure / low built frontage,0.0985904269748264,0.4084337022569444,0.3190680609809028,0.0017479790581597222,0.03383043077256945,0.010732014973958334,,False,False,
residential-0089__tiong-bahru-mrt__cp_004,residential-0089__tiong-bahru-mrt,./data/generated/street_images/162011332546676.jpg,./data/generated/segmentation_images/162011332546676.png,3,High greenery + high road exposure / low built frontage,0.028027004665798612,0.5658077663845487,0.3570963541666667,0.005374484592013889,0.032826741536458336,0.002170138888888889,,False,False,
residential-0089__tiong-bahru-mrt__cp_005,residential-0089__tiong-bahru-mrt,./data/generated/street_images/524528835383598.jpg,./data/generated/segmentation_images/524528835383598.png,1,High sky exposure + high road exposure / low greenery,0.3290354410807292,0.2606302897135417,0.2046288384331597,0.0035688612196180555,0.0,0.08491007486979167,,False,False,
residential-0089__tiong-bahru-mrt__cp_006,residential-0089__tiong-bahru-mrt,./data/generated/street_images/186605866545835.jpg,./data/generated/segmentation_images/186605866545835.png,1,High sky exposure + high road exposure / low greenery,0.2877027723524306,0.4261135525173611,0.19090440538194445,0.010516696506076388,0.03649563259548611,0.023006863064236112,,False,False,
residential-0089__tiong-bahru-mrt__cp_007,residential-0089__tiong-bahru-mrt,./data/generated/street_images/871242363460209.jpg,./data/generated/segmentation_images/871242363460209.png,3,High greenery + high road exposure / low built frontage,0.1270412868923611,0.4624803331163194,0.2869873046875,0.025672064887152776,0.044821845160590276,0.051903618706597224,,False,False,
residential-0089__tiong-bahru-mrt__cp_008,residential-0089__tiong-bahru-mrt,./data/generated/street_images/1249908036692721.jpg,./data/generated/segmentation_images/1249908036692721.png,3,High greenery + high road exposure / low built frontage,0.018952687581380207,0.6236483256022135,0.2820231119791667,0.0012957255045572917,0.035481770833333336,0.020634969075520832,,False,False,
residential-0089__tiong-bahru-mrt__cp_009,residential-0089__tiong-bahru-mrt,./data/generated/street_images/2998175617082611.jpg,./data/generated/segmentation_images/2998175617082611.png,3,High greenery + high road exposure / low built frontage,0.2276526557074653,0.3564995659722222,0.08066643608940972,0.056854248046875,0.2493930392795139,0.004981146918402778,,False,False,
residential-0089__tiong-bahru-mrt__cp_010,residential-0089__tiong-bahru-mrt,./data/generated/street_images/482244436535253.jpg,./data/generated/segmentation_images/482244436535253.png,1,High sky exposure + high road exposure / low greenery,0.3420783148871528,0.3278418646918403,0.2045966254340278,0.016628689236111112,0.07251824273003472,0.03152804904513889,,False,False,
residential-0089__tiong-bahru-mrt__cp_011,residential-0089__tiong-bahru-mrt,./data/generated/street_images/361424641988291.jpg,./data/generated/segmentation_images/361424641988291.png,3,High greenery + high road exposure / low built frontage,0.1666802300347222,0.34228515625,0.3356814914279514,0.0140228271484375,0.05652025010850695,0.08480326334635417,,False,False,
residential-0089__tiong-bahru-mrt__cp_012,residential-0089__tiong-bahru-mrt,./data/generated/street_images/363169608459245.jpg,./data/generated/segmentation_images/363169608459245.png,1,High sky exposure + high road exposure / low greenery,0.31754175821940106,0.3093147277832031,0.22857030232747397,0.030033111572265625,0.042858123779296875,0.034694671630859375,,False,False,
residential-0089__tiong-bahru-mrt__cp_013,residential-0089__tiong-bahru-mrt,./data/generated/street_images/283449513419516.jpg,./data/generated/segmentation_images/283449513419516.png,3,High greenery + high road exposure / low built frontage,0.1843897501627604,0.4810791015625,0.20339202880859375,0.005457560221354167,0.04128138224283854,0.054372151692708336,,False,False,
residential-0089__tiong-bahru-mrt__cp_014,residential-0089__tiong-bahru-mrt,./data/generated/street_images/218350282996052.jpg,./data/generated/segmentation_images/218350282996052.png,3,High greenery + high road exposure / low built frontage,0.060391743977864586,0.41353607177734375,0.2169774373372396,0.0,0.2352269490559896,0.012137095133463541,,False,False,
residential-0089__tiong-bahru-mrt__cp_015,residential-0089__tiong-bahru-mrt,./data/generated/street_images/588600029190507.jpg,./data/generated/segmentation_images/588600029190507.png,3,High greenery + high road exposure / low built frontage,0.11302439371744792,0.3788261413574219,0.18073399861653647,0.007536570231119792,0.057643890380859375,0.24920654296875,,False,False,
residential-0089__tiong-bahru-mrt__cp_016,residential-0089__tiong-bahru-mrt,./data/generated/street_images/1621648901357029.jpg,./data/generated/segmentation_images/1621648901357029.png,3,High greenery + high road exposure / low built frontage,0.059923807779947914,0.3872795104980469,0.20302963256835938,0.0020090738932291665,0.009546915690104166,0.3329760233561198,,False,False,
residential-0089__tiong-bahru-mrt__cp_017,residential-0089__tiong-bahru-mrt,./data/generated/street_images/195458145593491.jpg,./data/generated/segmentation_images/195458145593491.png,3,High greenery + high road exposure / low built frontage,0.09458033243815105,0.37726593017578125,0.19390741984049478,0.0032412211100260415,0.035006205240885414,0.2879689534505208,,False,False,
residential-0089__tiong-bahru-mrt__cp_018,residential-0089__tiong-bahru-mrt,./data/generated/street_images/491218055356153.jpg,./data/generated/segmentation_images/491218055356153.png,3,High greenery + high road exposure / low built frontage,0.00021870930989583334,0.4678993225097656,0.46691004435221356,0.009127298990885416,0.045407613118489586,0.0,,False,False,
residential-0089__tiong-bahru-mrt__cp_019,residential-0089__tiong-bahru-mrt,./data/generated/street_images/2892425611004294.jpg,./data/generated/segmentation_images/2892425611004294.png,3,High greenery + high road exposure / low built frontage,0.01558685302734375,0.33074951171875,0.4358075459798177,0.054522196451822914,0.00675201416015625,0.0833905537923177,,False,False,
residential-0089__tiong-bahru-mrt__cp_020,residential-0089__tiong-bahru-mrt,./data/generated/street_images/1407978889564620.jpg,./data/generated/segmentation_images/1407978889564620.png,1,High sky exposure + high road exposure / low greenery,0.0012067159016927083,0.09726460774739583,0.6099828084309896,0.0919342041015625,0.12482070922851562,0.028006235758463543,,False,False,
residential-0089__tiong-bahru-mrt__cp_021,residential-0089__tiong-bahru-mrt,./data/generated/street_images/525347899894017.jpg,./data/generated/segmentation_images/525347899894017.png,3,High greenery + high road exposure / low built frontage,0.025857289632161457,0.4318860371907552,0.28519312540690106,0.019343058268229168,0.13434855143229166,0.005349477132161458,,False,False,
residential-0089__tiong-bahru-mrt__cp_022,residential-0089__tiong-bahru-mrt,./data/generated/street_images/220644389485046.jpg,./data/generated/segmentation_images/220644389485046.png,2,High pedestrian space + high built frontage / low road exposure,0.0614776611328125,0.37249755859375,0.1688961452907986,0.1389227973090278,0.16093953450520834,0.034184773763020836,,False,False,
residential-0090__sembawang-mrt__cp_000,residential-0090__sembawang-mrt,./data/generated/street_images/1410687722629915.jpg,./data/generated/segmentation_images/1410687722629915.png,1,High sky exposure + high road exposure / low greenery,0.3103146023220486,0.4162343343098958,0.1139797634548611,0.017884996202256944,0.04195827907986111,0.08162434895833333,,True,False,
residential-0090__sembawang-mrt__cp_001,residential-0090__sembawang-mrt,./data/generated/street_images/182900733697213.jpg,./data/generated/segmentation_images/182900733697213.png,3,High greenery + high road exposure / low built frontage,0.2714335123697917,0.4840562608506944,0.15275065104166666,0.026899549696180556,0.020607842339409724,0.00732421875,,True,False,
residential-0090__sembawang-mrt__cp_002,residential-0090__sembawang-mrt,./data/generated/street_images/543736520365399.jpg,./data/generated/segmentation_images/543736520365399.png,3,High greenery + high road exposure / low built frontage,0.2783135308159722,0.4811570909288194,0.12740580240885416,0.0018259684244791667,0.0,0.09867180718315972,,True,False,
residential-0090__sembawang-mrt__cp_003,residential-0090__sembawang-mrt,./data/generated/street_images/472613853966345.jpg,./data/generated/segmentation_images/472613853966345.png,3,High greenery + high road exposure / low built frontage,0.22896830240885416,0.5046946207682291,0.1549411349826389,0.022288004557291668,0.031211005316840276,0.026404486762152776,,True,False,
residential-0090__sembawang-mrt__cp_004,residential-0090__sembawang-mrt,./data/generated/street_images/3840666749379147.jpg,./data/generated/segmentation_images/3840666749379147.png,1,High sky exposure + high road exposure / low greenery,0.3366546630859375,0.29982757568359375,0.29026031494140625,0.00579071044921875,0.0057125091552734375,0.00165557861328125,,True,False,
residential-0090__sembawang-mrt__cp_005,residential-0090__sembawang-mrt,./data/generated/street_images/840804196532733.jpg,./data/generated/segmentation_images/840804196532733.png,1,High sky exposure + high road exposure / low greenery,0.2661247253417969,0.3030834197998047,0.1869525909423828,0.0003681182861328125,0.02416229248046875,0.0,,True,False,
residential-0090__sembawang-mrt__cp_006,residential-0090__sembawang-mrt,./data/generated/street_images/1511754735867033.jpg,./data/generated/segmentation_images/1511754735867033.png,3,High greenery + high road exposure / low built frontage,0.20289442274305555,0.4489525689019097,0.3119998508029514,0.007880316840277778,0.023841010199652776,0.0,,True,False,
residential-0090__sembawang-mrt__cp_007,residential-0090__sembawang-mrt,./data/generated/street_images/296134468761633.jpg,./data/generated/segmentation_images/296134468761633.png,3,High greenery + high road exposure / low built frontage,0.15430196126302084,0.4793362087673611,0.0,0.0,0.0,0.0,,True,False,
residential-0090__sembawang-mrt__cp_008,residential-0090__sembawang-mrt,./data/generated/street_images/134123908765187.jpg,./data/generated/segmentation_images/134123908765187.png,3,High greenery + high road exposure / low built frontage,0.23887803819444445,0.4419657389322917,0.2339630126953125,0.012315538194444444,0.006841023763020833,0.031834920247395836,,True,False,
residential-0090__sembawang-mrt__cp_009,residential-0090__sembawang-mrt,./data/generated/street_images/3719274294867147.jpg,./data/generated/segmentation_images/3719274294867147.png,1,High sky exposure + high road exposure / low greenery,0.2695888943142361,0.3543972439236111,0.15147569444444445,0.007137722439236111,0.047342936197916664,0.0,,True,False,
residential-0090__sembawang-mrt__cp_010,residential-0090__sembawang-mrt,./data/generated/street_images/155707413169643.jpg,./data/generated/segmentation_images/155707413169643.png,1,High sky exposure + high road exposure / low greenery,0.3246493869357639,0.2469295925564236,0.2534722222222222,0.0996280246310764,0.061803181966145836,0.0,,True,False,
residential-0090__sembawang-mrt__cp_011,residential-0090__sembawang-mrt,./data/generated/street_images/5411150532290424.jpg,./data/generated/segmentation_images/5411150532290424.png,3,High greenery + high road exposure / low built frontage,0.14617538452148438,0.5726737976074219,0.1834850311279297,0.000392913818359375,0.013792037963867188,0.0059261322021484375,,True,False,
residential-0090__sembawang-mrt__cp_012,residential-0090__sembawang-mrt,./data/generated/street_images/472270103999842.jpg,./data/generated/segmentation_images/472270103999842.png,3,High greenery + high road exposure / low built frontage,0.20695877075195312,0.49761009216308594,0.1823253631591797,0.0025177001953125,0.05078125,0.0003833770751953125,,True,False,
residential-0090__sembawang-mrt__cp_013,residential-0090__sembawang-mrt,./data/generated/street_images/282749876826784.jpg,./data/generated/segmentation_images/282749876826784.png,1,High sky exposure + high road exposure / low greenery,0.36865234375,0.2774467468261719,0.2289257049560547,0.00017547607421875,0.05762672424316406,0.003208160400390625,,True,False,
residential-0090__sembawang-mrt__cp_014,residential-0090__sembawang-mrt,./data/generated/street_images/222879429641679.jpg,./data/generated/segmentation_images/222879429641679.png,0,High built frontage + high pedestrian space / low greenery,0.0625491672092014,0.23035176595052084,0.3325890435112847,0.026967366536458332,0.3452487521701389,0.0,,True,False,
residential-0090__sembawang-mrt__cp_015,residential-0090__sembawang-mrt,./data/generated/street_images/763144131030608.jpg,./data/generated/segmentation_images/763144131030608.png,0,High built frontage + high pedestrian space / low greenery,0.022649129231770832,0.2547454833984375,0.3066440158420139,0.04731580946180555,0.3671586778428819,0.0,,True,False,
residential-0090__sembawang-mrt__cp_016,residential-0090__sembawang-mrt,./data/generated/street_images/1042185596188681.jpg,./data/generated/segmentation_images/1042185596188681.png,3,High greenery + high road exposure / low built frontage,0.005087958441840278,0.4284651014539931,0.3167300754123264,0.002875434027777778,0.24027845594618055,0.0,,True,False,
residential-0090__sembawang-mrt__cp_017,residential-0090__sembawang-mrt,./data/generated/street_images/1186861485087143.jpg,./data/generated/segmentation_images/1186861485087143.png,0,High built frontage + high pedestrian space / low greenery,0.12437608506944445,0.1035732693142361,0.318267822265625,0.030183580186631944,0.369873046875,0.019595675998263888,,True,False,
residential-0090__sembawang-mrt__cp_018,residential-0090__sembawang-mrt,./data/generated/street_images/366978961399080.jpg,./data/generated/segmentation_images/366978961399080.png,2,High pedestrian space + high built frontage / low road exposure,0.07105636596679688,0.36028289794921875,0.054996490478515625,0.1807689666748047,0.21665382385253906,0.002452850341796875,,True,False,
residential-0090__sembawang-mrt__cp_019,residential-0090__sembawang-mrt,./data/generated/street_images/770392870332628.jpg,./data/generated/segmentation_images/770392870332628.png,0,High built frontage + high pedestrian space / low greenery,0.0005120171440972222,0.3059455023871528,0.3153211805555556,0.0634494357638889,0.2962799072265625,0.0,,True,False,
residential-0090__sembawang-mrt__cp_020,residential-0090__sembawang-mrt,./data/generated/street_images/505568404208203.jpg,./data/generated/segmentation_images/505568404208203.png,0,High built frontage + high pedestrian space / low greenery,0.0,0.3441704644097222,0.17210218641493055,0.07994249131944445,0.3454149034288194,0.0,,True,False,
residential-0090__sembawang-mrt__cp_021,residential-0090__sembawang-mrt,./data/generated/street_images/1098414850645523.jpg,./data/generated/segmentation_images/1098414850645523.png,0,High built frontage + high pedestrian space / low greenery,0.0819515652126736,0.3296322292751736,0.009984334309895834,0.011142306857638888,0.2794782850477431,0.0,,True,False,
residential-0090__sembawang-mrt__cp_022,residential-0090__sembawang-mrt,./data/generated/street_images/267019495128371.jpg,./data/generated/segmentation_images/267019495128371.png,3,High greenery + high road exposure / low built frontage,0.1461452907986111,0.6013607449001737,0.031233045789930556,0.00021023220486111112,0.18206787109375,0.00026109483506944444,,True,False,
residential-0090__sembawang-mrt__cp_023,residential-0090__sembawang-mrt,./data/generated/street_images/493743558491280.jpg,./data/generated/segmentation_images/493743558491280.png,3,High greenery + high road exposure / low built frontage,0.06816779242621528,0.65997314453125,0.0707583957248264,0.00014241536458333334,0.20006815592447916,0.0,,True,False,
residential-0090__sembawang-mrt__cp_024,residential-0090__sembawang-mrt,./data/generated/street_images/493103975065943.jpg,./data/generated/segmentation_images/493103975065943.png,3,High greenery + high road exposure / low built frontage,0.08331468370225695,0.5248972574869791,0.2058444552951389,0.005566067165798611,0.1841854519314236,0.0,,True,False,
residential-0090__sembawang-mrt__cp_025,residential-0090__sembawang-mrt,./data/generated/street_images/221339159413826.jpg,./data/generated/segmentation_images/221339159413826.png,1,High sky exposure + high road exposure / low greenery,0.2863345675998264,0.1807623969184028,0.12214491102430555,0.04570176866319445,0.2732883029513889,0.053382025824652776,,True,False,
residential-0090__sembawang-mrt__cp_026,residential-0090__sembawang-mrt,./data/generated/street_images/221339159413826.jpg,./data/generated/segmentation_images/221339159413826.png,1,High sky exposure + high road exposure / low greenery,0.2863345675998264,0.1807623969184028,0.12214491102430555,0.04570176866319445,0.2732883029513889,0.053382025824652776,,True,False,
residential-0091__commonwealth-mrt__cp_000,residential-0091__commonwealth-mrt,./data/generated/street_images/490502998770157.jpg,./data/generated/segmentation_images/490502998770157.png,3,High greenery + high road exposure / low built frontage,0.0975964864095052,0.7503801981608073,0.042973836263020836,0.019262949625651043,0.0038617451985677085,0.07302093505859375,,False,False,
residential-0091__commonwealth-mrt__cp_001,residential-0091__commonwealth-mrt,./data/generated/street_images/1227147649452567.jpg,./data/generated/segmentation_images/1227147649452567.png,2,High pedestrian space + high built frontage / low road exposure,0.3227691650390625,0.3804206848144531,0.04897880554199219,0.18723487854003906,0.014453887939453125,0.0042552947998046875,,False,False,
residential-0091__commonwealth-mrt__cp_002,residential-0091__commonwealth-mrt,./data/generated/street_images/156296363090832.jpg,./data/generated/segmentation_images/156296363090832.png,3,High greenery + high road exposure / low built frontage,0.07471466064453125,0.7787310282389323,0.04816309611002604,0.021884918212890625,0.00010426839192708333,0.06561533610026042,,False,False,
residential-0091__commonwealth-mrt__cp_003,residential-0091__commonwealth-mrt,./data/generated/street_images/448607759569435.jpg,./data/generated/segmentation_images/448607759569435.png,3,High greenery + high road exposure / low built frontage,0.07209396362304688,0.7491963704427084,0.035718282063802086,0.03967920939127604,0.011905670166015625,0.08667246500651042,,False,False,
residential-0091__commonwealth-mrt__cp_004,residential-0091__commonwealth-mrt,./data/generated/street_images/578163959818562.jpg,./data/generated/segmentation_images/578163959818562.png,1,High sky exposure + high road exposure / low greenery,0.49798583984375,0.16750208536783853,0.1813990275065104,0.009714762369791666,0.07472737630208333,0.0006891886393229166,,False,False,
residential-0091__commonwealth-mrt__cp_005,residential-0091__commonwealth-mrt,./data/generated/street_images/459080508516266.jpg,./data/generated/segmentation_images/459080508516266.png,1,High sky exposure + high road exposure / low greenery,0.45260365804036456,0.3182411193847656,0.1564178466796875,0.025929768880208332,0.025423685709635418,0.0075225830078125,,False,False,
residential-0091__commonwealth-mrt__cp_006,residential-0091__commonwealth-mrt,./data/generated/street_images/132555468913999.jpg,./data/generated/segmentation_images/132555468913999.png,3,High greenery + high road exposure / low built frontage,0.19749620225694445,0.4229346381293403,0.0989956325954861,0.0,0.061823527018229164,0.07044304741753472,,False,False,
residential-0091__commonwealth-mrt__cp_007,residential-0091__commonwealth-mrt,./data/generated/street_images/129079659179549.jpg,./data/generated/segmentation_images/129079659179549.png,3,High greenery + high road exposure / low built frontage,0.1744605170355903,0.4465162489149306,0.1201443142361111,0.058266533745659724,0.1037445068359375,0.053761800130208336,,False,False,
residential-0091__commonwealth-mrt__cp_008,residential-0091__commonwealth-mrt,./data/generated/street_images/585953132375418.jpg,./data/generated/segmentation_images/585953132375418.png,3,High greenery + high road exposure / low built frontage,0.2580718994140625,0.4139149983723958,0.14979044596354166,0.05304124620225695,0.06369527180989583,0.019266764322916668,,False,False,
residential-0091__commonwealth-mrt__cp_009,residential-0091__commonwealth-mrt,./data/generated/street_images/985845998913559.jpg,./data/generated/segmentation_images/985845998913559.png,3,High greenery + high road exposure / low built frontage,0.002509223090277778,0.7832132975260416,0.016387939453125,0.009128146701388888,0.1417728000217014,0.0009375678168402778,,False,False,
residential-0091__commonwealth-mrt__cp_010,residential-0091__commonwealth-mrt,./data/generated/street_images/496229264853370.jpg,./data/generated/segmentation_images/496229264853370.png,3,High greenery + high road exposure / low built frontage,0.1416812472873264,0.4269426133897569,0.08323160807291667,0.012485080295138888,0.3144632975260417,0.0,,False,False,
residential-0091__commonwealth-mrt__cp_011,residential-0091__commonwealth-mrt,./data/generated/street_images/755000675185256.jpg,./data/generated/segmentation_images/755000675185256.png,3,High greenery + high road exposure / low built frontage,0.0840725368923611,0.3656378851996528,0.08916558159722222,0.037282307942708336,0.2542182074652778,0.0,,False,False,
residential-0091__commonwealth-mrt__cp_012,residential-0091__commonwealth-mrt,./data/generated/street_images/496349495047448.jpg,./data/generated/segmentation_images/496349495047448.png,3,High greenery + high road exposure / low built frontage,0.20995585123697916,0.3718583848741319,0.2423214382595486,0.061606513129340276,0.08362664116753472,0.0,,False,False,
residential-0091__commonwealth-mrt__cp_013,residential-0091__commonwealth-mrt,./data/generated/street_images/955468011931903.jpg,./data/generated/segmentation_images/955468011931903.png,0,High built frontage + high pedestrian space / low greenery,0.17814254760742188,0.05962498982747396,0.08185831705729167,0.012738545735677084,0.6023038228352865,0.020971934000651043,,False,False,
residential-0091__commonwealth-mrt__cp_014,residential-0091__commonwealth-mrt,./data/generated/street_images/885578302023385.jpg,./data/generated/segmentation_images/885578302023385.png,0,High built frontage + high pedestrian space / low greenery,0.1587371826171875,0.3158760070800781,0.08262252807617188,0.037447611490885414,0.3535499572753906,0.03172175089518229,,False,False,
residential-0092__bedok-reservoir-mrt__cp_002,residential-0092__bedok-reservoir-mrt,./data/generated/street_images/2935150643473376.jpg,./data/generated/segmentation_images/2935150643473376.png,0,High built frontage + high pedestrian space / low greenery,0.05180189344618055,0.3088768853081597,0.18918016221788195,0.034154256184895836,0.4114566379123264,0.0,,True,False,
residential-0092__bedok-reservoir-mrt__cp_003,residential-0092__bedok-reservoir-mrt,./data/generated/street_images/503172667497842.jpg,./data/generated/segmentation_images/503172667497842.png,3,High greenery + high road exposure / low built frontage,0.16935899522569445,0.3348388671875,0.1736263699001736,0.05825466579861111,0.2564171685112847,0.007503933376736111,,True,False,
residential-0092__bedok-reservoir-mrt__cp_004,residential-0092__bedok-reservoir-mrt,./data/generated/street_images/308569697549821.jpg,./data/generated/segmentation_images/308569697549821.png,3,High greenery + high road exposure / low built frontage,0.11573113335503472,0.3792453342013889,0.1802588568793403,0.018476698133680556,0.2560831705729167,0.03178744845920139,,True,False,
residential-0092__bedok-reservoir-mrt__cp_005,residential-0092__bedok-reservoir-mrt,./data/generated/street_images/917588515451559.jpg,./data/generated/segmentation_images/917588515451559.png,0,High built frontage + high pedestrian space / low greenery,0.039087931315104164,0.3702562120225694,0.19470045301649305,0.0028398301866319445,0.3700086805555556,0.0,,True,False,
residential-0092__bedok-reservoir-mrt__cp_006,residential-0092__bedok-reservoir-mrt,./data/generated/street_images/273542844459836.jpg,./data/generated/segmentation_images/273542844459836.png,0,High built frontage + high pedestrian space / low greenery,0.2119106716579861,0.19583299424913195,0.07369486490885417,0.040961371527777776,0.3945024278428819,0.08208719889322917,,True,False,
residential-0092__bedok-reservoir-mrt__cp_007,residential-0092__bedok-reservoir-mrt,./data/generated/street_images/2882694822003981.jpg,./data/generated/segmentation_images/2882694822003981.png,3,High greenery + high road exposure / low built frontage,0.08635118272569445,0.3624538845486111,0.2822706434461806,0.0046844482421875,0.2592705620659722,0.00029839409722222225,,True,False,
residential-0092__bedok-reservoir-mrt__cp_008,residential-0092__bedok-reservoir-mrt,./data/generated/street_images/131887362320190.jpg,./data/generated/segmentation_images/131887362320190.png,0,High built frontage + high pedestrian space / low greenery,0.0790829128689236,0.2835710313585069,0.3290557861328125,0.006808810763888889,0.2938825819227431,0.002905951605902778,,True,False,
residential-0092__bedok-reservoir-mrt__cp_009,residential-0092__bedok-reservoir-mrt,./data/generated/street_images/131887362320190.jpg,./data/generated/segmentation_images/131887362320190.png,0,High built frontage + high pedestrian space / low greenery,0.0790829128689236,0.2835710313585069,0.3290557861328125,0.006808810763888889,0.2938825819227431,0.002905951605902778,,True,False,
residential-0092__bedok-reservoir-mrt__cp_012,residential-0092__bedok-reservoir-mrt,./data/generated/street_images/142416197922808.jpg,./data/generated/segmentation_images/142416197922808.png,0,High built frontage + high pedestrian space / low greenery,0.11843702528211805,0.3219265407986111,0.1693996853298611,0.015382554796006944,0.3647867838541667,0.010067409939236112,,True,False,
residential-0092__bedok-reservoir-mrt__cp_013,residential-0092__bedok-reservoir-mrt,./data/generated/street_images/142416197922808.jpg,./data/generated/segmentation_images/142416197922808.png,0,High built frontage + high pedestrian space / low greenery,0.11843702528211805,0.3219265407986111,0.1693996853298611,0.015382554796006944,0.3647867838541667,0.010067409939236112,,True,False,
residential-0092__bedok-reservoir-mrt__cp_014,residential-0092__bedok-reservoir-mrt,./data/generated/street_images/1153155511835609.jpg,./data/generated/segmentation_images/1153155511835609.png,3,High greenery + high road exposure / low built frontage,0.18258836534288195,0.4178178575303819,0.1669955783420139,0.00994873046875,0.2041592068142361,0.0,,True,False,
residential-0092__bedok-reservoir-mrt__cp_015,residential-0092__bedok-reservoir-mrt,./data/generated/street_images/211687503936146.jpg,./data/generated/segmentation_images/211687503936146.png,3,High greenery + high road exposure / low built frontage,0.1628943549262153,0.581451416015625,0.1413998074001736,0.0,0.008716159396701388,0.023820665147569444,,True,False,
residential-0092__bedok-reservoir-mrt__cp_016,residential-0092__bedok-reservoir-mrt,./data/generated/street_images/1017306652139337.jpg,./data/generated/segmentation_images/1017306652139337.png,3,High greenery + high road exposure / low built frontage,0.1265174018012153,0.64959716796875,0.15034654405381945,0.0,0.025838216145833332,0.00567626953125,,True,False,
residential-0092__bedok-reservoir-mrt__cp_017,residential-0092__bedok-reservoir-mrt,./data/generated/street_images/2172298916243265.jpg,./data/generated/segmentation_images/2172298916243265.png,3,High greenery + high road exposure / low built frontage,0.109283447265625,0.3900349934895833,0.1830223931206597,0.057133992513020836,0.12389289008246528,0.002692328559027778,,True,False,
residential-0092__bedok-reservoir-mrt__cp_018,residential-0092__bedok-reservoir-mrt,./data/generated/street_images/811524313084554.jpg,./data/generated/segmentation_images/811524313084554.png,0,High built frontage + high pedestrian space / low greenery,0.10553148057725695,0.15360853407118055,0.2487606472439236,0.05053541395399305,0.1946750217013889,0.04033237033420139,,True,False,
residential-0092__bedok-reservoir-mrt__cp_019,residential-0092__bedok-reservoir-mrt,./data/generated/street_images/509711117114286.jpg,./data/generated/segmentation_images/509711117114286.png,2,High pedestrian space + high built frontage / low road exposure,0.007661183675130208,0.39823277791341144,0.07818222045898438,0.29206593831380206,0.19730631510416666,0.0017484029134114583,,True,False,
residential-0092__bedok-reservoir-mrt__cp_020,residential-0092__bedok-reservoir-mrt,./data/generated/street_images/3808194875975999.jpg,./data/generated/segmentation_images/3808194875975999.png,1,High sky exposure + high road exposure / low greenery,0.2784339057074653,0.08892822265625,0.24468994140625,0.0,0.14758470323350695,0.1573978000217014,,True,False,
residential-0092__bedok-reservoir-mrt__cp_021,residential-0092__bedok-reservoir-mrt,./data/generated/street_images/825140801718103.jpg,./data/generated/segmentation_images/825140801718103.png,2,High pedestrian space + high built frontage / low road exposure,0.12213643391927083,0.26770273844401044,0.018192291259765625,0.19815953572591147,0.33896636962890625,0.03669611612955729,,True,False,
residential-0092__bedok-reservoir-mrt__cp_022,residential-0092__bedok-reservoir-mrt,./data/generated/street_images/503340814335089.jpg,./data/generated/segmentation_images/503340814335089.png,2,High pedestrian space + high built frontage / low road exposure,0.011858622233072916,0.03472010294596354,0.055816650390625,0.37677892049153644,0.18716303507486978,0.005237579345703125,,True,False,
residential-0093__sembawang-mrt__cp_001,residential-0093__sembawang-mrt,./data/generated/street_images/938508353616414.jpg,./data/generated/segmentation_images/938508353616414.png,2,High pedestrian space + high built frontage / low road exposure,0.28291893005371094,0.21828651428222656,0.18991661071777344,0.16342926025390625,0.08043861389160156,0.001766204833984375,,True,False,
residential-0093__sembawang-mrt__cp_002,residential-0093__sembawang-mrt,./data/generated/street_images/938508353616414.jpg,./data/generated/segmentation_images/938508353616414.png,2,High pedestrian space + high built frontage / low road exposure,0.28291893005371094,0.21828651428222656,0.18991661071777344,0.16342926025390625,0.08043861389160156,0.001766204833984375,,True,False,
residential-0093__sembawang-mrt__cp_003,residential-0093__sembawang-mrt,./data/generated/street_images/233979848516280.jpg,./data/generated/segmentation_images/233979848516280.png,1,High sky exposure + high road exposure / low greenery,0.2663898468017578,0.32672119140625,0.26551246643066406,0.010225296020507812,0.0482940673828125,0.0006923675537109375,,True,False,
residential-0093__sembawang-mrt__cp_004,residential-0093__sembawang-mrt,./data/generated/street_images/914797149373742.jpg,./data/generated/segmentation_images/914797149373742.png,1,High sky exposure + high road exposure / low greenery,0.32964515686035156,0.2759971618652344,0.191741943359375,0.11329269409179688,0.027990341186523438,0.003170013427734375,,True,False,
residential-0093__sembawang-mrt__cp_005,residential-0093__sembawang-mrt,./data/generated/street_images/321266352687955.jpg,./data/generated/segmentation_images/321266352687955.png,0,High built frontage + high pedestrian space / low greenery,0.025904337565104168,0.12364366319444445,0.2248653835720486,0.13299051920572916,0.4205847846137153,0.0,,True,False,
residential-0093__sembawang-mrt__cp_006,residential-0093__sembawang-mrt,./data/generated/street_images/321266352687955.jpg,./data/generated/segmentation_images/321266352687955.png,0,High built frontage + high pedestrian space / low greenery,0.025904337565104168,0.12364366319444445,0.2248653835720486,0.13299051920572916,0.4205847846137153,0.0,,True,False,
residential-0093__sembawang-mrt__cp_007,residential-0093__sembawang-mrt,./data/generated/street_images/3050557195165886.jpg,./data/generated/segmentation_images/3050557195165886.png,3,High greenery + high road exposure / low built frontage,0.00036451551649305556,0.5139923095703125,0.021197848849826388,0.029412163628472224,0.2525448269314236,1.864963107638889e-05,,True,False,
residential-0093__sembawang-mrt__cp_008,residential-0093__sembawang-mrt,./data/generated/street_images/512751906563401.jpg,./data/generated/segmentation_images/512751906563401.png,0,High built frontage + high pedestrian space / low greenery,0.0007392035590277778,0.2903849283854167,0.21385362413194445,0.06554328070746528,0.3676384819878472,0.0,,True,False,
residential-0093__sembawang-mrt__cp_009,residential-0093__sembawang-mrt,./data/generated/street_images/290315132737033.jpg,./data/generated/segmentation_images/290315132737033.png,2,High pedestrian space + high built frontage / low road exposure,0.007841322157118056,0.5104234483506944,0.0017835828993055555,0.22299024793836805,0.24916585286458334,0.004862467447916667,,True,False,
residential-0093__sembawang-mrt__cp_010,residential-0093__sembawang-mrt,./data/generated/street_images/1804492533066250.jpg,./data/generated/segmentation_images/1804492533066250.png,2,High pedestrian space + high built frontage / low road exposure,0.04072401258680555,0.4155341254340278,0.003317938910590278,0.162261962890625,0.3644883897569444,0.0,,True,False,
residential-0093__sembawang-mrt__cp_011,residential-0093__sembawang-mrt,./data/generated/street_images/267019495128371.jpg,./data/generated/segmentation_images/267019495128371.png,3,High greenery + high road exposure / low built frontage,0.1461452907986111,0.6013607449001737,0.031233045789930556,0.00021023220486111112,0.18206787109375,0.00026109483506944444,,True,False,
residential-0093__sembawang-mrt__cp_012,residential-0093__sembawang-mrt,./data/generated/street_images/1181727762269298.jpg,./data/generated/segmentation_images/1181727762269298.png,3,High greenery + high road exposure / low built frontage,0.10769483778211805,0.6178215874565972,0.025141398111979168,0.0,0.19207763671875,1.6954210069444445e-05,,True,False,
residential-0093__sembawang-mrt__cp_013,residential-0093__sembawang-mrt,./data/generated/street_images/493103975065943.jpg,./data/generated/segmentation_images/493103975065943.png,3,High greenery + high road exposure / low built frontage,0.08331468370225695,0.5248972574869791,0.2058444552951389,0.005566067165798611,0.1841854519314236,0.0,,True,False,
residential-0093__sembawang-mrt__cp_014,residential-0093__sembawang-mrt,./data/generated/street_images/221339159413826.jpg,./data/generated/segmentation_images/221339159413826.png,1,High sky exposure + high road exposure / low greenery,0.2863345675998264,0.1807623969184028,0.12214491102430555,0.04570176866319445,0.2732883029513889,0.053382025824652776,,True,False,
residential-0093__sembawang-mrt__cp_015,residential-0093__sembawang-mrt,./data/generated/street_images/221339159413826.jpg,./data/generated/segmentation_images/221339159413826.png,1,High sky exposure + high road exposure / low greenery,0.2863345675998264,0.1807623969184028,0.12214491102430555,0.04570176866319445,0.2732883029513889,0.053382025824652776,,True,False,
residential-0094__mayflower-mrt__cp_000,residential-0094__mayflower-mrt,./data/generated/street_images/1655748547944998.jpg,./data/generated/segmentation_images/1655748547944998.png,0,High built frontage + high pedestrian space / low greenery,0.07236395941840278,0.2602369520399306,0.0,0.016749064127604168,0.4907955593532986,0.0,98.26,False,False,
residential-0094__mayflower-mrt__cp_001,residential-0094__mayflower-mrt,./data/generated/street_images/3972658132780861.jpg,./data/generated/segmentation_images/3972658132780861.png,0,High built frontage + high pedestrian space / low greenery,0.036092122395833336,0.13016255696614584,0.03135850694444445,0.06282212999131945,0.6523607042100694,0.005808512369791667,43.92,False,False,
residential-0094__mayflower-mrt__cp_002,residential-0094__mayflower-mrt,./data/generated/street_images/828345688089198.jpg,./data/generated/segmentation_images/828345688089198.png,0,High built frontage + high pedestrian space / low greenery,0.058252970377604164,0.2514156765407986,0.0011613633897569445,0.042929755316840276,0.6428120930989584,0.0,0.0,False,True,
residential-0094__mayflower-mrt__cp_003,residential-0094__mayflower-mrt,./data/generated/street_images/380604729879612.jpg,./data/generated/segmentation_images/380604729879612.png,3,High greenery + high road exposure / low built frontage,0.08818223741319445,0.5239885118272569,5.425347222222222e-05,0.004545423719618056,0.2845713297526042,0.0,53.57000000000001,False,False,
residential-0094__mayflower-mrt__cp_004,residential-0094__mayflower-mrt,./data/generated/street_images/944858536346026.jpg,./data/generated/segmentation_images/944858536346026.png,1,High sky exposure + high road exposure / low greenery,0.178009033203125,0.17371961805555555,0.3182695176866319,0.000995212131076389,0.23586018880208334,0.014443291558159722,103.93999999999998,False,False,
residential-0094__mayflower-mrt__cp_005,residential-0094__mayflower-mrt,./data/generated/street_images/489144298873739.jpg,./data/generated/segmentation_images/489144298873739.png,0,High built frontage + high pedestrian space / low greenery,0.056233723958333336,0.3238796657986111,0.0006900363498263889,0.0,0.5141245524088541,0.0,157.14,False,False,
residential-0094__mayflower-mrt__cp_006,residential-0094__mayflower-mrt,./data/generated/street_images/2554732624651006.jpg,./data/generated/segmentation_images/2554732624651006.png,0,High built frontage + high pedestrian space / low greenery,0.08079698350694445,0.5050777859157987,0.0,0.0,0.3997955322265625,0.0,206.11,False,False,
residential-0094__mayflower-mrt__cp_007,residential-0094__mayflower-mrt,./data/generated/street_images/1970612309756622.jpg,./data/generated/segmentation_images/1970612309756622.png,3,High greenery + high road exposure / low built frontage,0.022242228190104168,0.42425537109375,0.2417076958550347,0.032735188802083336,0.2641143798828125,0.0,249.5,False,False,
residential-0094__mayflower-mrt__cp_008,residential-0094__mayflower-mrt,./data/generated/street_images/469709707423759.jpg,./data/generated/segmentation_images/469709707423759.png,1,High sky exposure + high road exposure / low greenery,0.4293145073784722,0.20524766710069445,0.03602939181857639,0.004611545138888889,0.11251661512586805,0.1585845947265625,304.40000000000003,False,False,
residential-0094__mayflower-mrt__cp_009,residential-0094__mayflower-mrt,./data/generated/street_images/216903506588486.jpg,./data/generated/segmentation_images/216903506588486.png,1,High sky exposure + high road exposure / low greenery,0.4648929172092014,0.13649156358506945,0.03248426649305555,0.028123643663194444,0.18732198079427084,0.12750074598524305,357.24,False,False,
residential-0094__mayflower-mrt__cp_010,residential-0094__mayflower-mrt,./data/generated/street_images/313685620317987.jpg,./data/generated/segmentation_images/313685620317987.png,1,High sky exposure + high road exposure / low greenery,0.4841579861111111,0.2177581787109375,0.03580898708767361,0.014855278862847222,0.04947068956163195,0.13239542643229166,418.51,False,False,
residential-0094__mayflower-mrt__cp_011,residential-0094__mayflower-mrt,./data/generated/street_images/8251753488200542.jpg,./data/generated/segmentation_images/8251753488200542.png,3,High greenery + high road exposure / low built frontage,0.0447540283203125,0.4146864149305556,0.3980814615885417,0.007083468967013889,0.11336602105034722,0.008984035915798612,484.06000000000006,False,False,
residential-0094__mayflower-mrt__cp_012,residential-0094__mayflower-mrt,./data/generated/street_images/5593313324090340.jpg,./data/generated/segmentation_images/5593313324090340.png,3,High greenery + high road exposure / low built frontage,0.025914510091145832,0.2560492621527778,0.5707499186197916,0.018071492513020832,0.1151309543185764,0.006995307074652778,530.1800000000001,False,False,
residential-0094__mayflower-mrt__cp_013,residential-0094__mayflower-mrt,./data/generated/street_images/782549966024729.jpg,./data/generated/segmentation_images/782549966024729.png,3,High greenery + high road exposure / low built frontage,0.16874186197916666,0.5555013020833334,0.060233222113715276,0.022806803385416668,0.1656714545355903,0.003323025173611111,585.32,False,False,
residential-0094__mayflower-mrt__cp_014,residential-0094__mayflower-mrt,./data/generated/street_images/519995569020783.jpg,./data/generated/segmentation_images/519995569020783.png,0,High built frontage + high pedestrian space / low greenery,0.12538655598958334,0.3988477918836806,0.030280219184027776,0.06458875868055555,0.3808051215277778,0.0,637.19,False,False,
residential-0094__mayflower-mrt__cp_015,residential-0094__mayflower-mrt,./data/generated/street_images/301956854894145.jpg,./data/generated/segmentation_images/301956854894145.png,1,High sky exposure + high road exposure / low greenery,0.4073215060763889,0.0003238254123263889,0.10544501410590278,0.08375718858506945,0.3662770589192708,0.036673651801215276,693.88,False,False,
residential-0094__mayflower-mrt__cp_016,residential-0094__mayflower-mrt,./data/generated/street_images/490131962227620.jpg,./data/generated/segmentation_images/490131962227620.png,0,High built frontage + high pedestrian space / low greenery,0.1852959526909722,0.002795749240451389,0.0031636555989583335,0.0,0.4556732177734375,0.0,749.11,False,False,
residential-0094__mayflower-mrt__cp_017,residential-0094__mayflower-mrt,./data/generated/street_images/769550867087781.jpg,./data/generated/segmentation_images/769550867087781.png,0,High built frontage + high pedestrian space / low greenery,0.2532619900173611,0.016282823350694444,0.2531280517578125,0.0013631184895833333,0.4584808349609375,0.0,818.39,False,False,
residential-0094__mayflower-mrt__cp_018,residential-0094__mayflower-mrt,./data/generated/street_images/110376531121079.jpg,./data/generated/segmentation_images/110376531121079.png,0,High built frontage + high pedestrian space / low greenery,0.1242557101779514,0.04874844021267361,0.2167697482638889,0.0,0.4137420654296875,0.022272745768229168,866.82,False,False,
residential-0094__mayflower-mrt__cp_019,residential-0094__mayflower-mrt,./data/generated/street_images/392236288542458.jpg,./data/generated/segmentation_images/392236288542458.png,0,High built frontage + high pedestrian space / low greenery,0.1393398708767361,0.007734510633680556,0.22024705674913195,0.0014055040147569445,0.5027211507161459,0.019351535373263888,892.47,False,False,
residential-0095__ang-mo-kio-mrt__cp_006,residential-0095__ang-mo-kio-mrt,./data/generated/street_images/491865071856614.jpg,./data/generated/segmentation_images/491865071856614.png,3,High greenery + high road exposure / low built frontage,0.14702351888020834,0.3975830078125,0.23035812377929688,0.0088043212890625,0.16574223836263022,0.003360748291015625,,True,False,
residential-0095__ang-mo-kio-mrt__cp_007,residential-0095__ang-mo-kio-mrt,./data/generated/street_images/3835887329820630.jpg,./data/generated/segmentation_images/3835887329820630.png,3,High greenery + high road exposure / low built frontage,0.19288762410481772,0.39153798421223956,0.2103118896484375,0.021475474039713543,0.1277592976888021,0.003787994384765625,,True,False,
residential-0095__ang-mo-kio-mrt__cp_008,residential-0095__ang-mo-kio-mrt,./data/generated/street_images/138488938253968.jpg,./data/generated/segmentation_images/138488938253968.png,3,High greenery + high road exposure / low built frontage,0.03558985392252604,0.5844141642252604,0.23331451416015625,0.005621592203776042,0.09950002034505208,0.00324249267578125,,True,False,
residential-0095__ang-mo-kio-mrt__cp_009,residential-0095__ang-mo-kio-mrt,./data/generated/street_images/912608519539136.jpg,./data/generated/segmentation_images/912608519539136.png,3,High greenery + high road exposure / low built frontage,0.09554799397786458,0.4459826151529948,0.3273200988769531,0.0007921854654947916,0.09171168009440105,0.0323028564453125,,True,False,
residential-0095__ang-mo-kio-mrt__cp_010,residential-0095__ang-mo-kio-mrt,./data/generated/street_images/279190227179177.jpg,./data/generated/segmentation_images/279190227179177.png,3,High greenery + high road exposure / low built frontage,0.10760879516601562,0.524987538655599,0.2626177469889323,0.007403055826822917,0.034100850423177086,0.024862925211588543,,True,False,
residential-0095__ang-mo-kio-mrt__cp_011,residential-0095__ang-mo-kio-mrt,./data/generated/street_images/279190227179177.jpg,./data/generated/segmentation_images/279190227179177.png,3,High greenery + high road exposure / low built frontage,0.10760879516601562,0.524987538655599,0.2626177469889323,0.007403055826822917,0.034100850423177086,0.024862925211588543,,True,False,
residential-0095__ang-mo-kio-mrt__cp_013,residential-0095__ang-mo-kio-mrt,./data/generated/street_images/2604066413224227.jpg,./data/generated/segmentation_images/2604066413224227.png,0,High built frontage + high pedestrian space / low greenery,0.118804931640625,0.24269994099934897,0.0,0.040560404459635414,0.54425048828125,0.0,,True,False,
residential-0095__ang-mo-kio-mrt__cp_014,residential-0095__ang-mo-kio-mrt,./data/generated/street_images/930245201163605.jpg,./data/generated/segmentation_images/930245201163605.png,0,High built frontage + high pedestrian space / low greenery,0.0,0.15936787923177084,0.018044789632161457,0.015729268391927082,0.48422876993815106,0.0,,True,False,
residential-0095__ang-mo-kio-mrt__cp_015,residential-0095__ang-mo-kio-mrt,./data/generated/street_images/491676858643012.jpg,./data/generated/segmentation_images/491676858643012.png,0,High built frontage + high pedestrian space / low greenery,0.1363135443793403,0.010125054253472222,0.2990061442057292,0.019794040256076388,0.4234839545355903,0.09785970052083333,,True,False,
residential-0095__ang-mo-kio-mrt__cp_016,residential-0095__ang-mo-kio-mrt,./data/generated/street_images/156899016379452.jpg,./data/generated/segmentation_images/156899016379452.png,0,High built frontage + high pedestrian space / low greenery,0.06201171875,0.2148674858940972,0.2699500189887153,0.05956692165798611,0.3596140543619792,0.0011766221788194445,,True,False,
residential-0095__ang-mo-kio-mrt__cp_017,residential-0095__ang-mo-kio-mrt,./data/generated/street_images/156899016379452.jpg,./data/generated/segmentation_images/156899016379452.png,0,High built frontage + high pedestrian space / low greenery,0.06201171875,0.2148674858940972,0.2699500189887153,0.05956692165798611,0.3596140543619792,0.0011766221788194445,,True,False,
residential-0096__pioneer-mrt__cp_001,residential-0096__pioneer-mrt,./data/generated/street_images/927824261344451.jpg,./data/generated/segmentation_images/927824261344451.png,0,High built frontage + high pedestrian space / low greenery,0.07394239637586805,0.1091732449001736,0.24838087293836805,0.0318603515625,0.5272810194227431,0.003329806857638889,,True,False,
residential-0096__pioneer-mrt__cp_005,residential-0096__pioneer-mrt,./data/generated/street_images/346604620215825.jpg,./data/generated/segmentation_images/346604620215825.png,0,High built frontage + high pedestrian space / low greenery,0.016489664713541668,0.3093431260850694,0.2226596408420139,0.023764716254340276,0.4278632269965278,0.0,,True,False,
residential-0096__pioneer-mrt__cp_006,residential-0096__pioneer-mrt,./data/generated/street_images/346604620215825.jpg,./data/generated/segmentation_images/346604620215825.png,0,High built frontage + high pedestrian space / low greenery,0.016489664713541668,0.3093431260850694,0.2226596408420139,0.023764716254340276,0.4278632269965278,0.0,,True,False,
residential-0096__pioneer-mrt__cp_007,residential-0096__pioneer-mrt,./data/generated/street_images/519059189288040.jpg,./data/generated/segmentation_images/519059189288040.png,1,High sky exposure + high road exposure / low greenery,0.2816094292534722,0.1089748806423611,0.1460333930121528,0.015577528211805556,0.3956095377604167,0.05070834689670139,,True,False,
residential-0096__pioneer-mrt__cp_008,residential-0096__pioneer-mrt,./data/generated/street_images/909234409647914.jpg,./data/generated/segmentation_images/909234409647914.png,0,High built frontage + high pedestrian space / low greenery,0.009050157335069444,0.4720865885416667,0.09375,0.030832926432291668,0.3939802381727431,0.0,,True,False,
residential-0096__pioneer-mrt__cp_009,residential-0096__pioneer-mrt,./data/generated/street_images/821599055454892.jpg,./data/generated/segmentation_images/821599055454892.png,1,High sky exposure + high road exposure / low greenery,0.2946607801649306,0.23579915364583334,0.10820176866319445,0.017401801215277776,0.21822102864583334,0.1263003879123264,,True,False,
residential-0096__pioneer-mrt__cp_010,residential-0096__pioneer-mrt,./data/generated/street_images/135154928604389.jpg,./data/generated/segmentation_images/135154928604389.png,0,High built frontage + high pedestrian space / low greenery,0.17103746202256945,0.3216688368055556,0.0912051730685764,0.047171698676215276,0.2659691704644097,0.07139417860243055,,True,False,
residential-0096__pioneer-mrt__cp_011,residential-0096__pioneer-mrt,./data/generated/street_images/8611773002211045.jpg,./data/generated/segmentation_images/8611773002211045.png,0,High built frontage + high pedestrian space / low greenery,0.3135414123535156,0.0,0.00982666015625,0.0048274993896484375,0.45403099060058594,0.0030612945556640625,,True,False,
residential-0096__pioneer-mrt__cp_012,residential-0096__pioneer-mrt,./data/generated/street_images/1264703884965752.jpg,./data/generated/segmentation_images/1264703884965752.png,0,High built frontage + high pedestrian space / low greenery,0.30898475646972656,0.005435943603515625,0.0015621185302734375,0.0,0.5185470581054688,0.0004482269287109375,,True,False,
residential-0096__pioneer-mrt__cp_013,residential-0096__pioneer-mrt,./data/generated/street_images/444324611473009.jpg,./data/generated/segmentation_images/444324611473009.png,1,High sky exposure + high road exposure / low greenery,0.3516349792480469,0.12416648864746094,0.010711669921875,0.0,0.3347663879394531,0.0,,True,False,
residential-0096__pioneer-mrt__cp_014,residential-0096__pioneer-mrt,./data/generated/street_images/463631111591744.jpg,./data/generated/segmentation_images/463631111591744.png,0,High built frontage + high pedestrian space / low greenery,0.2490319146050347,0.1409064398871528,0.0491485595703125,0.025555080837673612,0.3718041314019097,0.16167704264322916,,True,False,
residential-0096__pioneer-mrt__cp_015,residential-0096__pioneer-mrt,./data/generated/street_images/470666904037629.jpg,./data/generated/segmentation_images/470666904037629.png,0,High built frontage + high pedestrian space / low greenery,0.004962497287326389,0.1395416259765625,0.20051066080729166,0.10130140516493055,0.5342898898654513,0.0013936360677083333,,True,False,
residential-0096__pioneer-mrt__cp_016,residential-0096__pioneer-mrt,./data/generated/street_images/516787976349359.jpg,./data/generated/segmentation_images/516787976349359.png,1,High sky exposure + high road exposure / low greenery,0.4779595269097222,0.07526652018229167,0.17240736219618055,0.0035807291666666665,0.1810523139105903,0.04261610243055555,,True,False,
residential-0096__pioneer-mrt__cp_017,residential-0096__pioneer-mrt,./data/generated/street_images/252617179756100.jpg,./data/generated/segmentation_images/252617179756100.png,1,High sky exposure + high road exposure / low greenery,0.1696929931640625,0.2659081353081597,0.2886369493272569,0.039543999565972224,0.226806640625,0.0,,True,False,
residential-0096__pioneer-mrt__cp_018,residential-0096__pioneer-mrt,./data/generated/street_images/1938915599579709.jpg,./data/generated/segmentation_images/1938915599579709.png,4,High vehicle presence + high road exposure / low greenery,0.004311455620659722,0.1678500705295139,0.16646830240885416,0.019002278645833332,0.06450059678819445,0.5768313937717013,,True,False,
residential-0096__pioneer-mrt__cp_019,residential-0096__pioneer-mrt,./data/generated/street_images/5570976609641018.jpg,./data/generated/segmentation_images/5570976609641018.png,3,High greenery + high road exposure / low built frontage,0.0011766221788194445,0.5933380126953125,0.2485385470920139,0.0038808186848958335,0.14503987630208334,0.0,,True,False,
residential-0096__pioneer-mrt__cp_020,residential-0096__pioneer-mrt,./data/generated/street_images/378100120179805.jpg,./data/generated/segmentation_images/378100120179805.png,1,High sky exposure + high road exposure / low greenery,0.376220703125,0.08917405870225695,0.028352525499131944,0.013707478841145834,0.2835981580946181,0.18715413411458334,,True,False,
residential-0096__pioneer-mrt__cp_021,residential-0096__pioneer-mrt,./data/generated/street_images/473609300566407.jpg,./data/generated/segmentation_images/473609300566407.png,3,High greenery + high road exposure / low built frontage,0.049689398871527776,0.5976477728949653,0.2352532280815972,0.011928982204861112,0.09449598524305555,0.0,,True,False,
residential-0096__pioneer-mrt__cp_022,residential-0096__pioneer-mrt,./data/generated/street_images/147169414088368.jpg,./data/generated/segmentation_images/147169414088368.png,0,High built frontage + high pedestrian space / low greenery,0.040595160590277776,0.21268208821614584,0.3585171169704861,0.007832845052083334,0.3683573404947917,0.009467230902777778,,True,False,
residential-0097__bukit-batok-mrt__cp_001,residential-0097__bukit-batok-mrt,./data/generated/street_images/3925806387502220.jpg,./data/generated/segmentation_images/3925806387502220.png,3,High greenery + high road exposure / low built frontage,0.23533121744791666,0.4020271301269531,0.06118901570638021,0.06422932942708333,0.1157086690266927,0.0,,True,False,
residential-0097__bukit-batok-mrt__cp_002,residential-0097__bukit-batok-mrt,./data/generated/street_images/492033048807272.jpg,./data/generated/segmentation_images/492033048807272.png,3,High greenery + high road exposure / low built frontage,0.17053604125976562,0.3873647054036458,0.26479466756184894,0.0293731689453125,0.044338226318359375,0.0688641866048177,,True,False,
residential-0097__bukit-batok-mrt__cp_003,residential-0097__bukit-batok-mrt,./data/generated/street_images/490777425446197.jpg,./data/generated/segmentation_images/490777425446197.png,3,High greenery + high road exposure / low built frontage,0.14490127563476562,0.4865061442057292,0.2531776428222656,0.006282806396484375,0.05443572998046875,0.011300404866536459,,True,False,
residential-0097__bukit-batok-mrt__cp_004,residential-0097__bukit-batok-mrt,./data/generated/street_images/186721253321017.jpg,./data/generated/segmentation_images/186721253321017.png,3,High greenery + high road exposure / low built frontage,0.08272806803385417,0.543023427327474,0.23647435506184897,0.017363230387369793,0.0745404561360677,0.007180531819661458,,True,False,
residential-0097__bukit-batok-mrt__cp_005,residential-0097__bukit-batok-mrt,./data/generated/street_images/785752618769758.jpg,./data/generated/segmentation_images/785752618769758.png,0,High built frontage + high pedestrian space / low greenery,0.0010007222493489583,0.18257522583007812,0.0015843709309895833,0.006008148193359375,0.3160820007324219,0.000240325927734375,,True,False,
residential-0097__bukit-batok-mrt__cp_006,residential-0097__bukit-batok-mrt,./data/generated/street_images/2939031706333189.jpg,./data/generated/segmentation_images/2939031706333189.png,2,High pedestrian space + high built frontage / low road exposure,0.04381688435872396,0.4135386149088542,0.04065577189127604,0.2886085510253906,0.20514933268229166,0.007349650065104167,,True,False,
residential-0097__bukit-batok-mrt__cp_007,residential-0097__bukit-batok-mrt,./data/generated/street_images/176268340973501.jpg,./data/generated/segmentation_images/176268340973501.png,3,High greenery + high road exposure / low built frontage,0.14387130737304688,0.5964024861653646,0.013979593912760416,0.038118998209635414,0.18364334106445312,0.015336354573567709,,True,False,
residential-0097__bukit-batok-mrt__cp_008,residential-0097__bukit-batok-mrt,./data/generated/street_images/325962562261879.jpg,./data/generated/segmentation_images/325962562261879.png,2,High pedestrian space + high built frontage / low road exposure,0.037685394287109375,0.49095408121744794,0.07265726725260417,0.25124486287434894,0.11499913533528645,0.0006802876790364584,,True,False,
residential-0097__bukit-batok-mrt__cp_009,residential-0097__bukit-batok-mrt,./data/generated/street_images/1782810885254851.jpg,./data/generated/segmentation_images/1782810885254851.png,0,High built frontage + high pedestrian space / low greenery,0.009343465169270834,0.3205583360460069,0.2544725206163194,0.017201741536458332,0.3892534044053819,0.0,,True,False,
residential-0097__bukit-batok-mrt__cp_010,residential-0097__bukit-batok-mrt,./data/generated/street_images/477988803429601.jpg,./data/generated/segmentation_images/477988803429601.png,3,High greenery + high road exposure / low built frontage,0.11395433213975695,0.3126305474175347,0.2993910047743056,0.03426954481336805,0.20113966200086805,0.028464423285590276,,True,False,
residential-0097__bukit-batok-mrt__cp_011,residential-0097__bukit-batok-mrt,./data/generated/street_images/4107364142684604.jpg,./data/generated/segmentation_images/4107364142684604.png,2,High pedestrian space + high built frontage / low road exposure,0.016061147054036457,0.22641118367513022,0.1216112772623698,0.3582598368326823,0.2723681131998698,0.004208882649739583,,True,False,
residential-0097__bukit-batok-mrt__cp_012,residential-0097__bukit-batok-mrt,./data/generated/street_images/936637860493713.jpg,./data/generated/segmentation_images/936637860493713.png,2,High pedestrian space + high built frontage / low road exposure,0.0839983622233073,0.5532251993815104,0.07039133707682292,0.1424560546875,0.15764363606770834,0.001953125,,True,False,
residential-0097__bukit-batok-mrt__cp_013,residential-0097__bukit-batok-mrt,./data/generated/street_images/509089043571521.jpg,./data/generated/segmentation_images/509089043571521.png,2,High pedestrian space + high built frontage / low road exposure,0.07953770955403645,0.3840891520182292,0.06746546427408855,0.25044886271158856,0.16338221232096353,0.034840901692708336,,True,False,
residential-0097__bukit-batok-mrt__cp_014,residential-0097__bukit-batok-mrt,./data/generated/street_images/509089043571521.jpg,./data/generated/segmentation_images/509089043571521.png,2,High pedestrian space + high built frontage / low road exposure,0.07953770955403645,0.3840891520182292,0.06746546427408855,0.25044886271158856,0.16338221232096353,0.034840901692708336,,True,False,
residential-0098__pasir-ris-mrt__cp_004,residential-0098__pasir-ris-mrt,./data/generated/street_images/520855705762697.jpg,./data/generated/segmentation_images/520855705762697.png,0,High built frontage + high pedestrian space / low greenery,0.002399020724826389,0.181427001953125,0.2121209038628472,0.043541802300347224,0.4778018527560764,0.0712466769748264,1448.99,True,False,
residential-0098__pasir-ris-mrt__cp_008,residential-0098__pasir-ris-mrt,./data/generated/street_images/832520677657307.jpg,./data/generated/segmentation_images/832520677657307.png,3,High greenery + high road exposure / low built frontage,0.1097751193576389,0.3941599527994792,0.1891818576388889,0.050298055013020836,0.118438720703125,0.0024125840928819445,1161.1200000000001,True,False,
residential-0098__pasir-ris-mrt__cp_009,residential-0098__pasir-ris-mrt,./data/generated/street_images/832520677657307.jpg,./data/generated/segmentation_images/832520677657307.png,3,High greenery + high road exposure / low built frontage,0.1097751193576389,0.3941599527994792,0.1891818576388889,0.050298055013020836,0.118438720703125,0.0024125840928819445,1124.54,True,False,
residential-0098__pasir-ris-mrt__cp_010,residential-0098__pasir-ris-mrt,./data/generated/street_images/3944424868998019.jpg,./data/generated/segmentation_images/3944424868998019.png,3,High greenery + high road exposure / low built frontage,0.1275414360894097,0.3850589328342014,0.1691504584418403,0.033377753363715276,0.13017442491319445,0.027131822374131944,1073.19,True,False,
residential-0098__pasir-ris-mrt__cp_011,residential-0098__pasir-ris-mrt,./data/generated/street_images/2597508137220878.jpg,./data/generated/segmentation_images/2597508137220878.png,0,High built frontage + high pedestrian space / low greenery,0.0,0.18322245279947916,0.2717217339409722,0.068206787109375,0.3662177191840278,0.019519382052951388,951.5,True,False,
residential-0098__pasir-ris-mrt__cp_013,residential-0098__pasir-ris-mrt,./data/generated/street_images/176112057768944.jpg,./data/generated/segmentation_images/176112057768944.png,3,High greenery + high road exposure / low built frontage,0.12308247884114583,0.3303256564670139,0.3201005723741319,0.009667290581597222,0.1660122341579861,0.008600870768229166,735.98,True,False,
residential-0098__pasir-ris-mrt__cp_014,residential-0098__pasir-ris-mrt,./data/generated/street_images/283135793494310.jpg,./data/generated/segmentation_images/283135793494310.png,3,High greenery + high road exposure / low built frontage,0.10733879937065972,0.3779313829210069,0.2831844753689236,0.000762939453125,0.08135477701822917,0.018985324435763888,678.7800000000001,True,False,
residential-0098__pasir-ris-mrt__cp_015,residential-0098__pasir-ris-mrt,./data/generated/street_images/471596103928290.jpg,./data/generated/segmentation_images/471596103928290.png,1,High sky exposure + high road exposure / low greenery,0.1153683132595486,0.20852152506510416,0.2945302327473958,0.025824652777777776,0.15855577256944445,0.1773308648003472,615.71,True,False,
residential-0098__pasir-ris-mrt__cp_016,residential-0098__pasir-ris-mrt,./data/generated/street_images/5767177759989722.jpg,./data/generated/segmentation_images/5767177759989722.png,1,High sky exposure + high road exposure / low greenery,0.18433634440104166,0.2683173285590278,0.2757737901475694,0.025687323676215276,0.1487392849392361,0.016969468858506944,552.6700000000001,True,False,
residential-0098__pasir-ris-mrt__cp_017,residential-0098__pasir-ris-mrt,./data/generated/street_images/183274827042300.jpg,./data/generated/segmentation_images/183274827042300.png,1,High sky exposure + high road exposure / low greenery,0.24612596299913195,0.18264940049913195,0.2930213080512153,0.022176106770833332,0.1796179877387153,0.006517198350694444,459.96000000000004,True,False,
residential-0098__pasir-ris-mrt__cp_018,residential-0098__pasir-ris-mrt,./data/generated/street_images/231463331678738.jpg,./data/generated/segmentation_images/231463331678738.png,1,High sky exposure + high road exposure / low greenery,0.2944878472222222,0.1490546332465278,0.2463802761501736,0.021570841471354168,0.1144748263888889,0.1386837429470486,403.6100000000001,True,False,
residential-0098__pasir-ris-mrt__cp_019,residential-0098__pasir-ris-mrt,./data/generated/street_images/598547234872469.jpg,./data/generated/segmentation_images/598547234872469.png,2,High pedestrian space + high built frontage / low road exposure,0.0,0.27642822265625,0.1528388129340278,0.1296963161892361,0.2986619737413194,0.010477701822916666,370.09000000000015,True,False,
residential-0098__pasir-ris-mrt__cp_020,residential-0098__pasir-ris-mrt,./data/generated/street_images/302590074774486.jpg,./data/generated/segmentation_images/302590074774486.png,2,High pedestrian space + high built frontage / low road exposure,0.1184726291232639,0.1940985785590278,0.05759853786892361,0.21772935655381945,0.3036549886067708,0.06199306911892361,330.04999999999995,True,False,
residential-0098__pasir-ris-mrt__cp_021,residential-0098__pasir-ris-mrt,./data/generated/street_images/308632744170249.jpg,./data/generated/segmentation_images/308632744170249.png,3,High greenery + high road exposure / low built frontage,0.16797892252604166,0.4396820068359375,0.0889739990234375,0.028449164496527776,0.04382493760850695,0.0,253.51999999999998,True,False,
residential-0098__pasir-ris-mrt__cp_022,residential-0098__pasir-ris-mrt,./data/generated/street_images/471914917414582.jpg,./data/generated/segmentation_images/471914917414582.png,1,High sky exposure + high road exposure / low greenery,0.2197604709201389,0.2508884006076389,0.21733262803819445,0.0789794921875,0.2160458034939236,0.00014411078559027778,200.32000000000016,True,False,
residential-0098__pasir-ris-mrt__cp_023,residential-0098__pasir-ris-mrt,./data/generated/street_images/946171656200151.jpg,./data/generated/segmentation_images/946171656200151.png,3,High greenery + high road exposure / low built frontage,0.09774102105034722,0.4887169731987847,0.07638719346788195,0.039147271050347224,0.13278706868489584,0.03387620713975695,150.26,True,False,
residential-0098__pasir-ris-mrt__cp_024,residential-0098__pasir-ris-mrt,./data/generated/street_images/1187839411654768.jpg,./data/generated/segmentation_images/1187839411654768.png,3,High greenery + high road exposure / low built frontage,0.1595831976996528,0.4536539713541667,0.2149776882595486,0.017859564887152776,0.1157989501953125,0.0008070203993055555,78.05999999999995,True,False,
residential-0098__pasir-ris-mrt__cp_025,residential-0098__pasir-ris-mrt,./data/generated/street_images/944096983088637.jpg,./data/generated/segmentation_images/944096983088637.png,1,High sky exposure + high road exposure / low greenery,0.4541609022352431,0.2213897705078125,0.2082858615451389,0.0003204345703125,0.04929945203993055,0.006756252712673611,0.0,True,True,
residential-0098__pasir-ris-mrt__cp_026,residential-0098__pasir-ris-mrt,./data/generated/street_images/835032103808894.jpg,./data/generated/segmentation_images/835032103808894.png,1,High sky exposure + high road exposure / low greenery,0.3811577690972222,0.2884131537543403,0.20649210611979166,0.006235758463541667,0.051962958441840276,0.004096137152777778,0.0,True,True,
residential-0099__chinese-garden-mrt__cp_000,residential-0099__chinese-garden-mrt,./data/generated/street_images/313510696798035.jpg,./data/generated/segmentation_images/313510696798035.png,0,High built frontage + high pedestrian space / low greenery,0.13129170735677084,0.3047650655110677,0.12784957885742188,0.07831064860026042,0.29476292928059894,0.06063206990559896,,True,False,
residential-0099__chinese-garden-mrt__cp_001,residential-0099__chinese-garden-mrt,./data/generated/street_images/488505145601853.jpg,./data/generated/segmentation_images/488505145601853.png,0,High built frontage + high pedestrian space / low greenery,0.06111907958984375,0.01113128662109375,0.15422185262044272,0.00547027587890625,0.590582529703776,0.17348480224609375,,True,False,
residential-0099__chinese-garden-mrt__cp_002,residential-0099__chinese-garden-mrt,./data/generated/street_images/2935807466687327.jpg,./data/generated/segmentation_images/2935807466687327.png,1,High sky exposure + high road exposure / low greenery,0.2902336120605469,0.14148585001627603,0.15209070841471353,0.002422332763671875,0.2777417500813802,0.13445154825846353,,True,False,
residential-0099__chinese-garden-mrt__cp_003,residential-0099__chinese-garden-mrt,./data/generated/street_images/289387396165741.jpg,./data/generated/segmentation_images/289387396165741.png,0,High built frontage + high pedestrian space / low greenery,0.18120702107747397,0.0695482889811198,0.21392822265625,0.03824742635091146,0.4638722737630208,0.027973175048828125,,True,False,
residential-0099__chinese-garden-mrt__cp_004,residential-0099__chinese-garden-mrt,./data/generated/street_images/378495490045080.jpg,./data/generated/segmentation_images/378495490045080.png,0,High built frontage + high pedestrian space / low greenery,0.039998372395833336,0.025616963704427082,0.12928644816080728,0.0905443827311198,0.6804796854654948,0.029635111490885418,,True,False,
residential-0099__chinese-garden-mrt__cp_005,residential-0099__chinese-garden-mrt,./data/generated/street_images/1132996053846045.jpg,./data/generated/segmentation_images/1132996053846045.png,0,High built frontage + high pedestrian space / low greenery,0.12114842732747395,0.1172625223795573,0.18643315633138022,0.06616465250651042,0.4672508239746094,0.004010518391927083,,True,False,
residential-0099__chinese-garden-mrt__cp_006,residential-0099__chinese-garden-mrt,./data/generated/street_images/158517132876516.jpg,./data/generated/segmentation_images/158517132876516.png,0,High built frontage + high pedestrian space / low greenery,0.1828180948893229,0.4209149678548177,0.0,0.035364786783854164,0.3572069803873698,0.0,,True,False,
residential-0099__chinese-garden-mrt__cp_007,residential-0099__chinese-garden-mrt,./data/generated/street_images/301324884938118.jpg,./data/generated/segmentation_images/301324884938118.png,1,High sky exposure + high road exposure / low greenery,0.31690724690755206,0.36110178629557294,0.19043095906575522,0.009904225667317709,0.1055132548014323,0.007405598958333333,,True,False,
residential-0099__chinese-garden-mrt__cp_008,residential-0099__chinese-garden-mrt,./data/generated/street_images/1844601825721740.jpg,./data/generated/segmentation_images/1844601825721740.png,3,High greenery + high road exposure / low built frontage,0.08142852783203125,0.37116114298502606,0.2809003194173177,0.015820821126302082,0.13149642944335938,0.026888529459635418,,True,False,
residential-0099__chinese-garden-mrt__cp_009,residential-0099__chinese-garden-mrt,./data/generated/street_images/767986817241977.jpg,./data/generated/segmentation_images/767986817241977.png,3,High greenery + high road exposure / low built frontage,0.030139923095703125,0.13187408447265625,0.3563194274902344,0.008056640625,0.0801989237467448,0.08295694986979167,,True,False,
residential-0099__chinese-garden-mrt__cp_012,residential-0099__chinese-garden-mrt,./data/generated/street_images/1331526169078250.jpg,./data/generated/segmentation_images/1331526169078250.png,0,High built frontage + high pedestrian space / low greenery,0.0,0.0,0.0,0.0,0.144561767578125,0.0,,True,False,
residential-0100__ang-mo-kio-mrt__cp_000,residential-0100__ang-mo-kio-mrt,./data/generated/street_images/878124119585754.jpg,./data/generated/segmentation_images/878124119585754.png,1,High sky exposure + high road exposure / low greenery,0.2839711507161458,0.3054063585069444,0.1175723605685764,0.0585784912109375,0.1727328830295139,0.052469889322916664,,True,False,
residential-0100__ang-mo-kio-mrt__cp_005,residential-0100__ang-mo-kio-mrt,./data/generated/street_images/1406278309730473.jpg,./data/generated/segmentation_images/1406278309730473.png,3,High greenery + high road exposure / low built frontage,0.14412943522135416,0.4505733913845486,0.2018551296657986,0.0178680419921875,0.10802205403645833,0.07721794976128472,,True,False,
residential-0100__ang-mo-kio-mrt__cp_006,residential-0100__ang-mo-kio-mrt,./data/generated/street_images/456230388773416.jpg,./data/generated/segmentation_images/456230388773416.png,3,High greenery + high road exposure / low built frontage,0.11065673828125,0.6442972819010416,0.015935262044270832,0.022944132486979168,0.1557193332248264,0.0,,True,False,
residential-0100__ang-mo-kio-mrt__cp_007,residential-0100__ang-mo-kio-mrt,./data/generated/street_images/117885710347446.jpg,./data/generated/segmentation_images/117885710347446.png,3,High greenery + high road exposure / low built frontage,0.091033935546875,0.4721611870659722,0.10694715711805555,0.08697340223524305,0.1486053466796875,0.011177910698784722,,True,False,
residential-0100__ang-mo-kio-mrt__cp_008,residential-0100__ang-mo-kio-mrt,./data/generated/street_images/300644825023790.jpg,./data/generated/segmentation_images/300644825023790.png,3,High greenery + high road exposure / low built frontage,0.11073811848958333,0.4274444580078125,0.13678995768229166,0.1123470730251736,0.19899495442708334,0.008705986870659722,,True,False,
residential-0100__ang-mo-kio-mrt__cp_012,residential-0100__ang-mo-kio-mrt,./data/generated/street_images/810204373228183.jpg,./data/generated/segmentation_images/810204373228183.png,1,High sky exposure + high road exposure / low greenery,0.1399264865451389,0.14965650770399305,0.3691948784722222,0.013409084743923612,0.07514444986979167,0.004241943359375,,True,False,
residential-0100__ang-mo-kio-mrt__cp_013,residential-0100__ang-mo-kio-mrt,./data/generated/street_images/579401172985051.jpg,./data/generated/segmentation_images/579401172985051.png,1,High sky exposure + high road exposure / low greenery,0.3559248182508681,0.20818583170572916,0.11505126953125,0.040283203125,0.20631239149305555,0.0745391845703125,,True,False,
residential-0100__ang-mo-kio-mrt__cp_014,residential-0100__ang-mo-kio-mrt,./data/generated/street_images/292305765894583.jpg,./data/generated/segmentation_images/292305765894583.png,1,High sky exposure + high road exposure / low greenery,0.2996436225043403,0.2556932237413194,0.1000179714626736,0.020355224609375,0.19174024793836805,0.12340630425347222,,True,False,
residential-0100__ang-mo-kio-mrt__cp_015,residential-0100__ang-mo-kio-mrt,./data/generated/street_images/620797922649193.jpg,./data/generated/segmentation_images/620797922649193.png,3,High greenery + high road exposure / low built frontage,0.2461480034722222,0.4282294379340278,0.1168670654296875,0.03713650173611111,0.0865478515625,0.05370924207899305,,True,False,
residential-0100__ang-mo-kio-mrt__cp_016,residential-0100__ang-mo-kio-mrt,./data/generated/street_images/849646579260334.jpg,./data/generated/segmentation_images/849646579260334.png,3,High greenery + high road exposure / low built frontage,0.24048360188802084,0.3975948757595486,0.1080169677734375,0.011844211154513888,0.08380635579427083,0.07450018988715278,,True,False,
residential-0100__ang-mo-kio-mrt__cp_017,residential-0100__ang-mo-kio-mrt,./data/generated/street_images/1033154824156794.jpg,./data/generated/segmentation_images/1033154824156794.png,0,High built frontage + high pedestrian space / low greenery,0.0985531277126736,0.0,0.3135443793402778,0.057164510091145836,0.2743581136067708,0.0,,True,False,
residential-0100__ang-mo-kio-mrt__cp_018,residential-0100__ang-mo-kio-mrt,./data/generated/street_images/280231833822390.jpg,./data/generated/segmentation_images/280231833822390.png,1,High sky exposure + high road exposure / low greenery,0.3146531846788194,0.18562486436631945,0.000732421875,0.0006256103515625,0.2408938937717014,0.2476569281684028,,True,False,
residential-0100__ang-mo-kio-mrt__cp_019,residential-0100__ang-mo-kio-mrt,./data/generated/street_images/291687949166047.jpg,./data/generated/segmentation_images/291687949166047.png,2,High pedestrian space + high built frontage / low road exposure,0.0,0.03988520304361979,0.008486429850260416,0.5153058369954427,0.3780466715494792,0.03258387247721354,,True,False,
residential-0100__ang-mo-kio-mrt__cp_020,residential-0100__ang-mo-kio-mrt,./data/generated/street_images/306269140939512.jpg,./data/generated/segmentation_images/306269140939512.png,0,High built frontage + high pedestrian space / low greenery,0.07990858289930555,0.164215087890625,0.2924719916449653,0.004241943359375,0.3706631130642361,0.0,,True,False,
residential-0100__ang-mo-kio-mrt__cp_021,residential-0100__ang-mo-kio-mrt,./data/generated/street_images/156899016379452.jpg,./data/generated/segmentation_images/156899016379452.png,0,High built frontage + high pedestrian space / low greenery,0.06201171875,0.2148674858940972,0.2699500189887153,0.05956692165798611,0.3596140543619792,0.0011766221788194445,,True,False,
residential-0101__bedok-mrt__cp_007,residential-0101__bedok-mrt,./data/generated/street_images/493565958549394.jpg,./data/generated/segmentation_images/493565958549394.png,0,High built frontage + high pedestrian space / low greenery,0.08675977918836805,0.23066202799479166,0.001583523220486111,0.0016699896918402778,0.6780412462022569,0.0,,True,False,
residential-0101__bedok-mrt__cp_008,residential-0101__bedok-mrt,./data/generated/street_images/153705593305648.jpg,./data/generated/segmentation_images/153705593305648.png,0,High built frontage + high pedestrian space / low greenery,0.08123101128472222,0.23352220323350695,0.0,0.0,0.6820153130425347,0.0,,True,False,
residential-0101__bedok-mrt__cp_009,residential-0101__bedok-mrt,./data/generated/street_images/1099711197189493.jpg,./data/generated/segmentation_images/1099711197189493.png,0,High built frontage + high pedestrian space / low greenery,0.004998101128472222,0.2286953396267361,0.041649712456597224,0.04172092013888889,0.5456882052951388,0.0,,True,False,
residential-0101__bedok-mrt__cp_010,residential-0101__bedok-mrt,./data/generated/street_images/996276957845128.jpg,./data/generated/segmentation_images/996276957845128.png,0,High built frontage + high pedestrian space / low greenery,0.05277845594618055,0.11378309461805555,0.0,0.036005655924479164,0.7152981228298612,0.009691026475694444,,True,False,
residential-0101__bedok-mrt__cp_011,residential-0101__bedok-mrt,./data/generated/street_images/301761944774705.jpg,./data/generated/segmentation_images/301761944774705.png,4,High vehicle presence + high road exposure / low greenery,0.025909423828125,0.1612006293402778,0.2774929470486111,0.0026380750868055555,0.058083428276909724,0.4457041422526042,,True,False,
residential-0101__bedok-mrt__cp_012,residential-0101__bedok-mrt,./data/generated/street_images/301487194910305.jpg,./data/generated/segmentation_images/301487194910305.png,3,High greenery + high road exposure / low built frontage,0.1073337131076389,0.5557183159722222,0.002175225151909722,0.0011647542317708333,0.3336944580078125,0.0,,True,False,
residential-0101__bedok-mrt__cp_013,residential-0101__bedok-mrt,./data/generated/street_images/217314453218366.jpg,./data/generated/segmentation_images/217314453218366.png,3,High greenery + high road exposure / low built frontage,0.16929796006944445,0.4506259494357639,0.022593180338541668,0.012997097439236112,0.3152787950303819,0.0023057725694444445,,True,False,
residential-0101__bedok-mrt__cp_014,residential-0101__bedok-mrt,./data/generated/street_images/1883939061783218.jpg,./data/generated/segmentation_images/1883939061783218.png,0,High built frontage + high pedestrian space / low greenery,0.1853722466362847,0.2995181613498264,0.007590399848090278,0.07204352484809028,0.4385833740234375,0.0,,True,False,
residential-0101__bedok-mrt__cp_015,residential-0101__bedok-mrt,./data/generated/street_images/3202563773303591.jpg,./data/generated/segmentation_images/3202563773303591.png,0,High built frontage + high pedestrian space / low greenery,0.1559109157986111,0.13919236924913195,0.036539713541666664,0.07924736870659722,0.5846574571397569,0.0002865261501736111,,True,False,
residential-0101__bedok-mrt__cp_016,residential-0101__bedok-mrt,./data/generated/street_images/958894978201483.jpg,./data/generated/segmentation_images/958894978201483.png,0,High built frontage + high pedestrian space / low greenery,0.22339036729600695,0.0003628200954861111,0.086090087890625,0.007337782118055556,0.6641998291015625,0.005940755208333333,,True,False,
residential-0101__bedok-mrt__cp_017,residential-0101__bedok-mrt,./data/generated/street_images/481125659634158.jpg,./data/generated/segmentation_images/481125659634158.png,0,High built frontage + high pedestrian space / low greenery,0.2428131103515625,0.0031636555989583335,0.062530517578125,0.03321668836805555,0.6583828396267362,0.0015343560112847222,,True,False,
residential-0102__kovan-mrt__cp_001,residential-0102__kovan-mrt,./data/generated/street_images/291598212593772.jpg,./data/generated/segmentation_images/291598212593772.png,0,High built frontage + high pedestrian space / low greenery,0.001964992947048611,0.10185919867621528,0.00013054741753472222,0.1221737331814236,0.5506642659505209,0.0,1466.5500000000002,False,False,
residential-0102__kovan-mrt__cp_002,residential-0102__kovan-mrt,./data/generated/street_images/873705383184457.jpg,./data/generated/segmentation_images/873705383184457.png,3,High greenery + high road exposure / low built frontage,0.033837212456597224,0.5393948025173612,0.0,0.023245917426215276,0.3733045789930556,0.0,1403.5,False,False,
residential-0102__kovan-mrt__cp_003,residential-0102__kovan-mrt,./data/generated/street_images/4067806136591157.jpg,./data/generated/segmentation_images/4067806136591157.png,3,High greenery + high road exposure / low built frontage,0.060099283854166664,0.5614437527126737,0.0018547905815972222,0.05769687228732639,0.3067135281032986,0.0062408447265625,1327.98,False,False,
residential-0102__kovan-mrt__cp_004,residential-0102__kovan-mrt,./data/generated/street_images/133115675529798.jpg,./data/generated/segmentation_images/133115675529798.png,3,High greenery + high road exposure / low built frontage,0.0822177463107639,0.45245361328125,0.062461005316840276,0.001819186740451389,0.2966223822699653,0.09331427680121528,1259.15,False,False,
residential-0102__kovan-mrt__cp_005,residential-0102__kovan-mrt,./data/generated/street_images/181015843900851.jpg,./data/generated/segmentation_images/181015843900851.png,0,High built frontage + high pedestrian space / low greenery,0.021892971462673612,0.277374267578125,0.16107347276475695,0.1123318142361111,0.4256523980034722,0.001675075954861111,1210.0100000000002,False,False,
residential-0102__kovan-mrt__cp_006,residential-0102__kovan-mrt,./data/generated/street_images/197962662166538.jpg,./data/generated/segmentation_images/197962662166538.png,3,High greenery + high road exposure / low built frontage,0.1364373101128472,0.6921641031901041,0.001964992947048611,0.041468302408854164,0.08054436577690972,0.002315945095486111,1112.4,False,False,
residential-0102__kovan-mrt__cp_007,residential-0102__kovan-mrt,./data/generated/street_images/2864102023841220.jpg,./data/generated/segmentation_images/2864102023841220.png,3,High greenery + high road exposure / low built frontage,0.0840420193142361,0.6121266682942709,0.1298031277126736,0.010872734917534722,0.0824856228298611,0.00439453125,1055.0900000000001,False,False,
residential-0102__kovan-mrt__cp_008,residential-0102__kovan-mrt,./data/generated/street_images/954623455076095.jpg,./data/generated/segmentation_images/954623455076095.png,3,High greenery + high road exposure / low built frontage,0.1574435763888889,0.5564168294270834,0.018117268880208332,0.0,0.23225572374131945,0.00013902452256944444,956.57,False,False,
residential-0102__kovan-mrt__cp_009,residential-0102__kovan-mrt,./data/generated/street_images/204206214689205.jpg,./data/generated/segmentation_images/204206214689205.png,3,High greenery + high road exposure / low built frontage,0.3529069688585069,0.5238749186197916,0.034232245551215276,0.004262288411458333,0.06911553276909722,0.009102715386284722,901.0100000000001,False,False,
residential-0102__kovan-mrt__cp_010,residential-0102__kovan-mrt,./data/generated/street_images/2916026955286257.jpg,./data/generated/segmentation_images/2916026955286257.png,1,High sky exposure + high road exposure / low greenery,0.4693213568793403,0.03447299533420139,0.0970272488064236,0.017344156901041668,0.2854105631510417,0.0898708767361111,853.3800000000001,False,False,
residential-0102__kovan-mrt__cp_011,residential-0102__kovan-mrt,./data/generated/street_images/1087266778432484.jpg,./data/generated/segmentation_images/1087266778432484.png,2,High pedestrian space + high built frontage / low road exposure,0.117706298828125,0.5139973958333334,0.047278510199652776,0.11385430230034722,0.19345601399739584,0.011766221788194444,797.7300000000001,False,False,
residential-0102__kovan-mrt__cp_012,residential-0102__kovan-mrt,./data/generated/street_images/816009532670505.jpg,./data/generated/segmentation_images/816009532670505.png,1,High sky exposure + high road exposure / low greenery,0.3073221842447917,0.35223388671875,0.09030829535590278,0.04170396592881945,0.1085205078125,0.09171210394965278,693.6800000000001,False,False,
residential-0102__kovan-mrt__cp_014,residential-0102__kovan-mrt,./data/generated/street_images/4100792323292130.jpg,./data/generated/segmentation_images/4100792323292130.png,1,High sky exposure + high road exposure / low greenery,0.2958323160807292,0.3353474934895833,0.1042514377170139,0.08605787489149305,0.1636742485894097,0.014867146809895834,475.5600000000002,False,False,
residential-0102__kovan-mrt__cp_015,residential-0102__kovan-mrt,./data/generated/street_images/3502101439890063.jpg,./data/generated/segmentation_images/3502101439890063.png,1,High sky exposure + high road exposure / low greenery,0.3750288221571181,0.2486487494574653,0.06363593207465278,0.10585869683159722,0.1351962619357639,0.026085747612847224,359.6300000000001,False,False,
residential-0102__kovan-mrt__cp_020,residential-0102__kovan-mrt,./data/generated/street_images/1387619018281918.jpg,./data/generated/segmentation_images/1387619018281918.png,1,High sky exposure + high road exposure / low greenery,0.24786885579427084,0.1463809543185764,0.1386176215277778,0.08006964789496528,0.2713690863715278,0.0,0.0,False,True,
residential-0102__kovan-mrt__cp_021,residential-0102__kovan-mrt,./data/generated/street_images/370596154353561.jpg,./data/generated/segmentation_images/370596154353561.png,1,High sky exposure + high road exposure / low greenery,0.2644704182942708,0.24104817708333334,0.08805168999565972,0.11093987358940972,0.16104295518663195,0.008826361762152778,70.94999999999982,False,False,
residential-0102__kovan-mrt__cp_022,residential-0102__kovan-mrt,./data/generated/street_images/125891049509192.jpg,./data/generated/segmentation_images/125891049509192.png,0,High built frontage + high pedestrian space / low greenery,0.08668348524305555,0.1981777615017361,0.2109747992621528,0.054160224066840276,0.3912879096137153,0.0,145.17999999999984,False,False,
residential-0102__kovan-mrt__cp_023,residential-0102__kovan-mrt,./data/generated/street_images/204740407957325.jpg,./data/generated/segmentation_images/204740407957325.png,1,High sky exposure + high road exposure / low greenery,0.3801608615451389,0.2134857177734375,0.06108432345920139,0.022011650933159724,0.1530032687717014,0.1683230929904514,201.92999999999984,False,False,
residential-0103__pasir-ris-mrt__cp_000,residential-0103__pasir-ris-mrt,./data/generated/street_images/3913376952092660.jpg,./data/generated/segmentation_images/3913376952092660.png,2,High pedestrian space + high built frontage / low road exposure,0.1622772216796875,0.2112036810980903,0.1626163058810764,0.1499243842230903,0.2297549777560764,0.07512071397569445,,True,False,
residential-0103__pasir-ris-mrt__cp_001,residential-0103__pasir-ris-mrt,./data/generated/street_images/261565532384699.jpg,./data/generated/segmentation_images/261565532384699.png,0,High built frontage + high pedestrian space / low greenery,0.0,0.17598978678385416,0.1672295464409722,0.0983920627170139,0.4633280436197917,0.09430948893229167,,True,False,
residential-0103__pasir-ris-mrt__cp_002,residential-0103__pasir-ris-mrt,./data/generated/street_images/207820504501288.jpg,./data/generated/segmentation_images/207820504501288.png,0,High built frontage + high pedestrian space / low greenery,0.0,0.22334798177083334,0.2607489691840278,0.021260579427083332,0.3826989067925347,0.1073184543185764,,True,False,
residential-0103__pasir-ris-mrt__cp_003,residential-0103__pasir-ris-mrt,./data/generated/street_images/1402909310069573.jpg,./data/generated/segmentation_images/1402909310069573.png,0,High built frontage + high pedestrian space / low greenery,0.0,0.2434302435980903,0.2752872043185764,0.055884467230902776,0.3805609809027778,0.044837103949652776,,True,False,
residential-0103__pasir-ris-mrt__cp_004,residential-0103__pasir-ris-mrt,./data/generated/street_images/511168270040175.jpg,./data/generated/segmentation_images/511168270040175.png,1,High sky exposure + high road exposure / low greenery,0.10955980088975695,0.2155371771918403,0.177947998046875,0.022181193033854168,0.1369781494140625,0.3379364013671875,,True,False,
residential-0103__pasir-ris-mrt__cp_005,residential-0103__pasir-ris-mrt,./data/generated/street_images/927631568020358.jpg,./data/generated/segmentation_images/927631568020358.png,3,High greenery + high road exposure / low built frontage,0.033574422200520836,0.4496578640407986,0.2783593071831597,0.012705485026041666,0.15645345052083334,0.038706461588541664,,True,False,
residential-0103__pasir-ris-mrt__cp_006,residential-0103__pasir-ris-mrt,./data/generated/street_images/783716679197062.jpg,./data/generated/segmentation_images/783716679197062.png,3,High greenery + high road exposure / low built frontage,0.007819281684027778,0.4617123074001736,0.24376932779947916,0.0004238552517361111,0.2947709825303819,0.0,,True,False,
residential-0103__pasir-ris-mrt__cp_007,residential-0103__pasir-ris-mrt,./data/generated/street_images/474868376947537.jpg,./data/generated/segmentation_images/474868376947537.png,3,High greenery + high road exposure / low built frontage,0.08722093370225695,0.5986277262369791,0.14607069227430555,0.031411064995659724,0.0804256863064236,0.04489474826388889,,True,False,
residential-0103__pasir-ris-mrt__cp_008,residential-0103__pasir-ris-mrt,./data/generated/street_images/302420834753498.jpg,./data/generated/segmentation_images/302420834753498.png,0,High built frontage + high pedestrian space / low greenery,0.0,0.0024617513020833335,0.2707010904947917,0.027843899197048612,0.6396857367621528,0.0,,True,False,
residential-0103__pasir-ris-mrt__cp_009,residential-0103__pasir-ris-mrt,./data/generated/street_images/3100348110193691.jpg,./data/generated/segmentation_images/3100348110193691.png,1,High sky exposure + high road exposure / low greenery,0.22659810384114584,0.2766537136501736,0.1723361545138889,0.020180596245659724,0.2351464165581597,0.05912950303819445,,True,False,
residential-0103__pasir-ris-mrt__cp_010,residential-0103__pasir-ris-mrt,./data/generated/street_images/277223324045458.jpg,./data/generated/segmentation_images/277223324045458.png,0,High built frontage + high pedestrian space / low greenery,0.005703396267361111,0.2884080674913194,0.2737189398871528,0.0721774631076389,0.3576236300998264,1.6954210069444444e-06,,True,False,
residential-0103__pasir-ris-mrt__cp_011,residential-0103__pasir-ris-mrt,./data/generated/street_images/484732069509626.jpg,./data/generated/segmentation_images/484732069509626.png,3,High greenery + high road exposure / low built frontage,0.1506466335720486,0.4165378146701389,0.06468370225694445,1.3563368055555555e-05,0.2427147759331597,0.12333170572916667,,True,False,
residential-0103__pasir-ris-mrt__cp_012,residential-0103__pasir-ris-mrt,./data/generated/street_images/1137156856791156.jpg,./data/generated/segmentation_images/1137156856791156.png,1,High sky exposure + high road exposure / low greenery,0.3875139024522569,0.17617967393663195,0.0894436306423611,0.010262383355034722,0.19408162434895834,0.13191392686631945,,True,False,
residential-0103__pasir-ris-mrt__cp_013,residential-0103__pasir-ris-mrt,./data/generated/street_images/219467489656137.jpg,./data/generated/segmentation_images/219467489656137.png,1,High sky exposure + high road exposure / low greenery,0.208038330078125,0.18157958984375,0.2710639105902778,0.011505126953125,0.2698754204644097,0.06283399793836805,,True,False,
residential-0103__pasir-ris-mrt__cp_014,residential-0103__pasir-ris-mrt,./data/generated/street_images/1421171451570256.jpg,./data/generated/segmentation_images/1421171451570256.png,1,High sky exposure + high road exposure / low greenery,0.3134070502387153,0.052605523003472224,0.2508121066623264,0.004158867730034722,0.2651265462239583,0.1185879177517361,,True,False,
residential-0103__pasir-ris-mrt__cp_015,residential-0103__pasir-ris-mrt,./data/generated/street_images/4187053458024451.jpg,./data/generated/segmentation_images/4187053458024451.png,1,High sky exposure + high road exposure / low greenery,0.3099738226996528,0.010603162977430556,0.1250542534722222,0.004957411024305556,0.2474602593315972,0.2955101860894097,,True,False,
residential-0103__pasir-ris-mrt__cp_016,residential-0103__pasir-ris-mrt,./data/generated/street_images/505648964177870.jpg,./data/generated/segmentation_images/505648964177870.png,2,High pedestrian space + high built frontage / low road exposure,0.0005788803100585938,0.031627655029296875,0.24678897857666016,0.2249469757080078,0.3158235549926758,0.06934070587158203,,True,False,
residential-0103__pasir-ris-mrt__cp_017,residential-0103__pasir-ris-mrt,./data/generated/street_images/131055205717942.jpg,./data/generated/segmentation_images/131055205717942.png,0,High built frontage + high pedestrian space / low greenery,0.016913414001464844,0.09458732604980469,0.44203948974609375,0.023179054260253906,0.32993125915527344,0.061530113220214844,,True,False,
residential-0103__pasir-ris-mrt__cp_018,residential-0103__pasir-ris-mrt,./data/generated/street_images/372991467326278.jpg,./data/generated/segmentation_images/372991467326278.png,0,High built frontage + high pedestrian space / low greenery,0.0,0.033385276794433594,0.24973773956298828,0.10171127319335938,0.1554126739501953,0.14449310302734375,,True,False,
residential-0103__pasir-ris-mrt__cp_019,residential-0103__pasir-ris-mrt,./data/generated/street_images/372991467326278.jpg,./data/generated/segmentation_images/372991467326278.png,0,High built frontage + high pedestrian space / low greenery,0.0,0.033385276794433594,0.24973773956298828,0.10171127319335938,0.1554126739501953,0.14449310302734375,,True,False,
residential-0104__kranji-mrt__cp_000,residential-0104__kranji-mrt,./data/generated/street_images/297905668677059.jpg,./data/generated/segmentation_images/297905668677059.png,3,High greenery + high road exposure / low built frontage,0.158843994140625,0.5932871500651041,0.1962856716579861,0.0,0.021035088433159724,0.0,,False,False,
residential-0104__kranji-mrt__cp_002,residential-0104__kranji-mrt,./data/generated/street_images/334816978210481.jpg,./data/generated/segmentation_images/334816978210481.png,3,High greenery + high road exposure / low built frontage,0.24226548936631945,0.5595906575520834,0.1980065239800347,0.0,0.0,0.0,,False,False,
residential-0104__kranji-mrt__cp_003,residential-0104__kranji-mrt,./data/generated/street_images/313951490306801.jpg,./data/generated/segmentation_images/313951490306801.png,3,High greenery + high road exposure / low built frontage,0.149383544921875,0.6259494357638888,0.2180328369140625,0.0017683241102430555,0.0045013427734375,0.0,,False,False,
residential-0104__kranji-mrt__cp_004,residential-0104__kranji-mrt,./data/generated/street_images/2647473832224056.jpg,./data/generated/segmentation_images/2647473832224056.png,3,High greenery + high road exposure / low built frontage,0.034968058268229164,0.4609459771050347,0.2175937228732639,0.009529961480034722,0.0032670762803819445,0.2669542100694444,,False,False,
residential-0104__kranji-mrt__cp_005,residential-0104__kranji-mrt,./data/generated/street_images/297526665389917.jpg,./data/generated/segmentation_images/297526665389917.png,3,High greenery + high road exposure / low built frontage,0.15339830186631945,0.4962005615234375,0.21926371256510416,0.010019938151041666,0.07209269205729167,0.015436808268229166,,False,False,
residential-0104__kranji-mrt__cp_006,residential-0104__kranji-mrt,./data/generated/street_images/500091864520556.jpg,./data/generated/segmentation_images/500091864520556.png,3,High greenery + high road exposure / low built frontage,0.3146955702039931,0.4998118082682292,0.1351097954644097,0.003085666232638889,0.0,0.0010087754991319445,,False,False,
residential-0104__kranji-mrt__cp_007,residential-0104__kranji-mrt,./data/generated/street_images/934213527417968.jpg,./data/generated/segmentation_images/934213527417968.png,3,High greenery + high road exposure / low built frontage,0.11925421820746528,0.6745808919270834,0.18438212076822916,0.010784573025173612,0.004796346028645833,0.00022718641493055556,,False,False,
residential-0104__kranji-mrt__cp_008,residential-0104__kranji-mrt,./data/generated/street_images/331723025046024.jpg,./data/generated/segmentation_images/331723025046024.png,3,High greenery + high road exposure / low built frontage,0.1172824435763889,0.3216840955946181,0.2585873074001736,0.0749172634548611,0.20813496907552084,0.006459554036458333,,False,False,
residential-0104__kranji-mrt__cp_009,residential-0104__kranji-mrt,./data/generated/street_images/310203434038518.jpg,./data/generated/segmentation_images/310203434038518.png,1,High sky exposure + high road exposure / low greenery,0.2540045844184028,0.14856974283854166,0.26226806640625,0.09151543511284722,0.07531568739149305,0.041861640082465276,,False,False,
residential-0104__kranji-mrt__cp_010,residential-0104__kranji-mrt,./data/generated/street_images/399263934508550.jpg,./data/generated/segmentation_images/399263934508550.png,1,High sky exposure + high road exposure / low greenery,0.3272332085503472,0.3312598334418403,0.2143792046440972,0.005074395073784722,0.056738959418402776,0.005138821072048611,,False,False,
residential-0104__kranji-mrt__cp_011,residential-0104__kranji-mrt,./data/generated/street_images/3757599127695860.jpg,./data/generated/segmentation_images/3757599127695860.png,1,High sky exposure + high road exposure / low greenery,0.3781704372829861,0.3744455973307292,0.19321187337239584,0.003772311740451389,0.0388336181640625,5.425347222222222e-05,,False,False,
residential-0104__kranji-mrt__cp_012,residential-0104__kranji-mrt,./data/generated/street_images/3991911527595410.jpg,./data/generated/segmentation_images/3991911527595410.png,1,High sky exposure + high road exposure / low greenery,0.3690219455295139,0.3790232340494792,0.16099717881944445,0.00011020236545138889,0.05974155002170139,0.004894680447048611,,False,False,
residential-0104__kranji-mrt__cp_013,residential-0104__kranji-mrt,./data/generated/street_images/2809910799321503.jpg,./data/generated/segmentation_images/2809910799321503.png,3,High greenery + high road exposure / low built frontage,0.1436733669704861,0.4407162136501736,0.2584075927734375,0.016279432508680556,0.08247545030381945,0.0019429524739583333,,False,False,
residential-0104__kranji-mrt__cp_014,residential-0104__kranji-mrt,./data/generated/street_images/1167085993755476.jpg,./data/generated/segmentation_images/1167085993755476.png,1,High sky exposure + high road exposure / low greenery,0.4035390218098958,0.2639990912543403,0.07958306206597222,0.005420260959201389,0.07816569010416667,0.1278110080295139,,False,False,
residential-0104__kranji-mrt__cp_015,residential-0104__kranji-mrt,./data/generated/street_images/493543375406568.jpg,./data/generated/segmentation_images/493543375406568.png,1,High sky exposure + high road exposure / low greenery,0.2509494357638889,0.3587426079644097,0.2252349853515625,0.000823974609375,0.0772213406032986,0.040735880533854164,,False,False,
residential-0104__kranji-mrt__cp_016,residential-0104__kranji-mrt,./data/generated/street_images/480299399964447.jpg,./data/generated/segmentation_images/480299399964447.png,0,High built frontage + high pedestrian space / low greenery,0.052790323893229164,0.09716288248697917,0.2782050238715278,0.031546698676215276,0.3908860948350694,0.0,,False,False,
residential-0104__kranji-mrt__cp_017,residential-0104__kranji-mrt,./data/generated/street_images/3616783265213876.jpg,./data/generated/segmentation_images/3616783265213876.png,1,High sky exposure + high road exposure / low greenery,0.2581142849392361,0.014673868815104166,0.3023885091145833,0.00010002983940972222,0.2914462619357639,0.1337771945529514,,False,False,
residential-0105__south-view-mrt__cp_003,residential-0105__south-view-mrt,./data/generated/street_images/1415574722130486.jpg,./data/generated/segmentation_images/1415574722130486.png,1,High sky exposure + high road exposure / low greenery,0.3779262966579861,0.05750698513454861,0.0822330050998264,0.008650037977430556,0.17745463053385416,0.2835405137803819,,False,False,
residential-0105__south-view-mrt__cp_004,residential-0105__south-view-mrt,./data/generated/street_images/1415574722130486.jpg,./data/generated/segmentation_images/1415574722130486.png,1,High sky exposure + high road exposure / low greenery,0.3779262966579861,0.05750698513454861,0.0822330050998264,0.008650037977430556,0.17745463053385416,0.2835405137803819,,False,False,
residential-0105__south-view-mrt__cp_005,residential-0105__south-view-mrt,./data/generated/street_images/196927442143540.jpg,./data/generated/segmentation_images/196927442143540.png,1,High sky exposure + high road exposure / low greenery,0.1431003146701389,0.2726796468098958,0.3113471137152778,0.025958591037326388,0.21101209852430555,0.013180202907986112,,False,False,
residential-0105__south-view-mrt__cp_006,residential-0105__south-view-mrt,./data/generated/street_images/1127067201103516.jpg,./data/generated/segmentation_images/1127067201103516.png,3,High greenery + high road exposure / low built frontage,0.0970730251736111,0.3383416069878472,0.23032124837239584,0.00011189778645833333,0.2622968885633681,0.0,,False,False,
residential-0105__south-view-mrt__cp_007,residential-0105__south-view-mrt,./data/generated/street_images/1097959407382382.jpg,./data/generated/segmentation_images/1097959407382382.png,0,High built frontage + high pedestrian space / low greenery,0.11344061957465278,0.07326592339409722,0.3100433349609375,0.04303148057725695,0.4459957546657986,0.0,,False,False,
residential-0105__south-view-mrt__cp_008,residential-0105__south-view-mrt,./data/generated/street_images/472640790659504.jpg,./data/generated/segmentation_images/472640790659504.png,0,High built frontage + high pedestrian space / low greenery,0.021901448567708332,0.3060658772786458,0.07189093695746528,0.022291395399305556,0.5463019476996528,0.0,,False,False,
residential-0105__south-view-mrt__cp_009,residential-0105__south-view-mrt,./data/generated/street_images/2912768735661201.jpg,./data/generated/segmentation_images/2912768735661201.png,0,High built frontage + high pedestrian space / low greenery,0.01220703125,0.2636973063151042,0.049092610677083336,0.015947129991319444,0.5125257703993056,0.0,,False,False,
residential-0105__south-view-mrt__cp_010,residential-0105__south-view-mrt,./data/generated/street_images/2912768735661201.jpg,./data/generated/segmentation_images/2912768735661201.png,0,High built frontage + high pedestrian space / low greenery,0.01220703125,0.2636973063151042,0.049092610677083336,0.015947129991319444,0.5125257703993056,0.0,,False,False,
residential-0106__keat-hong-mrt__cp_000,residential-0106__keat-hong-mrt,./data/generated/street_images/854023545184513.jpg,./data/generated/segmentation_images/854023545184513.png,0,High built frontage + high pedestrian space / low greenery,0.009823269314236112,0.2957051595052083,0.1909552680121528,0.03994411892361111,0.4472215440538194,0.0,,False,False,
residential-0106__keat-hong-mrt__cp_001,residential-0106__keat-hong-mrt,./data/generated/street_images/934730310642418.jpg,./data/generated/segmentation_images/934730310642418.png,0,High built frontage + high pedestrian space / low greenery,0.0,0.4462873670789931,0.015280829535590278,0.051874796549479164,0.4878675672743056,0.0,,False,False,
residential-0106__keat-hong-mrt__cp_002,residential-0106__keat-hong-mrt,./data/generated/street_images/313462460184904.jpg,./data/generated/segmentation_images/313462460184904.png,0,High built frontage + high pedestrian space / low greenery,0.007314046223958333,0.06364949544270833,0.2890997992621528,0.07025824652777778,0.5685865614149306,0.0,,False,False,
residential-0106__keat-hong-mrt__cp_003,residential-0106__keat-hong-mrt,./data/generated/street_images/854023545184513.jpg,./data/generated/segmentation_images/854023545184513.png,0,High built frontage + high pedestrian space / low greenery,0.009823269314236112,0.2957051595052083,0.1909552680121528,0.03994411892361111,0.4472215440538194,0.0,,False,False,
residential-0106__keat-hong-mrt__cp_004,residential-0106__keat-hong-mrt,./data/generated/street_images/525547482161082.jpg,./data/generated/segmentation_images/525547482161082.png,0,High built frontage + high pedestrian space / low greenery,0.0,0.3645816379123264,0.12447950575086805,0.008736504448784722,0.5051981608072916,0.0,,False,False,
residential-0106__keat-hong-mrt__cp_005,residential-0106__keat-hong-mrt,./data/generated/street_images/830923417858964.jpg,./data/generated/segmentation_images/830923417858964.png,0,High built frontage + high pedestrian space / low greenery,0.0,0.3483988444010417,0.012929280598958334,0.05006069607204861,0.5606604682074653,0.0121917724609375,,False,False,
residential-0106__keat-hong-mrt__cp_006,residential-0106__keat-hong-mrt,./data/generated/street_images/148831707214558.jpg,./data/generated/segmentation_images/148831707214558.png,0,High built frontage + high pedestrian space / low greenery,0.0,0.2227410210503472,0.04208713107638889,0.059326171875,0.6764187282986112,0.0,,False,False,
residential-0107__woodlands-north-mrt__cp_005,residential-0107__woodlands-north-mrt,./data/generated/street_images/902216858911645.jpg,./data/generated/segmentation_images/902216858911645.png,3,High greenery + high road exposure / low built frontage,0.09469858805338542,0.562402089436849,0.028635660807291668,0.0007108052571614584,0.018442789713541668,0.29528045654296875,0.0,True,True,
residential-0107__woodlands-north-mrt__cp_006,residential-0107__woodlands-north-mrt,./data/generated/street_images/1404556707730354.jpg,./data/generated/segmentation_images/1404556707730354.png,3,High greenery + high road exposure / low built frontage,0.14475631713867188,0.4728139241536458,0.050633748372395836,0.005237579345703125,0.03248469034830729,0.29415130615234375,0.0,True,True,
residential-0107__woodlands-north-mrt__cp_007,residential-0107__woodlands-north-mrt,./data/generated/street_images/878693111404001.jpg,./data/generated/segmentation_images/878693111404001.png,1,High sky exposure + high road exposure / low greenery,0.2552350362141927,0.3513628641764323,0.05670801798502604,0.001796722412109375,0.04518000284830729,0.2844645182291667,37.110000000000014,True,False,
residential-0107__woodlands-north-mrt__cp_008,residential-0107__woodlands-north-mrt,./data/generated/street_images/902216858911645.jpg,./data/generated/segmentation_images/902216858911645.png,3,High greenery + high road exposure / low built frontage,0.09469858805338542,0.562402089436849,0.028635660807291668,0.0007108052571614584,0.018442789713541668,0.29528045654296875,112.30000000000001,True,False,
residential-0107__woodlands-north-mrt__cp_009,residential-0107__woodlands-north-mrt,./data/generated/street_images/878528931530663.jpg,./data/generated/segmentation_images/878528931530663.png,3,High greenery + high road exposure / low built frontage,0.2075525919596354,0.4412396748860677,0.040011088053385414,0.002475738525390625,0.020526885986328125,0.2902018229166667,164.68,True,False,
residential-0107__woodlands-north-mrt__cp_010,residential-0107__woodlands-north-mrt,./data/generated/street_images/1196731075223825.jpg,./data/generated/segmentation_images/1196731075223825.png,1,High sky exposure + high road exposure / low greenery,0.2557118733723958,0.40286509195963544,0.059749603271484375,5.2134195963541664e-05,0.004914601643880208,0.27667872111002606,241.83000000000004,True,False,
residential-0107__woodlands-north-mrt__cp_011,residential-0107__woodlands-north-mrt,./data/generated/street_images/1657461515632725.jpg,./data/generated/segmentation_images/1657461515632725.png,1,High sky exposure + high road exposure / low greenery,0.4751739501953125,0.06668980916341145,0.14433797200520834,0.005696614583333333,0.04445775349934896,0.2513313293457031,335.22,True,False,
residential-0107__woodlands-north-mrt__cp_012,residential-0107__woodlands-north-mrt,./data/generated/street_images/368311991290379.jpg,./data/generated/segmentation_images/368311991290379.png,1,High sky exposure + high road exposure / low greenery,0.4171312120225694,0.3729756673177083,0.05142381456163195,0.028286404079861112,0.0275421142578125,0.09644402398003472,382.05999999999995,True,False,
residential-0107__woodlands-north-mrt__cp_013,residential-0107__woodlands-north-mrt,./data/generated/street_images/1243027031083768.jpg,./data/generated/segmentation_images/1243027031083768.png,1,High sky exposure + high road exposure / low greenery,0.508294423421224,0.048160552978515625,0.08338292439778645,0.006902058919270833,0.0760815938313802,0.2689857482910156,419.91999999999996,True,False,
residential-0107__woodlands-north-mrt__cp_014,residential-0107__woodlands-north-mrt,./data/generated/street_images/1297339668866447.jpg,./data/generated/segmentation_images/1297339668866447.png,1,High sky exposure + high road exposure / low greenery,0.5659090677897135,0.059513092041015625,0.030216217041015625,0.00048828125,0.05391565958658854,0.2746391296386719,478.09000000000003,True,False,
residential-0107__woodlands-north-mrt__cp_015,residential-0107__woodlands-north-mrt,./data/generated/street_images/25612382508397183.jpg,./data/generated/segmentation_images/25612382508397183.png,1,High sky exposure + high road exposure / low greenery,0.5333023071289062,0.07465616861979167,0.031888326009114586,0.0010579427083333333,0.06809361775716145,0.28895314534505206,533.5699999999999,True,False,
residential-0107__woodlands-north-mrt__cp_016,residential-0107__woodlands-north-mrt,./data/generated/street_images/1429083848840733.jpg,./data/generated/segmentation_images/1429083848840733.png,1,High sky exposure + high road exposure / low greenery,0.4096107482910156,0.18814214070638022,0.008670806884765625,0.026723225911458332,0.2578837076822917,0.10031509399414062,586.17,True,False,
residential-0107__woodlands-north-mrt__cp_017,residential-0107__woodlands-north-mrt,./data/generated/street_images/1265733202250805.jpg,./data/generated/segmentation_images/1265733202250805.png,1,High sky exposure + high road exposure / low greenery,0.32985814412434894,0.29651769002278644,0.046976725260416664,0.014868418375651041,0.031667073567708336,0.27250417073567706,643.3,True,False,
residential-0107__woodlands-north-mrt__cp_018,residential-0107__woodlands-north-mrt,./data/generated/street_images/1191653409178822.jpg,./data/generated/segmentation_images/1191653409178822.png,3,High greenery + high road exposure / low built frontage,0.22926203409830728,0.4284350077311198,0.030240376790364582,0.016231536865234375,0.026692708333333332,0.2649383544921875,735.2499999999999,True,False,
residential-0107__woodlands-north-mrt__cp_019,residential-0107__woodlands-north-mrt,./data/generated/street_images/1523609068910032.jpg,./data/generated/segmentation_images/1523609068910032.png,1,High sky exposure + high road exposure / low greenery,0.2846336364746094,0.3076438903808594,0.07149887084960938,0.0003229777018229167,0.020041147867838543,0.3057085673014323,794.88,True,False,
residential-0107__woodlands-north-mrt__cp_020,residential-0107__woodlands-north-mrt,./data/generated/street_images/25381881344771713.jpg,./data/generated/segmentation_images/25381881344771713.png,1,High sky exposure + high road exposure / low greenery,0.38118235270182294,0.14833450317382812,0.055707295735677086,0.0016377766927083333,0.08668009440104167,0.3106740315755208,870.4999999999999,True,False,
residential-0107__woodlands-north-mrt__cp_021,residential-0107__woodlands-north-mrt,./data/generated/street_images/2256032684889479.jpg,./data/generated/segmentation_images/2256032684889479.png,1,High sky exposure + high road exposure / low greenery,0.2827402750651042,0.2725969950358073,0.034289042154947914,0.0014928181966145833,0.11668141682942708,0.2850341796875,891.9699999999999,True,False,
residential-0108__khatib-mrt__cp_001,residential-0108__khatib-mrt,./data/generated/street_images/135513205281630.jpg,./data/generated/segmentation_images/135513205281630.png,0,High built frontage + high pedestrian space / low greenery,0.08846367730034722,0.13641866048177084,0.2811635335286458,0.02777099609375,0.3546074761284722,0.0506744384765625,,True,False,
residential-0108__khatib-mrt__cp_002,residential-0108__khatib-mrt,./data/generated/street_images/765815240798100.jpg,./data/generated/segmentation_images/765815240798100.png,3,High greenery + high road exposure / low built frontage,0.06352742513020833,0.359130859375,0.2822282579210069,0.015575832790798612,0.2723558213975694,0.0,,True,False,
residential-0108__khatib-mrt__cp_003,residential-0108__khatib-mrt,./data/generated/street_images/200133515134797.jpg,./data/generated/segmentation_images/200133515134797.png,0,High built frontage + high pedestrian space / low greenery,0.07621934678819445,0.2642856174045139,0.2688632541232639,0.04687669542100695,0.2978702121310764,0.0,,True,False,
residential-0108__khatib-mrt__cp_004,residential-0108__khatib-mrt,./data/generated/street_images/933271327503035.jpg,./data/generated/segmentation_images/933271327503035.png,3,High greenery + high road exposure / low built frontage,0.1536712646484375,0.4321933322482639,0.11792500813802083,0.06935628255208333,0.15804036458333334,0.03569369845920139,,True,False,
residential-0108__khatib-mrt__cp_005,residential-0108__khatib-mrt,./data/generated/street_images/3913134782137225.jpg,./data/generated/segmentation_images/3913134782137225.png,4,High vehicle presence + high road exposure / low greenery,0.0009206136067708334,0.04678175184461805,0.07460869683159722,0.0,4.238552517361111e-05,0.8776465521918403,,True,False,
residential-0108__khatib-mrt__cp_006,residential-0108__khatib-mrt,./data/generated/street_images/348924709999069.jpg,./data/generated/segmentation_images/348924709999069.png,1,High sky exposure + high road exposure / low greenery,0.16029527452256945,0.3022783067491319,0.2282867431640625,0.026287502712673612,0.06452772352430555,0.1813540988498264,,True,False,
residential-0108__khatib-mrt__cp_007,residential-0108__khatib-mrt,./data/generated/street_images/502151150907825.jpg,./data/generated/segmentation_images/502151150907825.png,1,High sky exposure + high road exposure / low greenery,0.16432952880859375,0.30187098185221356,0.3187675476074219,0.008045196533203125,0.11118189493815105,0.058261871337890625,,True,False,
residential-0108__khatib-mrt__cp_008,residential-0108__khatib-mrt,./data/generated/street_images/1040706269670284.jpg,./data/generated/segmentation_images/1040706269670284.png,0,High built frontage + high pedestrian space / low greenery,0.15451939900716147,0.17188390096028647,0.061487833658854164,0.017018636067708332,0.5580622355143229,0.001590728759765625,,True,False,
residential-0108__khatib-mrt__cp_009,residential-0108__khatib-mrt,./data/generated/street_images/156220486453681.jpg,./data/generated/segmentation_images/156220486453681.png,1,High sky exposure + high road exposure / low greenery,0.2784411112467448,0.28369140625,0.1028149922688802,0.041051228841145836,0.14545059204101562,0.038799285888671875,,True,False,
residential-0109__yew-tee-mrt__cp_000,residential-0109__yew-tee-mrt,./data/generated/street_images/472358754072085.jpg,./data/generated/segmentation_images/472358754072085.png,3,High greenery + high road exposure / low built frontage,0.1331549750434028,0.4180840386284722,0.0474395751953125,0.011513604058159722,0.2140570746527778,0.1361423068576389,,False,False,
residential-0109__yew-tee-mrt__cp_001,residential-0109__yew-tee-mrt,./data/generated/street_images/1110503732793278.jpg,./data/generated/segmentation_images/1110503732793278.png,0,High built frontage + high pedestrian space / low greenery,0.14944966634114584,0.3112877739800347,0.04764133029513889,0.026950412326388888,0.3050333658854167,0.121490478515625,,False,False,
residential-0109__yew-tee-mrt__cp_002,residential-0109__yew-tee-mrt,./data/generated/street_images/311468543677183.jpg,./data/generated/segmentation_images/311468543677183.png,3,High greenery + high road exposure / low built frontage,0.13121202256944445,0.4238552517361111,0.07073296440972222,0.04774644639756945,0.20069376627604166,0.09935506184895833,,False,False,
residential-0109__yew-tee-mrt__cp_003,residential-0109__yew-tee-mrt,./data/generated/street_images/241151937809134.jpg,./data/generated/segmentation_images/241151937809134.png,2,High pedestrian space + high built frontage / low road exposure,0.052771674262152776,0.3467373318142361,0.0,0.1992645263671875,0.2523142496744792,0.0,,False,False,
residential-0109__yew-tee-mrt__cp_004,residential-0109__yew-tee-mrt,./data/generated/street_images/867323503994509.jpg,./data/generated/segmentation_images/867323503994509.png,3,High greenery + high road exposure / low built frontage,0.0674014621310764,0.5809054904513888,0.0612030029296875,0.037068684895833336,0.21243794759114584,0.0,,False,False,
residential-0109__yew-tee-mrt__cp_005,residential-0109__yew-tee-mrt,./data/generated/street_images/1688270054692547.jpg,./data/generated/segmentation_images/1688270054692547.png,0,High built frontage + high pedestrian space / low greenery,0.009504530164930556,0.3598293728298611,0.21392652723524305,0.04173109266493055,0.3503790961371528,0.0,,False,False,
residential-0109__yew-tee-mrt__cp_006,residential-0109__yew-tee-mrt,./data/generated/street_images/793808771251922.jpg,./data/generated/segmentation_images/793808771251922.png,3,High greenery + high road exposure / low built frontage,0.1583641899956597,0.4650455050998264,0.2202792697482639,0.0112762451171875,0.13556925455729166,0.0034044053819444445,,False,False,
residential-0109__yew-tee-mrt__cp_007,residential-0109__yew-tee-mrt,./data/generated/street_images/4276911418986790.jpg,./data/generated/segmentation_images/4276911418986790.png,0,High built frontage + high pedestrian space / low greenery,0.020297580295138888,0.2595265706380208,0.22491624620225695,0.006476508246527778,0.4606950547960069,0.0,,False,False,
residential-0109__yew-tee-mrt__cp_008,residential-0109__yew-tee-mrt,./data/generated/street_images/958913258196404.jpg,./data/generated/segmentation_images/958913258196404.png,3,High greenery + high road exposure / low built frontage,0.1681891547309028,0.5398830837673612,0.1560177273220486,0.005723741319444444,0.11779106987847222,0.0004967583550347222,,False,False,
residential-0109__yew-tee-mrt__cp_009,residential-0109__yew-tee-mrt,./data/generated/street_images/456621042444046.jpg,./data/generated/segmentation_images/456621042444046.png,3,High greenery + high road exposure / low built frontage,0.18373277452256945,0.509979248046875,0.1548190646701389,0.014200846354166666,0.13153245713975695,0.0017140706380208333,,False,False,
residential-0109__yew-tee-mrt__cp_010,residential-0109__yew-tee-mrt,./data/generated/street_images/175123101208452.jpg,./data/generated/segmentation_images/175123101208452.png,3,High greenery + high road exposure / low built frontage,0.10958014594184028,0.3748135036892361,0.171234130859375,0.04984876844618055,0.2933434380425347,0.0,,False,False,
residential-0109__yew-tee-mrt__cp_011,residential-0109__yew-tee-mrt,./data/generated/street_images/327015852144470.jpg,./data/generated/segmentation_images/327015852144470.png,0,High built frontage + high pedestrian space / low greenery,0.0991787380642361,0.35552978515625,0.18699815538194445,0.018446180555555556,0.3423868815104167,0.001034206814236111,,False,False,
residential-0109__yew-tee-mrt__cp_012,residential-0109__yew-tee-mrt,./data/generated/street_images/849471212312317.jpg,./data/generated/segmentation_images/849471212312317.png,0,High built frontage + high pedestrian space / low greenery,0.11785719129774305,0.1430121527777778,0.029300265842013888,0.10063340928819445,0.4910922580295139,0.00015767415364583334,,False,False,
residential-0109__yew-tee-mrt__cp_013,residential-0109__yew-tee-mrt,./data/generated/street_images/491468728854541.jpg,./data/generated/segmentation_images/491468728854541.png,1,High sky exposure + high road exposure / low greenery,0.1696862114800347,0.18971421983506945,0.1049923366970486,0.0012647840711805555,0.2595180935329861,0.2760603162977431,,False,False,
residential-0109__yew-tee-mrt__cp_014,residential-0109__yew-tee-mrt,./data/generated/street_images/133248902129260.jpg,./data/generated/segmentation_images/133248902129260.png,0,High built frontage + high pedestrian space / low greenery,0.16107686360677084,0.031117757161458332,0.3505978054470486,0.013527764214409722,0.4425930447048611,0.0,,False,False,
residential-0109__yew-tee-mrt__cp_015,residential-0109__yew-tee-mrt,./data/generated/street_images/133248902129260.jpg,./data/generated/segmentation_images/133248902129260.png,0,High built frontage + high pedestrian space / low greenery,0.16107686360677084,0.031117757161458332,0.3505978054470486,0.013527764214409722,0.4425930447048611,0.0,,False,False,
residential-0110__harbourfront-mrt__cp_002,residential-0110__harbourfront-mrt,./data/generated/street_images/507655323694966.jpg,./data/generated/segmentation_images/507655323694966.png,3,High greenery + high road exposure / low built frontage,0.04463534884982639,0.4506005181206597,0.3115115695529514,0.037556966145833336,0.12682596842447916,0.012539333767361112,,False,False,
residential-0110__harbourfront-mrt__cp_003,residential-0110__harbourfront-mrt,./data/generated/street_images/814767725807234.jpg,./data/generated/segmentation_images/814767725807234.png,3,High greenery + high road exposure / low built frontage,0.0710110134548611,0.4364980061848958,0.3512607150607639,0.020085652669270832,0.09216478135850695,0.012195163302951388,,False,False,
residential-0110__harbourfront-mrt__cp_004,residential-0110__harbourfront-mrt,./data/generated/street_images/535653840933572.jpg,./data/generated/segmentation_images/535653840933572.png,3,High greenery + high road exposure / low built frontage,0.06064012315538195,0.4962378607855903,0.3200174967447917,0.011111789279513888,0.05555555555555555,0.037648518880208336,,False,False,
residential-0110__harbourfront-mrt__cp_005,residential-0110__harbourfront-mrt,./data/generated/street_images/1171582023314912.jpg,./data/generated/segmentation_images/1171582023314912.png,3,High greenery + high road exposure / low built frontage,0.22622172037760416,0.5142364501953125,0.04987759060329861,0.004660712348090278,0.058386908637152776,0.015769110785590276,,False,False,
residential-0110__harbourfront-mrt__cp_006,residential-0110__harbourfront-mrt,./data/generated/street_images/1171582023314912.jpg,./data/generated/segmentation_images/1171582023314912.png,3,High greenery + high road exposure / low built frontage,0.22622172037760416,0.5142364501953125,0.04987759060329861,0.004660712348090278,0.058386908637152776,0.015769110785590276,,False,False,
residential-0110__harbourfront-mrt__cp_008,residential-0110__harbourfront-mrt,./data/generated/street_images/534208280900553.jpg,./data/generated/segmentation_images/534208280900553.png,3,High greenery + high road exposure / low built frontage,0.05514865451388889,0.4639875623914931,0.2482791476779514,0.05261060926649305,0.10182020399305555,0.0,,False,False,
residential-0110__harbourfront-mrt__cp_009,residential-0110__harbourfront-mrt,./data/generated/street_images/534208280900553.jpg,./data/generated/segmentation_images/534208280900553.png,3,High greenery + high road exposure / low built frontage,0.05514865451388889,0.4639875623914931,0.2482791476779514,0.05261060926649305,0.10182020399305555,0.0,,False,False,
residential-0110__harbourfront-mrt__cp_010,residential-0110__harbourfront-mrt,./data/generated/street_images/310987243797856.jpg,./data/generated/segmentation_images/310987243797856.png,3,High greenery + high road exposure / low built frontage,0.043084038628472224,0.5417005750868056,0.2554473876953125,0.041051228841145836,0.042807685004340276,0.0,,False,False,
residential-0110__harbourfront-mrt__cp_011,residential-0110__harbourfront-mrt,./data/generated/street_images/2769956140001606.jpg,./data/generated/segmentation_images/2769956140001606.png,2,High pedestrian space + high built frontage / low road exposure,0.0776333279079861,0.3814951578776042,0.1643218994140625,0.11919148763020833,0.23893907335069445,0.0,,False,False,
residential-0110__harbourfront-mrt__cp_012,residential-0110__harbourfront-mrt,./data/generated/street_images/522020935635818.jpg,./data/generated/segmentation_images/522020935635818.png,3,High greenery + high road exposure / low built frontage,0.1359032524956597,0.642242431640625,0.09460279676649305,0.0047760009765625,0.0007120768229166666,0.05793931749131945,,False,False,
residential-0110__harbourfront-mrt__cp_013,residential-0110__harbourfront-mrt,./data/generated/street_images/884830298740147.jpg,./data/generated/segmentation_images/884830298740147.png,2,High pedestrian space + high built frontage / low road exposure,0.1511450873480903,0.3389265272352431,0.015782674153645832,0.1473880343967014,0.14767625596788195,0.0,,False,False,
residential-0110__harbourfront-mrt__cp_014,residential-0110__harbourfront-mrt,./data/generated/street_images/139222724856978.jpg,./data/generated/segmentation_images/139222724856978.png,2,High pedestrian space + high built frontage / low road exposure,0.14155748155381945,0.3610907660590278,0.0,0.15344407823350695,0.2590399848090278,0.0,,False,False,
residential-0110__harbourfront-mrt__cp_015,residential-0110__harbourfront-mrt,./data/generated/street_images/318617652963882.jpg,./data/generated/segmentation_images/318617652963882.png,2,High pedestrian space + high built frontage / low road exposure,0.0985226101345486,0.4517720540364583,0.0,0.1735076904296875,0.000979953342013889,0.0,,False,False,
residential-0110__harbourfront-mrt__cp_016,residential-0110__harbourfront-mrt,./data/generated/street_images/513272553045555.jpg,./data/generated/segmentation_images/513272553045555.png,3,High greenery + high road exposure / low built frontage,0.022494845920138888,0.7323879665798612,0.021223280164930556,0.002795749240451389,0.0,0.0,,False,False,
residential-0110__harbourfront-mrt__cp_017,residential-0110__harbourfront-mrt,./data/generated/street_images/295465585644825.jpg,./data/generated/segmentation_images/295465585644825.png,3,High greenery + high road exposure / low built frontage,0.04493882921006945,0.7287072075737847,0.003582424587673611,0.046805487738715276,0.046179877387152776,0.0,,False,False,
residential-0110__harbourfront-mrt__cp_018,residential-0110__harbourfront-mrt,./data/generated/street_images/388798080582401.jpg,./data/generated/segmentation_images/388798080582401.png,3,High greenery + high road exposure / low built frontage,0.006295522054036458,0.699804941813151,0.04474512736002604,0.025740305582682293,0.19284439086914062,0.000530242919921875,,False,False,
residential-0110__harbourfront-mrt__cp_019,residential-0110__harbourfront-mrt,./data/generated/street_images/275302734572978.jpg,./data/generated/segmentation_images/275302734572978.png,3,High greenery + high road exposure / low built frontage,0.023270924886067707,0.5235926310221354,0.03339258829752604,0.07823435465494792,0.2747179667154948,7.62939453125e-06,,False,False,
residential-0110__harbourfront-mrt__cp_020,residential-0110__harbourfront-mrt,./data/generated/street_images/2064837570952438.jpg,./data/generated/segmentation_images/2064837570952438.png,0,High built frontage + high pedestrian space / low greenery,0.12148157755533855,0.022205352783203125,0.0023320515950520835,0.0,0.8379427591959635,0.0,,False,False,
residential-0110__harbourfront-mrt__cp_021,residential-0110__harbourfront-mrt,./data/generated/street_images/484950039612192.jpg,./data/generated/segmentation_images/484950039612192.png,0,High built frontage + high pedestrian space / low greenery,0.1202884250217014,0.021075778537326388,0.186126708984375,0.031022813585069444,0.5411648220486112,0.0,,False,False,
residential-0110__harbourfront-mrt__cp_022,residential-0110__harbourfront-mrt,./data/generated/street_images/1057044449671417.jpg,./data/generated/segmentation_images/1057044449671417.png,1,High sky exposure + high road exposure / low greenery,0.31778717041015625,0.09627278645833333,0.00251007080078125,0.0,0.2750434875488281,0.0,,False,False,
residential-0110__harbourfront-mrt__cp_023,residential-0110__harbourfront-mrt,./data/generated/street_images/678907564999254.jpg,./data/generated/segmentation_images/678907564999254.png,1,High sky exposure + high road exposure / low greenery,0.4109954833984375,0.07871500651041667,0.0,0.0,0.1814295450846354,0.0,,False,False,
residential-0110__harbourfront-mrt__cp_024,residential-0110__harbourfront-mrt,./data/generated/street_images/3071084836416214.jpg,./data/generated/segmentation_images/3071084836416214.png,2,High pedestrian space + high built frontage / low road exposure,0.2634620666503906,0.2892723083496094,0.000980377197265625,0.16220982869466147,0.19183476765950522,0.0,,False,False,
residential-0110__harbourfront-mrt__cp_025,residential-0110__harbourfront-mrt,./data/generated/street_images/1969857489835488.jpg,./data/generated/segmentation_images/1969857489835488.png,0,High built frontage + high pedestrian space / low greenery,0.14486863878038195,0.06331719292534722,0.06141493055555555,0.014636569552951388,0.4466010199652778,0.2671593560112847,,False,False,
residential-0111__eunos-mrt__cp_003,residential-0111__eunos-mrt,./data/generated/street_images/1124543467957781.jpg,./data/generated/segmentation_images/1124543467957781.png,3,High greenery + high road exposure / low built frontage,0.1551293267144097,0.5320163302951388,0.050679524739583336,0.026043362087673612,0.2112545437282986,0.005452473958333333,,False,False,
residential-0111__eunos-mrt__cp_004,residential-0111__eunos-mrt,./data/generated/street_images/2867009430253514.jpg,./data/generated/segmentation_images/2867009430253514.png,3,High greenery + high road exposure / low built frontage,0.17104932996961805,0.429290771484375,0.07272847493489583,0.0822109646267361,0.2254553900824653,0.0007442898220486111,,False,False,
residential-0111__eunos-mrt__cp_005,residential-0111__eunos-mrt,./data/generated/street_images/894624271095779.jpg,./data/generated/segmentation_images/894624271095779.png,1,High sky exposure + high road exposure / low greenery,0.4100409613715278,0.2953304714626736,0.13592359754774305,0.004426744249131944,0.105316162109375,0.04606797960069445,,False,False,
residential-0111__eunos-mrt__cp_006,residential-0111__eunos-mrt,./data/generated/street_images/468024071170531.jpg,./data/generated/segmentation_images/468024071170531.png,1,High sky exposure + high road exposure / low greenery,0.23351033528645834,0.3684217664930556,0.17391459147135416,0.012912326388888888,0.17301771375868055,0.03335740831163195,,False,False,
residential-0111__eunos-mrt__cp_007,residential-0111__eunos-mrt,./data/generated/street_images/555034575476632.jpg,./data/generated/segmentation_images/555034575476632.png,0,High built frontage + high pedestrian space / low greenery,0.19314535321122045,0.11208948119942884,0.0020599509706079543,0.0023439938994743925,0.6322232628599797,0.002633154718951037,,False,False,
residential-0111__eunos-mrt__cp_008,residential-0111__eunos-mrt,./data/generated/street_images/555034575476632.jpg,./data/generated/segmentation_images/555034575476632.png,0,High built frontage + high pedestrian space / low greenery,0.19314535321122045,0.11208948119942884,0.0020599509706079543,0.0023439938994743925,0.6322232628599797,0.002633154718951037,,False,False,
residential-0111__eunos-mrt__cp_009,residential-0111__eunos-mrt,./data/generated/street_images/2985782788408098.jpg,./data/generated/segmentation_images/2985782788408098.png,0,High built frontage + high pedestrian space / low greenery,0.393668145737053,0.07261391145025667,0.0,0.0,0.5088641865368769,0.0,,False,False,
residential-0111__eunos-mrt__cp_010,residential-0111__eunos-mrt,./data/generated/street_images/1542692760216208.jpg,./data/generated/segmentation_images/1542692760216208.png,3,High greenery + high road exposure / low built frontage,0.11784871419270833,0.4971911112467448,0.0,0.038120269775390625,0.03561528523763021,0.0,,False,False,
residential-0111__eunos-mrt__cp_011,residential-0111__eunos-mrt,./data/generated/street_images/1374432056269699.jpg,./data/generated/segmentation_images/1374432056269699.png,3,High greenery + high road exposure / low built frontage,0.09385827537322217,0.48280644649501264,0.0,0.05187365975239645,0.24459806646092747,0.0,,False,False,
residential-0112__pasir-ris-mrt__cp_006,residential-0112__pasir-ris-mrt,./data/generated/street_images/2221795277955702.jpg,./data/generated/segmentation_images/2221795277955702.png,3,High greenery + high road exposure / low built frontage,0.1271887885199653,0.2822180853949653,0.2037692599826389,0.08463202582465278,0.1973487006293403,0.046485053168402776,,False,False,
residential-0112__pasir-ris-mrt__cp_007,residential-0112__pasir-ris-mrt,./data/generated/street_images/904586220268318.jpg,./data/generated/segmentation_images/904586220268318.png,3,High greenery + high road exposure / low built frontage,0.07155524359809028,0.4305826822916667,0.3586035834418403,0.006020439995659722,0.10820515950520833,0.0024973551432291665,,False,False,
residential-0112__pasir-ris-mrt__cp_008,residential-0112__pasir-ris-mrt,./data/generated/street_images/775182629859693.jpg,./data/generated/segmentation_images/775182629859693.png,3,High greenery + high road exposure / low built frontage,0.07157389322916667,0.4314303927951389,0.3712175157335069,0.007020738389756944,0.06731499565972222,0.014244927300347222,,False,False,
residential-0112__pasir-ris-mrt__cp_009,residential-0112__pasir-ris-mrt,./data/generated/street_images/507478783730132.jpg,./data/generated/segmentation_images/507478783730132.png,2,High pedestrian space + high built frontage / low road exposure,0.005557590060763889,0.3908572726779514,0.043528238932291664,0.16075303819444445,0.3580644395616319,0.0007205539279513889,,False,False,
residential-0112__pasir-ris-mrt__cp_010,residential-0112__pasir-ris-mrt,./data/generated/street_images/863989157868975.jpg,./data/generated/segmentation_images/863989157868975.png,2,High pedestrian space + high built frontage / low road exposure,0.07265557183159722,0.3542022705078125,0.21217854817708334,0.12565443250868055,0.21266682942708334,0.00042894151475694444,,False,False,
residential-0112__pasir-ris-mrt__cp_011,residential-0112__pasir-ris-mrt,./data/generated/street_images/284339373386465.jpg,./data/generated/segmentation_images/284339373386465.png,0,High built frontage + high pedestrian space / low greenery,0.0,0.22559102376302084,0.1498379177517361,0.1410437689887153,0.4754536946614583,0.0,,False,False,
residential-0112__pasir-ris-mrt__cp_012,residential-0112__pasir-ris-mrt,./data/generated/street_images/204013784894195.jpg,./data/generated/segmentation_images/204013784894195.png,0,High built frontage + high pedestrian space / low greenery,0.0,0.1450263129340278,0.18571641710069445,0.1237979465060764,0.5182935926649306,0.0,,False,False,
residential-0112__pasir-ris-mrt__cp_013,residential-0112__pasir-ris-mrt,./data/generated/street_images/1130563530774091.jpg,./data/generated/segmentation_images/1130563530774091.png,0,High built frontage + high pedestrian space / low greenery,0.0,0.019934760199652776,0.04661220974392361,0.1372714572482639,0.7636990017361112,0.0,,False,False,
residential-0112__pasir-ris-mrt__cp_014,residential-0112__pasir-ris-mrt,./data/generated/street_images/2993950670836130.jpg,./data/generated/segmentation_images/2993950670836130.png,0,High built frontage + high pedestrian space / low greenery,0.0,0.09821912977430555,0.07153150770399305,0.0956149631076389,0.7346818712022569,0.0,,False,False,
residential-0112__pasir-ris-mrt__cp_015,residential-0112__pasir-ris-mrt,./data/generated/street_images/2876016489330935.jpg,./data/generated/segmentation_images/2876016489330935.png,0,High built frontage + high pedestrian space / low greenery,0.015160454644097222,0.1532321506076389,0.1952735053168403,0.028696695963541668,0.4429456922743056,0.1353522406684028,,False,False,
residential-0112__pasir-ris-mrt__cp_016,residential-0112__pasir-ris-mrt,./data/generated/street_images/493397738564726.jpg,./data/generated/segmentation_images/493397738564726.png,3,High greenery + high road exposure / low built frontage,0.12023756239149305,0.3799235026041667,0.10810173882378472,0.030763414171006944,0.24869791666666666,0.0007341172960069445,,False,False,
residential-0112__pasir-ris-mrt__cp_017,residential-0112__pasir-ris-mrt,./data/generated/street_images/208072501149937.jpg,./data/generated/segmentation_images/208072501149937.png,3,High greenery + high road exposure / low built frontage,0.11899820963541667,0.5080312093098959,0.15757921006944445,0.049458821614583336,0.1526268853081597,0.0037367078993055555,,False,False,
residential-0112__pasir-ris-mrt__cp_018,residential-0112__pasir-ris-mrt,./data/generated/street_images/4561825650498699.jpg,./data/generated/segmentation_images/4561825650498699.png,3,High greenery + high road exposure / low built frontage,0.06681145562065972,0.5238376193576388,0.1335720486111111,0.0946044921875,0.15020751953125,0.0,,False,False,
residential-0112__pasir-ris-mrt__cp_019,residential-0112__pasir-ris-mrt,./data/generated/street_images/4323815454329157.jpg,./data/generated/segmentation_images/4323815454329157.png,3,High greenery + high road exposure / low built frontage,0.025967068142361112,0.4336157904730903,0.3412628173828125,0.015796237521701388,0.0945553249782986,0.0,,False,False,
residential-0112__pasir-ris-mrt__cp_020,residential-0112__pasir-ris-mrt,./data/generated/street_images/4323815454329157.jpg,./data/generated/segmentation_images/4323815454329157.png,3,High greenery + high road exposure / low built frontage,0.025967068142361112,0.4336157904730903,0.3412628173828125,0.015796237521701388,0.0945553249782986,0.0,,False,False,
residential-0113__admiralty-mrt__cp_000,residential-0113__admiralty-mrt,./data/generated/street_images/798886281014220.jpg,./data/generated/segmentation_images/798886281014220.png,0,High built frontage + high pedestrian space / low greenery,0.03826565212673611,0.18954298231336805,0.23832533094618055,0.052515665690104164,0.4640587700737847,0.0020243326822916665,,True,False,
residential-0113__admiralty-mrt__cp_001,residential-0113__admiralty-mrt,./data/generated/street_images/3983821115042612.jpg,./data/generated/segmentation_images/3983821115042612.png,3,High greenery + high road exposure / low built frontage,0.0894317626953125,0.5180206298828125,0.1712375217013889,0.025031195746527776,0.18137953016493055,0.0025804307725694445,,True,False,
residential-0113__admiralty-mrt__cp_002,residential-0113__admiralty-mrt,./data/generated/street_images/1041198273077946.jpg,./data/generated/segmentation_images/1041198273077946.png,3,High greenery + high road exposure / low built frontage,0.029468112521701388,0.5132666693793403,0.2457851833767361,0.015324910481770834,0.1908026801215278,0.00022718641493055556,,True,False,
residential-0113__admiralty-mrt__cp_003,residential-0113__admiralty-mrt,./data/generated/street_images/1220480751727889.jpg,./data/generated/segmentation_images/1220480751727889.png,3,High greenery + high road exposure / low built frontage,0.036799112955729164,0.4413011338975694,0.1711798773871528,0.03730604383680555,0.2508324517144097,0.003958808051215278,,True,False,
residential-0113__admiralty-mrt__cp_004,residential-0113__admiralty-mrt,./data/generated/street_images/490645308710187.jpg,./data/generated/segmentation_images/490645308710187.png,3,High greenery + high road exposure / low built frontage,0.1177639431423611,0.4076199001736111,0.12253655327690972,0.036187065972222224,0.2843594021267361,0.0,,True,False,
residential-0113__admiralty-mrt__cp_005,residential-0113__admiralty-mrt,./data/generated/street_images/525225471845242.jpg,./data/generated/segmentation_images/525225471845242.png,3,High greenery + high road exposure / low built frontage,0.0464630126953125,0.4524451361762153,0.2555050320095486,0.03582594129774305,0.18079121907552084,0.0,,True,False,
residential-0113__admiralty-mrt__cp_006,residential-0113__admiralty-mrt,./data/generated/street_images/2718166015109850.jpg,./data/generated/segmentation_images/2718166015109850.png,3,High greenery + high road exposure / low built frontage,0.061594645182291664,0.6257476806640625,0.10934278700086805,0.006507025824652778,0.18518235948350695,0.0020582411024305555,,True,False,
residential-0113__admiralty-mrt__cp_007,residential-0113__admiralty-mrt,./data/generated/street_images/3905895069529655.jpg,./data/generated/segmentation_images/3905895069529655.png,3,High greenery + high road exposure / low built frontage,0.0,0.5706770155164931,0.038964165581597224,0.08254326714409722,0.2891320122612847,0.00016106499565972222,,True,False,
residential-0113__admiralty-mrt__cp_008,residential-0113__admiralty-mrt,./data/generated/street_images/1636838939837930.jpg,./data/generated/segmentation_images/1636838939837930.png,0,High built frontage + high pedestrian space / low greenery,0.030573527018229168,0.3491261800130208,0.102325439453125,0.041178385416666664,0.4377678765190972,0.0,,True,False,
residential-0113__admiralty-mrt__cp_009,residential-0113__admiralty-mrt,./data/generated/street_images/181972683844791.jpg,./data/generated/segmentation_images/181972683844791.png,3,High greenery + high road exposure / low built frontage,0.04848904079861111,0.4517008463541667,0.2167934841579861,0.00026618109809027775,0.2788628472222222,0.0,,True,False,
residential-0113__admiralty-mrt__cp_010,residential-0113__admiralty-mrt,./data/generated/street_images/142221251232705.jpg,./data/generated/segmentation_images/142221251232705.png,0,High built frontage + high pedestrian space / low greenery,0.003833346896701389,0.140838623046875,0.24395751953125,0.05108473036024305,0.4924231635199653,0.0,,True,False,
residential-0113__admiralty-mrt__cp_011,residential-0113__admiralty-mrt,./data/generated/street_images/306577547602365.jpg,./data/generated/segmentation_images/306577547602365.png,0,High built frontage + high pedestrian space / low greenery,8.477105034722222e-05,0.179962158203125,0.1459418402777778,0.013093736436631944,0.6585116916232638,0.00010850694444444444,,True,False,
residential-0113__admiralty-mrt__cp_012,residential-0113__admiralty-mrt,./data/generated/street_images/229566275607056.jpg,./data/generated/segmentation_images/229566275607056.png,1,High sky exposure + high road exposure / low greenery,0.3020765516493056,0.4024692111545139,0.16297743055555555,0.002265082465277778,0.0787319607204861,0.027377658420138888,,True,False,
residential-0113__admiralty-mrt__cp_013,residential-0113__admiralty-mrt,./data/generated/street_images/229566275607056.jpg,./data/generated/segmentation_images/229566275607056.png,1,High sky exposure + high road exposure / low greenery,0.3020765516493056,0.4024692111545139,0.16297743055555555,0.002265082465277778,0.0787319607204861,0.027377658420138888,,True,False,
residential-0113__admiralty-mrt__cp_014,residential-0113__admiralty-mrt,./data/generated/street_images/900281370703768.jpg,./data/generated/segmentation_images/900281370703768.png,3,High greenery + high road exposure / low built frontage,0.04786343044704861,0.5146806504991319,0.2632175021701389,0.0020345052083333335,0.16847398546006945,0.0015818277994791667,,True,False,
residential-0113__admiralty-mrt__cp_015,residential-0113__admiralty-mrt,./data/generated/street_images/900281370703768.jpg,./data/generated/segmentation_images/900281370703768.png,3,High greenery + high road exposure / low built frontage,0.04786343044704861,0.5146806504991319,0.2632175021701389,0.0020345052083333335,0.16847398546006945,0.0015818277994791667,,True,False,
residential-0113__admiralty-mrt__cp_016,residential-0113__admiralty-mrt,./data/generated/street_images/229566275607056.jpg,./data/generated/segmentation_images/229566275607056.png,1,High sky exposure + high road exposure / low greenery,0.3020765516493056,0.4024692111545139,0.16297743055555555,0.002265082465277778,0.0787319607204861,0.027377658420138888,,True,False,
residential-0113__admiralty-mrt__cp_017,residential-0113__admiralty-mrt,./data/generated/street_images/156683039746615.jpg,./data/generated/segmentation_images/156683039746615.png,3,High greenery + high road exposure / low built frontage,0.23846944173177084,0.44140625,0.16205003526475695,0.011656019422743056,0.073150634765625,0.026263766818576388,,True,False,
residential-0113__admiralty-mrt__cp_018,residential-0113__admiralty-mrt,./data/generated/street_images/901302150441905.jpg,./data/generated/segmentation_images/901302150441905.png,1,High sky exposure + high road exposure / low greenery,0.2940165201822917,0.3192240397135417,0.1303948296440972,0.016016642252604168,0.1494021945529514,0.046547783745659724,,True,False,
residential-0113__admiralty-mrt__cp_019,residential-0113__admiralty-mrt,./data/generated/street_images/4109234432478287.jpg,./data/generated/segmentation_images/4109234432478287.png,2,High pedestrian space + high built frontage / low road exposure,0.24013519287109375,0.16228103637695312,0.0040149688720703125,0.157318115234375,0.33243370056152344,0.007976531982421875,,True,False,
residential-0113__admiralty-mrt__cp_020,residential-0113__admiralty-mrt,./data/generated/street_images/202238581623667.jpg,./data/generated/segmentation_images/202238581623667.png,3,High greenery + high road exposure / low built frontage,0.10743331909179688,0.4105987548828125,0.002071380615234375,0.017240524291992188,0.24356460571289062,0.000885009765625,,True,False,
residential-0114__yishun-mrt__cp_006,residential-0114__yishun-mrt,./data/generated/street_images/1176241596152328.jpg,./data/generated/segmentation_images/1176241596152328.png,1,High sky exposure + high road exposure / low greenery,0.174713134765625,0.2414669460720486,0.2647179497612847,0.011440700954861112,0.2718149820963542,0.020189073350694444,,True,False,
residential-0114__yishun-mrt__cp_007,residential-0114__yishun-mrt,./data/generated/street_images/176769600990595.jpg,./data/generated/segmentation_images/176769600990595.png,3,High greenery + high road exposure / low built frontage,0.08776346842447917,0.3532206217447917,0.2995334201388889,0.050603230794270836,0.15788438585069445,0.0009053548177083334,,True,False,
residential-0114__yishun-mrt__cp_008,residential-0114__yishun-mrt,./data/generated/street_images/1466880543654169.jpg,./data/generated/segmentation_images/1466880543654169.png,3,High greenery + high road exposure / low built frontage,0.13346693250868055,0.3843214246961806,0.2600606282552083,0.003757052951388889,0.1369510226779514,0.051430596245659724,,True,False,
residential-0114__yishun-mrt__cp_009,residential-0114__yishun-mrt,./data/generated/street_images/319086482933205.jpg,./data/generated/segmentation_images/319086482933205.png,0,High built frontage + high pedestrian space / low greenery,0.10984293619791667,0.11695692274305555,0.2950727674696181,0.025917900933159724,0.3115997314453125,0.12104288736979167,,True,False,
residential-0114__yishun-mrt__cp_010,residential-0114__yishun-mrt,./data/generated/street_images/220246322866565.jpg,./data/generated/segmentation_images/220246322866565.png,0,High built frontage + high pedestrian space / low greenery,0.12544759114583334,0.08610026041666667,0.2836761474609375,0.0792728000217014,0.3815714518229167,0.007605658637152778,,True,False,
residential-0114__yishun-mrt__cp_011,residential-0114__yishun-mrt,./data/generated/street_images/268648964985531.jpg,./data/generated/segmentation_images/268648964985531.png,0,High built frontage + high pedestrian space / low greenery,0.002204047309027778,0.022269354926215276,0.2522396511501736,0.10093180338541667,0.5885348849826388,0.0,,True,False,
residential-0114__yishun-mrt__cp_012,residential-0114__yishun-mrt,./data/generated/street_images/413028753430552.jpg,./data/generated/segmentation_images/413028753430552.png,0,High built frontage + high pedestrian space / low greenery,0.007476806640625,0.03925916883680555,0.2359992133246528,0.1364864773220486,0.5310889350043403,0.0,,True,False,
residential-0115__petir-mrt__cp_000,residential-0115__petir-mrt,./data/generated/street_images/263215045593457.jpg,./data/generated/segmentation_images/263215045593457.png,0,High built frontage + high pedestrian space / low greenery,0.23280843098958334,0.2496185302734375,0.06019253200954861,0.00016954210069444444,0.4078776041666667,0.049599541558159724,,False,False,
residential-0115__petir-mrt__cp_001,residential-0115__petir-mrt,./data/generated/street_images/787925532095852.jpg,./data/generated/segmentation_images/787925532095852.png,0,High built frontage + high pedestrian space / low greenery,0.03593105740017361,0.10843404134114583,0.21753946940104166,0.05122714572482639,0.4467061360677083,0.00020345052083333334,,False,False,
residential-0115__petir-mrt__cp_002,residential-0115__petir-mrt,./data/generated/street_images/1179893919148203.jpg,./data/generated/segmentation_images/1179893919148203.png,0,High built frontage + high pedestrian space / low greenery,0.0,0.20072428385416666,0.013490464952256944,0.15838114420572916,0.6274041069878472,0.0,,False,False,
residential-0115__petir-mrt__cp_003,residential-0115__petir-mrt,./data/generated/street_images/3160800664192386.jpg,./data/generated/segmentation_images/3160800664192386.png,2,High pedestrian space + high built frontage / low road exposure,0.033459981282552086,0.26486968994140625,0.0005340576171875,0.22611236572265625,0.43182373046875,0.0,,False,False,
residential-0115__petir-mrt__cp_004,residential-0115__petir-mrt,./data/generated/street_images/1549663058739983.jpg,./data/generated/segmentation_images/1549663058739983.png,3,High greenery + high road exposure / low built frontage,0.008352915445963541,0.2802174886067708,0.25458017985026044,0.030344645182291668,0.09292221069335938,0.006160736083984375,,False,False,
residential-0116__hougang-mrt__cp_005,residential-0116__hougang-mrt,./data/generated/street_images/620660528893611.jpg,./data/generated/segmentation_images/620660528893611.png,0,High built frontage + high pedestrian space / low greenery,0.2005123562282986,0.1810234917534722,0.1500159369574653,0.003165351019965278,0.4356960720486111,0.028423733181423612,,False,False,
residential-0116__hougang-mrt__cp_006,residential-0116__hougang-mrt,./data/generated/street_images/334712058074957.jpg,./data/generated/segmentation_images/334712058074957.png,0,High built frontage + high pedestrian space / low greenery,0.029932657877604168,0.3189188639322917,0.017461140950520832,0.0797542995876736,0.4250946044921875,0.006523980034722222,,False,False,
residential-0116__hougang-mrt__cp_007,residential-0116__hougang-mrt,./data/generated/street_images/620660528893611.jpg,./data/generated/segmentation_images/620660528893611.png,0,High built frontage + high pedestrian space / low greenery,0.2005123562282986,0.1810234917534722,0.1500159369574653,0.003165351019965278,0.4356960720486111,0.028423733181423612,,False,False,
residential-0116__hougang-mrt__cp_008,residential-0116__hougang-mrt,./data/generated/street_images/510393513468250.jpg,./data/generated/segmentation_images/510393513468250.png,2,High pedestrian space + high built frontage / low road exposure,0.18513997395833334,0.2683444552951389,0.04374864366319445,0.12879774305555555,0.16814676920572916,0.009545220269097222,,False,False,
residential-0116__hougang-mrt__cp_009,residential-0116__hougang-mrt,./data/generated/street_images/114612777351843.jpg,./data/generated/segmentation_images/114612777351843.png,0,High built frontage + high pedestrian space / low greenery,0.06056552463107639,0.245697021484375,0.2614525689019097,0.08431328667534722,0.3218265109592014,0.008900960286458334,,False,False,
residential-0116__hougang-mrt__cp_010,residential-0116__hougang-mrt,./data/generated/street_images/112243660926678.jpg,./data/generated/segmentation_images/112243660926678.png,1,High sky exposure + high road exposure / low greenery,0.16247049967447916,0.20569017198350695,0.3331587049696181,0.023142496744791668,0.2329949273003472,0.0345001220703125,,False,False,
residential-0116__hougang-mrt__cp_011,residential-0116__hougang-mrt,./data/generated/street_images/112243660926678.jpg,./data/generated/segmentation_images/112243660926678.png,1,High sky exposure + high road exposure / low greenery,0.16247049967447916,0.20569017198350695,0.3331587049696181,0.023142496744791668,0.2329949273003472,0.0345001220703125,,False,False,
residential-0117__lakeside-mrt__cp_001,residential-0117__lakeside-mrt,./data/generated/street_images/772299586980666.jpg,./data/generated/segmentation_images/772299586980666.png,3,High greenery + high road exposure / low built frontage,0.0776824951171875,0.8413798014322916,0.00024074978298611112,0.03666347927517361,0.020177205403645832,0.0,,False,False,
residential-0117__lakeside-mrt__cp_002,residential-0117__lakeside-mrt,./data/generated/street_images/304380317980250.jpg,./data/generated/segmentation_images/304380317980250.png,2,High pedestrian space + high built frontage / low road exposure,0.1469489203559028,0.1907772488064236,0.21537950303819445,0.1545647515190972,0.2884589301215278,0.0,,False,False,
residential-0117__lakeside-mrt__cp_003,residential-0117__lakeside-mrt,./data/generated/street_images/177820367459635.jpg,./data/generated/segmentation_images/177820367459635.png,3,High greenery + high road exposure / low built frontage,0.031239827473958332,0.6315138075086806,0.008521185980902778,0.03747897677951389,0.2293362087673611,0.0007408989800347222,,False,False,
residential-0117__lakeside-mrt__cp_004,residential-0117__lakeside-mrt,./data/generated/street_images/305617371137739.jpg,./data/generated/segmentation_images/305617371137739.png,3,High greenery + high road exposure / low built frontage,0.005969577365451389,0.7465481228298612,0.026936848958333332,0.009294297960069444,0.19655354817708334,0.0,,False,False,
residential-0117__lakeside-mrt__cp_005,residential-0117__lakeside-mrt,./data/generated/street_images/971625200312006.jpg,./data/generated/segmentation_images/971625200312006.png,3,High greenery + high road exposure / low built frontage,0.04188198513454861,0.6755421956380209,0.0313262939453125,0.0145721435546875,0.23297288682725695,0.0,,False,False,
residential-0117__lakeside-mrt__cp_006,residential-0117__lakeside-mrt,./data/generated/street_images/483910122919009.jpg,./data/generated/segmentation_images/483910122919009.png,3,High greenery + high road exposure / low built frontage,0.09589470757378472,0.5827128092447916,0.1918979220920139,0.030524359809027776,0.07937113444010417,0.015250311957465278,,False,False,
residential-0117__lakeside-mrt__cp_007,residential-0117__lakeside-mrt,./data/generated/street_images/205374458070944.jpg,./data/generated/segmentation_images/205374458070944.png,1,High sky exposure + high road exposure / low greenery,0.3766937255859375,0.23959181043836805,0.22637430826822916,0.009316338433159722,0.13061692979600695,0.006849500868055556,,False,False,
residential-0117__lakeside-mrt__cp_008,residential-0117__lakeside-mrt,./data/generated/street_images/343907150591032.jpg,./data/generated/segmentation_images/343907150591032.png,3,High greenery + high road exposure / low built frontage,0.14795430501302084,0.6105838351779513,0.053639729817708336,0.007353040907118056,0.004019843207465278,0.10390557183159722,,False,False,
residential-0117__lakeside-mrt__cp_013,residential-0117__lakeside-mrt,./data/generated/street_images/173504371242436.jpg,./data/generated/segmentation_images/173504371242436.png,0,High built frontage + high pedestrian space / low greenery,0.2169681125217014,0.2425910101996528,0.0653110080295139,0.03816392686631945,0.3027835422092014,0.04176500108506945,,False,False,
residential-0117__lakeside-mrt__cp_014,residential-0117__lakeside-mrt,./data/generated/street_images/3519088804981989.jpg,./data/generated/segmentation_images/3519088804981989.png,0,High built frontage + high pedestrian space / low greenery,0.16280619303385416,0.1325649685329861,0.24252149793836805,0.016937255859375,0.4156748453776042,0.005501641167534722,,False,False,
residential-0117__lakeside-mrt__cp_015,residential-0117__lakeside-mrt,./data/generated/street_images/830038997601974.jpg,./data/generated/segmentation_images/830038997601974.png,0,High built frontage + high pedestrian space / low greenery,0.043206108940972224,0.13023206922743055,0.2086944580078125,0.024744669596354168,0.4562360975477431,0.004906548394097222,,False,False,
residential-0117__lakeside-mrt__cp_016,residential-0117__lakeside-mrt,./data/generated/street_images/794787157904364.jpg,./data/generated/segmentation_images/794787157904364.png,1,High sky exposure + high road exposure / low greenery,0.18925645616319445,0.2005428738064236,0.2416415744357639,0.002349853515625,0.2376013861762153,0.05021837022569445,,False,False,
residential-0117__lakeside-mrt__cp_017,residential-0117__lakeside-mrt,./data/generated/street_images/762823747739361.jpg,./data/generated/segmentation_images/762823747739361.png,1,High sky exposure + high road exposure / low greenery,0.2738104926215278,0.12338765462239583,0.2219051784939236,0.0026804606119791665,0.22312757703993055,0.0599822998046875,,False,False,
residential-0117__lakeside-mrt__cp_018,residential-0117__lakeside-mrt,./data/generated/street_images/473788273703960.jpg,./data/generated/segmentation_images/473788273703960.png,1,High sky exposure + high road exposure / low greenery,0.21631368001302084,0.19595845540364584,0.2985721164279514,0.005430433485243056,0.24148390028211805,0.03303188747829861,,False,False,
residential-0117__lakeside-mrt__cp_019,residential-0117__lakeside-mrt,./data/generated/street_images/593901606680847.jpg,./data/generated/segmentation_images/593901606680847.png,1,High sky exposure + high road exposure / low greenery,0.24296696980794272,0.0963605244954427,0.4819590250651042,0.025277455647786457,0.10338973999023438,0.019947052001953125,,False,False,
residential-0117__lakeside-mrt__cp_020,residential-0117__lakeside-mrt,./data/generated/street_images/506987175747468.jpg,./data/generated/segmentation_images/506987175747468.png,2,High pedestrian space + high built frontage / low road exposure,0.15652592976888022,0.17577107747395834,0.0,0.10629908243815105,0.24935150146484375,0.0,,False,False,
residential-0118__coral-edge-mrt__cp_000,residential-0118__coral-edge-mrt,./data/generated/street_images/542827920240230.jpg,./data/generated/segmentation_images/542827920240230.png,1,High sky exposure + high road exposure / low greenery,0.2792307535807292,0.3199055989583333,0.3439822726779514,2.712673611111111e-05,0.0,0.0011732313368055555,,False,False,
residential-0118__coral-edge-mrt__cp_001,residential-0118__coral-edge-mrt,./data/generated/street_images/1356963904683436.jpg,./data/generated/segmentation_images/1356963904683436.png,3,High greenery + high road exposure / low built frontage,0.17277357313368055,0.5843895806206597,0.2066769070095486,0.0003848605685763889,0.0165863037109375,0.0,,False,False,
residential-0118__coral-edge-mrt__cp_002,residential-0118__coral-edge-mrt,./data/generated/street_images/305383904539124.jpg,./data/generated/segmentation_images/305383904539124.png,1,High sky exposure + high road exposure / low greenery,0.374359130859375,0.20373365614149305,0.2215389675564236,0.009901258680555556,0.15143839518229166,0.015321519639756944,,False,False,
residential-0118__coral-edge-mrt__cp_003,residential-0118__coral-edge-mrt,./data/generated/street_images/221434166070993.jpg,./data/generated/segmentation_images/221434166070993.png,1,High sky exposure + high road exposure / low greenery,0.3028428819444444,0.2791731092664931,0.10804578993055555,0.0023752848307291665,0.15253194173177084,0.1337958441840278,,False,False,
residential-0118__coral-edge-mrt__cp_004,residential-0118__coral-edge-mrt,./data/generated/street_images/937848807006821.jpg,./data/generated/segmentation_images/937848807006821.png,3,High greenery + high road exposure / low built frontage,0.06581624348958333,0.5737796359592013,0.24400160047743055,0.003192477756076389,0.10616048177083333,3.390842013888889e-05,,False,False,
residential-0118__coral-edge-mrt__cp_005,residential-0118__coral-edge-mrt,./data/generated/street_images/502587107604359.jpg,./data/generated/segmentation_images/502587107604359.png,0,High built frontage + high pedestrian space / low greenery,0.09754265679253472,0.21674940321180555,0.11519368489583333,0.006613837348090278,0.4967837863498264,0.053064982096354164,,False,False,
residential-0118__coral-edge-mrt__cp_006,residential-0118__coral-edge-mrt,./data/generated/street_images/306371947720694.jpg,./data/generated/segmentation_images/306371947720694.png,0,High built frontage + high pedestrian space / low greenery,0.011240641276041666,0.2093471950954861,0.21737162272135416,0.07052442762586805,0.3839213053385417,0.0,,False,False,
residential-0118__coral-edge-mrt__cp_007,residential-0118__coral-edge-mrt,./data/generated/street_images/505781917213675.jpg,./data/generated/segmentation_images/505781917213675.png,0,High built frontage + high pedestrian space / low greenery,0.1291995578342014,0.1536136203342014,0.0031331380208333335,0.012442694769965278,0.5325775146484375,0.15633138020833334,,False,False,
residential-0119__bukit-gombak-mrt__cp_002,residential-0119__bukit-gombak-mrt,./data/generated/street_images/1486867814982563.jpg,./data/generated/segmentation_images/1486867814982563.png,1,High sky exposure + high road exposure / low greenery,0.1901618109809028,0.3014746771918403,0.20977783203125,0.06106397840711805,0.1486172146267361,0.0136566162109375,234.29000000000002,True,False,
residential-0119__bukit-gombak-mrt__cp_003,residential-0119__bukit-gombak-mrt,./data/generated/street_images/1486867814982563.jpg,./data/generated/segmentation_images/1486867814982563.png,1,High sky exposure + high road exposure / low greenery,0.1901618109809028,0.3014746771918403,0.20977783203125,0.06106397840711805,0.1486172146267361,0.0136566162109375,162.43,True,False,
residential-0119__bukit-gombak-mrt__cp_004,residential-0119__bukit-gombak-mrt,./data/generated/street_images/271915017968794.jpg,./data/generated/segmentation_images/271915017968794.png,1,High sky exposure + high road exposure / low greenery,0.2818942599826389,0.3924662272135417,0.0088043212890625,0.019844902886284724,0.2935774061414931,0.0,109.13,True,False,
residential-0119__bukit-gombak-mrt__cp_005,residential-0119__bukit-gombak-mrt,./data/generated/street_images/377292680280899.jpg,./data/generated/segmentation_images/377292680280899.png,1,High sky exposure + high road exposure / low greenery,0.3307308620876736,0.16679890950520834,0.0258941650390625,0.04516432020399305,0.06749471028645833,0.004964192708333333,58.29000000000002,True,False,
residential-0119__bukit-gombak-mrt__cp_006,residential-0119__bukit-gombak-mrt,./data/generated/street_images/1204097370027133.jpg,./data/generated/segmentation_images/1204097370027133.png,1,High sky exposure + high road exposure / low greenery,0.3013203938802083,0.068603515625,0.23160298665364584,0.1284094916449653,0.1775427924262153,0.03651258680555555,0.0,True,True,
residential-0119__bukit-gombak-mrt__cp_007,residential-0119__bukit-gombak-mrt,./data/generated/street_images/902858040511997.jpg,./data/generated/segmentation_images/902858040511997.png,2,High pedestrian space + high built frontage / low road exposure,0.20947774251302084,0.2400580512152778,0.14761861165364584,0.1261257595486111,0.24334716796875,0.0,63.620000000000005,True,False,
residential-0119__bukit-gombak-mrt__cp_008,residential-0119__bukit-gombak-mrt,./data/generated/street_images/1109355162893285.jpg,./data/generated/segmentation_images/1109355162893285.png,1,High sky exposure + high road exposure / low greenery,0.21640184190538195,0.14028761121961805,0.2138519287109375,0.05821567111545139,0.2947743733723958,0.0,144.88999999999993,True,False,
residential-0119__bukit-gombak-mrt__cp_009,residential-0119__bukit-gombak-mrt,./data/generated/street_images/1900217633477145.jpg,./data/generated/segmentation_images/1900217633477145.png,1,High sky exposure + high road exposure / low greenery,0.2247806125217014,0.2486029730902778,0.3494601779513889,0.020502726236979168,0.14230516221788195,0.008722941080729166,199.20999999999998,True,False,
residential-0119__bukit-gombak-mrt__cp_010,residential-0119__bukit-gombak-mrt,./data/generated/street_images/1376116466081049.jpg,./data/generated/segmentation_images/1376116466081049.png,3,High greenery + high road exposure / low built frontage,0.026623196072048612,0.3433736165364583,0.2617543538411458,0.028923882378472224,0.2742156982421875,0.0,257.93,True,False,
residential-0119__bukit-gombak-mrt__cp_011,residential-0119__bukit-gombak-mrt,./data/generated/street_images/946031569477572.jpg,./data/generated/segmentation_images/946031569477572.png,3,High greenery + high road exposure / low built frontage,0.008580525716145834,0.4615597195095486,0.23378499348958334,0.024707370334201388,0.2048865424262153,0.00016106499565972222,342.41,True,False,
residential-0119__bukit-gombak-mrt__cp_012,residential-0119__bukit-gombak-mrt,./data/generated/street_images/524828952024070.jpg,./data/generated/segmentation_images/524828952024070.png,3,High greenery + high road exposure / low built frontage,0.055196126302083336,0.3931070963541667,0.2655622694227431,0.061426798502604164,0.2164984809027778,0.0,394.07,True,False,
residential-0119__bukit-gombak-mrt__cp_013,residential-0119__bukit-gombak-mrt,./data/generated/street_images/777678919777375.jpg,./data/generated/segmentation_images/777678919777375.png,3,High greenery + high road exposure / low built frontage,0.17540147569444445,0.3449181450737847,0.11129591200086805,0.023096720377604168,0.2534857855902778,0.07713148328993055,507.84999999999997,True,False,
residential-0119__bukit-gombak-mrt__cp_014,residential-0119__bukit-gombak-mrt,./data/generated/street_images/771498706887336.jpg,./data/generated/segmentation_images/771498706887336.png,0,High built frontage + high pedestrian space / low greenery,0.05792066786024305,0.20792134602864584,0.0754055447048611,0.015413072374131944,0.3192274305555556,0.3182593451605903,603.03,True,False,
residential-0119__bukit-gombak-mrt__cp_015,residential-0119__bukit-gombak-mrt,./data/generated/street_images/515960142916956.jpg,./data/generated/segmentation_images/515960142916956.png,1,High sky exposure + high road exposure / low greenery,0.1879509819878472,0.3206549750434028,0.12671915690104166,0.021587795681423612,0.2626953125,0.07587348090277778,692.04,True,False,
residential-0119__bukit-gombak-mrt__cp_016,residential-0119__bukit-gombak-mrt,./data/generated/street_images/339333604210347.jpg,./data/generated/segmentation_images/339333604210347.png,3,High greenery + high road exposure / low built frontage,0.0718502468532986,0.3150736490885417,0.2962256537543403,0.07716200086805555,0.21822950575086805,0.010045369466145834,816.25,True,False,
residential-0119__bukit-gombak-mrt__cp_017,residential-0119__bukit-gombak-mrt,./data/generated/street_images/472319257173457.jpg,./data/generated/segmentation_images/472319257173457.png,1,High sky exposure + high road exposure / low greenery,0.24455091688368055,0.3138580322265625,0.11229621039496528,0.015984429253472224,0.1427544487847222,0.1701473659939236,873.02,True,False,
residential-0119__bukit-gombak-mrt__cp_018,residential-0119__bukit-gombak-mrt,./data/generated/street_images/1166442880436328.jpg,./data/generated/segmentation_images/1166442880436328.png,2,High pedestrian space + high built frontage / low road exposure,0.08573277791341145,0.048731486002604164,0.062121073404947914,0.34314854939778644,0.37146886189778644,0.023230234781901043,916.06,True,False,
residential-0120__tampines-east-mrt__cp_008,residential-0120__tampines-east-mrt,./data/generated/street_images/925186414938987.jpg,./data/generated/segmentation_images/925186414938987.png,0,High built frontage + high pedestrian space / low greenery,0.13428243001302084,0.1960601806640625,0.2221442328559028,0.04049343532986111,0.3890770806206597,0.000823974609375,,False,False,
residential-0120__tampines-east-mrt__cp_009,residential-0120__tampines-east-mrt,./data/generated/street_images/222764819353771.jpg,./data/generated/segmentation_images/222764819353771.png,3,High greenery + high road exposure / low built frontage,0.17428758409288195,0.3824785020616319,0.2062191433376736,0.0309906005859375,0.0676150851779514,0.009390936957465278,,False,False,
residential-0120__tampines-east-mrt__cp_010,residential-0120__tampines-east-mrt,./data/generated/street_images/177115707664795.jpg,./data/generated/segmentation_images/177115707664795.png,1,High sky exposure + high road exposure / low greenery,0.2407463921440972,0.12256876627604167,0.3102925618489583,0.06281534830729167,0.244171142578125,0.002434624565972222,,False,False,
residential-0120__tampines-east-mrt__cp_011,residential-0120__tampines-east-mrt,./data/generated/street_images/1148674908974559.jpg,./data/generated/segmentation_images/1148674908974559.png,1,High sky exposure + high road exposure / low greenery,0.2369537353515625,0.1165924072265625,0.2734290228949653,0.038080851236979164,0.3173624674479167,0.0020429823133680555,,False,False,
residential-0120__tampines-east-mrt__cp_012,residential-0120__tampines-east-mrt,./data/generated/street_images/589367855369584.jpg,./data/generated/segmentation_images/589367855369584.png,0,High built frontage + high pedestrian space / low greenery,0.20140584309895834,0.041771782769097224,0.3541531032986111,0.010981241861979166,0.3631642659505208,0.013580322265625,,False,False,
residential-0120__tampines-east-mrt__cp_013,residential-0120__tampines-east-mrt,./data/generated/street_images/371470997613568.jpg,./data/generated/segmentation_images/371470997613568.png,1,High sky exposure + high road exposure / low greenery,0.4108768039279514,0.030081854926215276,0.3686726888020833,0.00017293294270833334,0.15660603841145834,0.028973049587673612,,False,False,
residential-0120__tampines-east-mrt__cp_014,residential-0120__tampines-east-mrt,./data/generated/street_images/1311224529272243.jpg,./data/generated/segmentation_images/1311224529272243.png,1,High sky exposure + high road exposure / low greenery,0.3431294759114583,0.014010959201388888,0.3303714328342014,0.017452663845486112,0.2010837131076389,0.0815277099609375,,False,False,
