routeId,checkpointId,lat,lon,distanceFromOriginM,routeDistanceM,sky_exposure,greenery,road_exposure,pedestrian_space,built_frontage,vehicle_presence,human_presence,environmentCluster,environmentTypology,hierarchicalCluster,pca1,pca2,recordedSupport,distanceToNearestRecordedSupportM,supportGapPercentile,routeNearParkConnector,supportNeed,supportNeedConfidence
residential-0001__kranji-mrt,residential-0001__kranji-mrt__cp_006,1.420135,103.759421,479.61,2376.4,0.15752156575520834,0.5660400390625,0.23708597819010416,0.0003407796223958333,0.0,0.0012529161241319445,0.0,3,High greenery + high road exposure / low built frontage,2,-1.787863329966584,0.5962510731310401,False,,,False,not_yet_labelled,
residential-0001__kranji-mrt,residential-0001__kranji-mrt__cp_007,1.419535,103.759644,550.78,2376.4,0.11197916666666667,0.5954199896918403,0.24340650770399305,0.004350450303819444,0.015958997938368056,0.0008188883463541666,1.3563368055555555e-05,3,High greenery + high road exposure / low built frontage,2,-1.6939792621379828,0.8648966830831516,False,,,False,not_yet_labelled,
residential-0001__kranji-mrt,residential-0001__kranji-mrt__cp_008,1.419039,103.760019,619.91,2376.4,0.1210140652126736,0.5650804307725694,0.23861524793836805,0.00028822157118055556,0.0,0.0015767415364583333,0.00037977430555555556,3,High greenery + high road exposure / low built frontage,2,-1.7254702473082206,0.7349197652191818,False,,,False,not_yet_labelled,
residential-0001__kranji-mrt,residential-0001__kranji-mrt__cp_009,1.41839,103.760796,732.46,2376.4,0.3313785129123264,0.4408518473307292,0.1375240749782986,0.0015699598524305555,0.0002695719401041667,0.07003275553385417,0.0,1,High sky exposure + high road exposure / low greenery,1,-1.6869286213883865,-0.4089861097689398,False,,,False,not_yet_labelled,
residential-0001__kranji-mrt,residential-0001__kranji-mrt__cp_010,1.418103,103.761205,788.01,2376.4,0.281341552734375,0.4859822591145833,0.13946024576822916,0.0,0.014736599392361112,0.0784793429904514,0.0,3,High greenery + high road exposure / low built frontage,1,-1.6671818937102378,-0.11825082303152791,False,,,False,not_yet_labelled,
residential-0001__kranji-mrt,residential-0001__kranji-mrt__cp_011,1.417616,103.761877,880.28,2376.4,0.1289215087890625,0.5138142903645834,0.23103502061631945,0.005021837022569444,0.008299085828993056,0.0025278727213541665,0.0,3,High greenery + high road exposure / low built frontage,2,-1.5421851888635196,0.587445802524462,False,,,False,not_yet_labelled,
residential-0001__kranji-mrt,residential-0001__kranji-mrt__cp_012,1.417333,103.761677,918.8,2376.4,0.10507710774739583,0.5943976508246528,0.22909037272135416,0.00015936957465277778,0.0,0.0026567247178819445,0.0,3,High greenery + high road exposure / low built frontage,2,-1.7508597588972552,0.9134617121482019,False,,,False,not_yet_labelled,
residential-0001__kranji-mrt,residential-0001__kranji-mrt__cp_013,1.417746,103.761108,996.97,2376.4,0.12825181749131945,0.6244252522786459,0.240966796875,6.442599826388889e-05,0.0,0.002739800347222222,0.0,3,High greenery + high road exposure / low built frontage,2,-1.8817332958685464,0.8735008556200635,False,,,False,not_yet_labelled,
residential-0001__kranji-mrt,residential-0001__kranji-mrt__cp_014,1.418354,103.760664,1080.67,2376.4,0.3313785129123264,0.4408518473307292,0.1375240749782986,0.0015699598524305555,0.0002695719401041667,0.07003275553385417,0.0,1,High sky exposure + high road exposure / low greenery,1,-1.6869286213883865,-0.4089861097689398,False,,,False,not_yet_labelled,
residential-0001__kranji-mrt,residential-0001__kranji-mrt__cp_015,1.418995,103.759886,1192.74,2376.4,0.1210140652126736,0.5650804307725694,0.23861524793836805,0.00028822157118055556,0.0,0.0015767415364583333,0.00037977430555555556,3,High greenery + high road exposure / low built frontage,2,-1.7254702473082206,0.7349197652191818,False,,,False,not_yet_labelled,
residential-0001__kranji-mrt,residential-0001__kranji-mrt__cp_016,1.419481,103.759396,1269.47,2376.4,0.11919487847222222,0.5927649603949653,0.24109903971354166,0.0020616319444444445,0.0,0.0007765028211805555,0.0,3,High greenery + high road exposure / low built frontage,2,-1.7774920560285623,0.8302227510796825,False,,,False,not_yet_labelled,
residential-0001__kranji-mrt,residential-0001__kranji-mrt__cp_017,1.419958,103.759022,1336.86,2376.4,0.15752156575520834,0.5660400390625,0.23708597819010416,0.0003407796223958333,0.0,0.0012529161241319445,0.0,3,High greenery + high road exposure / low built frontage,2,-1.787863329966584,0.5962510731310401,False,,,False,not_yet_labelled,
residential-0001__kranji-mrt,residential-0001__kranji-mrt__cp_018,1.420924,103.758499,1459.0,2376.4,0.11684332953559028,0.5828637017144097,0.21924845377604166,0.0020294189453125,0.0,0.012186686197916666,0.0,3,High greenery + high road exposure / low built frontage,2,-1.7241428110522268,0.8379333085108599,False,,,False,not_yet_labelled,
residential-0001__kranji-mrt,residential-0001__kranji-mrt__cp_019,1.421323,103.75826,1510.72,2376.4,0.1749691433376736,0.5638393825954862,0.2369266086154514,9.663899739583333e-05,0.0018090142144097222,0.00823974609375,0.0,3,High greenery + high road exposure / low built frontage,2,-1.8139649721298983,0.4936387475930569,False,,,False,not_yet_labelled,
residential-0001__kranji-mrt,residential-0001__kranji-mrt__cp_020,1.422366,103.757706,1642.03,2376.4,0.3192613389756944,0.3025936550564236,0.2572394476996528,0.002353244357638889,0.0003712972005208333,0.06670973036024305,0.0,1,High sky exposure + high road exposure / low greenery,1,-1.5448762580248023,-1.1339635915207973,False,,,False,not_yet_labelled,
residential-0001__kranji-mrt,residential-0001__kranji-mrt__cp_021,1.422931,103.757466,1710.28,2376.4,0.1812405056423611,0.22627088758680555,0.2305670844184028,0.022839016384548612,0.0074310302734375,0.06430731879340278,1.3563368055555555e-05,1,High sky exposure + high road exposure / low greenery,0,-0.910306121127832,-0.6181168264585327,False,,,False,not_yet_labelled,
residential-0001__kranji-mrt,residential-0001__kranji-mrt__cp_022,1.423365,103.75754,1759.24,2376.4,0.1910824245876736,0.3877326117621528,0.20374552408854166,0.016270955403645832,0.15704345703125,0.0012969970703125,0.00011189778645833333,3,High greenery + high road exposure / low built frontage,0,-0.6243083566698452,0.03519193426955306,False,,,False,not_yet_labelled,
residential-0001__kranji-mrt,residential-0001__kranji-mrt__cp_023,1.423577,103.758011,1816.66,2376.4,0.3272332085503472,0.3312598334418403,0.2143792046440972,0.005074395073784722,0.056738959418402776,0.005138821072048611,0.0002560085720486111,1,High sky exposure + high road exposure / low greenery,2,-1.2408947431494306,-0.7465743813824535,False,,,False,not_yet_labelled,
residential-0001__kranji-mrt,residential-0001__kranji-mrt__cp_024,1.423726,103.758446,1867.77,2376.4,0.3781704372829861,0.3744455973307292,0.19321187337239584,0.003772311740451389,0.0388336181640625,5.425347222222222e-05,0.0,1,High sky exposure + high road exposure / low greenery,2,-1.4698522714640538,-0.7377622865405618,False,,,False,not_yet_labelled,
residential-0001__kranji-mrt,residential-0001__kranji-mrt__cp_025,1.423888,103.759153,1948.4,2376.4,0.3690219455295139,0.3790232340494792,0.16099717881944445,0.00011020236545138889,0.05974155002170139,0.004894680447048611,0.0,1,High sky exposure + high road exposure / low greenery,2,-1.3530727420255926,-0.630947803054651,False,,,False,not_yet_labelled,
residential-0001__kranji-mrt,residential-0001__kranji-mrt__cp_026,1.424046,103.759661,2007.54,2376.4,0.1436733669704861,0.4407162136501736,0.2584075927734375,0.016279432508680556,0.08247545030381945,0.0019429524739583333,8.985731336805556e-05,3,High greenery + high road exposure / low built frontage,2,-1.0646578879943738,0.24823141329330317,False,,,False,not_yet_labelled,
residential-0001__kranji-mrt,residential-0001__kranji-mrt__cp_027,1.424417,103.760461,2105.57,2376.4,0.4035390218098958,0.2639990912543403,0.07958306206597222,0.005420260959201389,0.07816569010416667,0.1278110080295139,0.0,1,High sky exposure + high road exposure / low greenery,1,-1.0151252440911331,-1.2700455675206688,False,,,False,not_yet_labelled,
residential-0001__kranji-mrt,residential-0001__kranji-mrt__cp_028,1.424749,103.760969,2173.04,2376.4,0.2509494357638889,0.3587426079644097,0.2252349853515625,0.000823974609375,0.0772213406032986,0.040735880533854164,0.0,1,High sky exposure + high road exposure / low greenery,0,-1.1705737500647433,-0.5394047621825201,False,,,False,not_yet_labelled,
residential-0001__kranji-mrt,residential-0001__kranji-mrt__cp_029,1.425136,103.761584,2253.82,2376.4,0.052790323893229164,0.09716288248697917,0.2782050238715278,0.031546698676215276,0.3908860948350694,0.0,0.0,0,High built frontage + high pedestrian space / low greenery,0,1.2221053160638091,-0.535052418190057,False,,,False,not_yet_labelled,
residential-0001__kranji-mrt,residential-0001__kranji-mrt__cp_030,1.425292,103.761916,2294.59,2376.4,0.2581142849392361,0.014673868815104166,0.3023885091145833,0.00010002983940972222,0.2914462619357639,0.1337771945529514,0.0,1,High sky exposure + high road exposure / low greenery,1,0.2588453227754419,-2.262448117459709,False,,,False,not_yet_labelled,
residential-0002__springleaf-mrt,residential-0002__springleaf-mrt__cp_006,1.390299,103.827989,398.22,3172.6,0.036839803059895836,0.6455230712890625,0.15196397569444445,0.0006510416666666666,0.1264614529079861,0.0,0.0,3,High greenery + high road exposure / low built frontage,2,-1.0927351160856842,1.5412702515174874,False,,,False,not_yet_labelled,
residential-0002__springleaf-mrt,residential-0002__springleaf-mrt__cp_007,1.390044,103.828344,446.81,3172.6,0.1071929931640625,0.3587239583333333,0.3304612901475694,0.014817979600694444,0.11052958170572917,0.005333794487847222,0.0,3,High greenery + high road exposure / low built frontage,0,-0.8351254066614802,-0.10608865913267154,False,,,False,not_yet_labelled,
residential-0002__springleaf-mrt,residential-0002__springleaf-mrt__cp_008,1.389611,103.828243,496.25,3172.6,0.1487494574652778,0.2516428629557292,0.3599938286675347,0.030988905164930556,0.09938897026909722,0.005271063910590278,0.00054931640625,1,High sky exposure + high road exposure / low greenery,0,-0.6457101694582844,-0.6052398773674406,False,,,False,not_yet_labelled,
residential-0002__springleaf-mrt,residential-0002__springleaf-mrt__cp_009,1.388325,103.827452,664.12,3172.6,0.3162400987413194,0.3108198377821181,0.08823310004340278,0.004150390625,0.20992024739583334,0.05765109592013889,0.0,1,High sky exposure + high road exposure / low greenery,0,-0.38669302467132577,-0.6231339430057434,False,,,False,not_yet_labelled,
residential-0002__springleaf-mrt,residential-0002__springleaf-mrt__cp_010,1.387737,103.827026,744.85,3172.6,0.2668660481770833,0.3748914930555556,0.1515112982855903,0.007610744900173611,0.1594475640190972,0.038094414605034724,0.0,1,High sky exposure + high road exposure / low greenery,2,-0.721896466177601,-0.3189563786477754,False,,,False,not_yet_labelled,
residential-0002__springleaf-mrt,residential-0002__springleaf-mrt__cp_011,1.3872,103.826685,815.57,3172.6,0.017759535047743056,0.2607744004991319,0.1433173285590278,0.020175509982638888,0.3208329942491319,0.1886020236545139,0.0,0,High built frontage + high pedestrian space / low greenery,1,0.5891570073706583,-0.1520930188695187,False,,,False,not_yet_labelled,
residential-0002__springleaf-mrt,residential-0002__springleaf-mrt__cp_012,1.38653,103.826224,906.0,3172.6,0.08817376030815972,0.2970954047309028,0.21792432996961805,0.023457845052083332,0.2737596299913194,0.057561238606770836,0.0,0,High built frontage + high pedestrian space / low greenery,0,0.2117880722670937,-0.07296424614644521,False,,,False,not_yet_labelled,
residential-0002__springleaf-mrt,residential-0002__springleaf-mrt__cp_013,1.386097,103.825951,962.91,3172.6,0.4480607774522569,0.2968393961588542,0.18891398111979166,0.0,0.0,0.059870402018229164,0.0,1,High sky exposure + high road exposure / low greenery,1,-1.6484713804424649,-1.4497609083413716,False,,,False,not_yet_labelled,
residential-0002__springleaf-mrt,residential-0002__springleaf-mrt__cp_014,1.384939,103.825153,1119.27,3172.6,0.12842305501302084,0.6011479695638021,0.1592585245768229,0.010701497395833334,0.09938303629557292,0.00107574462890625,0.0,3,High greenery + high road exposure / low built frontage,2,-1.2050702129891688,1.071161953489314,False,,,False,not_yet_labelled,
residential-0002__springleaf-mrt,residential-0002__springleaf-mrt__cp_015,1.384334,103.824767,1199.07,3172.6,0.12842305501302084,0.6011479695638021,0.1592585245768229,0.010701497395833334,0.09938303629557292,0.00107574462890625,0.0,3,High greenery + high road exposure / low built frontage,2,-1.2050702129891688,1.071161953489314,False,,,False,not_yet_labelled,
residential-0002__springleaf-mrt,residential-0002__springleaf-mrt__cp_016,1.385253,103.823358,1386.08,3172.6,0.11455790201822917,0.6999766031901041,0.17678197224934897,0.0007947285970052084,0.0,0.00360107421875,0.0,3,High greenery + high road exposure / low built frontage,2,-1.9170215271691267,1.3570257115156115,False,,,False,not_yet_labelled,
residential-0002__springleaf-mrt,residential-0002__springleaf-mrt__cp_017,1.386438,103.821382,1642.23,3172.6,0.12219874064127605,0.6968091328938802,0.11816024780273438,0.0013300577799479167,0.0,0.05876922607421875,0.0,3,High greenery + high road exposure / low built frontage,2,-1.8718862324360108,1.3114934618371985,False,,,False,not_yet_labelled,
residential-0002__springleaf-mrt,residential-0002__springleaf-mrt__cp_018,1.387303,103.819995,1823.95,3172.6,0.13477579752604166,0.4997168646918403,0.06935797797309028,0.001559787326388889,0.1570400661892361,0.1175198025173611,0.0,3,High greenery + high road exposure / low built frontage,2,-0.7672404100540555,0.547348917588855,False,,,False,not_yet_labelled,
residential-0002__springleaf-mrt,residential-0002__springleaf-mrt__cp_019,1.38794,103.819057,1950.01,3172.6,0.1435699462890625,0.6089545355902778,0.08539666069878472,0.006917317708333333,0.042215983072916664,0.1074405246310764,0.0,3,High greenery + high road exposure / low built frontage,2,-1.4859221922966532,0.903116794394754,False,,,False,not_yet_labelled,
residential-0002__springleaf-mrt,residential-0002__springleaf-mrt__cp_020,1.388454,103.818601,2026.4,3172.6,0.03353712293836805,0.5458051893446181,0.3433549669053819,0.0,0.004567464192708333,0.0,0.0,3,High greenery + high road exposure / low built frontage,0,-1.691750429000718,0.7090997638596052,False,,,False,not_yet_labelled,
residential-0002__springleaf-mrt,residential-0002__springleaf-mrt__cp_021,1.389044,103.818317,2099.21,3172.6,0.031182183159722224,0.5925767686631944,0.3436872694227431,0.0001220703125,0.010515001085069444,0.0,0.0,3,High greenery + high road exposure / low built frontage,0,-1.7709444927663032,0.8577375268157642,False,,,False,not_yet_labelled,
residential-0002__springleaf-mrt,residential-0002__springleaf-mrt__cp_022,1.389913,103.818168,2197.24,3172.6,0.03178236219618055,0.575439453125,0.3061981201171875,0.00018141004774305556,0.018690321180555556,0.0008121066623263889,0.0036417643229166665,3,High greenery + high road exposure / low built frontage,0,-1.6344963764498726,0.9130412771640404,False,,,False,not_yet_labelled,
residential-0002__springleaf-mrt,residential-0002__springleaf-mrt__cp_023,1.390404,103.818218,2252.12,3172.6,0.032708062065972224,0.5905812581380209,0.33929443359375,0.0009002685546875,0.012517293294270834,0.007659912109375,0.0,3,High greenery + high road exposure / low built frontage,0,-1.7553323853482183,0.8359093470717476,False,,,False,not_yet_labelled,
residential-0002__springleaf-mrt,residential-0002__springleaf-mrt__cp_024,1.391208,103.818349,2342.7,3172.6,0.1270362006293403,0.6604207356770834,0.06882731119791667,0.0,0.01812744140625,0.12542555067274305,0.0,3,High greenery + high road exposure / low built frontage,2,-1.7111173273414173,1.0916486826155924,False,,,False,not_yet_labelled,
residential-0002__springleaf-mrt,residential-0002__springleaf-mrt__cp_025,1.391934,103.818544,2426.29,3172.6,0.1108822292751736,0.5426771375868056,0.0,0.0,0.2880384657118056,0.000213623046875,0.013804117838541666,3,High greenery + high road exposure / low built frontage,0,-0.06421701244309938,1.3267648170692241,False,,,False,not_yet_labelled,
residential-0002__springleaf-mrt,residential-0002__springleaf-mrt__cp_026,1.392664,103.818717,2509.71,3172.6,0.05486891004774305,0.8446248372395834,0.0,0.0,0.0024244520399305555,0.0,0.001675075954861111,3,High greenery + high road exposure / low built frontage,2,-1.8331556804386249,2.590480867983296,False,,,False,not_yet_labelled,
residential-0002__springleaf-mrt,residential-0002__springleaf-mrt__cp_027,1.393261,103.818839,2577.46,3172.6,0.045250786675347224,0.9230838351779513,0.0,0.0,0.024359809027777776,0.0,0.0,3,High greenery + high road exposure / low built frontage,2,-1.9076071711170843,2.8584418064815953,False,,,False,not_yet_labelled,
residential-0002__springleaf-mrt,residential-0002__springleaf-mrt__cp_028,1.393705,103.81893,2627.86,3172.6,0.18527730305989584,0.7084910074869791,0.06891547309027778,0.0013936360677083333,0.026848687065972224,0.00128173828125,0.0,3,High greenery + high road exposure / low built frontage,2,-1.756722967131529,1.4293081925118936,False,,,False,not_yet_labelled,
residential-0002__springleaf-mrt,residential-0002__springleaf-mrt__cp_029,1.394165,103.818966,2679.16,3172.6,0.34873072306315106,0.09912618001302083,0.2332433064778646,0.0,0.029610951741536457,0.007666269938151042,0.0004145304361979167,1,High sky exposure + high road exposure / low greenery,1,-0.9238260315686639,-1.6190928389656054,False,,,False,not_yet_labelled,
residential-0002__springleaf-mrt,residential-0002__springleaf-mrt__cp_030,1.394977,103.818925,2769.57,3172.6,0.2766384548611111,0.5061577690972222,0.052300347222222224,0.0003306070963541667,0.00034247504340277775,0.16422526041666666,0.0,3,High greenery + high road exposure / low built frontage,1,-1.6953513201853727,-0.05441324330568424,False,,,False,not_yet_labelled,
residential-0002__springleaf-mrt,residential-0002__springleaf-mrt__cp_031,1.396027,103.818808,2887.05,3172.6,0.2080925835503472,0.5534091525607638,0.1641387939453125,0.009446885850694444,0.038243611653645836,0.0226287841796875,0.0,3,High greenery + high road exposure / low built frontage,2,-1.5220950188044713,0.5345930036471915,False,,,False,not_yet_labelled,
residential-0002__springleaf-mrt,residential-0002__springleaf-mrt__cp_032,1.396656,103.81869,2958.21,3172.6,0.22979736328125,0.1157955593532986,0.0940212673611111,0.028323703342013888,0.2091064453125,0.2871449788411458,0.00025092230902777775,1,High sky exposure + high road exposure / low greenery,1,0.14214569667104113,-1.547418799123416,False,,,False,not_yet_labelled,
residential-0002__springleaf-mrt,residential-0002__springleaf-mrt__cp_033,1.397004,103.818719,2997.04,3172.6,0.397705078125,0.2393866644965278,0.1331753200954861,0.11066691080729167,0.07506646050347222,0.006574842664930556,0.0,1,High sky exposure + high road exposure / low greenery,1,-0.21067496172335448,-0.5480668801102428,False,,,False,not_yet_labelled,
residential-0002__springleaf-mrt,residential-0002__springleaf-mrt__cp_034,1.397445,103.818614,3047.44,3172.6,0.2717456817626953,0.01494598388671875,0.24105072021484375,0.009698867797851562,0.3186149597167969,0.0,0.054248809814453125,1,High sky exposure + high road exposure / low greenery,0,0.6488333592329042,-1.6339955752126043,False,,,False,not_yet_labelled,
residential-0002__springleaf-mrt,residential-0002__springleaf-mrt__cp_035,1.398048,103.818262,3125.08,3172.6,0.28887367248535156,0.01078033447265625,0.18728065490722656,0.01160430908203125,0.3750190734863281,0.006656646728515625,0.08082771301269531,1,High sky exposure + high road exposure / low greenery,0,0.959300434731143,-1.5869149762450867,False,,,False,not_yet_labelled,
residential-0002__springleaf-mrt,residential-0002__springleaf-mrt__cp_036,1.398083,103.818122,3141.12,3172.6,0.28887367248535156,0.01078033447265625,0.18728065490722656,0.01160430908203125,0.3750190734863281,0.006656646728515625,0.08082771301269531,1,High sky exposure + high road exposure / low greenery,0,0.959300434731143,-1.5869149762450867,False,,,False,not_yet_labelled,
residential-0003__khatib-mrt,residential-0003__khatib-mrt__cp_003,1.414297,103.844015,149.85,1810.4,0.4696769714355469,0.27748743693033856,0.12093734741210938,0.002685546875,0.06823221842447917,0.04195404052734375,0.0,1,High sky exposure + high road exposure / low greenery,1,-1.2083386521119266,-1.340208962732942,False,,,True,not_yet_labelled,
residential-0003__khatib-mrt,residential-0003__khatib-mrt__cp_004,1.414698,103.84363,211.66,1810.4,0.3619092305501302,0.4147745768229167,0.08391571044921875,0.0018145243326822917,0.061983744303385414,0.03863398234049479,0.0,1,High sky exposure + high road exposure / low greenery,2,-1.3019464095807587,-0.36356669393263136,False,,,True,not_yet_labelled,
residential-0003__khatib-mrt,residential-0003__khatib-mrt__cp_005,1.414025,103.84199,408.72,1810.4,0.3271446228027344,0.5265070597330729,0.07901891072591145,0.000568389892578125,0.024539947509765625,0.04241816202799479,0.0,3,High greenery + high road exposure / low built frontage,2,-1.65645694674802,0.1279854920466189,False,,,True,not_yet_labelled,
residential-0003__khatib-mrt,residential-0003__khatib-mrt__cp_006,1.413582,103.840971,532.24,1810.4,0.4490610758463542,0.40926488240559894,0.08060836791992188,0.00209808349609375,0.0,0.024555206298828125,0.0,1,High sky exposure + high road exposure / low greenery,1,-1.6732720488680746,-0.6471404985992325,False,,,True,not_yet_labelled,
residential-0003__khatib-mrt,residential-0003__khatib-mrt__cp_007,1.413386,103.840459,593.19,1810.4,0.3054542541503906,0.5440724690755209,0.08271408081054688,0.0,0.025740305582682293,0.04266993204752604,0.0,3,High greenery + high road exposure / low built frontage,2,-1.6648900307790377,0.2534697666221145,False,,,True,not_yet_labelled,
residential-0003__khatib-mrt,residential-0003__khatib-mrt__cp_008,1.41314,103.839764,675.15,1810.4,0.5434735616048177,0.2700093587239583,0.10233561197916667,0.0020968119303385415,0.06833140055338542,0.011534372965494791,0.0,1,High sky exposure + high road exposure / low greenery,1,-1.2611563038873186,-1.5030241154103865,False,,,True,not_yet_labelled,
residential-0003__khatib-mrt,residential-0003__khatib-mrt__cp_009,1.412973,103.839284,731.64,1810.4,0.2895393371582031,0.5454991658528646,0.10097630818684895,8.900960286458334e-06,0.052235921223958336,0.00794219970703125,0.0,3,High greenery + high road exposure / low built frontage,2,-1.529525567643875,0.3734668723488887,False,,,True,not_yet_labelled,
residential-0003__khatib-mrt,residential-0003__khatib-mrt__cp_010,1.413387,103.839239,777.95,1810.4,0.15674972534179688,0.20524024963378906,0.02442169189453125,0.18924236297607422,0.05825519561767578,0.006711006164550781,0.0,2,High pedestrian space + high built frontage / low road exposure,3,0.9471293512749774,1.0553570167459407,False,,,True,not_yet_labelled,
residential-0003__khatib-mrt,residential-0003__khatib-mrt__cp_011,1.413818,103.839044,830.55,1810.4,0.24850177764892578,0.2561798095703125,0.018611907958984375,0.40017032623291016,0.043701171875,0.007648468017578125,0.0,2,High pedestrian space + high built frontage / low road exposure,3,2.0711181217864927,1.9075592549013385,False,,,True,not_yet_labelled,
residential-0003__khatib-mrt,residential-0003__khatib-mrt__cp_012,1.414346,103.839087,889.45,1810.4,0.4016164143880208,0.07577684190538195,0.13235982259114584,0.054463704427083336,0.2652910020616319,0.0609283447265625,0.0014817979600694445,1,High sky exposure + high road exposure / low greenery,1,0.5006368931562732,-1.6027610365541753,False,,,True,not_yet_labelled,
residential-0003__khatib-mrt,residential-0003__khatib-mrt__cp_013,1.414695,103.838214,993.97,1810.4,0.0037050247192382812,0.24045085906982422,0.03795433044433594,0.2969837188720703,0.3555450439453125,0.013737678527832031,4.38690185546875e-05,2,High pedestrian space + high built frontage / low road exposure,3,3.06100479921285,2.1263375444361112,False,,,True,not_yet_labelled,
residential-0003__khatib-mrt,residential-0003__khatib-mrt__cp_022,1.416576,103.833484,1584.56,1810.4,0.05416700575086805,0.12308586968315972,0.2779286702473958,0.0794338650173611,0.4267493353949653,0.00017123752170138888,0.00040351019965277775,0,High built frontage + high pedestrian space / low greenery,0,1.6366646545810328,-0.23876000409949283,False,,,True,not_yet_labelled,
residential-0003__khatib-mrt,residential-0003__khatib-mrt__cp_023,1.416862,103.832941,1652.79,1810.4,0.4510765075683594,0.1843744913736979,0.16174825032552084,0.002285003662109375,0.07692209879557292,0.046488444010416664,0.0,1,High sky exposure + high road exposure / low greenery,1,-1.003337738204487,-1.6947523590104807,False,,,True,not_yet_labelled,
residential-0003__khatib-mrt,residential-0003__khatib-mrt__cp_024,1.417255,103.833124,1700.99,1810.4,0.2784411112467448,0.28369140625,0.1028149922688802,0.041051228841145836,0.14545059204101562,0.038799285888671875,0.0,1,High sky exposure + high road exposure / low greenery,0,-0.27525100729345037,-0.3228782595685696,False,,,True,not_yet_labelled,
residential-0003__khatib-mrt,residential-0003__khatib-mrt__cp_025,1.417278,103.833078,1706.71,1810.4,0.2784411112467448,0.28369140625,0.1028149922688802,0.041051228841145836,0.14545059204101562,0.038799285888671875,0.0,1,High sky exposure + high road exposure / low greenery,0,-0.27525100729345037,-0.3228782595685696,False,,,True,not_yet_labelled,
residential-0004__stevens-mrt,residential-0004__stevens-mrt__cp_013,1.332704,103.834803,863.61,4000.8,0.001186794704861111,0.8616248236762153,0.0,0.0,0.0,0.0,0.0,3,High greenery + high road exposure / low built frontage,2,-1.7889335725746984,2.86025411179841,False,2617.3199999999997,1.0,False,not_yet_labelled,
residential-0004__stevens-mrt,residential-0004__stevens-mrt__cp_014,1.331911,103.835871,1011.5,4000.8,0.06297471788194445,0.824249267578125,0.012006971571180556,0.0,0.025948418511284724,0.0,0.0,3,High greenery + high road exposure / low built frontage,2,-1.7246571542750848,2.448929364249227,False,2469.43,0.9979338842975206,False,not_yet_labelled,
residential-0004__stevens-mrt,residential-0004__stevens-mrt__cp_015,1.331144,103.836605,1129.53,4000.8,0.0,0.7868431939019097,0.0,0.0,0.20992533365885416,0.0,0.0,3,High greenery + high road exposure / low built frontage,2,-0.7544590188104362,2.5501050958467975,False,2351.3999999999996,0.9958677685950413,False,not_yet_labelled,
residential-0004__stevens-mrt,residential-0004__stevens-mrt__cp_016,1.330744,103.838697,1366.3,4000.8,0.1222415500217014,0.8350202772352431,0.0,0.0,0.03224012586805555,0.00787353515625,0.0,3,High greenery + high road exposure / low built frontage,2,-1.8137624411221973,2.249412211134354,False,2114.63,0.993801652892562,False,not_yet_labelled,
residential-0004__stevens-mrt,residential-0004__stevens-mrt__cp_017,1.330514,103.839056,1413.7,4000.8,0.3148430718315972,0.3565385606553819,0.23171488444010416,0.0,0.006603664822048611,0.004604763454861111,0.0,1,High sky exposure + high road exposure / low greenery,2,-1.5474130642177155,-0.6755840014809507,False,2067.2299999999996,0.9917355371900827,False,not_yet_labelled,
residential-0004__stevens-mrt,residential-0004__stevens-mrt__cp_018,1.330046,103.83943,1480.31,4000.8,0.19690068562825522,0.477264404296875,0.0881487528483073,0.0,0.053540547688802086,0.002105712890625,0.0009435017903645834,3,High greenery + high road exposure / low built frontage,2,-1.1777637742938758,0.5999220607560102,False,2000.62,0.981404958677686,False,not_yet_labelled,
residential-0004__stevens-mrt,residential-0004__stevens-mrt__cp_019,1.329682,103.839717,1531.85,4000.8,0.11957804361979167,0.4151696099175347,0.21304829915364584,0.012179904513888888,0.043192545572916664,0.09515889485677083,0.0,3,High greenery + high road exposure / low built frontage,0,-1.165650554201368,0.08558126907175288,False,1949.08,0.9752066115702479,False,not_yet_labelled,
residential-0004__stevens-mrt,residential-0004__stevens-mrt__cp_020,1.329304,103.839905,1578.79,4000.8,0.3352457682291667,0.0972900390625,0.24468485514322916,0.0,0.039113362630208336,0.08493720160590278,0.0,1,High sky exposure + high road exposure / low greenery,1,-0.9525995954709633,-1.873484330239588,False,1902.1399999999999,0.9669421487603306,False,not_yet_labelled,
residential-0004__stevens-mrt,residential-0004__stevens-mrt__cp_021,1.32845,103.840337,1685.2,4000.8,0.0,0.0017484029134114583,0.0,0.0,0.17151896158854166,0.010365804036458334,0.0,0,High built frontage + high pedestrian space / low greenery,0,0.8895506696406873,0.1468330640995013,False,1795.7299999999998,0.9504132231404959,False,not_yet_labelled,
residential-0004__stevens-mrt,residential-0004__stevens-mrt__cp_022,1.328025,103.839775,1763.54,4000.8,0.359527587890625,0.10611979166666667,0.3385281032986111,0.0,0.0862155490451389,0.05564710828993055,0.004224989149305556,1,High sky exposure + high road exposure / low greenery,1,-0.9559554167867049,-2.154055902356899,False,1717.3899999999999,0.9400826446280992,False,not_yet_labelled,
residential-0004__stevens-mrt,residential-0004__stevens-mrt__cp_023,1.32753,103.839697,1819.26,4000.8,0.22205988566080728,0.4949353535970052,0.16793187459309897,0.016665140787760418,0.0009206136067708334,0.0927581787109375,0.0,3,High greenery + high road exposure / low built frontage,2,-1.5898450448328345,0.10064716835856775,False,1661.6699999999998,0.9297520661157025,False,not_yet_labelled,
residential-0004__stevens-mrt,residential-0004__stevens-mrt__cp_024,1.327524,103.83925,1868.95,4000.8,0.37427647908528644,0.3181012471516927,0.15039571126302084,0.046061197916666664,0.001766204833984375,0.040392557779947914,0.0,1,High sky exposure + high road exposure / low greenery,1,-1.159272290936757,-0.673254929214562,False,1611.9799999999998,0.9214876033057852,False,not_yet_labelled,
residential-0004__stevens-mrt,residential-0004__stevens-mrt__cp_025,1.327471,103.838751,1924.73,4000.8,0.11020745171440972,0.3622317843967014,0.1733737521701389,0.000152587890625,0.004040188259548611,0.3449605305989583,0.0,3,High greenery + high road exposure / low built frontage,1,-1.4461067150367148,-0.8119265816711302,False,1556.1999999999998,0.9152892561983471,False,not_yet_labelled,
residential-0004__stevens-mrt,residential-0004__stevens-mrt__cp_026,1.327269,103.838299,1979.77,4000.8,0.16545274522569445,0.4077809651692708,0.370361328125,0.001605563693576389,0.036417643229166664,0.018381754557291668,0.0,3,High greenery + high road exposure / low built frontage,0,-1.5259354376193983,-0.39509731091201705,False,1501.1599999999999,0.9070247933884298,False,not_yet_labelled,
residential-0004__stevens-mrt,residential-0004__stevens-mrt__cp_027,1.327095,103.837716,2047.41,4000.8,0.4301927354600694,0.3001285129123264,0.18708631727430555,0.0007307264539930555,0.010018242730034722,0.04833814832899305,0.0008782280815972222,1,High sky exposure + high road exposure / low greenery,1,-1.564471860893027,-1.32301117559166,False,1433.5199999999998,0.8884297520661157,False,not_yet_labelled,
residential-0004__stevens-mrt,residential-0004__stevens-mrt__cp_028,1.326896,103.837134,2115.79,4000.8,0.15093231201171875,0.5101737976074219,0.21052932739257812,0.0157623291015625,0.047458648681640625,0.00812530517578125,0.0,3,High greenery + high road exposure / low built frontage,2,-1.3077610982163672,0.56846360263181,False,1365.1399999999999,0.8739669421487604,False,not_yet_labelled,
residential-0004__stevens-mrt,residential-0004__stevens-mrt__cp_029,1.326598,103.836531,2190.56,4000.8,0.04792658487955729,0.6716028849283854,0.201141357421875,0.009344736735026041,0.0012728373209635417,0.004669189453125,0.0,3,High greenery + high road exposure / low built frontage,2,-1.7147809582206266,1.5035169991092143,False,1290.37,0.859504132231405,False,not_yet_labelled,
residential-0004__stevens-mrt,residential-0004__stevens-mrt__cp_030,1.326375,103.836056,2248.9,4000.8,0.0,0.22359720865885416,0.3872947692871094,0.03179168701171875,0.0003763834635416667,0.0008939107259114584,0.0,3,High greenery + high road exposure / low built frontage,0,-0.7652380346155881,-0.11256579573935885,False,1232.0299999999997,0.8450413223140496,False,not_yet_labelled,
residential-0004__stevens-mrt,residential-0004__stevens-mrt__cp_031,1.325952,103.834722,2404.47,4000.8,0.06714630126953125,0.4690691630045573,0.1614405314127604,0.0034624735514322915,0.2424901326497396,0.004594167073567708,0.0,3,High greenery + high road exposure / low built frontage,2,-0.264595865507143,0.8033405957965988,False,1076.46,0.8140495867768595,False,not_yet_labelled,
residential-0004__stevens-mrt,residential-0004__stevens-mrt__cp_032,1.325701,103.833922,2497.68,4000.8,0.0833248562282986,0.5085703531901041,0.3720109727647569,0.0004696316189236111,0.010460747612847222,0.009246826171875,0.0007137722439236111,3,High greenery + high road exposure / low built frontage,0,-1.7236866033511473,0.27449810710892736,False,983.25,0.7933884297520661,False,not_yet_labelled,
residential-0004__stevens-mrt,residential-0004__stevens-mrt__cp_033,1.325227,103.833995,2551.01,4000.8,0.1299463907877604,0.7501258850097656,0.11156082153320312,0.0,0.0022939046223958335,0.0,0.0,3,High greenery + high road exposure / low built frontage,2,-1.9392272799630355,1.6556944414057704,False,929.9199999999996,0.7747933884297521,False,not_yet_labelled,
residential-0004__stevens-mrt,residential-0004__stevens-mrt__cp_034,1.325242,103.833319,2626.17,4000.8,0.1199938456217448,0.7630348205566406,0.09872182210286458,0.0,0.007063547770182292,0.0,0.0,3,High greenery + high road exposure / low built frontage,2,-1.9099542219605288,1.772766748885389,False,854.7599999999998,0.743801652892562,False,not_yet_labelled,
residential-0004__stevens-mrt,residential-0004__stevens-mrt__cp_035,1.324854,103.832686,2708.72,4000.8,0.030789693196614582,0.7997703552246094,0.07193374633789062,0.024317423502604168,0.00013860066731770834,0.0,0.007904052734375,3,High greenery + high road exposure / low built frontage,2,-1.6542226996356417,2.4514898246199683,False,772.21,0.7107438016528925,False,not_yet_labelled,
residential-0004__stevens-mrt,residential-0004__stevens-mrt__cp_036,1.324463,103.8324,2762.58,4000.8,0.07318878173828125,0.8266576131184896,0.09344736735026042,0.006432851155598958,0.0,0.0,0.0,3,High greenery + high road exposure / low built frontage,2,-1.9508753868689968,2.2064651261823296,False,718.3499999999999,0.6797520661157025,False,not_yet_labelled,
residential-0004__stevens-mrt,residential-0004__stevens-mrt__cp_037,1.323999,103.831852,2842.41,4000.8,0.07318878173828125,0.8266576131184896,0.09344736735026042,0.006432851155598958,0.0,0.0,0.0,3,High greenery + high road exposure / low built frontage,2,-1.9508753868689968,2.2064651261823296,False,638.52,0.6363636363636364,False,not_yet_labelled,
residential-0004__stevens-mrt,residential-0004__stevens-mrt__cp_038,1.323698,103.830923,2950.97,4000.8,0.12404378255208333,0.7634658813476562,0.08549118041992188,0.0,0.0,0.0,0.0,3,High greenery + high road exposure / low built frontage,2,-1.924039165126196,1.8014736424624773,False,529.96,0.5599173553719008,False,not_yet_labelled,
residential-0004__stevens-mrt,residential-0004__stevens-mrt__cp_039,1.323882,103.830394,3013.23,4000.8,0.057109832763671875,0.7940139770507812,0.09514745076497395,0.010575612386067709,0.018197377522786457,0.0,0.0,3,High greenery + high road exposure / low built frontage,2,-1.7474806605038038,2.180098096871451,False,467.6999999999998,0.518595041322314,False,not_yet_labelled,
residential-0004__stevens-mrt,residential-0004__stevens-mrt__cp_040,1.323886,103.829631,3098.05,4000.8,0.08715438842773438,0.6901741027832031,0.09909311930338542,0.018109639485677082,0.10134124755859375,0.0,0.0003534952799479167,3,High greenery + high road exposure / low built frontage,2,-1.1745645033924625,1.7337118332823953,False,382.87999999999965,0.4607438016528926,False,not_yet_labelled,
residential-0004__stevens-mrt,residential-0004__stevens-mrt__cp_041,1.323744,103.829173,3151.36,4000.8,0.08715438842773438,0.6901741027832031,0.09909311930338542,0.018109639485677082,0.10134124755859375,0.0,0.0003534952799479167,3,High greenery + high road exposure / low built frontage,2,-1.1745645033924625,1.7337118332823953,False,329.5699999999997,0.4132231404958678,False,not_yet_labelled,
residential-0004__stevens-mrt,residential-0004__stevens-mrt__cp_042,1.323291,103.828957,3207.16,4000.8,0.06936264038085938,0.7638893127441406,0.13216145833333334,0.004567464192708333,0.0,1.1444091796875e-05,0.0,3,High greenery + high road exposure / low built frontage,2,-1.8792115502225437,1.9025900466355206,False,273.77,0.378099173553719,False,not_yet_labelled,
residential-0004__stevens-mrt,residential-0004__stevens-mrt__cp_043,1.322796,103.828652,3271.81,4000.8,0.07841873168945312,0.6682917277018229,0.14282353719075522,0.032572428385416664,0.03562291463216146,0.0010808308919270833,0.0,3,High greenery + high road exposure / low built frontage,2,-1.3552369745886557,1.6633366275224166,False,209.1199999999999,0.3305785123966942,False,not_yet_labelled,
residential-0004__stevens-mrt,residential-0004__stevens-mrt__cp_044,1.32261,103.828283,3317.75,4000.8,0.11466344197591145,0.6786473592122396,0.1033795674641927,0.06561660766601562,0.005037943522135417,0.0,0.0004628499348958333,3,High greenery + high road exposure / low built frontage,2,-1.2707554217217878,1.850530655876558,False,163.17999999999984,0.28512396694214875,False,not_yet_labelled,
residential-0004__stevens-mrt,residential-0004__stevens-mrt__cp_045,1.322655,103.827811,3370.45,4000.8,0.11466344197591145,0.6786473592122396,0.1033795674641927,0.06561660766601562,0.005037943522135417,0.0,0.0004628499348958333,3,High greenery + high road exposure / low built frontage,2,-1.2707554217217878,1.850530655876558,False,110.48000000000002,0.22727272727272727,False,not_yet_labelled,
residential-0004__stevens-mrt,residential-0004__stevens-mrt__cp_046,1.322971,103.827443,3424.38,4000.8,0.08765920003255208,0.5579401652018229,0.1136029561360677,0.06296539306640625,0.07889556884765625,0.0003484090169270833,0.0019289652506510417,3,High greenery + high road exposure / low built frontage,2,-0.6790194701460591,1.5164124113354291,False,56.54999999999973,0.1652892561983471,False,not_yet_labelled,
residential-0004__stevens-mrt,residential-0004__stevens-mrt__cp_047,1.322709,103.827007,3480.93,4000.8,0.0,0.33270899454752606,0.11734898885091145,0.46651331583658856,0.06890233357747395,0.012072245279947916,0.0013147989908854167,2,High pedestrian space + high built frontage / low road exposure,3,2.711464984738792,3.1443585312882254,True,0.0,0.06508264462809918,False,not_yet_labelled,
residential-0004__stevens-mrt,residential-0004__stevens-mrt__cp_048,1.322062,103.826576,3567.37,4000.8,0.0,0.0,0.0,0.0,0.7712173461914062,0.0,0.0,0,High built frontage + high pedestrian space / low greenery,0,3.3601215196436014,-0.07408907073856834,True,0.0,0.06508264462809918,False,not_yet_labelled,
residential-0004__stevens-mrt,residential-0004__stevens-mrt__cp_049,1.322088,103.82618,3611.49,4000.8,0.009031931559244791,0.010676066080729166,0.006502787272135417,0.2249425252278646,0.6665496826171875,0.023835500081380207,0.0,2,High pedestrian space + high built frontage / low road exposure,0,4.404535398530627,0.9815447464758179,False,44.11999999999989,0.13636363636363635,False,not_yet_labelled,
residential-0004__stevens-mrt,residential-0004__stevens-mrt__cp_050,1.321629,103.825887,3672.03,4000.8,0.03679656982421875,0.08519363403320312,0.04369481404622396,0.20895258585611978,0.3017539978027344,0.09305953979492188,0.0,2,High pedestrian space + high built frontage / low road exposure,3,2.4479793487657675,0.817449001208829,False,104.66000000000031,0.22107438016528927,False,not_yet_labelled,
residential-0004__stevens-mrt,residential-0004__stevens-mrt__cp_051,1.321167,103.825726,3726.43,4000.8,0.4411633809407552,0.04765955607096354,0.15025711059570312,0.0004297892252604167,0.11749267578125,0.14425150553385416,0.0,1,High sky exposure + high road exposure / low greenery,1,-0.593004567201313,-2.3946455473404513,False,159.05999999999995,0.2768595041322314,False,not_yet_labelled,
residential-0004__stevens-mrt,residential-0004__stevens-mrt__cp_052,1.320657,103.82557,3785.73,4000.8,0.4411633809407552,0.04765955607096354,0.15025711059570312,0.0004297892252604167,0.11749267578125,0.14425150553385416,0.0,1,High sky exposure + high road exposure / low greenery,1,-0.593004567201313,-2.3946455473404513,False,218.36000000000013,0.33884297520661155,False,not_yet_labelled,
residential-0005__sembawang-mrt,residential-0005__sembawang-mrt__cp_003,1.452392,103.824846,374.63,1239.7,0.08846473693847656,0.4405193328857422,0.10846138000488281,0.001434326171875,0.08857917785644531,0.05224037170410156,0.0,3,High greenery + high road exposure / low built frontage,2,-0.8351575879522241,0.6854018562150581,False,,,True,not_yet_labelled,
residential-0005__sembawang-mrt,residential-0005__sembawang-mrt__cp_004,1.451961,103.824646,427.46,1239.7,0.08768463134765625,0.5681591033935547,0.12053680419921875,0.012220382690429688,0.10304450988769531,0.000209808349609375,6.866455078125e-05,3,High greenery + high road exposure / low built frontage,2,-0.9648117131983922,1.2642210523989783,False,,,True,not_yet_labelled,
residential-0005__sembawang-mrt,residential-0005__sembawang-mrt__cp_005,1.45164,103.824429,470.54,1239.7,0.1259918212890625,0.4326171875,0.1426372528076172,0.037570953369140625,0.06253242492675781,0.0005474090576171875,1.33514404296875e-05,3,High greenery + high road exposure / low built frontage,2,-0.7487445421879593,0.7712527836647364,False,,,True,not_yet_labelled,
residential-0005__sembawang-mrt,residential-0005__sembawang-mrt__cp_006,1.451218,103.824498,518.09,1239.7,0.2663898468017578,0.32672119140625,0.26551246643066406,0.010225296020507812,0.0482940673828125,0.0006923675537109375,0.0017719268798828125,1,High sky exposure + high road exposure / low greenery,1,-1.2078336513644305,-0.6277012996867024,False,,,True,not_yet_labelled,
residential-0005__sembawang-mrt,residential-0005__sembawang-mrt__cp_007,1.450782,103.824252,573.75,1239.7,0.32964515686035156,0.2759971618652344,0.191741943359375,0.11329269409179688,0.027990341186523438,0.003170013427734375,0.03643989562988281,1,High sky exposure + high road exposure / low greenery,0,-0.44949622617313784,-0.2979231398896301,False,,,True,not_yet_labelled,
residential-0005__sembawang-mrt,residential-0005__sembawang-mrt__cp_008,1.450349,103.824092,625.07,1239.7,0.025904337565104168,0.12364366319444445,0.2248653835720486,0.13299051920572916,0.4205847846137153,0.0,0.004977756076388889,0,High built frontage + high pedestrian space / low greenery,0,2.119823273515631,0.3101999343515964,False,,,True,not_yet_labelled,
residential-0005__sembawang-mrt,residential-0005__sembawang-mrt__cp_009,1.449871,103.823916,681.71,1239.7,0.025904337565104168,0.12364366319444445,0.2248653835720486,0.13299051920572916,0.4205847846137153,0.0,0.004977756076388889,0,High built frontage + high pedestrian space / low greenery,0,2.119823273515631,0.3101999343515964,False,,,True,not_yet_labelled,
residential-0005__sembawang-mrt,residential-0005__sembawang-mrt__cp_010,1.449927,103.823345,745.49,1239.7,0.00036451551649305556,0.5139923095703125,0.021197848849826388,0.029412163628472224,0.2525448269314236,1.864963107638889e-05,0.0,3,High greenery + high road exposure / low built frontage,0,0.21475966838783295,1.7829274253696532,False,,,True,not_yet_labelled,
residential-0005__sembawang-mrt,residential-0005__sembawang-mrt__cp_011,1.449949,103.8229,795.01,1239.7,0.0007392035590277778,0.2903849283854167,0.21385362413194445,0.06554328070746528,0.3676384819878472,0.0,0.0,0,High built frontage + high pedestrian space / low greenery,0,1.1168785565418824,0.6393753605693575,False,,,True,not_yet_labelled,
residential-0005__sembawang-mrt,residential-0005__sembawang-mrt__cp_012,1.449959,103.822385,852.27,1239.7,0.007841322157118056,0.5104234483506944,0.0017835828993055555,0.22299024793836805,0.24916585286458334,0.004862467447916667,0.0,2,High pedestrian space + high built frontage / low road exposure,3,1.557193199770922,2.748258052529459,False,,,True,not_yet_labelled,
residential-0005__sembawang-mrt,residential-0005__sembawang-mrt__cp_013,1.449915,103.821869,909.84,1239.7,0.04072401258680555,0.4155341254340278,0.003317938910590278,0.162261962890625,0.3644883897569444,0.0,0.0,2,High pedestrian space + high built frontage / low road exposure,3,1.7754748167833474,1.9890474241519156,False,,,True,not_yet_labelled,
residential-0005__sembawang-mrt,residential-0005__sembawang-mrt__cp_014,1.44988,103.821413,960.68,1239.7,0.1461452907986111,0.6013607449001737,0.031233045789930556,0.00021023220486111112,0.18206787109375,0.00026109483506944444,0.0,3,High greenery + high road exposure / low built frontage,0,-0.74764612268919,1.311195067705251,False,,,True,not_yet_labelled,
residential-0005__sembawang-mrt,residential-0005__sembawang-mrt__cp_015,1.449531,103.821289,1001.86,1239.7,0.10769483778211805,0.6178215874565972,0.025141398111979168,0.0,0.19207763671875,1.6954210069444445e-05,0.0,3,High greenery + high road exposure / low built frontage,0,-0.6684138692684181,1.5311012868644163,False,,,True,not_yet_labelled,
residential-0005__sembawang-mrt,residential-0005__sembawang-mrt__cp_016,1.449197,103.820947,1055.01,1239.7,0.08331468370225695,0.5248972574869791,0.2058444552951389,0.005566067165798611,0.1841854519314236,0.0,0.0,3,High greenery + high road exposure / low built frontage,2,-0.7181925980984265,0.8210133638862345,False,,,True,not_yet_labelled,
residential-0005__sembawang-mrt,residential-0005__sembawang-mrt__cp_017,1.449067,103.820397,1117.83,1239.7,0.2863345675998264,0.1807623969184028,0.12214491102430555,0.04570176866319445,0.2732883029513889,0.053382025824652776,0.00023057725694444444,1,High sky exposure + high road exposure / low greenery,0,0.4564391862274493,-0.8072391369110843,False,,,True,not_yet_labelled,
residential-0005__sembawang-mrt,residential-0005__sembawang-mrt__cp_018,1.44894,103.820011,1163.0,1239.7,0.2863345675998264,0.1807623969184028,0.12214491102430555,0.04570176866319445,0.2732883029513889,0.053382025824652776,0.00023057725694444444,1,High sky exposure + high road exposure / low greenery,0,0.4564391862274493,-0.8072391369110843,False,,,True,not_yet_labelled,
residential-0006__springleaf-mrt,residential-0006__springleaf-mrt__cp_000,1.398051,103.825851,0.0,991.5,0.09265645345052083,0.7154066297743056,0.1047176784939236,0.0,0.004669189453125,0.0,0.00019666883680555556,3,High greenery + high road exposure / low built frontage,2,-1.7726880824081668,1.7212238390197656,False,354.12,0.4318181818181818,False,not_yet_labelled,
residential-0006__springleaf-mrt,residential-0006__springleaf-mrt__cp_001,1.397871,103.825389,55.12,991.5,0.04408603244357639,0.7564069959852431,0.1557159423828125,0.0,0.005745781792534722,0.0,0.0,3,High greenery + high road exposure / low built frontage,2,-1.866612703021705,1.884378584871465,False,299.0,0.390495867768595,False,not_yet_labelled,
residential-0006__springleaf-mrt,residential-0006__springleaf-mrt__cp_002,1.397665,103.823724,241.62,991.5,0.5084686279296875,0.1551445855034722,0.06857469346788195,0.03778245713975695,0.15959337022569445,0.05970594618055555,0.0,1,High sky exposure + high road exposure / low greenery,1,-0.3045623553311018,-1.6316059893391985,False,112.5,0.23140495867768596,False,not_yet_labelled,
residential-0006__springleaf-mrt,residential-0006__springleaf-mrt__cp_003,1.397606,103.823204,299.79,991.5,0.3995174831814236,0.5357869466145834,0.0,0.0,0.06469557020399305,0.0,0.0,1,High sky exposure + high road exposure / low greenery,2,-1.4649999512692045,0.23256849193565407,False,54.329999999999984,0.16115702479338842,False,not_yet_labelled,
residential-0006__springleaf-mrt,residential-0006__springleaf-mrt__cp_004,1.397658,103.822718,354.12,991.5,0.4363996717664931,0.24296739366319445,0.05457729763454861,0.021068996853298612,0.12041558159722222,0.08185323079427083,0.0,1,High sky exposure + high road exposure / low greenery,1,-0.6547876064461288,-1.17255313969999,True,0.0,0.06508264462809918,False,not_yet_labelled,
residential-0006__springleaf-mrt,residential-0006__springleaf-mrt__cp_005,1.397515,103.82212,422.47,991.5,0.08788045247395833,0.2578328450520833,0.022959391276041668,0.16884358723958334,0.4018622504340278,0.002960205078125,0.0,2,High pedestrian space + high built frontage / low road exposure,3,2.218823210207884,1.2657793685466678,True,0.0,0.06508264462809918,False,not_yet_labelled,
residential-0006__springleaf-mrt,residential-0006__springleaf-mrt__cp_006,1.397106,103.820135,647.77,991.5,0.2306705050998264,0.2643178304036458,0.1346096462673611,0.035024007161458336,0.2691938612196181,0.06533983018663195,0.0,1,High sky exposure + high road exposure / low greenery,0,0.2369587618862099,-0.4590268377735312,False,225.29999999999995,0.3409090909090909,False,not_yet_labelled,
residential-0006__springleaf-mrt,residential-0006__springleaf-mrt__cp_007,1.396904,103.819059,769.47,991.5,0.467864990234375,0.12882486979166666,0.13480631510416666,0.018529256184895832,0.1555447048611111,0.0672030978732639,0.0,1,High sky exposure + high road exposure / low greenery,1,-0.444195259763749,-1.8712158441561726,False,347.0,0.42768595041322316,False,not_yet_labelled,
residential-0006__springleaf-mrt,residential-0006__springleaf-mrt__cp_008,1.397004,103.818719,808.87,991.5,0.397705078125,0.2393866644965278,0.1331753200954861,0.11066691080729167,0.07506646050347222,0.006574842664930556,0.0,1,High sky exposure + high road exposure / low greenery,1,-0.21067496172335448,-0.5480668801102428,False,386.4,0.4628099173553719,False,not_yet_labelled,
residential-0006__springleaf-mrt,residential-0006__springleaf-mrt__cp_009,1.397445,103.818614,859.27,991.5,0.41795921325683594,0.020460128784179688,0.3038902282714844,0.0068187713623046875,0.11074447631835938,0.07626533508300781,0.0019817352294921875,1,High sky exposure + high road exposure / low greenery,1,-0.6728048034379251,-2.5904940524818336,False,436.79999999999995,0.5041322314049587,False,not_yet_labelled,
residential-0006__springleaf-mrt,residential-0006__springleaf-mrt__cp_010,1.398048,103.818262,936.91,991.5,0.28887367248535156,0.01078033447265625,0.18728065490722656,0.01160430908203125,0.3750190734863281,0.006656646728515625,0.08082771301269531,1,High sky exposure + high road exposure / low greenery,0,0.959300434731143,-1.5869149762450867,False,514.4399999999999,0.5475206611570248,False,not_yet_labelled,
residential-0006__springleaf-mrt,residential-0006__springleaf-mrt__cp_011,1.398083,103.818122,952.95,991.5,0.28887367248535156,0.01078033447265625,0.18728065490722656,0.01160430908203125,0.3750190734863281,0.006656646728515625,0.08082771301269531,1,High sky exposure + high road exposure / low greenery,0,0.959300434731143,-1.5869149762450867,False,530.48,0.5640495867768595,False,not_yet_labelled,
residential-0007__king-albert-park-mrt,residential-0007__king-albert-park-mrt__cp_000,1.327233,103.776635,0.0,1956.6,0.26953760782877606,0.1392949422200521,0.0743090311686198,0.005572001139322917,0.18453343709309897,0.3267529805501302,0.0,1,High sky exposure + high road exposure / low greenery,1,-0.2430807318493144,-1.8140895159053914,False,,,True,not_yet_labelled,
residential-0007__king-albert-park-mrt,residential-0007__king-albert-park-mrt__cp_001,1.328158,103.777311,127.38,1956.6,0.12734858194986978,0.8128929138183594,0.001293182373046875,0.012655893961588541,0.008958180745442709,0.0,0.0,3,High greenery + high road exposure / low built frontage,2,-1.7743914521898356,2.257101466982399,False,,,True,not_yet_labelled,
residential-0007__king-albert-park-mrt,residential-0007__king-albert-park-mrt__cp_002,1.328889,103.777845,228.04,1956.6,0.4100528293185764,0.16265869140625,0.033599853515625,0.0,0.1184573703342014,0.0,0.0,1,High sky exposure + high road exposure / low greenery,1,-0.4603105542927415,-1.0692179345721453,False,,,True,not_yet_labelled,
residential-0007__king-albert-park-mrt,residential-0007__king-albert-park-mrt__cp_003,1.329398,103.777992,286.95,1956.6,0.2675921122233073,0.2250951131184896,0.43462244669596356,0.004175821940104167,0.0660845438639323,0.002429962158203125,0.0,1,High sky exposure + high road exposure / low greenery,1,-1.2384366321656546,-1.5063704188614278,False,,,True,not_yet_labelled,
residential-0007__king-albert-park-mrt,residential-0007__king-albert-park-mrt__cp_004,1.329868,103.777925,339.73,1956.6,0.0010503133138020833,0.6440073649088541,0.0,0.0,0.23279698689778647,0.0,0.0,3,High greenery + high road exposure / low built frontage,2,-0.3330344616110475,2.1025645402391477,False,,,True,not_yet_labelled,
residential-0007__king-albert-park-mrt,residential-0007__king-albert-park-mrt__cp_005,1.330692,103.77801,431.85,1956.6,0.11997350056966145,0.7877972920735677,0.012989044189453125,0.005084991455078125,0.009187062581380209,0.019452412923177082,0.0,3,High greenery + high road exposure / low built frontage,2,-1.7940874970594283,2.0704566884432056,False,,,True,not_yet_labelled,
residential-0007__king-albert-park-mrt,residential-0007__king-albert-park-mrt__cp_006,1.331165,103.778041,484.55,1956.6,0.3576240539550781,0.19478480021158853,0.40035247802734375,0.0009180704752604166,0.019140879313151043,0.0,0.0,1,High sky exposure + high road exposure / low greenery,1,-1.4781512322003914,-1.8450655913496348,False,,,True,not_yet_labelled,
residential-0007__king-albert-park-mrt,residential-0007__king-albert-park-mrt__cp_007,1.332187,103.778091,598.33,1956.6,0.011582692464192709,0.937646230061849,0.0,0.018161773681640625,0.0,0.0,0.0,3,High greenery + high road exposure / low built frontage,2,-1.8574335119281404,3.139264377989226,False,,,True,not_yet_labelled,
residential-0007__king-albert-park-mrt,residential-0007__king-albert-park-mrt__cp_008,1.332751,103.778111,661.08,1956.6,0.4503699408637153,0.1633792453342014,0.006083170572916667,0.0,0.14111497667100695,0.15647379557291666,0.0,1,High sky exposure + high road exposure / low greenery,1,-0.5447798568756058,-1.6894557183859353,False,,,True,not_yet_labelled,
residential-0007__king-albert-park-mrt,residential-0007__king-albert-park-mrt__cp_009,1.333373,103.77813,730.28,1956.6,0.0,1.0,0.0,0.0,0.0,0.0,0.0,3,High greenery + high road exposure / low built frontage,2,-2.1061451006889267,3.2852277596379222,False,,,True,not_yet_labelled,
residential-0007__king-albert-park-mrt,residential-0007__king-albert-park-mrt__cp_010,1.334019,103.778117,802.13,1956.6,0.0,1.0,0.0,0.0,0.0,0.0,0.0,3,High greenery + high road exposure / low built frontage,2,-2.1061451006889267,3.2852277596379222,False,,,True,not_yet_labelled,
residential-0007__king-albert-park-mrt,residential-0007__king-albert-park-mrt__cp_011,1.334508,103.778186,857.04,1956.6,0.00020345052083333334,0.9598770141601562,0.0,0.0,0.0,0.0,0.0,3,High greenery + high road exposure / low built frontage,2,-2.0139224003661487,3.1625722564899337,False,,,True,not_yet_labelled,
residential-0007__king-albert-park-mrt,residential-0007__king-albert-park-mrt__cp_012,1.335218,103.778385,939.03,1956.6,0.0,0.9655278523763021,0.0,0.0,8.7738037109375e-05,0.034297943115234375,0.0,3,High greenery + high road exposure / low built frontage,2,-2.0598022582342432,3.063300535572721,False,,,True,not_yet_labelled,
residential-0007__king-albert-park-mrt,residential-0007__king-albert-park-mrt__cp_013,1.335854,103.778572,1012.74,1956.6,0.13949966430664062,0.8387870788574219,0.0012156168619791667,0.020497639973958332,0.0,0.0,0.0,3,High greenery + high road exposure / low built frontage,2,-1.837866026946603,2.3295238943959067,False,,,True,not_yet_labelled,
residential-0007__king-albert-park-mrt,residential-0007__king-albert-park-mrt__cp_014,1.336333,103.778712,1068.23,1956.6,0.22055562337239584,0.6516342163085938,2.1616617838541668e-05,0.0045318603515625,0.024767557779947918,0.0,0.0,3,High greenery + high road exposure / low built frontage,2,-1.553398456523027,1.3473779510038186,False,,,True,not_yet_labelled,
residential-0007__king-albert-park-mrt,residential-0007__king-albert-park-mrt__cp_015,1.336888,103.778868,1132.33,1956.6,0.052174886067708336,0.42926661173502606,0.0006866455078125,0.2709604899088542,0.16422398885091147,0.00023396809895833334,0.0010172526041666667,2,High pedestrian space + high built frontage / low road exposure,3,1.6559618054572596,2.615567343478592,False,,,True,not_yet_labelled,
residential-0007__king-albert-park-mrt,residential-0007__king-albert-park-mrt__cp_016,1.33719,103.77923,1184.74,1956.6,0.04229736328125,0.5151435004340278,0.0011817084418402778,0.011345757378472222,0.4212053087022569,0.0,0.002097235785590278,0,High built frontage + high pedestrian space / low greenery,0,0.7403160064442843,1.5182797771344088,False,,,True,not_yet_labelled,
residential-0007__king-albert-park-mrt,residential-0007__king-albert-park-mrt__cp_017,1.33707,103.779786,1247.98,1956.6,0.1478237575954861,0.3023698594835069,0.10486857096354167,0.019768608940972224,0.3316938612196181,0.07648213704427083,0.0,0,High built frontage + high pedestrian space / low greenery,0,0.4848305374432445,-0.05663971383766301,False,,,True,not_yet_labelled,
residential-0007__king-albert-park-mrt,residential-0007__king-albert-park-mrt__cp_018,1.33687,103.780326,1311.99,1956.6,0.11771138509114583,0.20676422119140625,0.08216476440429688,0.2977485656738281,0.2825355529785156,0.013281504313151041,0.0,2,High pedestrian space + high built frontage / low road exposure,3,2.570604734038496,1.4624169330324572,False,,,True,not_yet_labelled,
residential-0007__king-albert-park-mrt,residential-0007__king-albert-park-mrt__cp_019,1.336653,103.780947,1385.12,1956.6,0.09550730387369792,0.61285400390625,0.10961151123046875,0.08269627888997395,0.0019543965657552085,0.0,0.014609018961588541,3,High greenery + high road exposure / low built frontage,2,-0.9914967028172266,1.7951449865346196,False,,,True,not_yet_labelled,
residential-0007__king-albert-park-mrt,residential-0007__king-albert-park-mrt__cp_020,1.33653,103.781401,1437.41,1956.6,0.2648582458496094,0.2759437561035156,0.012556711832682291,0.20740890502929688,0.2021509806315104,0.004288991292317708,0.0,2,High pedestrian space + high built frontage / low road exposure,3,1.3332650472897778,0.9076567950770823,False,,,True,not_yet_labelled,
residential-0007__king-albert-park-mrt,residential-0007__king-albert-park-mrt__cp_021,1.336778,103.781859,1495.31,1956.6,0.2405522664388021,0.12304433186848958,0.0,0.09480539957682292,0.18992106119791666,0.0,0.0,1,High sky exposure + high road exposure / low greenery,0,0.9292199700892404,0.04083061443517719,False,,,True,not_yet_labelled,
residential-0008__upper-thomson-mrt,residential-0008__upper-thomson-mrt__cp_004,1.359176,103.823459,263.61,1857.0,0.001925998263888889,0.9264373779296875,0.0,0.045221964518229164,0.0,0.0,0.0,3,High greenery + high road exposure / low built frontage,2,-1.6285461388804996,3.278717538254513,False,424.16999999999996,0.49173553719008267,False,not_yet_labelled,
residential-0008__upper-thomson-mrt,residential-0008__upper-thomson-mrt__cp_005,1.359593,103.823696,316.95,1857.0,0.001925998263888889,0.9264373779296875,0.0,0.045221964518229164,0.0,0.0,0.0,3,High greenery + high road exposure / low built frontage,2,-1.6285461388804996,3.278717538254513,False,370.83,0.45454545454545453,False,not_yet_labelled,
residential-0008__upper-thomson-mrt,residential-0008__upper-thomson-mrt__cp_006,1.360142,103.8239,382.07,1857.0,0.0,0.8356611463758681,0.0,0.11266581217447917,0.007331000434027778,0.0,0.0,3,High greenery + high road exposure / low built frontage,2,-0.9215708420526944,3.342843459298756,False,305.71,0.40082644628099173,False,not_yet_labelled,
residential-0008__upper-thomson-mrt,residential-0008__upper-thomson-mrt__cp_007,1.360505,103.824198,434.28,1857.0,0.0,0.8825581868489584,0.0,0.06109280056423611,0.0,0.0,0.054587470160590276,3,High greenery + high road exposure / low built frontage,2,-1.4147298549140976,3.232112169933149,False,253.5,0.3677685950413223,False,not_yet_labelled,
residential-0008__upper-thomson-mrt,residential-0008__upper-thomson-mrt__cp_008,1.360599,103.824732,494.56,1857.0,0.0011427137586805555,0.9298078748914931,0.0,0.0689578586154514,0.0,0.0,0.0,3,High greenery + high road exposure / low built frontage,2,-1.4716105645323463,3.4100343224732446,False,193.21999999999997,0.3119834710743802,False,not_yet_labelled,
residential-0008__upper-thomson-mrt,residential-0008__upper-thomson-mrt__cp_009,1.360753,103.825326,562.77,1857.0,0.0,0.8577643500434028,0.0,0.11156209309895833,0.0,0.0,0.0,3,High greenery + high road exposure / low built frontage,2,-1.01019394581274,3.4075451749646937,False,125.00999999999999,0.2396694214876033,False,not_yet_labelled,
residential-0008__upper-thomson-mrt,residential-0008__upper-thomson-mrt__cp_010,1.360592,103.825858,624.56,1857.0,0.09531487358940972,0.8670213487413194,0.0,0.035346137152777776,0.0,0.0,0.0,3,High greenery + high road exposure / low built frontage,2,-1.7218645622921285,2.671493660458102,False,63.22000000000003,0.1756198347107438,False,not_yet_labelled,
residential-0008__upper-thomson-mrt,residential-0008__upper-thomson-mrt__cp_011,1.360197,103.826267,687.78,1857.0,0.057473076714409724,0.8512318929036459,0.0,0.09129503038194445,0.0,0.0,0.0,3,High greenery + high road exposure / low built frontage,2,-1.2345703444135947,3.0545554816146585,True,0.0,0.06508264462809918,False,not_yet_labelled,
residential-0008__upper-thomson-mrt,residential-0008__upper-thomson-mrt__cp_012,1.359815,103.826556,741.04,1857.0,0.04044765896267361,0.8948008219401041,0.0,0.06475151909722222,0.0,0.0,0.0,3,High greenery + high road exposure / low built frontage,2,-1.4881548860523137,3.1238559340912593,True,0.0,0.06508264462809918,False,not_yet_labelled,
residential-0008__upper-thomson-mrt,residential-0008__upper-thomson-mrt__cp_013,1.35952,103.826942,795.05,1857.0,0.0,0.6884341769748263,0.0,0.0,0.0,0.0,0.0,3,High greenery + high road exposure / low built frontage,2,-1.3872628589058968,2.33916495872892,True,0.0,0.06508264462809918,False,not_yet_labelled,
residential-0008__upper-thomson-mrt,residential-0008__upper-thomson-mrt__cp_014,1.35991,103.827463,867.4,1857.0,0.0,0.5288831922743056,0.0,0.0,0.0,0.0,0.0,3,High greenery + high road exposure / low built frontage,2,-1.0191275851248158,1.8546918865288022,True,0.0,0.06508264462809918,False,not_yet_labelled,
residential-0008__upper-thomson-mrt,residential-0008__upper-thomson-mrt__cp_015,1.359432,103.827994,946.83,1857.0,0.2501542833116319,0.4391750759548611,0.23956468370225695,0.039774576822916664,0.00010172526041666667,0.0035349527994791665,0.00022379557291666666,3,High greenery + high road exposure / low built frontage,2,-1.3909960711965288,0.016746939990697905,False,79.43000000000006,0.19421487603305784,False,not_yet_labelled,
residential-0008__upper-thomson-mrt,residential-0008__upper-thomson-mrt__cp_016,1.359346,103.828483,1002.03,1857.0,0.16476270887586805,0.66571044921875,0.14707777235243055,0.0031941731770833335,0.0014275444878472222,0.0,0.0,3,High greenery + high road exposure / low built frontage,2,-1.8480202005063948,1.1651848867039114,False,134.63,0.25,False,not_yet_labelled,
residential-0008__upper-thomson-mrt,residential-0008__upper-thomson-mrt__cp_017,1.359325,103.828984,1057.77,1857.0,0.2982432047526042,0.1857062445746528,0.3824344211154514,0.006003485785590278,0.07641432020399305,0.04641893174913195,0.0,1,High sky exposure + high road exposure / low greenery,1,-1.0987392973252874,-1.734511240496956,False,190.37,0.30785123966942146,False,not_yet_labelled,
residential-0008__upper-thomson-mrt,residential-0008__upper-thomson-mrt__cp_018,1.358874,103.828854,1109.96,1857.0,0.14295450846354166,0.55523681640625,0.2990468343098958,0.0004696316189236111,0.0,0.0,0.0001220703125,3,High greenery + high road exposure / low built frontage,2,-1.8426683567342494,0.4361135393748762,False,242.56000000000006,0.35537190082644626,False,not_yet_labelled,
residential-0008__upper-thomson-mrt,residential-0008__upper-thomson-mrt__cp_019,1.358351,103.828867,1168.13,1857.0,0.05670505099826389,0.1975487603081597,0.4138810899522569,0.042687310112847224,0.23401048448350695,0.010854085286458334,0.0,0,High built frontage + high pedestrian space / low greenery,0,0.17245482141885707,-0.5807726905106033,False,300.73000000000013,0.3925619834710744,False,not_yet_labelled,
residential-0008__upper-thomson-mrt,residential-0008__upper-thomson-mrt__cp_020,1.357713,103.828988,1240.34,1857.0,0.0472564697265625,0.12937418619791666,0.3998362223307292,0.015216403537326388,0.2071804470486111,0.1826053195529514,0.0,1,High sky exposure + high road exposure / low greenery,0,-0.09649524710558646,-1.4184438812278348,False,372.93999999999994,0.45661157024793386,False,not_yet_labelled,
residential-0008__upper-thomson-mrt,residential-0008__upper-thomson-mrt__cp_021,1.357075,103.829395,1324.48,1857.0,0.012688530815972222,0.5261908637152778,0.3470001220703125,0.0024210611979166665,0.023390028211805556,0.06320699055989583,0.0,3,High greenery + high road exposure / low built frontage,0,-1.5846120639584738,0.510756424514442,False,457.08000000000004,0.512396694214876,False,not_yet_labelled,
residential-0008__upper-thomson-mrt,residential-0008__upper-thomson-mrt__cp_022,1.356563,103.829881,1402.96,1857.0,0.05778333875868055,0.4726647271050347,0.3351203070746528,6.781684027777778e-05,0.012671576605902778,0.11564805772569445,0.0,3,High greenery + high road exposure / low built frontage,0,-1.6304030767708635,0.01605071424521173,False,535.5600000000001,0.5723140495867769,False,not_yet_labelled,
residential-0008__upper-thomson-mrt,residential-0008__upper-thomson-mrt__cp_023,1.356229,103.830245,1457.89,1857.0,0.0,0.6313680013020834,0.26380030314127606,0.00177764892578125,0.0,0.0,0.0,3,High greenery + high road exposure / low built frontage,2,-1.699692799122258,1.3607693113782677,False,590.4900000000001,0.6033057851239669,False,not_yet_labelled,
residential-0008__upper-thomson-mrt,residential-0008__upper-thomson-mrt__cp_024,1.355838,103.830688,1523.58,1857.0,0.0,0.35910288492838544,0.2824605305989583,0.00856781005859375,0.15538914998372397,0.0,0.0,3,High greenery + high road exposure / low built frontage,0,-0.42055747583263536,0.4451512853958293,False,656.18,0.6425619834710744,False,not_yet_labelled,
residential-0008__upper-thomson-mrt,residential-0008__upper-thomson-mrt__cp_025,1.355505,103.831172,1588.89,1857.0,0.0,0.3171704610188802,0.36654408772786456,0.058672587076822914,0.19168853759765625,0.0,0.0,3,High greenery + high road exposure / low built frontage,0,0.02424670027479006,0.2921004635186037,False,721.4900000000001,0.6818181818181818,False,not_yet_labelled,
residential-0008__upper-thomson-mrt,residential-0008__upper-thomson-mrt__cp_026,1.355326,103.831598,1640.26,1857.0,0.1732092963324653,0.003562079535590278,0.3214687771267361,0.05099148220486111,0.360321044921875,0.040732489691840276,0.003928290473090278,0,High built frontage + high pedestrian space / low greenery,0,1.1225429305232058,-1.4696550648622613,False,772.86,0.7128099173553719,False,not_yet_labelled,
residential-0008__upper-thomson-mrt,residential-0008__upper-thomson-mrt__cp_027,1.35513,103.832074,1697.49,1857.0,0.15938695271809897,0.1431605021158854,0.38190333048502606,0.029553731282552082,0.2629547119140625,0.0003382364908854167,0.0,1,High sky exposure + high road exposure / low greenery,0,0.2131128400169461,-1.1040139752617097,False,830.09,0.7355371900826446,False,not_yet_labelled,
residential-0008__upper-thomson-mrt,residential-0008__upper-thomson-mrt__cp_028,1.35482,103.832485,1754.72,1857.0,0.5840793185763888,0.001330905490451389,0.0679355197482639,0.020075480143229168,0.17626953125,0.11986456976996528,0.0,1,High sky exposure + high road exposure / low greenery,1,-0.19248784385328788,-2.7030653022716313,False,887.32,0.7582644628099173,False,not_yet_labelled,
residential-0008__upper-thomson-mrt,residential-0008__upper-thomson-mrt__cp_029,1.354529,103.832822,1804.22,1857.0,0.2105221218532986,0.014287312825520834,0.03961351182725695,0.002227783203125,0.4572872585720486,0.0,0.0,0,High built frontage + high pedestrian space / low greenery,0,1.6218964761259584,-0.8619897664230303,False,936.82,0.7789256198347108,False,not_yet_labelled,
residential-0009__tan-kah-kee-mrt,residential-0009__tan-kah-kee-mrt__cp_043,1.339301,103.815495,3284.81,7222.0,0.0,0.9702165391710069,0.0,0.019632975260416668,0.0,0.0,0.0,3,High greenery + high road exposure / low built frontage,2,-1.902311397238794,3.2923226922645483,False,1493.7800000000002,0.9049586776859504,True,not_yet_labelled,
residential-0009__tan-kah-kee-mrt,residential-0009__tan-kah-kee-mrt__cp_044,1.339065,103.815876,3334.64,7222.0,0.013232760959201388,0.5872853597005209,0.0,0.0,0.0,0.0,0.0,3,High greenery + high road exposure / low built frontage,2,-1.176897798646896,1.9785037250564441,False,1443.9500000000003,0.8925619834710744,True,not_yet_labelled,
residential-0009__tan-kah-kee-mrt,residential-0009__tan-kah-kee-mrt__cp_046,1.338405,103.815935,3443.84,7222.0,0.0,0.7671780056423612,0.0,0.013699001736111112,0.0,0.0,0.0,3,High greenery + high road exposure / low built frontage,2,-1.4746738835321915,2.6463221190125,False,1334.75,0.871900826446281,True,not_yet_labelled,
residential-0009__tan-kah-kee-mrt,residential-0009__tan-kah-kee-mrt__cp_047,1.33818,103.81634,3495.35,7222.0,0.00015089246961805556,0.8891889784071181,0.002219306098090278,0.1018642849392361,0.006173027886284722,0.0,0.0,3,High greenery + high road exposure / low built frontage,2,-1.128257228579676,3.4447470420999675,False,1283.2400000000002,0.8574380165289256,True,not_yet_labelled,
residential-0009__tan-kah-kee-mrt,residential-0009__tan-kah-kee-mrt__cp_048,1.337898,103.8167,3546.19,7222.0,0.0,0.9672732883029513,0.0,0.028411865234375,0.0,0.0,1.1867947048611111e-05,3,High greenery + high road exposure / low built frontage,2,-1.835104243121006,3.326996926929828,False,1232.4,0.8471074380165289,True,not_yet_labelled,
residential-0009__tan-kah-kee-mrt,residential-0009__tan-kah-kee-mrt__cp_049,1.337684,103.817089,3595.55,7222.0,0.0,0.2515207926432292,0.2545115152994792,0.4935201009114583,0.0003628200954861111,0.0,0.0,2,High pedestrian space + high built frontage / low road exposure,3,2.578451693177198,2.678734652030495,False,1183.04,0.8388429752066116,True,not_yet_labelled,
residential-0009__tan-kah-kee-mrt,residential-0009__tan-kah-kee-mrt__cp_050,1.336583,103.818719,3814.23,7222.0,0.13673570421006945,0.4173465304904514,0.1128200954861111,0.008317735460069444,0.0036977132161458335,0.2574971516927083,0.003302680121527778,3,High greenery + high road exposure / low built frontage,1,-1.374312213316164,-0.22541914814170375,False,964.3600000000001,0.7913223140495868,True,not_yet_labelled,
residential-0009__tan-kah-kee-mrt,residential-0009__tan-kah-kee-mrt__cp_051,1.335947,103.818472,3890.09,7222.0,0.4800885518391927,0.19001388549804688,0.1381963094075521,0.0,2.9246012369791668e-05,0.17445500691731772,0.0,1,High sky exposure + high road exposure / low greenery,1,-1.4819497769858005,-2.138811839526175,False,888.5,0.762396694214876,True,not_yet_labelled,
residential-0009__tan-kah-kee-mrt,residential-0009__tan-kah-kee-mrt__cp_052,1.335441,103.818409,3946.79,7222.0,0.1037631564670139,0.4648590087890625,0.23225911458333334,0.021645439995659724,0.031821356879340276,0.0011359320746527778,0.0,3,High greenery + high road exposure / low built frontage,2,-1.175472032111648,0.6142724308846664,False,831.8000000000002,0.737603305785124,True,not_yet_labelled,
residential-0009__tan-kah-kee-mrt,residential-0009__tan-kah-kee-mrt__cp_053,1.335204,103.818863,4003.72,7222.0,0.2780032687717014,0.322174072265625,0.1815948486328125,0.001354641384548611,0.028810289171006944,0.0,0.0,1,High sky exposure + high road exposure / low greenery,2,-1.2125552970427693,-0.46310363534372684,False,774.8700000000003,0.7148760330578512,True,not_yet_labelled,
residential-0009__tan-kah-kee-mrt,residential-0009__tan-kah-kee-mrt__cp_054,1.335198,103.819015,4020.63,7222.0,0.2780032687717014,0.322174072265625,0.1815948486328125,0.001354641384548611,0.028810289171006944,0.0,0.0,1,High sky exposure + high road exposure / low greenery,2,-1.2125552970427693,-0.46310363534372684,False,757.96,0.7045454545454546,True,not_yet_labelled,
residential-0009__tan-kah-kee-mrt,residential-0009__tan-kah-kee-mrt__cp_055,1.334678,103.819498,4099.54,7222.0,0.6113560994466146,0.12279001871744792,0.19731521606445312,0.0,0.005290985107421875,0.00927734375,4.0690104166666664e-05,1,High sky exposure + high road exposure / low greenery,1,-1.4742910565834046,-2.493999511134865,False,679.0500000000002,0.6549586776859504,True,not_yet_labelled,
residential-0009__tan-kah-kee-mrt,residential-0009__tan-kah-kee-mrt__cp_056,1.334709,103.819617,4113.21,7222.0,0.6113560994466146,0.12279001871744792,0.19731521606445312,0.0,0.005290985107421875,0.00927734375,4.0690104166666664e-05,1,High sky exposure + high road exposure / low greenery,1,-1.4742910565834046,-2.493999511134865,False,665.3800000000001,0.6466942148760331,True,not_yet_labelled,
residential-0009__tan-kah-kee-mrt,residential-0009__tan-kah-kee-mrt__cp_057,1.334499,103.81919,4166.11,7222.0,0.6113560994466146,0.12279001871744792,0.19731521606445312,0.0,0.005290985107421875,0.00927734375,4.0690104166666664e-05,1,High sky exposure + high road exposure / low greenery,1,-1.4742910565834046,-2.493999511134865,False,612.4800000000005,0.6157024793388429,True,not_yet_labelled,
residential-0009__tan-kah-kee-mrt,residential-0009__tan-kah-kee-mrt__cp_058,1.334159,103.819675,4231.96,7222.0,0.6113560994466146,0.12279001871744792,0.19731521606445312,0.0,0.005290985107421875,0.00927734375,4.0690104166666664e-05,1,High sky exposure + high road exposure / low greenery,1,-1.4742910565834046,-2.493999511134865,False,546.6300000000001,0.5764462809917356,True,not_yet_labelled,
residential-0009__tan-kah-kee-mrt,residential-0009__tan-kah-kee-mrt__cp_066,1.329942,103.818912,4778.59,7222.0,0.16351318359375,0.4631110297309028,0.08944193522135417,0.0228424072265625,0.1870083279079861,0.041525946723090276,9.494357638888889e-05,3,High greenery + high road exposure / low built frontage,2,-0.42394288897440213,0.610886428837254,True,0.0,0.06508264462809918,True,not_yet_labelled,
residential-0009__tan-kah-kee-mrt,residential-0009__tan-kah-kee-mrt__cp_067,1.329665,103.818503,4833.51,7222.0,0.16351318359375,0.4631110297309028,0.08944193522135417,0.0228424072265625,0.1870083279079861,0.041525946723090276,9.494357638888889e-05,3,High greenery + high road exposure / low built frontage,2,-0.42394288897440213,0.610886428837254,False,54.92000000000007,0.16322314049586778,True,not_yet_labelled,
residential-0009__tan-kah-kee-mrt,residential-0009__tan-kah-kee-mrt__cp_068,1.329518,103.81798,4893.9,7222.0,0.023903740776909724,0.3715532090928819,0.05154588487413195,0.08243306477864583,0.3615349663628472,0.0,0.0,0,High built frontage + high pedestrian space / low greenery,0,1.2613058703972868,1.379397020998427,False,115.30999999999949,0.23553719008264462,True,not_yet_labelled,
residential-0009__tan-kah-kee-mrt,residential-0009__tan-kah-kee-mrt__cp_069,1.32903,103.817698,4956.57,7222.0,0.023903740776909724,0.3715532090928819,0.05154588487413195,0.08243306477864583,0.3615349663628472,0.0,0.0,0,High built frontage + high pedestrian space / low greenery,0,1.2613058703972868,1.379397020998427,False,177.97999999999956,0.2975206611570248,True,not_yet_labelled,
residential-0009__tan-kah-kee-mrt,residential-0009__tan-kah-kee-mrt__cp_090,1.324811,103.809106,6533.88,7222.0,0.09646352132161458,0.4008318583170573,0.009382883707682291,0.1448186238606771,0.2118657430013021,0.11915206909179688,0.0,2,High pedestrian space + high built frontage / low road exposure,3,0.8401849141645403,1.2702521695026536,False,1755.29,0.9421487603305785,True,not_yet_labelled,
residential-0009__tan-kah-kee-mrt,residential-0009__tan-kah-kee-mrt__cp_091,1.325078,103.808696,6588.27,7222.0,0.09646352132161458,0.4008318583170573,0.009382883707682291,0.1448186238606771,0.2118657430013021,0.11915206909179688,0.0,2,High pedestrian space + high built frontage / low road exposure,3,0.8401849141645403,1.2702521695026536,False,1809.6800000000003,0.9545454545454546,True,not_yet_labelled,
residential-0009__tan-kah-kee-mrt,residential-0009__tan-kah-kee-mrt__cp_092,1.32532,103.808282,6641.59,7222.0,0.053295135498046875,0.5129737854003906,0.012694040934244791,0.08562342325846355,0.21551386515299478,0.0,0.0,3,High greenery + high road exposure / low built frontage,0,0.37493216769624016,1.8867832092335328,False,1863.0,0.9586776859504132,True,not_yet_labelled,
residential-0009__tan-kah-kee-mrt,residential-0009__tan-kah-kee-mrt__cp_093,1.325584,103.807896,6693.58,7222.0,0.0767224629720052,0.04539362589518229,0.09795888264973958,0.011014302571614584,0.6197764078776041,0.029614766438802082,0.0,0,High built frontage + high pedestrian space / low greenery,0,2.3789926835291983,-0.5319353260269514,False,1914.9899999999998,0.9710743801652892,True,not_yet_labelled,
residential-0009__tan-kah-kee-mrt,residential-0009__tan-kah-kee-mrt__cp_094,1.32587,103.807312,6765.87,7222.0,0.019068400065104168,0.148651123046875,0.3011919657389323,0.09222793579101562,0.39398193359375,0.0010693868001302083,0.0048980712890625,0,High built frontage + high pedestrian space / low greenery,0,1.551440556315261,-0.01673473146304072,False,1987.2799999999997,0.9793388429752066,True,not_yet_labelled,
residential-0009__tan-kah-kee-mrt,residential-0009__tan-kah-kee-mrt__cp_095,1.32567,103.80778,6822.45,7222.0,0.11796061197916667,0.5595715840657552,0.03852971394856771,0.022314707438151043,0.25728607177734375,0.0,0.0,3,High greenery + high road exposure / low built frontage,0,-0.15434588766439097,1.3550083583740815,False,2043.8599999999997,0.987603305785124,True,not_yet_labelled,
residential-0009__tan-kah-kee-mrt,residential-0009__tan-kah-kee-mrt__cp_096,1.325669,103.807794,6824.01,7222.0,0.11796061197916667,0.5595715840657552,0.03852971394856771,0.022314707438151043,0.25728607177734375,0.0,0.0,3,High greenery + high road exposure / low built frontage,0,-0.15434588766439097,1.3550083583740815,False,2045.42,0.9896694214876033,True,not_yet_labelled,
residential-0010__pasir-panjang-mrt,residential-0010__pasir-panjang-mrt__cp_006,1.280232,103.796671,396.43,1443.5,0.18566004435221353,0.5130284627278646,0.2784169514973958,0.0,0.0024693806966145835,0.0,0.0,3,High greenery + high road exposure / low built frontage,2,-1.776994962937503,0.19549564066267722,True,0.0,0.06508264462809918,False,not_yet_labelled,
residential-0010__pasir-panjang-mrt,residential-0010__pasir-panjang-mrt__cp_007,1.279811,103.796377,453.53,1443.5,0.18566004435221353,0.5130284627278646,0.2784169514973958,0.0,0.0024693806966145835,0.0,0.0,3,High greenery + high road exposure / low built frontage,2,-1.776994962937503,0.19549564066267722,True,0.0,0.06508264462809918,False,not_yet_labelled,
residential-0010__pasir-panjang-mrt,residential-0010__pasir-panjang-mrt__cp_008,1.279486,103.796081,502.4,1443.5,0.26184972127278644,0.4436187744140625,0.1014111836751302,0.16139729817708334,0.0037663777669270835,0.0,0.0,2,High pedestrian space + high built frontage / low road exposure,3,-0.32713465493321303,1.0239395926069634,True,0.0,0.06508264462809918,False,not_yet_labelled,
residential-0010__pasir-panjang-mrt,residential-0010__pasir-panjang-mrt__cp_009,1.279411,103.796019,513.22,1443.5,0.14121627807617188,0.7303454081217448,0.0028368631998697915,0.1133740743001302,0.0,0.0,0.0,3,High greenery + high road exposure / low built frontage,3,-0.9542731796724054,2.449684450584968,True,0.0,0.06508264462809918,False,not_yet_labelled,
residential-0010__pasir-panjang-mrt,residential-0010__pasir-panjang-mrt__cp_010,1.279184,103.796266,550.52,1443.5,0.26184972127278644,0.4436187744140625,0.1014111836751302,0.16139729817708334,0.0037663777669270835,0.0,0.0,2,High pedestrian space + high built frontage / low road exposure,3,-0.32713465493321303,1.0239395926069634,True,0.0,0.06508264462809918,False,not_yet_labelled,
residential-0010__pasir-panjang-mrt,residential-0010__pasir-panjang-mrt__cp_016,1.27641,103.79362,1072.02,1443.5,0.004586537679036458,0.031468709309895836,0.0837237040201823,0.13469696044921875,0.7057062784830729,2.7974446614583332e-05,0.0,0,High built frontage + high pedestrian space / low greenery,0,3.7933235304480144,0.4410555281484001,False,521.5,0.5537190082644629,False,not_yet_labelled,
residential-0010__pasir-panjang-mrt,residential-0010__pasir-panjang-mrt__cp_017,1.275935,103.793455,1127.93,1443.5,0.0015996297200520833,0.3953081766764323,0.2012481689453125,0.05280939737955729,0.33918126424153644,0.00022633870442708334,0.0,0,High built frontage + high pedestrian space / low greenery,0,0.6906778269095787,0.9412659987098064,False,577.4100000000001,0.5971074380165289,False,not_yet_labelled,
residential-0010__pasir-panjang-mrt,residential-0010__pasir-panjang-mrt__cp_018,1.276097,103.792962,1185.62,1443.5,0.0015360514322916667,0.5356648763020834,0.38632456461588544,0.029984792073567707,0.041744232177734375,0.0,0.0047454833984375,3,High greenery + high road exposure / low built frontage,0,-1.3283873967907376,0.8085630739805143,False,635.0999999999999,0.6301652892561983,False,not_yet_labelled,
residential-0010__pasir-panjang-mrt,residential-0010__pasir-panjang-mrt__cp_019,1.275888,103.792689,1223.85,1443.5,0.14787165323893228,0.1222826639811198,0.4271278381347656,0.03814697265625,0.21446863810221353,0.033762613932291664,0.0036837259928385415,1,High sky exposure + high road exposure / low greenery,0,0.03092041972001563,-1.3116148124286882,False,673.3299999999999,0.6487603305785123,False,not_yet_labelled,
residential-0010__pasir-panjang-mrt,residential-0010__pasir-panjang-mrt__cp_020,1.27607,103.79209,1293.44,1443.5,0.2899034288194444,0.1050991482204861,0.320556640625,0.057179768880208336,0.2057308620876736,0.012239244249131944,0.003638373480902778,1,High sky exposure + high road exposure / low greenery,1,0.12411312465825192,-1.4377073498095365,False,742.9200000000001,0.6921487603305785,False,not_yet_labelled,
residential-0010__pasir-panjang-mrt,residential-0010__pasir-panjang-mrt__cp_021,1.276022,103.792073,1299.11,1443.5,0.2899034288194444,0.1050991482204861,0.320556640625,0.057179768880208336,0.2057308620876736,0.012239244249131944,0.003638373480902778,1,High sky exposure + high road exposure / low greenery,1,0.12411312465825192,-1.4377073498095365,False,748.5899999999999,0.6983471074380165,False,not_yet_labelled,
residential-0011__jurong-east-mrt,residential-0011__jurong-east-mrt__cp_004,1.322993,103.73719,298.86,3107.5,0.13182640075683594,0.13909339904785156,0.08132171630859375,0.1996784210205078,0.3868522644042969,0.01593017578125,0.04529762268066406,2,High pedestrian space + high built frontage / low road exposure,3,2.453427765871964,0.6625352411837939,False,,,False,not_yet_labelled,
residential-0011__jurong-east-mrt,residential-0011__jurong-east-mrt__cp_005,1.322866,103.737771,364.97,3107.5,0.10479164123535156,0.17914772033691406,0.008871078491210938,0.3050098419189453,0.3596229553222656,0.013248443603515625,0.029308319091796875,2,High pedestrian space + high built frontage / low road exposure,3,3.149343052328366,1.6608797265327682,False,,,False,not_yet_labelled,
residential-0011__jurong-east-mrt,residential-0011__jurong-east-mrt__cp_019,1.323443,103.743895,1274.21,3107.5,0.12958272298177084,0.7614152696397569,0.09737989637586805,0.006139119466145833,0.0,0.0,0.0,3,High greenery + high road exposure / low built frontage,2,-1.907258790118661,1.7666580179789408,False,,,False,not_yet_labelled,
residential-0011__jurong-east-mrt,residential-0011__jurong-east-mrt__cp_020,1.323014,103.745016,1407.64,3107.5,0.21480305989583334,0.3491045633951823,0.3136583964029948,0.0003560384114583333,0.060482025146484375,0.0,0.0,3,High greenery + high road exposure / low built frontage,0,-1.2703519176417422,-0.5513881210790812,False,,,False,not_yet_labelled,
residential-0011__jurong-east-mrt,residential-0011__jurong-east-mrt__cp_021,1.322721,103.74545,1465.86,3107.5,0.04372278849283854,0.5056915283203125,0.447906494140625,0.0004526774088541667,0.000797271728515625,0.0013300577799479167,0.0,3,High greenery + high road exposure / low built frontage,0,-1.811399547552071,0.22278704892525994,False,,,False,not_yet_labelled,
residential-0011__jurong-east-mrt,residential-0011__jurong-east-mrt__cp_022,1.322783,103.745937,1520.43,3107.5,0.3003285725911458,0.20650100708007812,0.3125661214192708,0.0689557393391927,0.038799285888671875,0.004367828369140625,0.0,1,High sky exposure + high road exposure / low greenery,0,-0.709182600056837,-0.9920363839277474,False,,,False,not_yet_labelled,
residential-0011__jurong-east-mrt,residential-0011__jurong-east-mrt__cp_023,1.323633,103.745933,1614.95,3107.5,0.45948155721028644,0.09868240356445312,0.37436676025390625,0.0,0.009165445963541666,0.0,0.0,1,High sky exposure + high road exposure / low greenery,1,-1.435814711269061,-2.469087763434707,False,,,False,not_yet_labelled,
residential-0011__jurong-east-mrt,residential-0011__jurong-east-mrt__cp_024,1.324045,103.745968,1660.93,3107.5,0.2730547587076823,0.15869267781575522,0.21259180704752603,1.1444091796875e-05,0.1606292724609375,0.08969497680664062,0.0,1,High sky exposure + high road exposure / low greenery,1,-0.4374216898568132,-1.4035298073652687,False,,,False,not_yet_labelled,
residential-0011__jurong-east-mrt,residential-0011__jurong-east-mrt__cp_025,1.32513,103.745903,1781.79,3107.5,0.11762110392252605,0.4316202799479167,0.1672337849934896,0.1062761942545573,0.06190617879231771,0.008783976236979166,0.012841542561848959,3,High greenery + high road exposure / low built frontage,3,-0.3122273918905311,1.039616112027825,False,,,False,not_yet_labelled,
residential-0011__jurong-east-mrt,residential-0011__jurong-east-mrt__cp_026,1.325922,103.745885,1869.88,3107.5,0.1442845662434896,0.27222951253255206,0.3950246175130208,0.004131317138671875,0.1793492635091146,0.0005633036295572916,0.0,1,High sky exposure + high road exposure / low greenery,0,-0.5987476579037527,-0.78355994932636,False,,,False,not_yet_labelled,
residential-0011__jurong-east-mrt,residential-0011__jurong-east-mrt__cp_027,1.326569,103.745806,1942.36,3107.5,0.16395060221354166,0.5419650607638888,0.13333299424913195,0.04377916124131945,0.0673404269748264,0.040442572699652776,0.0,3,High greenery + high road exposure / low built frontage,2,-1.0275897203378968,0.8709366065914342,False,,,False,not_yet_labelled,
residential-0011__jurong-east-mrt,residential-0011__jurong-east-mrt__cp_028,1.327081,103.745692,2000.68,3107.5,0.2994299994574653,0.3743676079644097,0.13786146375868055,0.04926723904079861,0.08892822265625,0.046427408854166664,0.0,1,High sky exposure + high road exposure / low greenery,2,-0.764043088917401,-0.20216830073719647,False,,,False,not_yet_labelled,
residential-0011__jurong-east-mrt,residential-0011__jurong-east-mrt__cp_029,1.327982,103.745167,2116.63,3107.5,0.023729112413194444,0.018522474500868056,0.0819210476345486,0.004698011610243056,0.015896267361111112,0.8541497124565972,0.0,4,High vehicle presence + high road exposure / low greenery,4,-0.7627479431129249,-2.9462093013039987,False,,,False,not_yet_labelled,
residential-0011__jurong-east-mrt,residential-0011__jurong-east-mrt__cp_030,1.328366,103.744935,2166.51,3107.5,0.023729112413194444,0.018522474500868056,0.0819210476345486,0.004698011610243056,0.015896267361111112,0.8541497124565972,0.0,4,High vehicle presence + high road exposure / low greenery,4,-0.7627479431129249,-2.9462093013039987,False,,,False,not_yet_labelled,
residential-0011__jurong-east-mrt,residential-0011__jurong-east-mrt__cp_031,1.328576,103.744563,2214.0,3107.5,0.2816077338324653,0.3505486382378472,0.263885498046875,0.06108432345920139,0.003807915581597222,0.003490871853298611,0.0005154079861111111,1,High sky exposure + high road exposure / low greenery,0,-1.1214122357358274,-0.35017130046463874,False,,,False,not_yet_labelled,
residential-0011__jurong-east-mrt,residential-0011__jurong-east-mrt__cp_032,1.328907,103.74428,2262.42,3107.5,0.07956949869791667,0.2785864935980903,0.2766757541232639,0.018290201822916668,0.10576883951822917,0.24049546983506945,0.0,3,High greenery + high road exposure / low built frontage,1,-0.7348034079135534,-0.8561829641288405,False,,,False,not_yet_labelled,
residential-0011__jurong-east-mrt,residential-0011__jurong-east-mrt__cp_033,1.329437,103.743612,2357.22,3107.5,0.3218587239583333,0.3279469807942708,0.08342658148871528,0.018025716145833332,0.11951531304253472,0.1300082736545139,0.0,1,High sky exposure + high road exposure / low greenery,1,-0.7732726527288837,-0.7195383359776366,False,,,False,not_yet_labelled,
residential-0011__jurong-east-mrt,residential-0011__jurong-east-mrt__cp_034,1.329802,103.74312,2425.33,3107.5,0.028466542561848957,0.9040552775065104,0.0,0.027303059895833332,0.030680338541666668,0.00010045369466145833,0.0,3,High greenery + high road exposure / low built frontage,2,-1.6208168761693291,3.001198129277403,False,,,False,not_yet_labelled,
residential-0011__jurong-east-mrt,residential-0011__jurong-east-mrt__cp_035,1.330126,103.742816,2474.72,3107.5,0.028466542561848957,0.9040552775065104,0.0,0.027303059895833332,0.030680338541666668,0.00010045369466145833,0.0,3,High greenery + high road exposure / low built frontage,2,-1.6208168761693291,3.001198129277403,False,,,False,not_yet_labelled,
residential-0011__jurong-east-mrt,residential-0011__jurong-east-mrt__cp_036,1.330706,103.742745,2539.7,3107.5,0.060109456380208336,0.2521531846788194,0.3344048394097222,0.005499945746527778,0.3477308485243056,0.0,0.0,0,High built frontage + high pedestrian space / low greenery,0,0.39852547823710555,-0.3787639935585137,False,,,False,not_yet_labelled,
residential-0011__jurong-east-mrt,residential-0011__jurong-east-mrt__cp_037,1.330991,103.742444,2585.78,3107.5,0.060109456380208336,0.2521531846788194,0.3344048394097222,0.005499945746527778,0.3477308485243056,0.0,0.0,0,High built frontage + high pedestrian space / low greenery,0,0.39852547823710555,-0.3787639935585137,False,,,False,not_yet_labelled,
residential-0011__jurong-east-mrt,residential-0011__jurong-east-mrt__cp_038,1.33146,103.742127,2648.72,3107.5,0.16031265258789062,0.4589080810546875,0.11863072713216145,0.059832255045572914,0.021798451741536457,0.0,0.0,3,High greenery + high road exposure / low built frontage,2,-0.8406888783053963,0.9158428647398801,False,,,False,not_yet_labelled,
residential-0011__jurong-east-mrt,residential-0011__jurong-east-mrt__cp_039,1.331654,103.74238,2684.17,3107.5,0.16031265258789062,0.4589080810546875,0.11863072713216145,0.059832255045572914,0.021798451741536457,0.0,0.0,3,High greenery + high road exposure / low built frontage,2,-0.8406888783053963,0.9158428647398801,False,,,False,not_yet_labelled,
residential-0011__jurong-east-mrt,residential-0011__jurong-east-mrt__cp_040,1.33182,103.742761,2730.37,3107.5,0.042240142822265625,0.5715192159016927,0.23235321044921875,0.0018704732259114583,0.004140218098958333,0.0019658406575520835,0.0,3,High greenery + high road exposure / low built frontage,2,-1.565004252874062,1.097221465896757,False,,,False,not_yet_labelled,
residential-0011__jurong-east-mrt,residential-0011__jurong-east-mrt__cp_041,1.332205,103.742959,2778.51,3107.5,0.058568318684895836,0.3246192932128906,0.3091023763020833,0.028227488199869793,0.25364939371744794,0.007523854573567708,0.0,3,High greenery + high road exposure / low built frontage,0,0.04146012530381409,0.052155995994204514,False,,,False,not_yet_labelled,
residential-0012__dover-mrt,residential-0012__dover-mrt__cp_012,1.307139,103.776343,701.34,1817.0,0.030569712320963543,0.4692128499348958,0.03782526652018229,0.3432629903157552,0.02166748046875,0.00104522705078125,0.0026842753092447915,2,High pedestrian space + high built frontage / low road exposure,3,1.4500017788332953,3.1257477279428856,False,,,False,not_yet_labelled,
residential-0012__dover-mrt,residential-0012__dover-mrt__cp_013,1.307281,103.776809,755.49,1817.0,0.03251775105794271,0.15211995442708334,0.09750747680664062,0.3612658182779948,0.30899937947591144,0.006865183512369792,0.0037333170572916665,2,High pedestrian space + high built frontage / low road exposure,3,3.3701347514035596,1.9201386980439377,False,,,False,not_yet_labelled,
residential-0012__dover-mrt,residential-0012__dover-mrt__cp_014,1.307619,103.777219,814.57,1817.0,0.020723978678385418,0.712432861328125,0.1884918212890625,0.059612274169921875,0.0,0.0,0.0,3,High greenery + high road exposure / low built frontage,2,-1.3944950458260539,2.04276448365335,False,,,False,not_yet_labelled,
residential-0012__dover-mrt,residential-0012__dover-mrt__cp_015,1.307166,103.778267,941.49,1817.0,0.31069056193033856,0.6373710632324219,0.0,0.047840118408203125,0.004098256429036458,0.0,0.0,3,High greenery + high road exposure / low built frontage,2,-1.4638523960629415,1.163346034545713,False,,,False,not_yet_labelled,
residential-0012__dover-mrt,residential-0012__dover-mrt__cp_016,1.307103,103.77869,989.04,1817.0,0.07559839884440105,0.5585479736328125,0.004587809244791667,0.013907114664713541,0.1806208292643229,0.0,0.0,3,High greenery + high road exposure / low built frontage,0,-0.39146867849678696,1.6183031569951356,False,,,False,not_yet_labelled,
residential-0012__dover-mrt,residential-0012__dover-mrt__cp_017,1.306911,103.779148,1044.25,1817.0,0.21067937215169272,0.3547681172688802,0.27808380126953125,0.005124409993489583,0.11687978108723958,0.0002772013346354167,0.0,3,High greenery + high road exposure / low built frontage,0,-0.95115532692403,-0.4086147587356239,False,,,False,not_yet_labelled,
residential-0012__dover-mrt,residential-0012__dover-mrt__cp_018,1.307217,103.7794,1088.32,1817.0,0.10290781656901042,0.514947255452474,0.004730224609375,0.022551218668619793,0.000896453857421875,0.0,0.0,3,High greenery + high road exposure / low built frontage,2,-1.0152892641077964,1.4931835745762372,False,,,False,not_yet_labelled,
residential-0012__dover-mrt,residential-0012__dover-mrt__cp_019,1.307525,103.77964,1131.73,1817.0,0.08188247680664062,0.5369834899902344,0.14045079549153647,0.0,0.039638519287109375,0.0019900004069010415,0.0,3,High greenery + high road exposure / low built frontage,2,-1.2627913936381152,1.0913326758167368,False,,,False,not_yet_labelled,
residential-0012__dover-mrt,residential-0012__dover-mrt__cp_026,1.310357,103.778523,1495.61,1817.0,0.034367879231770836,0.6441701253255209,0.0,0.0,0.2866465250651042,0.0,0.0,3,High greenery + high road exposure / low built frontage,2,-0.17079366489495235,1.9457509494969976,False,,,False,not_yet_labelled,
residential-0012__dover-mrt,residential-0012__dover-mrt__cp_027,1.310821,103.778431,1548.21,1817.0,0.0,0.0,0.0,0.0,0.19135030110677084,0.0,0.025586446126302082,0,High built frontage + high pedestrian space / low greenery,0,0.9849562003928988,0.16864864352124112,False,,,False,not_yet_labelled,
residential-0012__dover-mrt,residential-0012__dover-mrt__cp_028,1.311156,103.778265,1589.78,1817.0,0.03266016642252604,0.012308756510416666,0.12932713826497397,0.0518646240234375,0.4548479715983073,0.0,0.002323150634765625,0,High built frontage + high pedestrian space / low greenery,0,2.1122606748825636,-0.17776907427184452,False,,,False,not_yet_labelled,
residential-0012__dover-mrt,residential-0012__dover-mrt__cp_029,1.311566,103.778366,1636.73,1817.0,0.015715281168619793,1.7801920572916668e-05,0.0,0.0,0.24022293090820312,0.0,0.043421427408854164,0,High built frontage + high pedestrian space / low greenery,0,1.15776403513617,0.08467757744165293,False,,,False,not_yet_labelled,
residential-0013__harbourfront-mrt,residential-0013__harbourfront-mrt__cp_000,1.270369,103.830385,0.0,1220.9,0.0034968058268229165,0.0016276041666666667,8.138020833333333e-05,0.0,0.5522753397623698,0.0,0.0,0,High built frontage + high pedestrian space / low greenery,0,2.453345081893751,0.008108973705496871,False,,,False,not_yet_labelled,
residential-0013__harbourfront-mrt,residential-0013__harbourfront-mrt__cp_001,1.269998,103.829897,68.15,1220.9,0.44445546468098956,0.005008697509765625,0.341339111328125,0.05084864298502604,0.15704981486002603,0.0,0.0,1,High sky exposure + high road exposure / low greenery,1,-0.18072836857176738,-2.4001437007982034,False,,,False,not_yet_labelled,
residential-0013__harbourfront-mrt,residential-0013__harbourfront-mrt__cp_002,1.269508,103.829332,151.3,1220.9,0.4909481472439236,0.030580308702256944,0.24312337239583334,0.0378875732421875,0.15469190809461805,0.017651028103298612,0.0,1,High sky exposure + high road exposure / low greenery,1,-0.26682833859586846,-2.3312371746202554,False,,,False,not_yet_labelled,
residential-0013__harbourfront-mrt,residential-0013__harbourfront-mrt__cp_003,1.269084,103.828859,221.93,1220.9,0.22260411580403647,0.09410349527994792,0.13221359252929688,0.0,0.0,0.0,0.0,1,High sky exposure + high road exposure / low greenery,0,-0.631868574932163,-0.7738566364050998,False,,,False,not_yet_labelled,
residential-0013__harbourfront-mrt,residential-0013__harbourfront-mrt__cp_004,1.26849,103.828341,309.55,1220.9,0.31193288167317706,0.044085184733072914,0.40571848551432294,0.004180908203125,0.23148345947265625,0.00145721435546875,0.0,1,High sky exposure + high road exposure / low greenery,1,-0.16944858774510738,-2.21206229894063,False,,,False,not_yet_labelled,
residential-0013__harbourfront-mrt,residential-0013__harbourfront-mrt__cp_005,1.268109,103.827994,366.85,1220.9,0.0,0.0,0.0,0.025630950927734375,0.31302515665690106,0.0,0.0,0,High built frontage + high pedestrian space / low greenery,0,1.659734332689858,0.24504263963164882,False,,,False,not_yet_labelled,
residential-0013__harbourfront-mrt,residential-0013__harbourfront-mrt__cp_006,1.267254,103.827211,495.75,1220.9,0.4415435791015625,0.111541748046875,0.2126125759548611,0.0,0.2047186957465278,5.086263020833333e-06,0.0,1,High sky exposure + high road exposure / low greenery,1,-0.3534822834217328,-1.9402745443153036,False,,,False,not_yet_labelled,
residential-0013__harbourfront-mrt,residential-0013__harbourfront-mrt__cp_007,1.26697,103.826891,543.32,1220.9,0.35285059611002606,0.10113779703776042,0.3652242024739583,0.013337453206380209,0.09588877360026042,0.017912546793619793,2.0345052083333332e-05,1,High sky exposure + high road exposure / low greenery,1,-0.81069911379002,-2.0333763609621816,False,,,False,not_yet_labelled,
residential-0013__harbourfront-mrt,residential-0013__harbourfront-mrt__cp_008,1.266652,103.826509,598.58,1220.9,0.20720799763997397,0.16115315755208334,0.1070556640625,0.16976801554361978,0.19659423828125,0.115997314453125,0.0005544026692708334,2,High pedestrian space + high built frontage / low road exposure,0,1.1438422755531947,-0.06572518397599902,False,,,False,not_yet_labelled,
residential-0013__harbourfront-mrt,residential-0013__harbourfront-mrt__cp_009,1.266282,103.82601,667.64,1220.9,0.2167426215277778,0.11043463812934028,0.056284586588541664,0.007880316840277778,0.4434729682074653,0.1572689480251736,0.00021531846788194444,0,High built frontage + high pedestrian space / low greenery,0,1.1888502223297517,-1.1502585905857885,False,,,False,not_yet_labelled,
residential-0013__harbourfront-mrt,residential-0013__harbourfront-mrt__cp_010,1.265945,103.825489,736.63,1220.9,0.5462816026475694,0.030259874131944444,0.20752461751302084,8.477105034722223e-06,0.19848463270399305,0.0008595784505208334,0.0,1,High sky exposure + high road exposure / low greenery,1,-0.3656365105615977,-2.5953088225149967,False,,,False,not_yet_labelled,
residential-0013__harbourfront-mrt,residential-0013__harbourfront-mrt__cp_011,1.265783,103.825038,789.9,1220.9,0.07169087727864583,0.028920491536458332,0.1285010443793403,0.023062811957465276,0.6817745632595487,0.06410386827256945,0.001934475368923611,0,High built frontage + high pedestrian space / low greenery,0,2.6760438287423605,-0.739809040049066,False,,,False,not_yet_labelled,
residential-0013__harbourfront-mrt,residential-0013__harbourfront-mrt__cp_012,1.265612,103.824474,855.42,1220.9,0.48980712890625,0.016320122612847224,0.2569020589192708,0.0029771592881944445,0.23155042860243055,0.001690334743923611,0.0006781684027777778,1,High sky exposure + high road exposure / low greenery,1,-0.1655971342835693,-2.5634890165240125,False,,,False,not_yet_labelled,
residential-0013__harbourfront-mrt,residential-0013__harbourfront-mrt__cp_013,1.26538,103.824072,907.02,1220.9,0.3259785970052083,0.0822156270345052,0.000316619873046875,0.0,0.19441604614257812,0.0,0.0,1,High sky exposure + high road exposure / low greenery,0,0.24024556617737966,-0.9025132864789485,False,,,False,not_yet_labelled,
residential-0013__harbourfront-mrt,residential-0013__harbourfront-mrt__cp_014,1.265581,103.823662,957.78,1220.9,0.2982927958170573,0.05339177449544271,0.0696563720703125,0.013437906901041666,0.29835764567057294,0.03900019327799479,0.0,1,High sky exposure + high road exposure / low greenery,0,0.7150367323076234,-1.2020372742718137,False,,,False,not_yet_labelled,
residential-0013__harbourfront-mrt,residential-0013__harbourfront-mrt__cp_015,1.2656,103.823017,1029.52,1220.9,0.0,0.0,0.0,0.0,1.0,0.0,0.0,0,High built frontage + high pedestrian space / low greenery,0,4.297227067507594,-0.16985960799971883,False,,,False,not_yet_labelled,
residential-0013__harbourfront-mrt,residential-0013__harbourfront-mrt__cp_016,1.26557,103.822401,1098.08,1220.9,0.0,0.0,0.0,0.0,0.529944101969401,1.52587890625e-05,0.015902201334635418,0,High built frontage + high pedestrian space / low greenery,0,2.371838941144021,0.026857994920547353,False,,,False,not_yet_labelled,
residential-0013__harbourfront-mrt,residential-0013__harbourfront-mrt__cp_017,1.265541,103.821843,1160.19,1220.9,0.0,0.0,0.0,0.0,0.33159128824869794,0.0,0.17347335815429688,0,High built frontage + high pedestrian space / low greenery,0,1.559390515673519,0.10994246776434481,False,,,False,not_yet_labelled,
residential-0013__harbourfront-mrt,residential-0013__harbourfront-mrt__cp_018,1.26553,103.821495,1198.9,1220.9,0.023899078369140625,0.5342725118001302,0.3206494649251302,0.00614166259765625,0.09592310587565105,0.001556396484375,0.0,3,High greenery + high road exposure / low built frontage,2,-1.1941574413789255,0.770071688678911,False,,,False,not_yet_labelled,
residential-0014__choa-chu-kang-mrt,residential-0014__choa-chu-kang-mrt__cp_000,1.382,103.737176,0.0,1143.5,0.20843336317274305,0.4126078287760417,0.2269744873046875,0.00726318359375,0.1347808837890625,0.0035603841145833335,0.0,3,High greenery + high road exposure / low built frontage,0,-0.9074612926559054,-0.07429419415202553,False,,,True,not_yet_labelled,
residential-0014__choa-chu-kang-mrt,residential-0014__choa-chu-kang-mrt__cp_001,1.381859,103.737592,48.83,1143.5,0.20843336317274305,0.4126078287760417,0.2269744873046875,0.00726318359375,0.1347808837890625,0.0035603841145833335,0.0,3,High greenery + high road exposure / low built frontage,0,-0.9074612926559054,-0.07429419415202553,False,,,True,not_yet_labelled,
residential-0014__choa-chu-kang-mrt,residential-0014__choa-chu-kang-mrt__cp_002,1.381176,103.73816,147.59,1143.5,0.13286844889322916,0.21171061197916666,0.2696126302083333,0.07875569661458333,0.1702660454644097,0.06687757703993055,0.005277845594618056,1,High sky exposure + high road exposure / low greenery,0,0.18917043176108145,-0.3863108934259797,False,,,True,not_yet_labelled,
residential-0014__choa-chu-kang-mrt,residential-0014__choa-chu-kang-mrt__cp_003,1.380761,103.738361,198.86,1143.5,0.2470330132378472,0.3115437825520833,0.0984836154513889,0.05340406629774305,0.199066162109375,0.06287638346354167,1.864963107638889e-05,1,High sky exposure + high road exposure / low greenery,0,0.0036786351440875648,-0.141262486763377,False,,,True,not_yet_labelled,
residential-0014__choa-chu-kang-mrt,residential-0014__choa-chu-kang-mrt__cp_004,1.381301,103.738992,291.2,1143.5,0.2319369845920139,0.3040873209635417,0.10736592610677083,0.025419447157118056,0.22495863172743055,0.049216376410590276,0.0005527072482638889,1,High sky exposure + high road exposure / low greenery,0,-0.041391800221266276,-0.2334232184308583,False,,,True,not_yet_labelled,
residential-0014__choa-chu-kang-mrt,residential-0014__choa-chu-kang-mrt__cp_005,1.381622,103.739311,341.51,1143.5,0.11058553059895833,0.4358893500434028,0.08464219835069445,0.020243326822916668,0.2266303168402778,0.058074951171875,0.0,3,High greenery + high road exposure / low built frontage,2,-0.1325496396159209,0.6710687918644915,False,,,True,not_yet_labelled,
residential-0014__choa-chu-kang-mrt,residential-0014__choa-chu-kang-mrt__cp_006,1.382104,103.739771,415.59,1143.5,0.17360941569010416,0.3432244194878472,0.1009402804904514,0.019495646158854168,0.2580634223090278,0.0706448025173611,0.0,3,High greenery + high road exposure / low built frontage,0,0.05474677385096922,0.024650741954591805,False,,,True,not_yet_labelled,
residential-0014__choa-chu-kang-mrt,residential-0014__choa-chu-kang-mrt__cp_007,1.382514,103.740187,480.53,1143.5,0.0662723117404514,0.4447309705946181,0.08665974934895833,0.00045945909288194444,0.3149736192491319,0.08614095052083333,0.0,3,High greenery + high road exposure / low built frontage,2,0.11888902286227103,0.6397522224190313,False,,,True,not_yet_labelled,
residential-0014__choa-chu-kang-mrt,residential-0014__choa-chu-kang-mrt__cp_008,1.382894,103.740566,540.2,1143.5,0.22911580403645834,0.3487837049696181,0.04525926378038195,0.0069732666015625,0.2043796115451389,0.16094462076822916,0.0,1,High sky exposure + high road exposure / low greenery,1,-0.35272494093973983,-0.35952807190544317,False,,,True,not_yet_labelled,
residential-0014__choa-chu-kang-mrt,residential-0014__choa-chu-kang-mrt__cp_009,1.383456,103.74118,632.74,1143.5,0.13017103407118055,0.3491566975911458,0.0836758083767361,0.007097032335069444,0.3128034803602431,0.1030086941189236,0.0,0,High built frontage + high pedestrian space / low greenery,0,0.253711163756303,0.07652166286389686,False,,,True,not_yet_labelled,
residential-0014__choa-chu-kang-mrt,residential-0014__choa-chu-kang-mrt__cp_010,1.3838,103.741662,698.57,1143.5,0.0,0.3987257215711806,0.2251739501953125,0.034630669487847224,0.3098517523871528,0.0,0.0,3,High greenery + high road exposure / low built frontage,0,0.39916766273123294,0.8070352068092521,False,,,True,not_yet_labelled,
residential-0014__choa-chu-kang-mrt,residential-0014__choa-chu-kang-mrt__cp_011,1.383911,103.742221,761.92,1143.5,0.2327050103081597,0.3500993516710069,0.1056399875217014,0.019097222222222224,0.12634107801649305,0.15803697374131945,0.0021820068359375,1,High sky exposure + high road exposure / low greenery,1,-0.6998214981681145,-0.45352001198368463,False,,,True,not_yet_labelled,
residential-0014__choa-chu-kang-mrt,residential-0014__choa-chu-kang-mrt__cp_012,1.383933,103.742661,810.9,1143.5,0.16534593370225695,0.2662573920355903,0.3637559678819444,0.010023328993055556,0.10298665364583333,0.07710944281684028,0.0096282958984375,1,High sky exposure + high road exposure / low greenery,0,-0.9146374374747297,-0.990774547609739,False,,,True,not_yet_labelled,
residential-0014__choa-chu-kang-mrt,residential-0014__choa-chu-kang-mrt__cp_013,1.384092,103.743057,858.33,1143.5,0.4476453993055556,0.0644412570529514,0.07920328776041667,0.0140533447265625,0.2227444118923611,0.1672753228081597,0.0,1,High sky exposure + high road exposure / low greenery,1,-0.017739781409795295,-2.2057403580416466,False,,,True,not_yet_labelled,
residential-0014__choa-chu-kang-mrt,residential-0014__choa-chu-kang-mrt__cp_014,1.384247,103.743523,912.93,1143.5,0.4718339708116319,0.1156344943576389,0.11244371202256945,0.023756239149305556,0.2434912787543403,0.029902140299479168,0.0,1,High sky exposure + high road exposure / low greenery,1,0.050717639927993184,-1.7416924341217361,False,,,True,not_yet_labelled,
residential-0014__choa-chu-kang-mrt,residential-0014__choa-chu-kang-mrt__cp_015,1.384356,103.744049,972.64,1143.5,0.2361382378472222,0.24410841200086805,0.06987847222222222,0.011296590169270834,0.3770226372612847,0.002755059136284722,0.0,0,High built frontage + high pedestrian space / low greenery,0,0.7256618840037532,-0.2919034378062707,False,,,True,not_yet_labelled,
residential-0014__choa-chu-kang-mrt,residential-0014__choa-chu-kang-mrt__cp_016,1.384581,103.744459,1024.63,1143.5,0.13578626844618055,0.0949740939670139,0.046468098958333336,0.03968641493055555,0.5823092990451388,0.06656731499565972,0.008400811089409722,0,High built frontage + high pedestrian space / low greenery,0,2.2586290745708393,-0.4295878735827102,False,,,True,not_yet_labelled,
residential-0014__choa-chu-kang-mrt,residential-0014__choa-chu-kang-mrt__cp_017,1.385082,103.74443,1080.44,1143.5,0.0020039876302083335,0.08049689398871528,0.013407389322916666,0.018369886610243056,0.7067548963758681,0.17778523763020834,0.0011817084418402778,0,High built frontage + high pedestrian space / low greenery,0,2.836157196216846,-0.36849275166040585,False,,,True,not_yet_labelled,
residential-0014__choa-chu-kang-mrt,residential-0014__choa-chu-kang-mrt__cp_018,1.385326,103.744419,1107.6,1143.5,0.0020039876302083335,0.08049689398871528,0.013407389322916666,0.018369886610243056,0.7067548963758681,0.17778523763020834,0.0011817084418402778,0,High built frontage + high pedestrian space / low greenery,0,2.836157196216846,-0.36849275166040585,False,,,True,not_yet_labelled,
residential-0015__queenstown-mrt,residential-0015__queenstown-mrt__cp_000,1.301687,103.811675,0.0,2672.8,0.1492886013454861,0.5236952039930556,0.041007147894965276,0.03758409288194445,0.20473734537760416,0.015875922309027776,0.0,3,High greenery + high road exposure / low built frontage,0,-0.25603720111910216,1.1553025990152146,False,,,True,not_yet_labelled,
residential-0015__queenstown-mrt,residential-0015__queenstown-mrt__cp_001,1.301743,103.8121,47.65,2672.8,0.14218648274739584,0.5878109402126737,0.11783006456163195,0.004280938042534722,0.026502821180555556,0.0,0.0001983642578125,3,High greenery + high road exposure / low built frontage,2,-1.4682281836406283,1.1051078765655098,False,,,True,not_yet_labelled,
residential-0015__queenstown-mrt,residential-0015__queenstown-mrt__cp_002,1.301252,103.812726,136.11,2672.8,0.1023525661892361,0.8182762993706597,0.00016445583767361112,0.030631171332465276,0.024056328667534724,0.0,5.086263020833333e-06,3,High greenery + high road exposure / low built frontage,2,-1.5558326137504674,2.461013284592056,False,,,True,not_yet_labelled,
residential-0015__queenstown-mrt,residential-0015__queenstown-mrt__cp_003,1.300981,103.813161,193.08,2672.8,0.2358856201171875,0.4962039523654514,0.1594967312282986,0.03445773654513889,0.014833238389756944,0.0,0.0,3,High greenery + high road exposure / low built frontage,2,-1.3320462145797811,0.4741773986292714,False,,,True,not_yet_labelled,
residential-0015__queenstown-mrt,residential-0015__queenstown-mrt__cp_004,1.301303,103.81336,235.17,2672.8,0.11712476942274305,0.6976996527777778,0.010292900933159722,0.0,0.05026584201388889,0.11182149251302083,0.0,3,High greenery + high road exposure / low built frontage,2,-1.5336860154685186,1.4585815391267885,False,,,True,not_yet_labelled,
residential-0015__queenstown-mrt,residential-0015__queenstown-mrt__cp_005,1.301031,103.813764,289.32,2672.8,0.0967135959201389,0.7245042588975694,0.029490152994791668,0.00043402777777777775,0.011437310112847222,0.08798895941840278,0.0,3,High greenery + high road exposure / low built frontage,2,-1.7259774761306004,1.6631617984438871,False,,,True,not_yet_labelled,
residential-0015__queenstown-mrt,residential-0015__queenstown-mrt__cp_006,1.300914,103.814572,380.08,2672.8,0.18362257215711805,0.5237172444661459,0.03433397081163195,0.020877414279513888,0.13969930013020834,0.07999504937065972,0.0,3,High greenery + high road exposure / low built frontage,2,-0.7483707142608803,0.7621797318612047,False,,,True,not_yet_labelled,
residential-0015__queenstown-mrt,residential-0015__queenstown-mrt__cp_007,1.300719,103.815025,434.9,2672.8,0.1433749728732639,0.5969458685980903,0.04560682508680555,0.044657389322916664,0.09546746148003472,0.06378173828125,0.0,3,High greenery + high road exposure / low built frontage,2,-0.8684849328002031,1.3046114366741828,False,,,True,not_yet_labelled,
residential-0015__queenstown-mrt,residential-0015__queenstown-mrt__cp_008,1.300568,103.815502,490.53,2672.8,0.036031087239583336,0.6497294108072916,0.1208377414279514,0.002231174045138889,0.1365237765842014,0.0,0.0,3,High greenery + high road exposure / low built frontage,2,-0.9950999761403025,1.6569902799928844,False,,,True,not_yet_labelled,
residential-0015__queenstown-mrt,residential-0015__queenstown-mrt__cp_009,1.300474,103.815879,533.72,2672.8,0.10338338216145833,0.1398493448893229,0.41327667236328125,0.0017140706380208333,0.3086814880371094,0.0164337158203125,0.0,0,High built frontage + high pedestrian space / low greenery,0,0.2438575192478102,-1.1967913290651164,False,,,True,not_yet_labelled,
residential-0015__queenstown-mrt,residential-0015__queenstown-mrt__cp_010,1.300457,103.81672,627.23,2672.8,0.005913628472222222,0.3262379964192708,0.00020345052083333334,0.0877651638454861,0.4670138888888889,0.0,0.0,0,High built frontage + high pedestrian space / low greenery,0,1.9547123967425593,1.4553157315342289,False,,,True,not_yet_labelled,
residential-0015__queenstown-mrt,residential-0015__queenstown-mrt__cp_011,1.30039,103.817376,700.53,2672.8,0.03278944227430555,0.5816158718532987,0.0037129720052083335,0.0822296142578125,0.2332119411892361,0.0,0.0,3,High greenery + high road exposure / low built frontage,0,0.316893408569125,2.1815992632558174,False,,,True,not_yet_labelled,
residential-0015__queenstown-mrt,residential-0015__queenstown-mrt__cp_012,1.299495,103.81719,802.18,2672.8,0.11064656575520833,0.2961612277560764,0.10594855414496528,0.0681271023220486,0.2289191351996528,0.0,0.0,0,High built frontage + high pedestrian space / low greenery,3,0.5486119801714056,0.6161939736951492,False,,,True,not_yet_labelled,
residential-0015__queenstown-mrt,residential-0015__queenstown-mrt__cp_013,1.298758,103.816957,888.12,2672.8,0.005128648546006944,0.7125430636935763,0.24496290418836805,0.0,0.00035942925347222225,0.0,0.0,3,High greenery + high road exposure / low built frontage,2,-1.8740864259934866,1.635651530094635,False,,,True,not_yet_labelled,
residential-0015__queenstown-mrt,residential-0015__queenstown-mrt__cp_014,1.297916,103.816805,983.26,2672.8,0.10979207356770833,0.2809821234809028,0.021206325954861112,0.024495442708333332,0.4158698187934028,0.0,0.0,0,High built frontage + high pedestrian space / low greenery,0,1.1971998105707196,0.5400178208536951,False,,,True,not_yet_labelled,
residential-0015__queenstown-mrt,residential-0015__queenstown-mrt__cp_015,1.297226,103.816693,1060.99,2672.8,0.22641160753038195,0.5136633978949653,0.1121402316623264,0.06326124403211805,0.050377739800347224,0.029588487413194444,0.0,3,High greenery + high road exposure / low built frontage,2,-0.9590619907590985,0.7387186299071756,False,,,True,not_yet_labelled,
residential-0015__queenstown-mrt,residential-0015__queenstown-mrt__cp_016,1.296825,103.816481,1111.43,2672.8,0.3682115342881944,0.3937445746527778,0.1695437961154514,0.0140228271484375,1.6954210069444444e-06,0.053046332465277776,0.0,1,High sky exposure + high road exposure / low greenery,1,-1.5964737765144588,-0.6797798796248161,False,,,True,not_yet_labelled,
residential-0015__queenstown-mrt,residential-0015__queenstown-mrt__cp_017,1.296803,103.815757,1191.95,2672.8,0.0692019992404514,0.7234514024522569,0.17430284288194445,0.0,0.030910915798611112,0.0,0.0,3,High greenery + high road exposure / low built frontage,2,-1.7633362532079837,1.6148347471313653,False,,,True,not_yet_labelled,
residential-0015__queenstown-mrt,residential-0015__queenstown-mrt__cp_028,1.296786,103.808741,1978.49,2672.8,0.2985721164279514,0.3089836968315972,0.049262152777777776,0.022962782118055556,0.2235039605034722,0.07756720648871528,0.00010172526041666667,1,High sky exposure + high road exposure / low greenery,0,-0.11868877782550129,-0.41729705831632363,False,,,True,not_yet_labelled,
residential-0015__queenstown-mrt,residential-0015__queenstown-mrt__cp_029,1.295133,103.808306,2168.55,2672.8,0.004031711154513889,0.2696567111545139,0.0,0.051751030815972224,0.3719397650824653,0.0,0.002738104926215278,0,High built frontage + high pedestrian space / low greenery,0,1.4516119977950999,1.1526373993371553,False,,,True,not_yet_labelled,
residential-0015__queenstown-mrt,residential-0015__queenstown-mrt__cp_030,1.294805,103.808048,2214.95,2672.8,0.009468926323784722,0.8368106418185763,0.007590399848090278,0.0,0.09067620171440972,0.0033586290147569445,0.0,3,High greenery + high road exposure / low built frontage,2,-1.3910873077846486,2.678549832059565,False,,,True,not_yet_labelled,
residential-0015__queenstown-mrt,residential-0015__queenstown-mrt__cp_031,1.29449,103.80738,2297.05,2672.8,0.0761142306857639,0.4319610595703125,0.11164008246527778,0.10530259874131945,0.18781534830729166,0.0004679361979166667,0.0,3,High greenery + high road exposure / low built frontage,3,0.37251987673236886,1.350951553866685,False,,,True,not_yet_labelled,
residential-0015__queenstown-mrt,residential-0015__queenstown-mrt__cp_032,1.293938,103.806954,2374.58,2672.8,0.014713287353515625,0.06167793273925781,0.10615730285644531,0.18046188354492188,0.1019287109375,0.0063915252685546875,0.06143951416015625,2,High pedestrian space + high built frontage / low road exposure,3,1.5028230521893384,0.8809531476595657,False,,,True,not_yet_labelled,
residential-0015__queenstown-mrt,residential-0015__queenstown-mrt__cp_033,1.293775,103.806501,2428.1,2672.8,0.2902984619140625,0.43152618408203125,0.012546539306640625,0.0016428629557291667,0.4288953145345052,0.004273732503255208,5.2134195963541664e-05,0,High built frontage + high pedestrian space / low greenery,0,0.44274615487915664,0.16014806659619613,False,,,True,not_yet_labelled,
residential-0015__queenstown-mrt,residential-0015__queenstown-mrt__cp_034,1.294101,103.806206,2476.98,2672.8,0.11509535047743055,0.2704755995008681,0.0074615478515625,0.06135898166232639,0.3889668782552083,0.1491021050347222,0.0,0,High built frontage + high pedestrian space / low greenery,0,1.233619927512207,0.21389256700086606,False,,,True,not_yet_labelled,
residential-0015__queenstown-mrt,residential-0015__queenstown-mrt__cp_035,1.294752,103.805797,2562.46,2672.8,0.0,0.012706756591796875,1.71661376953125e-05,0.1437816619873047,0.2641010284423828,0.0,0.0334320068359375,2,High pedestrian space + high built frontage / low road exposure,3,2.2431009604255885,0.8909970305662035,False,,,True,not_yet_labelled,
residential-0015__queenstown-mrt,residential-0015__queenstown-mrt__cp_036,1.29478,103.805779,2566.17,2672.8,0.0,0.012706756591796875,1.71661376953125e-05,0.1437816619873047,0.2641010284423828,0.0,0.0334320068359375,2,High pedestrian space + high built frontage / low road exposure,3,2.2431009604255885,0.8909970305662035,False,,,True,not_yet_labelled,
residential-0016__oasis-mrt,residential-0016__oasis-mrt__cp_007,1.415307,103.915475,660.4,2729.8,0.023754543728298612,0.774078369140625,0.0,0.0,0.09607103135850695,0.021976047092013888,0.08412000868055555,3,High greenery + high road exposure / low built frontage,2,-1.2541792520097146,2.3878156404177946,True,0.0,0.06508264462809918,True,not_yet_labelled,
residential-0016__oasis-mrt,residential-0016__oasis-mrt__cp_008,1.41599,103.915193,742.57,2729.8,0.011330922444661459,0.5999984741210938,0.0,0.2602272033691406,0.0010846455891927083,0.0,0.003966013590494792,2,High pedestrian space + high built frontage / low road exposure,3,0.5923978628556437,3.3170898106990094,True,0.0,0.06508264462809918,True,not_yet_labelled,
residential-0016__oasis-mrt,residential-0016__oasis-mrt__cp_009,1.416195,103.914189,856.48,2729.8,0.5063285827636719,0.2540728251139323,0.08681360880533855,0.0,0.0,0.0,0.0,1,High sky exposure + high road exposure / low greenery,1,-1.4159579095459869,-1.2956675460047564,False,113.90999999999997,0.2334710743801653,True,not_yet_labelled,
residential-0016__oasis-mrt,residential-0016__oasis-mrt__cp_010,1.415864,103.91409,894.89,2729.8,0.4647064208984375,0.05839729309082031,0.3526191711425781,0.002635955810546875,0.029630661010742188,0.000469207763671875,0.05904197692871094,1,High sky exposure + high road exposure / low greenery,1,-1.2128243364428188,-2.542520929091963,False,152.31999999999994,0.2727272727272727,True,not_yet_labelled,
residential-0016__oasis-mrt,residential-0016__oasis-mrt__cp_011,1.415297,103.914193,958.97,2729.8,0.46954917907714844,0.04233741760253906,0.34702491760253906,9.1552734375e-05,0.009569168090820312,0.0005741119384765625,0.06426239013671875,1,High sky exposure + high road exposure / low greenery,1,-1.2743016532433167,-2.5982145035920183,False,216.39999999999998,0.3367768595041322,True,not_yet_labelled,
residential-0016__oasis-mrt,residential-0016__oasis-mrt__cp_021,1.40296,103.913303,2529.35,2729.8,0.11107889811197917,0.05293104383680555,0.048482259114583336,0.021950615776909724,0.6281568739149306,0.1074863009982639,0.0,0,High built frontage + high pedestrian space / low greenery,0,2.4208330747449613,-0.7106706088668534,False,1786.7799999999997,0.9483471074380165,True,not_yet_labelled,
residential-0016__oasis-mrt,residential-0016__oasis-mrt__cp_022,1.40252,103.912986,2589.65,2729.8,0.0680881076388889,0.056543986002604164,0.0344390869140625,0.051640828450520836,0.6719021267361112,0.1090884738498264,0.004458957248263889,0,High built frontage + high pedestrian space / low greenery,0,2.893512334990816,-0.3587713862294527,False,1847.08,0.9566115702479339,True,not_yet_labelled,
residential-0016__oasis-mrt,residential-0016__oasis-mrt__cp_023,1.402312,103.91269,2629.87,2729.8,0.0718875461154514,0.1397213406032986,0.23593648274739584,0.08669365776909722,0.3850640190972222,0.0637783474392361,0.003024631076388889,0,High built frontage + high pedestrian space / low greenery,0,1.4570848743319127,-0.294227817478563,False,1887.2999999999997,0.9648760330578512,True,not_yet_labelled,
residential-0017__canberra-mrt,residential-0017__canberra-mrt__cp_000,1.456992,103.833194,0.0,2220.8,0.3055572509765625,0.5575018988715278,0.08531019422743055,0.0,0.003501044379340278,0.04621717664930555,0.0,3,High greenery + high road exposure / low built frontage,2,-1.7951096118840668,0.28300761588045265,False,,,True,not_yet_labelled,
residential-0017__canberra-mrt,residential-0017__canberra-mrt__cp_001,1.456214,103.833954,120.92,2220.8,0.1560211181640625,0.5431128607855903,0.12228902180989583,0.021662394205729168,0.10764227973090278,0.04557630750868055,0.0,3,High greenery + high road exposure / low built frontage,2,-0.9894919334841135,0.7962851575772463,False,,,True,not_yet_labelled,
residential-0017__canberra-mrt,residential-0017__canberra-mrt__cp_002,1.455765,103.833599,184.56,2220.8,0.1531405978732639,0.6813490125868056,0.07074991861979167,0.017730712890625,0.019417656792534724,0.057612101236979164,0.0,3,High greenery + high road exposure / low built frontage,2,-1.61448725282111,1.3629761716775066,False,,,True,not_yet_labelled,
residential-0017__canberra-mrt,residential-0017__canberra-mrt__cp_003,1.455301,103.833278,247.29,2220.8,0.1329379611545139,0.6559160020616319,0.0990108913845486,0.00010342068142361111,0.0,0.08647664388020833,0.0,3,High greenery + high road exposure / low built frontage,2,-1.798636348030658,1.1021816113820373,False,,,True,not_yet_labelled,
residential-0017__canberra-mrt,residential-0017__canberra-mrt__cp_004,1.454871,103.833035,302.2,2220.8,0.1924896240234375,0.5539669460720487,0.1455196804470486,0.0,0.021430121527777776,0.057596842447916664,0.0,3,High greenery + high road exposure / low built frontage,2,-1.632125937526254,0.4974493299795429,False,,,True,not_yet_labelled,
residential-0017__canberra-mrt,residential-0017__canberra-mrt__cp_005,1.454608,103.832613,357.48,2220.8,0.3211313883463542,0.4276512993706597,0.06676567925347222,0.028167724609375,0.06735907660590278,0.0887112087673611,0.0,1,High sky exposure + high road exposure / low greenery,1,-1.0766717812560944,-0.14908691869065557,False,,,True,not_yet_labelled,
residential-0017__canberra-mrt,residential-0017__canberra-mrt__cp_009,1.453552,103.831584,608.68,2220.8,0.17799546983506945,0.5805731879340278,0.16871134440104166,0.004918416341145833,0.05421617296006945,0.0017310248480902778,0.0,3,High greenery + high road exposure / low built frontage,2,-1.4856240317785157,0.7669446393397988,False,,,True,not_yet_labelled,
residential-0017__canberra-mrt,residential-0017__canberra-mrt__cp_010,1.453093,103.831283,669.7,2220.8,0.2889946831597222,0.4420589870876736,0.1970977783203125,0.025377061631944444,0.015309651692708334,0.0258941650390625,0.0,3,High greenery + high road exposure / low built frontage,2,-1.4504155473705145,-0.15487542730515566,False,,,True,not_yet_labelled,
residential-0017__canberra-mrt,residential-0017__canberra-mrt__cp_011,1.452812,103.830887,723.68,2220.8,0.3685641818576389,0.3147328694661458,0.16118367513020834,0.024731106228298612,0.07493760850694445,0.055182562934027776,0.0,1,High sky exposure + high road exposure / low greenery,1,-1.0217745766863229,-0.8808023247420514,False,,,True,not_yet_labelled,
residential-0017__canberra-mrt,residential-0017__canberra-mrt__cp_012,1.452348,103.830277,808.89,2220.8,0.30859375,0.3969794379340278,0.16923353407118055,0.02587890625,0.05485704210069445,0.029700385199652776,1.864963107638889e-05,1,High sky exposure + high road exposure / low greenery,2,-1.1705752122810864,-0.3121304310378569,False,,,True,not_yet_labelled,
residential-0017__canberra-mrt,residential-0017__canberra-mrt__cp_013,1.451825,103.829618,902.42,2220.8,0.5205790201822916,0.17144605848524305,0.1434292263454861,0.1127438015407986,0.053314208984375,0.001925998263888889,9.663899739583333e-05,1,High sky exposure + high road exposure / low greenery,1,-0.355641715780154,-1.2477056465754524,False,,,True,not_yet_labelled,
residential-0017__canberra-mrt,residential-0017__canberra-mrt__cp_014,1.451494,103.829555,939.89,2220.8,0.4366675482855903,0.023427327473958332,0.3891703287760417,0.015887790256076388,0.1135440402560764,0.006510416666666667,0.0016038682725694445,1,High sky exposure + high road exposure / low greenery,1,-0.7175910651457978,-2.638011098389861,False,,,True,not_yet_labelled,
residential-0017__canberra-mrt,residential-0017__canberra-mrt__cp_015,1.450858,103.83001,1026.83,2220.8,0.4130910237630208,0.06243896484375,0.2779744466145833,0.10897996690538195,0.1287841796875,0.0022684733072916665,0.0,1,High sky exposure + high road exposure / low greenery,1,0.13299112296644888,-1.6105212835599352,False,,,True,not_yet_labelled,
residential-0017__canberra-mrt,residential-0017__canberra-mrt__cp_022,1.447626,103.829202,1482.2,2220.8,0.40024757385253906,0.18352317810058594,0.2111358642578125,0.027042388916015625,0.13788986206054688,0.0023670196533203125,0.040836334228515625,1,High sky exposure + high road exposure / low greenery,1,-0.5351197879936518,-1.3958674403604847,False,,,True,not_yet_labelled,
residential-0017__canberra-mrt,residential-0017__canberra-mrt__cp_023,1.447257,103.82941,1529.3,2220.8,0.42237091064453125,0.15423583984375,0.2957916259765625,0.00063323974609375,0.08270263671875,0.0059757232666015625,0.03899955749511719,1,High sky exposure + high road exposure / low greenery,1,-1.0637956653544578,-1.9559119126082292,False,,,True,not_yet_labelled,
residential-0017__canberra-mrt,residential-0017__canberra-mrt__cp_024,1.446848,103.829687,1584.22,2220.8,0.42578887939453125,0.08844757080078125,0.34508705139160156,0.0001697540283203125,0.0841522216796875,0.0052547454833984375,0.04711723327636719,1,High sky exposure + high road exposure / low greenery,1,-0.9997666271644442,-2.3220464064075967,False,,,True,not_yet_labelled,
residential-0017__canberra-mrt,residential-0017__canberra-mrt__cp_025,1.446408,103.829942,1640.76,2220.8,0.41492652893066406,0.1574878692626953,0.27522850036621094,0.0047740936279296875,0.09288406372070312,0.007232666015625,0.04679298400878906,1,High sky exposure + high road exposure / low greenery,1,-0.9538078025154572,-1.8404657313990858,False,,,True,not_yet_labelled,
residential-0017__canberra-mrt,residential-0017__canberra-mrt__cp_026,1.445999,103.830213,1695.31,2220.8,0.39487266540527344,0.09139823913574219,0.1708526611328125,0.048675537109375,0.2088184356689453,0.0,0.04653739929199219,1,High sky exposure + high road exposure / low greenery,1,0.19819673779919583,-1.4437032214058678,False,,,True,not_yet_labelled,
residential-0017__canberra-mrt,residential-0017__canberra-mrt__cp_027,1.44552,103.830455,1754.98,2220.8,0.3626079559326172,0.034572601318359375,0.3901844024658203,0.001255035400390625,0.15040016174316406,0.0077228546142578125,0.04416656494140625,1,High sky exposure + high road exposure / low greenery,1,-0.5671621187713746,-2.399998533022325,False,,,True,not_yet_labelled,
residential-0017__canberra-mrt,residential-0017__canberra-mrt__cp_028,1.445104,103.830698,1808.55,2220.8,0.3965587615966797,0.06534194946289062,0.3707542419433594,0.0217132568359375,0.10068130493164062,0.002201080322265625,0.04020118713378906,1,High sky exposure + high road exposure / low greenery,1,-0.7210571646171597,-2.24262894117239,False,,,True,not_yet_labelled,
residential-0017__canberra-mrt,residential-0017__canberra-mrt__cp_029,1.444667,103.830991,1867.05,2220.8,0.4050712585449219,0.005840301513671875,0.4312934875488281,0.01224517822265625,0.10463905334472656,0.0006656646728515625,0.03981971740722656,1,High sky exposure + high road exposure / low greenery,1,-0.7507441608439533,-2.6879725655651185,False,,,True,not_yet_labelled,
residential-0017__canberra-mrt,residential-0017__canberra-mrt__cp_030,1.444116,103.830301,1965.21,2220.8,0.25695228576660156,0.06362342834472656,0.2538127899169922,0.020093917846679688,0.3347511291503906,0.0020465850830078125,0.0458221435546875,1,High sky exposure + high road exposure / low greenery,0,0.6758056661746308,-1.427835947523374,False,,,True,not_yet_labelled,
residential-0017__canberra-mrt,residential-0017__canberra-mrt__cp_031,1.44384,103.829912,2018.24,2220.8,0.6285739474826388,0.017830742730034724,0.12852308485243055,0.0004696316189236111,0.1275092230902778,0.025200737847222224,0.0017225477430555555,1,High sky exposure + high road exposure / low greenery,1,-0.6548003616217881,-2.773343134074334,False,,,True,not_yet_labelled,
residential-0017__canberra-mrt,residential-0017__canberra-mrt__cp_032,1.443488,103.830092,2062.2,2220.8,0.5535329182942709,0.00018649631076388888,0.10481940375434028,0.03680759006076389,0.19952223036024305,0.08758375379774305,0.004006279839409722,1,High sky exposure + high road exposure / low greenery,1,0.04145880594941784,-2.513077314749948,False,,,True,not_yet_labelled,
residential-0017__canberra-mrt,residential-0017__canberra-mrt__cp_033,1.443207,103.829837,2104.39,2220.8,0.2772369384765625,0.008550008138020834,0.2466193305121528,2.0345052083333332e-05,0.1337500678168403,0.0,0.0,1,High sky exposure + high road exposure / low greenery,1,-0.1794171727198667,-1.6635044418983083,False,,,True,not_yet_labelled,
residential-0017__canberra-mrt,residential-0017__canberra-mrt__cp_034,1.443183,103.829793,2109.96,2220.8,0.2772369384765625,0.008550008138020834,0.2466193305121528,2.0345052083333332e-05,0.1337500678168403,0.0,0.0,1,High sky exposure + high road exposure / low greenery,1,-0.1794171727198667,-1.6635044418983083,False,,,True,not_yet_labelled,
residential-0018__khatib-mrt,residential-0018__khatib-mrt__cp_000,1.42396,103.829459,0.0,990.4,0.18603346082899305,0.5669301350911459,0.1024814181857639,0.021950615776909724,0.05987548828125,0.04102918836805555,0.0005933973524305555,3,High greenery + high road exposure / low built frontage,2,-1.2516099295022702,0.8452924701181619,False,,,True,not_yet_labelled,
residential-0018__khatib-mrt,residential-0018__khatib-mrt__cp_001,1.423589,103.829864,61.06,990.4,0.3218027750651042,0.3410000271267361,0.1252899169921875,0.0796356201171875,0.10685221354166667,0.014051649305555556,0.0,1,High sky exposure + high road exposure / low greenery,0,-0.390136388704419,-0.1011878195148074,False,,,True,not_yet_labelled,
residential-0018__khatib-mrt,residential-0018__khatib-mrt__cp_002,1.423117,103.830541,152.81,990.4,0.23093668619791666,0.4010484483506944,0.1563873291015625,0.0354156494140625,0.11483256022135417,0.05352952745225695,0.0005849202473958334,3,High greenery + high road exposure / low built frontage,2,-0.7346797924351381,-0.00519272614244329,False,,,True,not_yet_labelled,
residential-0018__khatib-mrt,residential-0018__khatib-mrt__cp_003,1.422891,103.831121,222.01,990.4,0.3207058376736111,0.24333021375868055,0.1497260199652778,0.005106608072916667,0.16565450032552084,0.08893500434027778,0.01690673828125,1,High sky exposure + high road exposure / low greenery,0,-0.5504541809063827,-1.1194978442878512,False,,,True,not_yet_labelled,
residential-0018__khatib-mrt,residential-0018__khatib-mrt__cp_004,1.422065,103.831363,317.72,990.4,0.16743299696180555,0.4347890218098958,0.23647901746961805,0.019254896375868056,0.0702328152126736,0.0,0.0017988416883680555,3,High greenery + high road exposure / low built frontage,2,-1.0821460727390093,0.22833484270327192,False,,,True,not_yet_labelled,
residential-0018__khatib-mrt,residential-0018__khatib-mrt__cp_005,1.421496,103.831361,380.99,990.4,0.2976396348741319,0.2874196370442708,0.11424933539496528,0.0263671875,0.1804436577690972,0.08252461751302083,0.0008951822916666666,1,High sky exposure + high road exposure / low greenery,0,-0.337527509747897,-0.6615244420754538,False,,,True,not_yet_labelled,
residential-0018__khatib-mrt,residential-0018__khatib-mrt__cp_006,1.420729,103.831406,466.42,990.4,0.0817684597439236,0.5785963270399306,0.2553066677517361,0.0,0.07646687825520833,1.0172526041666666e-05,0.0,3,High greenery + high road exposure / low built frontage,2,-1.4045022935566995,0.8551162199188981,False,,,True,not_yet_labelled,
residential-0018__khatib-mrt,residential-0018__khatib-mrt__cp_007,1.420268,103.83155,520.12,990.4,0.2581549750434028,0.4004753960503472,0.1257561577690972,0.012654622395833334,0.10091484917534722,0.07314046223958333,1.1867947048611111e-05,1,High sky exposure + high road exposure / low greenery,1,-0.9605497705042957,-0.1967837451702504,False,,,True,not_yet_labelled,
residential-0018__khatib-mrt,residential-0018__khatib-mrt__cp_008,1.419732,103.831765,584.33,990.4,0.3083157009548611,0.18238661024305555,0.12471686469184028,0.035103691948784724,0.2785017225477431,0.06254408094618055,6.103515625e-05,1,High sky exposure + high road exposure / low greenery,0,0.34946265609359906,-0.9852974148601942,False,,,True,not_yet_labelled,
residential-0018__khatib-mrt,residential-0018__khatib-mrt__cp_009,1.419203,103.831991,648.3,990.4,0.0806121826171875,0.11110432942708333,0.3159281412760417,0.029408772786458332,0.4454396565755208,0.002999199761284722,0.00274658203125,0,High built frontage + high pedestrian space / low greenery,0,1.2820949499059129,-0.7653565785342852,False,,,True,not_yet_labelled,
residential-0018__khatib-mrt,residential-0018__khatib-mrt__cp_010,1.418847,103.832268,698.45,990.4,0.22662862141927084,0.20937093098958334,0.10373433430989583,0.042414347330729164,0.3245442708333333,0.08939107259114583,0.0,0,High built frontage + high pedestrian space / low greenery,0,0.6782271755947357,-0.582912538737429,False,,,True,not_yet_labelled,
residential-0018__khatib-mrt,residential-0018__khatib-mrt__cp_011,1.418617,103.832664,749.36,990.4,0.03224521213107639,0.0012664794921875,0.1861945258246528,0.0911373562282986,0.4852396647135417,0.0,0.1613650851779514,0,High built frontage + high pedestrian space / low greenery,0,2.4348488063623575,-0.20270758245910503,False,,,True,not_yet_labelled,
residential-0018__khatib-mrt,residential-0018__khatib-mrt__cp_012,1.418382,103.833135,807.87,990.4,0.1814693874782986,0.006384955512152778,0.2253451877170139,0.1267734103732639,0.4274868435329861,0.0032094319661458335,0.009824964735243056,0,High built frontage + high pedestrian space / low greenery,0,2.1012948072534927,-0.7213203901652199,False,,,True,not_yet_labelled,
residential-0018__khatib-mrt,residential-0018__khatib-mrt__cp_013,1.418171,103.833548,859.43,990.4,0.1949242485894097,0.027552286783854168,0.19464619954427084,0.013278537326388888,0.2785186767578125,0.06312730577256945,0.0,1,High sky exposure + high road exposure / low greenery,1,0.6322852315947973,-1.322979224047684,False,,,True,not_yet_labelled,
residential-0018__khatib-mrt,residential-0018__khatib-mrt__cp_014,1.417585,103.833279,931.12,990.4,0.3729604085286458,0.246734619140625,0.20284525553385416,0.007792154947916667,0.021375020345052082,0.022496541341145832,0.0,1,High sky exposure + high road exposure / low greenery,1,-1.2485866782223907,-1.1836241342444946,False,,,True,not_yet_labelled,
residential-0018__khatib-mrt,residential-0018__khatib-mrt__cp_015,1.417278,103.833078,971.92,990.4,0.2784411112467448,0.28369140625,0.1028149922688802,0.041051228841145836,0.14545059204101562,0.038799285888671875,0.0,1,High sky exposure + high road exposure / low greenery,0,-0.27525100729345037,-0.3228782595685696,False,,,True,not_yet_labelled,
residential-0019__labrador-park-mrt,residential-0019__labrador-park-mrt__cp_005,1.274577,103.802179,365.34,675.3,0.3007621765136719,0.08932240804036458,0.007790883382161458,0.0,0.36605072021484375,0.0,0.0,0,High built frontage + high pedestrian space / low greenery,0,0.9578057352226218,-0.8738454866782208,False,243.51000000000005,0.3615702479338843,True,not_yet_labelled,
residential-0019__labrador-park-mrt,residential-0019__labrador-park-mrt__cp_006,1.274052,103.802231,424.0,675.3,0.1099395751953125,0.49623362223307294,0.0987866719563802,0.18723551432291666,0.0755615234375,0.0,0.0264129638671875,2,High pedestrian space + high built frontage / low road exposure,3,0.2921403688283672,1.904564861908193,False,184.85000000000002,0.3037190082644628,True,not_yet_labelled,
residential-0019__labrador-park-mrt,residential-0019__labrador-park-mrt__cp_007,1.273275,103.802326,511.05,675.3,0.15178426106770834,0.3044598897298177,0.0858929951985677,0.10895156860351562,0.25124486287434894,0.0,0.0,2,High pedestrian space + high built frontage / low road exposure,3,0.8650008899786839,0.7303360116252028,False,97.80000000000001,0.2128099173553719,True,not_yet_labelled,
residential-0019__labrador-park-mrt,residential-0019__labrador-park-mrt__cp_008,1.272843,103.80233,559.08,675.3,0.11298751831054688,0.08833567301432292,0.28221766153971356,0.05836359659830729,0.40541330973307294,0.04695002237955729,0.0,0,High built frontage + high pedestrian space / low greenery,0,1.328946176783701,-0.851045745326719,False,49.76999999999998,0.1487603305785124,True,not_yet_labelled,
residential-0019__labrador-park-mrt,residential-0019__labrador-park-mrt__cp_009,1.272398,103.802378,608.85,675.3,0.2864345974392361,0.2930806477864583,0.3344082302517361,0.030005560980902776,0.022932264539930556,0.011798434787326388,0.0,1,High sky exposure + high road exposure / low greenery,1,-1.2628812499744666,-0.9525802235390455,True,0.0,0.06508264462809918,True,not_yet_labelled,
residential-0019__labrador-park-mrt,residential-0019__labrador-park-mrt__cp_010,1.272119,103.802291,641.35,675.3,0.000979953342013889,0.0152587890625,0.23235914442274305,0.1624823676215278,0.4854092068142361,0.007798936631944444,0.0004306369357638889,0,High built frontage + high pedestrian space / low greenery,0,2.8611500087695254,0.15150477044065,True,0.0,0.06508264462809918,True,not_yet_labelled,
residential-0020__woodleigh-mrt,residential-0020__woodleigh-mrt__cp_000,1.341302,103.865968,0.0,1111.3,0.033954620361328125,0.4264945983886719,0.0,0.0003763834635416667,0.17790603637695312,1.9073486328125e-05,0.0,3,High greenery + high road exposure / low built frontage,0,-0.11066264201588565,1.333779933741655,False,,,False,not_yet_labelled,
residential-0020__woodleigh-mrt,residential-0020__woodleigh-mrt__cp_001,1.34109,103.866564,70.32,1111.3,0.0022430419921875,0.7735519409179688,0.0,0.18864568074544272,0.0,0.0,0.0,2,High pedestrian space + high built frontage / low road exposure,3,-0.28930299114322044,3.5256953551569175,False,,,False,not_yet_labelled,
residential-0020__woodleigh-mrt,residential-0020__woodleigh-mrt__cp_003,1.3417,103.867736,221.49,1111.3,0.030451456705729168,0.8697090148925781,0.07337697347005208,0.004404703776041667,0.0,0.021798451741536457,0.00032806396484375,3,High greenery + high road exposure / low built frontage,2,-1.976434606004945,2.4874103559413423,False,,,False,not_yet_labelled,
residential-0020__woodleigh-mrt,residential-0020__woodleigh-mrt__cp_004,1.341993,103.868064,270.39,1111.3,0.030451456705729168,0.8697090148925781,0.07337697347005208,0.004404703776041667,0.0,0.021798451741536457,0.00032806396484375,3,High greenery + high road exposure / low built frontage,2,-1.976434606004945,2.4874103559413423,False,,,False,not_yet_labelled,
residential-0020__woodleigh-mrt,residential-0020__woodleigh-mrt__cp_005,1.342555,103.868392,342.74,1111.3,0.2356906467013889,0.5338202582465278,0.07393052842881945,0.008380466037326388,0.0989990234375,0.00299072265625,0.0,3,High greenery + high road exposure / low built frontage,2,-1.1081254151379734,0.6781994973151755,False,,,False,not_yet_labelled,
residential-0020__woodleigh-mrt,residential-0020__woodleigh-mrt__cp_006,1.342423,103.869404,456.19,1111.3,0.14344618055555555,0.7430759006076388,0.09308878580729167,0.0007358127170138889,0.006793551974826389,0.0020887586805555555,0.0,3,High greenery + high road exposure / low built frontage,2,-1.8930379867152936,1.6313101595634663,False,,,False,not_yet_labelled,
residential-0020__woodleigh-mrt,residential-0020__woodleigh-mrt__cp_007,1.342443,103.869918,513.37,1111.3,0.22634718153211805,0.5711483425564237,0.0006934271918402778,0.0,0.045600043402777776,0.00019666883680555556,0.0,3,High greenery + high road exposure / low built frontage,2,-1.3249776172136165,1.0455793270271891,False,,,False,not_yet_labelled,
residential-0020__woodleigh-mrt,residential-0020__woodleigh-mrt__cp_008,1.342629,103.870409,571.74,1111.3,0.13654073079427084,0.4280615912543403,0.14564683702256945,0.008951822916666666,0.2757500542534722,0.004002888997395833,0.0,3,High greenery + high road exposure / low built frontage,0,-0.08877515071773356,0.4622276035044066,False,,,False,not_yet_labelled,
residential-0020__woodleigh-mrt,residential-0020__woodleigh-mrt__cp_009,1.342841,103.870834,624.54,1111.3,0.2972581651475694,0.15330674913194445,0.19394938151041666,0.0350341796875,0.2846527099609375,0.015287611219618056,0.0,1,High sky exposure + high road exposure / low greenery,1,0.38698066981246304,-1.0839022800994438,False,,,False,not_yet_labelled,
residential-0020__woodleigh-mrt,residential-0020__woodleigh-mrt__cp_010,1.342553,103.870946,658.9,1111.3,0.13107130262586805,0.5642106797960069,0.2852274576822917,0.0011681450737847222,0.0031890869140625,0.008021036783854166,0.0,3,High greenery + high road exposure / low built frontage,2,-1.8087757785961036,0.5287903151717798,False,,,False,not_yet_labelled,
residential-0020__woodleigh-mrt,residential-0020__woodleigh-mrt__cp_011,1.342086,103.871011,711.33,1111.3,0.07498677571614583,0.5050337049696181,0.09287007649739583,0.026818169487847224,0.0008375379774305555,0.2990570068359375,0.00019666883680555556,3,High greenery + high road exposure / low built frontage,1,-1.359770438294052,0.30323173955348187,False,,,False,not_yet_labelled,
residential-0020__woodleigh-mrt,residential-0020__woodleigh-mrt__cp_012,1.341282,103.871009,800.73,1111.3,0.20242818196614584,0.4940016004774306,0.2414584689670139,0.017294989691840276,0.018792046440972224,0.0026092529296875,0.0,3,High greenery + high road exposure / low built frontage,2,-1.5149992297090673,0.2540968177597409,False,,,False,not_yet_labelled,
residential-0020__woodleigh-mrt,residential-0020__woodleigh-mrt__cp_013,1.340849,103.871052,849.11,1111.3,0.3295203314887153,0.13709513346354166,0.228729248046875,0.021421644422743056,0.08465406629774305,0.0,0.0,1,High sky exposure + high road exposure / low greenery,1,-0.5898255968072136,-1.3025929594912655,False,,,False,not_yet_labelled,
residential-0020__woodleigh-mrt,residential-0020__woodleigh-mrt__cp_014,1.340145,103.870884,929.59,1111.3,0.2257232666015625,0.2777591281467014,0.1584845648871528,0.008400811089409722,0.2350531684027778,0.04394361707899305,0.011728922526041666,1,High sky exposure + high road exposure / low greenery,0,-0.12887873150748202,-0.5167089850380466,False,,,False,not_yet_labelled,
residential-0020__woodleigh-mrt,residential-0020__woodleigh-mrt__cp_015,1.339525,103.87086,998.58,1111.3,0.2847985161675347,0.2443169487847222,0.21146138509114584,0.06689283582899305,0.1371951633029514,0.021470811631944444,0.0,1,High sky exposure + high road exposure / low greenery,1,-0.22242155568485542,-0.6123252319029998,False,,,False,not_yet_labelled,
residential-0020__woodleigh-mrt,residential-0020__woodleigh-mrt__cp_016,1.338991,103.870803,1058.3,1111.3,0.3798268636067708,0.3071577284071181,0.0355072021484375,0.009760538736979166,0.24873182508680555,0.0,0.0,1,High sky exposure + high road exposure / low greenery,0,-0.1436564030556888,-0.5201202706943727,False,,,False,not_yet_labelled,
residential-0021__khatib-mrt,residential-0021__khatib-mrt__cp_007,1.416379,103.824228,483.62,2627.8,0.2531568739149306,0.5100046793619791,0.1659817165798611,0.009779188368055556,0.002475314670138889,0.045298258463541664,0.0,3,High greenery + high road exposure / low built frontage,2,-1.6699221104515651,0.15397848726150376,False,,,True,not_yet_labelled,
residential-0021__khatib-mrt,residential-0021__khatib-mrt__cp_008,1.414478,103.823498,710.04,2627.8,0.3037957085503472,0.4309980604383681,0.10546705457899305,0.0,0.001797146267361111,0.15799458821614584,0.0,1,High sky exposure + high road exposure / low greenery,1,-1.651363696728276,-0.5374835111449706,False,,,True,not_yet_labelled,
residential-0021__khatib-mrt,residential-0021__khatib-mrt__cp_009,1.413705,103.823348,797.59,2627.8,0.3206600613064236,0.4282209608289931,0.12493048773871528,0.061228434244791664,0.015240139431423612,0.045923868815104164,0.001263088650173611,1,High sky exposure + high road exposure / low greenery,2,-1.121880899386976,0.00736868827338139,False,,,True,not_yet_labelled,
residential-0021__khatib-mrt,residential-0021__khatib-mrt__cp_010,1.413009,103.823931,898.54,2627.8,0.21129417419433594,0.5160160064697266,0.07002830505371094,0.08852577209472656,0.0086517333984375,0.00098419189453125,0.058742523193359375,3,High greenery + high road exposure / low built frontage,2,-0.8344045208019669,1.177678259485573,False,,,True,not_yet_labelled,
residential-0021__khatib-mrt,residential-0021__khatib-mrt__cp_016,1.410373,103.828915,1533.04,2627.8,0.08601188659667969,0.7118282318115234,0.015539169311523438,0.12145805358886719,0.0,0.005123138427734375,0.0115814208984375,3,High greenery + high road exposure / low built frontage,3,-0.7868743805672506,2.600211019721342,False,,,True,not_yet_labelled,
residential-0021__khatib-mrt,residential-0021__khatib-mrt__cp_017,1.410345,103.829483,1596.26,2627.8,0.2146275838216146,0.29741668701171875,0.19908269246419272,0.006504058837890625,0.14362589518229166,0.113433837890625,0.0,1,High sky exposure + high road exposure / low greenery,1,-0.6806919948724712,-0.7460424038107583,False,,,True,not_yet_labelled,
residential-0021__khatib-mrt,residential-0021__khatib-mrt__cp_018,1.410822,103.829784,1658.97,2627.8,0.15378952026367188,0.4479319254557292,0.16254679361979166,0.018886566162109375,0.11704635620117188,0.036966959635416664,0.001750946044921875,3,High greenery + high road exposure / low built frontage,0,-0.8077977517062989,0.4037800168434912,False,,,True,not_yet_labelled,
residential-0021__khatib-mrt,residential-0021__khatib-mrt__cp_019,1.411407,103.830093,1732.53,2627.8,0.22503280639648438,0.4108899434407552,0.23952865600585938,0.013159434000651041,0.0693804423014323,0.04228083292643229,0.0,3,High greenery + high road exposure / low built frontage,0,-1.2192754355083684,-0.2610514547333316,False,,,True,not_yet_labelled,
residential-0021__khatib-mrt,residential-0021__khatib-mrt__cp_020,1.411858,103.830323,1788.82,2627.8,0.07162729899088542,0.5143610636393229,0.24803034464518228,0.022228240966796875,0.12549972534179688,0.018383026123046875,0.0,3,High greenery + high road exposure / low built frontage,2,-0.8902234599918323,0.7506457331281265,False,,,True,not_yet_labelled,
residential-0021__khatib-mrt,residential-0021__khatib-mrt__cp_021,1.412232,103.830547,1837.3,2627.8,0.1289850870768229,0.5303878784179688,0.0322723388671875,0.0004908243815104166,0.08882395426432292,0.21350606282552084,0.0,3,High greenery + high road exposure / low built frontage,1,-1.1444631126728968,0.47353309830379053,False,,,True,not_yet_labelled,
residential-0021__khatib-mrt,residential-0021__khatib-mrt__cp_022,1.412726,103.830829,1900.54,2627.8,0.24359258015950522,0.5361467997233073,0.14226659138997397,0.00016530354817708334,0.0709393819173177,0.0,0.0,3,High greenery + high road exposure / low built frontage,2,-1.413993672020758,0.42360928546222665,False,,,True,not_yet_labelled,
residential-0021__khatib-mrt,residential-0021__khatib-mrt__cp_023,1.41323,103.831092,1963.75,2627.8,0.22647603352864584,0.4691658020019531,0.09902572631835938,0.011753082275390625,0.09412892659505208,0.030592600504557293,1.2715657552083334e-05,3,High greenery + high road exposure / low built frontage,2,-1.0100710693558854,0.36618029456106166,False,,,True,not_yet_labelled,
residential-0021__khatib-mrt,residential-0021__khatib-mrt__cp_024,1.413657,103.831298,2016.46,2627.8,0.027130126953125,0.3636360168457031,0.106842041015625,0.0,0.18701680501302084,0.26078033447265625,0.0,3,High greenery + high road exposure / low built frontage,1,-0.358960682405629,-0.05600247303761574,False,,,True,not_yet_labelled,
residential-0021__khatib-mrt,residential-0021__khatib-mrt__cp_025,1.41399,103.831182,2055.67,2627.8,0.13684209187825522,0.47334543863932294,0.19734064737955728,0.004047393798828125,0.1780548095703125,0.0,0.0,3,High greenery + high road exposure / low built frontage,0,-0.7132067614905233,0.4692250536824729,False,,,True,not_yet_labelled,
residential-0021__khatib-mrt,residential-0021__khatib-mrt__cp_026,1.41409,103.831519,2094.75,2627.8,0.0888824462890625,0.5700594584147135,0.18463007609049478,0.006069183349609375,0.15032196044921875,0.0,0.0,3,High greenery + high road exposure / low built frontage,2,-0.930627688094128,1.017757544195607,False,,,True,not_yet_labelled,
residential-0021__khatib-mrt,residential-0021__khatib-mrt__cp_027,1.415175,103.832053,2229.21,2627.8,0.012213389078776041,0.5575218200683594,0.09403228759765625,0.006945292154947917,0.10749435424804688,0.21347681681315103,7.883707682291667e-05,3,High greenery + high road exposure / low built frontage,1,-0.9898637070834382,0.8620438477399162,False,,,True,not_yet_labelled,
residential-0021__khatib-mrt,residential-0021__khatib-mrt__cp_028,1.415723,103.832331,2297.53,2627.8,0.1668701171875,0.41307957967122394,0.0967864990234375,5.086263020833333e-06,0.17454147338867188,0.08507919311523438,0.0,3,High greenery + high road exposure / low built frontage,2,-0.5778888956526106,0.16564831705626906,False,,,True,not_yet_labelled,
residential-0021__khatib-mrt,residential-0021__khatib-mrt__cp_029,1.416196,103.832593,2357.65,2627.8,0.19546000162760416,0.3657328287760417,0.20715967814127603,0.00927734375,0.11798095703125,0.048268636067708336,4.57763671875e-05,3,High greenery + high road exposure / low built frontage,0,-0.8411541614332352,-0.23877176944234593,False,,,True,not_yet_labelled,
residential-0021__khatib-mrt,residential-0021__khatib-mrt__cp_030,1.416831,103.832858,2434.16,2627.8,0.4648907979329427,0.1758397420247396,0.05847040812174479,0.00206756591796875,0.17121505737304688,0.00853729248046875,0.0,1,High sky exposure + high road exposure / low greenery,1,-0.4071585927163636,-1.3687354584357647,False,,,True,not_yet_labelled,
residential-0021__khatib-mrt,residential-0021__khatib-mrt__cp_031,1.417255,103.833124,2489.81,2627.8,0.2784411112467448,0.28369140625,0.1028149922688802,0.041051228841145836,0.14545059204101562,0.038799285888671875,0.0,1,High sky exposure + high road exposure / low greenery,0,-0.27525100729345037,-0.3228782595685696,False,,,True,not_yet_labelled,
residential-0021__khatib-mrt,residential-0021__khatib-mrt__cp_032,1.417278,103.833078,2495.53,2627.8,0.2784411112467448,0.28369140625,0.1028149922688802,0.041051228841145836,0.14545059204101562,0.038799285888671875,0.0,1,High sky exposure + high road exposure / low greenery,0,-0.27525100729345037,-0.3228782595685696,False,,,True,not_yet_labelled,
residential-0022__bedok-north-mrt,residential-0022__bedok-north-mrt__cp_000,1.332007,103.91651,0.0,1633.2,0.1350428263346354,0.4805094401041667,0.18093744913736978,0.0,0.0,0.20351028442382812,0.0,3,High greenery + high road exposure / low built frontage,1,-1.6545084180919514,-0.09221965734735944,False,,,True,not_yet_labelled,
residential-0022__bedok-north-mrt,residential-0022__bedok-north-mrt__cp_001,1.331958,103.916033,53.3,1633.2,0.1350428263346354,0.4805094401041667,0.18093744913736978,0.0,0.0,0.20351028442382812,0.0,3,High greenery + high road exposure / low built frontage,1,-1.6545084180919514,-0.09221965734735944,False,,,True,not_yet_labelled,
residential-0022__bedok-north-mrt,residential-0022__bedok-north-mrt__cp_002,1.331716,103.915527,115.66,1633.2,0.1350428263346354,0.4805094401041667,0.18093744913736978,0.0,0.0,0.20351028442382812,0.0,3,High greenery + high road exposure / low built frontage,1,-1.6545084180919514,-0.09221965734735944,False,,,True,not_yet_labelled,
residential-0022__bedok-north-mrt,residential-0022__bedok-north-mrt__cp_003,1.331322,103.915502,159.56,1633.2,0.1350428263346354,0.4805094401041667,0.18093744913736978,0.0,0.0,0.20351028442382812,0.0,3,High greenery + high road exposure / low built frontage,1,-1.6545084180919514,-0.09221965734735944,False,,,True,not_yet_labelled,
residential-0022__bedok-north-mrt,residential-0022__bedok-north-mrt__cp_004,1.33142,103.915861,200.93,1633.2,0.1350428263346354,0.4805094401041667,0.18093744913736978,0.0,0.0,0.20351028442382812,0.0,3,High greenery + high road exposure / low built frontage,1,-1.6545084180919514,-0.09221965734735944,False,,,True,not_yet_labelled,
residential-0022__bedok-north-mrt,residential-0022__bedok-north-mrt__cp_005,1.331557,103.91638,260.6,1633.2,0.1350428263346354,0.4805094401041667,0.18093744913736978,0.0,0.0,0.20351028442382812,0.0,3,High greenery + high road exposure / low built frontage,1,-1.6545084180919514,-0.09221965734735944,False,,,True,not_yet_labelled,
residential-0022__bedok-north-mrt,residential-0022__bedok-north-mrt__cp_006,1.331569,103.916844,312.2,1633.2,0.1173858642578125,0.4005635579427083,0.19665357801649305,0.0007832845052083334,0.17196824815538195,0.049214680989583336,0.0003475613064236111,3,High greenery + high road exposure / low built frontage,0,-0.6057868035050373,0.1471793168410732,False,,,True,not_yet_labelled,
residential-0022__bedok-north-mrt,residential-0022__bedok-north-mrt__cp_007,1.331822,103.917254,365.76,1633.2,0.11264546712239583,0.6007283528645834,0.1511145697699653,0.0,0.032892862955729164,0.028845893012152776,0.0,3,High greenery + high road exposure / low built frontage,2,-1.5357330853071174,1.0385981022062156,False,,,True,not_yet_labelled,
residential-0022__bedok-north-mrt,residential-0022__bedok-north-mrt__cp_008,1.332045,103.917612,412.65,1633.2,0.18829854329427084,0.4527448018391927,0.27275848388671875,0.000812530517578125,0.0,0.0772260030110677,0.0,3,High greenery + high road exposure / low built frontage,0,-1.712778182028217,-0.23962507639972974,False,,,True,not_yet_labelled,
residential-0022__bedok-north-mrt,residential-0022__bedok-north-mrt__cp_009,1.332297,103.917977,461.96,1633.2,0.050786336263020836,0.6826731363932291,0.1731177435980903,0.0013902452256944445,0.0037519666883680555,0.027111477322048612,0.0,3,High greenery + high road exposure / low built frontage,2,-1.7633654979692168,1.4947776065762741,False,,,True,not_yet_labelled,
residential-0022__bedok-north-mrt,residential-0022__bedok-north-mrt__cp_010,1.332973,103.918461,554.4,1633.2,0.24998643663194445,0.1432223849826389,0.1402774386935764,0.00014071994357638888,0.19976298014322916,0.028303358289930556,0.0,1,High sky exposure + high road exposure / low greenery,1,-0.015263137067178856,-0.9400004567865204,False,,,True,not_yet_labelled,
residential-0022__bedok-north-mrt,residential-0022__bedok-north-mrt__cp_011,1.333135,103.918605,578.5,1633.2,0.22168138292100695,0.3414171006944444,0.1608123779296875,0.000979953342013889,0.1729956732855903,0.03127712673611111,0.0,1,High sky exposure + high road exposure / low greenery,2,-0.5656230236100026,-0.2818445254219079,False,,,True,not_yet_labelled,
residential-0022__bedok-north-mrt,residential-0022__bedok-north-mrt__cp_012,1.333733,103.918604,644.99,1633.2,0.2520972357855903,0.3342624240451389,0.1561737060546875,0.004906548394097222,0.15718248155381945,0.060465494791666664,0.0,1,High sky exposure + high road exposure / low greenery,2,-0.6603023491978537,-0.4859140738382135,False,,,True,not_yet_labelled,
residential-0022__bedok-north-mrt,residential-0022__bedok-north-mrt__cp_013,1.334295,103.918457,709.58,1633.2,0.03786341349283854,0.3843180338541667,0.034915924072265625,0.17984771728515625,0.34538014729817706,0.005764007568359375,0.0,2,High pedestrian space + high built frontage / low road exposure,3,1.8349339031719938,1.883998305414657,False,,,True,not_yet_labelled,
residential-0022__bedok-north-mrt,residential-0022__bedok-north-mrt__cp_014,1.334682,103.918357,754.03,1633.2,0.19638697306315103,0.2773399353027344,0.11201985677083333,0.20366287231445312,0.12798945109049478,0.027169545491536457,0.0,2,High pedestrian space + high built frontage / low road exposure,3,0.9251555708293162,0.8162038811557335,False,,,True,not_yet_labelled,
residential-0022__bedok-north-mrt,residential-0022__bedok-north-mrt__cp_015,1.335177,103.918192,812.05,1633.2,0.2567274305555556,0.3573082817925347,0.14622328016493055,0.025577121310763888,0.1535373263888889,0.03191799587673611,0.0,1,High sky exposure + high road exposure / low greenery,2,-0.5490651443207847,-0.2021867258015689,False,,,True,not_yet_labelled,
residential-0022__bedok-north-mrt,residential-0022__bedok-north-mrt__cp_016,1.335933,103.918085,896.95,1633.2,0.09802754720052083,0.5777248806423612,0.19179789225260416,0.00013054741753472222,0.0478668212890625,0.004601372612847222,0.0,3,High greenery + high road exposure / low built frontage,2,-1.4416536816418424,0.9795878191002463,False,,,True,not_yet_labelled,
residential-0022__bedok-north-mrt,residential-0022__bedok-north-mrt__cp_017,1.336391,103.918031,948.23,1633.2,0.14061143663194445,0.5440317789713541,0.17979261610243055,0.001827663845486111,0.07915412055121528,0.004067314995659722,0.0,3,High greenery + high road exposure / low built frontage,2,-1.2768616593856195,0.7392330430589121,False,,,True,not_yet_labelled,
residential-0022__bedok-north-mrt,residential-0022__bedok-north-mrt__cp_018,1.337038,103.917969,1020.5,1633.2,0.08855523003472222,0.6162736680772569,0.1619720458984375,0.004954020182291667,0.10599263509114583,0.012117173936631944,0.0,3,High greenery + high road exposure / low built frontage,2,-1.1985990006200524,1.2009252581817498,False,,,True,not_yet_labelled,
residential-0022__bedok-north-mrt,residential-0022__bedok-north-mrt__cp_019,1.3377,103.91787,1094.93,1633.2,0.2801344129774306,0.31207275390625,0.1349673800998264,0.016004774305555556,0.03301832411024305,0.10052998860677083,0.0,1,High sky exposure + high road exposure / low greenery,1,-1.0925906845893831,-0.6310832862325706,False,,,True,not_yet_labelled,
residential-0022__bedok-north-mrt,residential-0022__bedok-north-mrt__cp_020,1.337982,103.917755,1128.79,1633.2,0.2724151611328125,0.4000956217447917,0.1728329128689236,0.034581502278645836,0.0229034423828125,0.0743289523654514,0.0,1,High sky exposure + high road exposure / low greenery,2,-1.2357150141428885,-0.2633496215107523,False,,,True,not_yet_labelled,
residential-0022__bedok-north-mrt,residential-0022__bedok-north-mrt__cp_021,1.337222,103.918014,1218.07,1633.2,0.1225925021701389,0.4819810655381944,0.1540001763237847,0.015570746527777778,0.17761400010850695,0.008251614040798612,0.00020005967881944444,3,High greenery + high road exposure / low built frontage,2,-0.5639481595341523,0.7160394315115811,False,,,True,not_yet_labelled,
residential-0022__bedok-north-mrt,residential-0022__bedok-north-mrt__cp_022,1.336345,103.918079,1315.85,1633.2,0.18752882215711805,0.4864315456814236,0.13115098741319445,0.0822414822048611,0.09116956922743055,6.103515625e-05,0.0,3,High greenery + high road exposure / low built frontage,2,-0.5348857583245218,0.932775538192669,False,,,True,not_yet_labelled,
residential-0022__bedok-north-mrt,residential-0022__bedok-north-mrt__cp_023,1.335579,103.918149,1401.38,1633.2,0.0756869845920139,0.2656114366319444,0.288970947265625,0.008085462782118056,0.015385945638020834,0.3261650933159722,0.0,1,High sky exposure + high road exposure / low greenery,1,-1.2436364086894718,-1.2234572909669676,False,,,True,not_yet_labelled,
residential-0022__bedok-north-mrt,residential-0022__bedok-north-mrt__cp_024,1.335051,103.918268,1461.57,1633.2,0.3104604085286458,0.2371097140842014,0.2463802761501736,0.023508707682291668,0.12006293402777778,0.0380859375,0.0,1,High sky exposure + high road exposure / low greenery,1,-0.6958321955197951,-1.1108840767706227,False,,,True,not_yet_labelled,
residential-0022__bedok-north-mrt,residential-0022__bedok-north-mrt__cp_025,1.33451,103.918488,1526.5,1633.2,0.2769758436414931,0.1026763916015625,0.2354973687065972,0.029863145616319444,0.15870157877604166,0.15455457899305555,0.0066375732421875,1,High sky exposure + high road exposure / low greenery,1,-0.22052925450309546,-1.7327179023592887,False,,,True,not_yet_labelled,
residential-0023__commonwealth-mrt,residential-0023__commonwealth-mrt__cp_000,1.296678,103.795373,0.0,1240.5,0.08591545952690972,0.6458079020182291,0.0786777072482639,0.0027940538194444445,0.03255038791232639,0.06575690375434028,0.0017479790581597222,3,High greenery + high road exposure / low built frontage,2,-1.486231535939524,1.3949789938827868,False,,,False,not_yet_labelled,
residential-0023__commonwealth-mrt,residential-0023__commonwealth-mrt__cp_007,1.299738,103.797374,557.93,1240.5,0.08603074815538195,0.16851298014322916,0.04565768771701389,0.22120496961805555,0.4409756130642361,0.031731499565972224,0.0,2,High pedestrian space + high built frontage / low road exposure,3,2.881278025727826,1.077425078683288,False,,,False,not_yet_labelled,
residential-0023__commonwealth-mrt,residential-0023__commonwealth-mrt__cp_008,1.300271,103.797068,626.27,1240.5,0.1401214599609375,0.5168134901258681,0.09764268663194445,0.020631578233506944,0.11898295084635417,0.0776095920138889,0.0,3,High greenery + high road exposure / low built frontage,2,-0.8505012177938307,0.7374404175615056,False,,,False,not_yet_labelled,
residential-0023__commonwealth-mrt,residential-0023__commonwealth-mrt__cp_009,1.300731,103.796996,678.04,1240.5,0.10082499186197917,0.6353132459852431,0.002109103732638889,0.0652652316623264,0.1396755642361111,0.0,0.0,3,High greenery + high road exposure / low built frontage,0,-0.4224517915710045,2.029282860158179,False,,,False,not_yet_labelled,
residential-0023__commonwealth-mrt,residential-0023__commonwealth-mrt__cp_010,1.301175,103.796742,734.92,1240.5,0.17552354600694445,0.2172393798828125,0.029301961263020832,0.1473609076605903,0.3908114963107639,0.03976270887586805,0.0,2,High pedestrian space + high built frontage / low road exposure,0,1.919950224222491,0.5405709030769809,False,,,False,not_yet_labelled,
residential-0023__commonwealth-mrt,residential-0023__commonwealth-mrt__cp_011,1.302063,103.796251,847.74,1240.5,0.26007080078125,0.4298248291015625,0.23542022705078125,0.021539052327473957,0.03719965616861979,0.006186167399088542,1.2715657552083334e-05,3,High greenery + high road exposure / low built frontage,2,-1.3556372645277863,-0.15414842387811245,False,,,False,not_yet_labelled,
residential-0023__commonwealth-mrt,residential-0023__commonwealth-mrt__cp_012,1.302462,103.796576,904.96,1240.5,0.2748752170138889,0.21134440104166666,0.09783935546875,0.04318576388888889,0.2707841661241319,0.10275946723090278,0.0,1,High sky exposure + high road exposure / low greenery,0,0.3719746997749006,-0.77323468508027,False,,,False,not_yet_labelled,
residential-0023__commonwealth-mrt,residential-0023__commonwealth-mrt__cp_013,1.302884,103.797073,977.44,1240.5,0.23168055216471353,0.32573572794596356,0.2701683044433594,0.016773223876953125,0.07263946533203125,0.013902028401692709,0.006960550944010417,1,High sky exposure + high road exposure / low greenery,1,-1.021379515841593,-0.5274718079907622,False,,,False,not_yet_labelled,
residential-0023__commonwealth-mrt,residential-0023__commonwealth-mrt__cp_014,1.302913,103.797549,1030.46,1240.5,0.42702484130859375,0.19665400187174478,0.0806287129720052,0.047009785970052086,0.0909716288248698,0.011372884114583334,0.0,1,High sky exposure + high road exposure / low greenery,1,-0.44981235378074585,-0.9735768835614727,False,,,False,not_yet_labelled,
residential-0023__commonwealth-mrt,residential-0023__commonwealth-mrt__cp_015,1.302493,103.798062,1104.17,1240.5,0.33489100138346356,0.06701914469401042,0.08973439534505208,0.03508758544921875,0.41105016072591144,0.0271148681640625,0.0,1,High sky exposure + high road exposure / low greenery,0,1.207416289951413,-1.269648432033439,False,,,False,not_yet_labelled,
residential-0023__commonwealth-mrt,residential-0023__commonwealth-mrt__cp_016,1.302286,103.798302,1139.4,1240.5,0.34425099690755206,0.12792841593424478,0.08567174275716145,0.025951385498046875,0.3589591979980469,0.05241521199544271,0.00015004475911458334,1,High sky exposure + high road exposure / low greenery,0,0.7566310359929853,-1.220070766839237,False,,,False,not_yet_labelled,
residential-0024__bedok-mrt,residential-0024__bedok-mrt__cp_001,1.321458,103.932535,103.95,753.6,0.05720689561631945,0.3864203559027778,0.2485843234592014,0.012975056966145834,0.1728905571831597,0.09877692328559028,0.0,3,High greenery + high road exposure / low built frontage,0,-0.5191149754508689,0.07821646774581058,False,,,True,not_yet_labelled,
residential-0024__bedok-mrt,residential-0024__bedok-mrt__cp_002,1.322066,103.932411,172.95,753.6,0.10503641764322917,0.3134138319227431,0.333251953125,0.013083563910590278,0.19811503092447916,0.024707370334201388,0.004031711154513889,3,High greenery + high road exposure / low built frontage,0,-0.4037921004206941,-0.3550505631605052,False,,,True,not_yet_labelled,
residential-0024__bedok-mrt,residential-0024__bedok-mrt__cp_003,1.322844,103.932256,261.16,753.6,0.20636155870225695,0.5480465359157987,0.15992906358506945,0.030342949761284724,0.047292073567708336,0.007892184787326388,8.646647135416667e-05,3,High greenery + high road exposure / low built frontage,2,-1.304141997570301,0.6886827835824938,False,,,True,not_yet_labelled,
residential-0024__bedok-mrt,residential-0024__bedok-mrt__cp_004,1.32338,103.932193,321.17,753.6,0.125946044921875,0.5406511094835069,0.15621778700086805,0.06675211588541667,0.08529154459635417,0.012981838650173612,0.0,3,High greenery + high road exposure / low built frontage,2,-0.7395443948625766,1.1505200639458022,False,,,True,not_yet_labelled,
residential-0024__bedok-mrt,residential-0024__bedok-mrt__cp_005,1.323818,103.932192,369.87,753.6,0.14738633897569445,0.4724714491102431,0.11505635579427083,0.12099711100260417,0.1299099392361111,0.014675564236111112,0.0,3,High greenery + high road exposure / low built frontage,3,0.006091675719763621,1.2287820606720459,False,,,True,not_yet_labelled,
residential-0024__bedok-mrt,residential-0024__bedok-mrt__cp_006,1.324067,103.931848,417.08,753.6,0.42208226521809894,0.43395233154296875,0.0042877197265625,0.024678548177083332,0.07057444254557292,0.0004730224609375,0.0,1,High sky exposure + high road exposure / low greenery,2,-1.0832475598217444,-0.06263239188111826,False,,,True,not_yet_labelled,
residential-0024__bedok-mrt,residential-0024__bedok-mrt__cp_007,1.324412,103.931664,460.56,753.6,0.21429443359375,0.21588134765625,0.009553697374131944,0.0015496148003472222,0.51422119140625,0.032903035481770836,0.0,0,High built frontage + high pedestrian space / low greenery,0,1.3985385265087196,-0.3120153855056567,False,,,True,not_yet_labelled,
residential-0024__bedok-mrt,residential-0024__bedok-mrt__cp_008,1.324263,103.931051,530.69,753.6,0.2833277036536621,0.290936727518386,0.0,0.0002047156244082439,0.41224864759740626,0.0,0.000632059490360453,0,High built frontage + high pedestrian space / low greenery,0,0.7270581706056858,-0.18541090427193713,False,,,True,not_yet_labelled,
residential-0024__bedok-mrt,residential-0024__bedok-mrt__cp_009,1.324222,103.930614,579.48,753.6,0.30310067402619334,0.020800386912530132,0.06890727917581489,0.00011259359342453415,0.5694254656000982,0.0032652142093114902,0.0005335400961139857,0,High built frontage + high pedestrian space / low greenery,0,1.8367322616552666,-1.3756769198196364,False,,,True,not_yet_labelled,
residential-0024__bedok-mrt,residential-0024__bedok-mrt__cp_010,1.324129,103.929932,656.0,753.6,0.24920484754774305,0.023037380642361112,0.0182647705078125,0.011569552951388888,0.6863132052951388,0.010713365342881944,0.0,0,High built frontage + high pedestrian space / low greenery,0,2.5632614171877437,-1.012095733977491,False,,,True,not_yet_labelled,
residential-0024__bedok-mrt,residential-0024__bedok-mrt__cp_011,1.324033,103.929425,713.36,753.6,0.2351413302951389,0.09118821885850695,0.1567535400390625,0.015770806206597224,0.5131072998046875,0.0,0.013271755642361112,0,High built frontage + high pedestrian space / low greenery,0,1.5208480797676793,-1.0455835994064082,False,,,True,not_yet_labelled,
residential-0024__bedok-mrt,residential-0024__bedok-mrt__cp_012,1.324027,103.929399,716.33,753.6,0.2428131103515625,0.0031636555989583335,0.062530517578125,0.03321668836805555,0.6583828396267362,0.0015343560112847222,0.0,0,High built frontage + high pedestrian space / low greenery,0,2.5872127126130695,-1.0325686851965117,False,,,True,not_yet_labelled,
residential-0025__yishun-mrt,residential-0025__yishun-mrt__cp_005,1.423029,103.845809,311.48,2107.7,0.18837992350260416,0.2795003255208333,0.0648379855685764,0.030629475911458332,0.3009830050998264,0.13262430826822916,0.0,0,High built frontage + high pedestrian space / low greenery,0,0.43032450598803446,-0.29167626695841803,False,211.10000000000002,0.33264462809917356,True,not_yet_labelled,
residential-0025__yishun-mrt,residential-0025__yishun-mrt__cp_006,1.423411,103.845829,354.02,2107.7,0.2474483913845486,0.2538519965277778,0.1294369167751736,0.054926554361979164,0.2412567138671875,0.06320699055989583,0.0,1,High sky exposure + high road exposure / low greenery,0,0.2654941000698309,-0.42485568609727514,False,168.56000000000006,0.29132231404958675,True,not_yet_labelled,
residential-0025__yishun-mrt,residential-0025__yishun-mrt__cp_007,1.423841,103.845284,431.2,2107.7,0.19808790418836805,0.1973792182074653,0.1126369900173611,0.041329277886284724,0.3527069091796875,0.09388224283854167,0.001346164279513889,0,High built frontage + high pedestrian space / low greenery,0,0.8436350899166203,-0.5638783822121742,False,91.38000000000005,0.20454545454545456,True,not_yet_labelled,
residential-0025__yishun-mrt,residential-0025__yishun-mrt__cp_008,1.424093,103.844955,477.27,2107.7,0.2216762966579861,0.3578999837239583,0.16611226399739584,0.025080362955729168,0.2169579399956597,0.007051255967881944,0.0,3,High greenery + high road exposure / low built frontage,0,-0.24318225908787833,-0.06401050948218323,False,45.31000000000006,0.14049586776859505,True,not_yet_labelled,
residential-0025__yishun-mrt,residential-0025__yishun-mrt__cp_009,1.424392,103.844678,522.58,2107.7,0.3750932481553819,0.1362525092230903,0.07971021864149305,0.027503119574652776,0.2474246554904514,0.13602193196614584,0.0009765625,1,High sky exposure + high road exposure / low greenery,1,0.16612121949129172,-1.5324904072640468,True,0.0,0.06508264462809918,True,not_yet_labelled,
residential-0025__yishun-mrt,residential-0025__yishun-mrt__cp_010,1.424881,103.844171,600.9,2107.7,0.3119252522786458,0.2858242458767361,0.07387797037760417,0.020367092556423612,0.1909569634331597,0.110137939453125,0.0,1,High sky exposure + high road exposure / low greenery,1,-0.314103827958581,-0.7281673475786716,True,0.0,0.06508264462809918,True,not_yet_labelled,
residential-0025__yishun-mrt,residential-0025__yishun-mrt__cp_011,1.42536,103.843654,679.25,2107.7,0.2852121988932292,0.303253173828125,0.08075968424479167,0.020367092556423612,0.19710795084635416,0.10835944281684028,0.0,1,High sky exposure + high road exposure / low greenery,1,-0.2928215792203759,-0.5849233785679366,False,78.35000000000002,0.1921487603305785,True,not_yet_labelled,
residential-0025__yishun-mrt,residential-0025__yishun-mrt__cp_012,1.425696,103.843294,734.0,2107.7,0.3481123182508681,0.2529635959201389,0.05819532606336805,0.0294189453125,0.18140157063802084,0.12962849934895834,0.0,1,High sky exposure + high road exposure / low greenery,1,-0.2700137194118831,-0.9435760170878743,False,133.10000000000002,0.24380165289256198,True,not_yet_labelled,
residential-0025__yishun-mrt,residential-0025__yishun-mrt__cp_013,1.42618,103.842765,813.71,2107.7,0.3200971815321181,0.2259487575954861,0.12584940592447916,0.03309970431857639,0.22530958387586805,0.06156751844618055,0.008946736653645834,1,High sky exposure + high road exposure / low greenery,0,-0.004215307080385882,-0.8885222127505881,False,133.79999999999995,0.24793388429752067,True,not_yet_labelled,
residential-0025__yishun-mrt,residential-0025__yishun-mrt__cp_014,1.42669,103.842218,896.86,2107.7,0.2995537651909722,0.2867906358506944,0.09901258680555555,0.020275539822048612,0.1786617702907986,0.11533270941840278,0.0006781684027777778,1,High sky exposure + high road exposure / low greenery,1,-0.3943670693765327,-0.7658051408980618,False,50.64999999999998,0.15289256198347106,True,not_yet_labelled,
residential-0025__yishun-mrt,residential-0025__yishun-mrt__cp_015,1.426869,103.841799,947.51,2107.7,0.19958665635850695,0.2870754665798611,0.1377631293402778,0.033440483940972224,0.2862599690755208,0.009450276692708334,0.0,0,High built frontage + high pedestrian space / low greenery,0,0.34674779567690006,-0.09792554697658375,True,0.0,0.06508264462809918,True,not_yet_labelled,
residential-0025__yishun-mrt,residential-0025__yishun-mrt__cp_016,1.426917,103.840976,1039.15,2107.7,0.03205532497829861,0.4803822835286458,0.2728627522786458,0.039886474609375,0.1424289279513889,0.028661092122395832,0.0,3,High greenery + high road exposure / low built frontage,0,-0.6051352864576911,0.7764234110797287,True,0.0,0.06508264462809918,True,not_yet_labelled,
residential-0025__yishun-mrt,residential-0025__yishun-mrt__cp_017,1.427194,103.840649,1086.79,2107.7,0.2663353814019097,0.4442003038194444,0.1365136040581597,0.03877597384982639,0.04130215115017361,0.043772379557291664,0.0,3,High greenery + high road exposure / low built frontage,2,-1.1299535763784934,0.12479254774837524,False,47.63999999999987,0.14256198347107438,True,not_yet_labelled,
residential-0025__yishun-mrt,residential-0025__yishun-mrt__cp_018,1.427692,103.840677,1142.26,2107.7,0.05836613972981771,0.3841044108072917,0.1074816385904948,0.2328618367513021,0.13948567708333334,0.000324249267578125,0.00016911824544270834,2,High pedestrian space + high built frontage / low road exposure,3,1.201045502381491,1.944660714344991,True,0.0,0.06508264462809918,True,not_yet_labelled,
residential-0025__yishun-mrt,residential-0025__yishun-mrt__cp_019,1.428243,103.840516,1206.09,2107.7,0.173553466796875,0.4210272894965278,0.1096462673611111,0.09578959147135417,0.1916266547309028,0.008356730143229166,0.0,3,High greenery + high road exposure / low built frontage,3,0.17413129515687084,0.8539578025954786,True,0.0,0.06508264462809918,True,not_yet_labelled,
residential-0025__yishun-mrt,residential-0025__yishun-mrt__cp_020,1.428792,103.840278,1272.62,2107.7,0.16141255696614584,0.4096510145399306,0.13761393229166666,0.0517425537109375,0.2054358588324653,0.027514987521701388,0.0002593994140625,3,High greenery + high road exposure / low built frontage,3,-0.09219196244951848,0.4921587571051668,True,0.0,0.06508264462809918,True,not_yet_labelled,
residential-0025__yishun-mrt,residential-0025__yishun-mrt__cp_021,1.42966,103.839418,1408.47,2107.7,0.0,0.5885124206542969,0.0016263326009114583,0.12313461303710938,0.2866109212239583,0.0,0.0004119873046875,2,High pedestrian space + high built frontage / low road exposure,3,0.8618582191178847,2.522461022770452,False,135.85000000000014,0.256198347107438,True,not_yet_labelled,
residential-0025__yishun-mrt,residential-0025__yishun-mrt__cp_022,1.42996,103.838842,1480.66,2107.7,0.22615559895833334,0.346954345703125,0.08892144097222222,0.018385145399305556,0.19759623209635416,0.11920674641927083,0.0,1,High sky exposure + high road exposure / low greenery,1,-0.3272989028075535,-0.2856530182262266,False,208.0400000000002,0.32644628099173556,True,not_yet_labelled,
residential-0025__yishun-mrt,residential-0025__yishun-mrt__cp_023,1.430148,103.838262,1548.44,2107.7,0.0017725626627604167,0.3882700602213542,0.0010083516438802083,0.022984822591145832,0.5573654174804688,0.0,0.0025202433268229165,0,High built frontage + high pedestrian space / low greenery,0,1.741662963529342,1.2983067175982275,False,275.82000000000016,0.38326446280991733,True,not_yet_labelled,
residential-0025__yishun-mrt,residential-0025__yishun-mrt__cp_024,1.430162,103.837799,1599.93,2107.7,0.3231404622395833,0.1676457722981771,0.2948265075683594,0.006017049153645833,0.13624191284179688,0.07150522867838542,0.0,1,High sky exposure + high road exposure / low greenery,1,-0.7282198713449483,-1.7304589431022428,False,327.3100000000002,0.41115702479338845,True,not_yet_labelled,
residential-0025__yishun-mrt,residential-0025__yishun-mrt__cp_025,1.430161,103.837163,1670.63,2107.7,0.3290863037109375,0.196258544921875,0.04628329806857639,0.007800632052951389,0.2877451578776042,0.13067626953125,0.0,1,High sky exposure + high road exposure / low greenery,1,0.20031070835511425,-1.157539083627595,False,398.0100000000002,0.4762396694214876,True,not_yet_labelled,
residential-0025__yishun-mrt,residential-0025__yishun-mrt__cp_026,1.430243,103.83673,1719.62,2107.7,0.3290863037109375,0.196258544921875,0.04628329806857639,0.007800632052951389,0.2877451578776042,0.13067626953125,0.0,1,High sky exposure + high road exposure / low greenery,1,0.20031070835511425,-1.157539083627595,False,447.0,0.5072314049586777,True,not_yet_labelled,
residential-0025__yishun-mrt,residential-0025__yishun-mrt__cp_027,1.430233,103.836118,1787.66,2107.7,0.023883395724826388,0.2635650634765625,0.2542758517795139,0.057396782769097224,0.3329433865017361,0.06225416395399305,0.0,0,High built frontage + high pedestrian space / low greenery,0,0.8094960234357808,0.10089459035446303,False,515.0400000000002,0.5516528925619835,True,not_yet_labelled,
residential-0025__yishun-mrt,residential-0025__yishun-mrt__cp_028,1.430248,103.835653,1839.37,2107.7,0.017937554253472224,0.018917507595486112,0.05215623643663195,0.0,0.0,0.9109887017144097,0.0,4,High vehicle presence + high road exposure / low greenery,4,-0.8551478338430536,-3.0406823555997917,False,566.75,0.5888429752066116,True,not_yet_labelled,
residential-0025__yishun-mrt,residential-0025__yishun-mrt__cp_029,1.430204,103.835202,1889.74,2107.7,0.2260403103298611,0.0780673556857639,0.3345235188802083,0.022223578559027776,0.3223775227864583,0.0100860595703125,0.007349650065104167,1,High sky exposure + high road exposure / low greenery,0,0.5127396521256602,-1.5196881500876347,False,617.1200000000001,0.621900826446281,True,not_yet_labelled,
residential-0025__yishun-mrt,residential-0025__yishun-mrt__cp_030,1.429451,103.835165,1973.58,2107.7,0.427154541015625,0.04066636827256945,0.037421332465277776,0.0026652018229166665,0.18363783094618055,0.3001708984375,0.0028483072916666665,1,High sky exposure + high road exposure / low greenery,1,-0.22353616067211446,-2.56051901444234,False,700.96,0.6683884297520661,True,not_yet_labelled,
residential-0025__yishun-mrt,residential-0025__yishun-mrt__cp_031,1.429383,103.835049,1988.52,2107.7,0.427154541015625,0.04066636827256945,0.037421332465277776,0.0026652018229166665,0.18363783094618055,0.3001708984375,0.0028483072916666665,1,High sky exposure + high road exposure / low greenery,1,-0.22353616067211446,-2.56051901444234,False,715.9000000000001,0.6756198347107438,True,not_yet_labelled,
residential-0026__jurong-east-mrt,residential-0026__jurong-east-mrt__cp_001,1.325084,103.728392,165.22,4048.1,0.5054829915364584,0.1664089626736111,0.2796952989366319,0.0018378363715277778,0.024617513020833332,0.0038587782118055555,0.00020853678385416666,1,High sky exposure + high road exposure / low greenery,1,-1.4361664661462858,-2.167929113345774,False,,,True,not_yet_labelled,
residential-0026__jurong-east-mrt,residential-0026__jurong-east-mrt__cp_002,1.325163,103.727921,218.31,4048.1,0.287811279296875,0.21654383341471353,0.42214202880859375,0.00014241536458333334,0.031162261962890625,0.029856363932291668,0.0,1,High sky exposure + high road exposure / low greenery,1,-1.4299205310600438,-1.6747632048059693,False,,,True,not_yet_labelled,
residential-0026__jurong-east-mrt,residential-0026__jurong-east-mrt__cp_003,1.325623,103.727554,283.74,4048.1,0.287811279296875,0.21654383341471353,0.42214202880859375,0.00014241536458333334,0.031162261962890625,0.029856363932291668,0.0,1,High sky exposure + high road exposure / low greenery,1,-1.4299205310600438,-1.6747632048059693,False,,,True,not_yet_labelled,
residential-0026__jurong-east-mrt,residential-0026__jurong-east-mrt__cp_004,1.325398,103.726312,424.06,4048.1,0.3515370686848958,0.4222513834635417,0.17223612467447916,0.0,0.020417531331380207,0.011224110921223959,0.0,1,High sky exposure + high road exposure / low greenery,2,-1.6098654694005428,-0.46935693938281337,False,,,True,not_yet_labelled,
residential-0026__jurong-east-mrt,residential-0026__jurong-east-mrt__cp_005,1.32675,103.72544,602.93,4048.1,0.10190497504340278,0.2935723198784722,0.260345458984375,0.028047349717881944,0.301788330078125,0.0048065185546875,0.0,0,High built frontage + high pedestrian space / low greenery,0,0.3206538484827938,-0.07873127953876932,False,,,True,not_yet_labelled,
residential-0026__jurong-east-mrt,residential-0026__jurong-east-mrt__cp_007,1.328026,103.724975,753.99,4048.1,0.14399210611979166,0.3620978461371528,0.22934468587239584,0.043024698893229164,0.208465576171875,0.0,0.0010528564453125,3,High greenery + high road exposure / low built frontage,0,-0.13151696106269123,0.18465521078757383,False,,,True,not_yet_labelled,
residential-0026__jurong-east-mrt,residential-0026__jurong-east-mrt__cp_008,1.328469,103.724882,804.32,4048.1,0.14399210611979166,0.3620978461371528,0.22934468587239584,0.043024698893229164,0.208465576171875,0.0,0.0010528564453125,3,High greenery + high road exposure / low built frontage,0,-0.13151696106269123,0.18465521078757383,False,,,True,not_yet_labelled,
residential-0026__jurong-east-mrt,residential-0026__jurong-east-mrt__cp_009,1.329104,103.724851,875.01,4048.1,0.19605000813802084,0.3643646240234375,0.1728600396050347,0.052007039388020836,0.1834326850043403,0.001675075954861111,0.0005391438802083334,3,High greenery + high road exposure / low built frontage,3,-0.171947957030987,0.20462739522342127,False,,,True,not_yet_labelled,
residential-0026__jurong-east-mrt,residential-0026__jurong-east-mrt__cp_010,1.330037,103.724885,978.83,4048.1,0.2009514702690972,0.4372100830078125,0.15527513292100695,0.08549329969618055,0.0925445556640625,0.008643256293402778,0.0,3,High greenery + high road exposure / low built frontage,2,-0.4667804082229986,0.6408363836212658,False,,,True,not_yet_labelled,
residential-0026__jurong-east-mrt,residential-0026__jurong-east-mrt__cp_011,1.330687,103.72498,1051.87,4048.1,0.306976318359375,0.18941752115885416,0.2237481011284722,0.044331868489583336,0.1991305881076389,0.00015767415364583334,0.00037468804253472225,1,High sky exposure + high road exposure / low greenery,1,-0.03630424132265181,-0.971807446967821,False,,,True,not_yet_labelled,
residential-0026__jurong-east-mrt,residential-0026__jurong-east-mrt__cp_012,1.331303,103.725012,1120.46,4048.1,0.3871561686197917,0.16629197862413195,0.161834716796875,0.07729932996961805,0.1334042019314236,0.011247422960069444,0.0,1,High sky exposure + high road exposure / low greenery,1,-0.0685010452752264,-1.0219272518333649,False,,,True,not_yet_labelled,
residential-0026__jurong-east-mrt,residential-0026__jurong-east-mrt__cp_013,1.332647,103.72511,1270.3,4048.1,0.2218441433376736,0.3560282389322917,0.1972130669487847,0.040230645073784724,0.0249176025390625,0.098663330078125,0.03733486599392361,1,High sky exposure + high road exposure / low greenery,2,-1.0649254645036395,-0.3237738634156289,False,,,True,not_yet_labelled,
residential-0026__jurong-east-mrt,residential-0026__jurong-east-mrt__cp_014,1.332597,103.725561,1320.74,4048.1,0.2218441433376736,0.3560282389322917,0.1972130669487847,0.040230645073784724,0.0249176025390625,0.098663330078125,0.03733486599392361,1,High sky exposure + high road exposure / low greenery,2,-1.0649254645036395,-0.3237738634156289,False,,,True,not_yet_labelled,
residential-0026__jurong-east-mrt,residential-0026__jurong-east-mrt__cp_038,1.33559,103.735248,2810.65,4048.1,0.2866380479600694,0.4288720024956597,0.08500501844618055,0.029417249891493056,0.032370673285590276,0.13628980848524305,0.0,1,High sky exposure + high road exposure / low greenery,1,-1.232303064926288,-0.20388605017252134,False,,,True,not_yet_labelled,
residential-0026__jurong-east-mrt,residential-0026__jurong-east-mrt__cp_039,1.335257,103.735578,2862.77,4048.1,0.2411041259765625,0.4088914659288194,0.0790676540798611,0.029415554470486112,0.09480963812934028,0.11910502115885417,0.0,3,High greenery + high road exposure / low built frontage,1,-0.8241729776511975,-0.02947253525991945,False,,,True,not_yet_labelled,
residential-0026__jurong-east-mrt,residential-0026__jurong-east-mrt__cp_040,1.334889,103.735906,2917.58,4048.1,0.22477213541666666,0.4034152560763889,0.10521613226996528,0.012596978081597222,0.13366529676649305,0.05356004503038195,0.0,3,High greenery + high road exposure / low built frontage,2,-0.7208272235550739,0.06347049354890982,False,,,True,not_yet_labelled,
residential-0026__jurong-east-mrt,residential-0026__jurong-east-mrt__cp_041,1.334403,103.736351,2990.84,4048.1,0.13737996419270834,0.5313924153645834,0.1355777316623264,0.034952799479166664,0.08802625868055555,0.06812032063802083,0.0,3,High greenery + high road exposure / low built frontage,2,-0.9639507333052324,0.7922843848885227,False,,,True,not_yet_labelled,
residential-0026__jurong-east-mrt,residential-0026__jurong-east-mrt__cp_042,1.33403,103.736706,3048.09,4048.1,0.2714487711588542,0.4019978841145833,0.1098361545138889,0.11098395453559028,0.15070936414930555,0.003619723849826389,0.0,1,High sky exposure + high road exposure / low greenery,0,-0.01097163978123423,0.5084131603867804,False,,,True,not_yet_labelled,
residential-0026__jurong-east-mrt,residential-0026__jurong-east-mrt__cp_043,1.333355,103.73745,3159.78,4048.1,0.17894617716471353,0.2757314046223958,0.2824846903483073,0.1014862060546875,0.027360280354817707,0.0,0.0,1,High sky exposure + high road exposure / low greenery,0,-0.4244524308051694,-0.016706908772284066,False,,,True,not_yet_labelled,
residential-0026__jurong-east-mrt,residential-0026__jurong-east-mrt__cp_044,1.333406,103.737718,3190.11,4048.1,0.5438825819227431,0.07642618815104167,0.1305202907986111,0.06293402777777778,0.1496005588107639,0.0022684733072916665,0.0,1,High sky exposure + high road exposure / low greenery,1,-0.10333625508753715,-1.8795811134957843,False,,,True,not_yet_labelled,
residential-0026__jurong-east-mrt,residential-0026__jurong-east-mrt__cp_045,1.333332,103.738102,3233.58,4048.1,0.1956719292534722,0.2788831922743056,0.3238593207465278,0.04817369249131945,0.033930460611979164,0.09006754557291667,0.0005476209852430555,1,High sky exposure + high road exposure / low greenery,0,-0.9604897593674516,-0.777858690920178,False,,,True,not_yet_labelled,
residential-0026__jurong-east-mrt,residential-0026__jurong-east-mrt__cp_046,1.333386,103.738552,3283.96,4048.1,0.1583624945746528,0.3678232828776042,0.3257802327473958,0.012941148546006944,0.1364712185329861,0.0,0.0,3,High greenery + high road exposure / low built frontage,0,-0.8384694073335778,-0.2729448134625603,False,,,True,not_yet_labelled,
residential-0026__jurong-east-mrt,residential-0026__jurong-east-mrt__cp_048,1.333817,103.740593,3515.95,4048.1,0.3527119954427083,0.14987691243489584,0.08681233723958333,0.058954874674479164,0.209136962890625,0.1426205105251736,0.0004764133029513889,1,High sky exposure + high road exposure / low greenery,0,0.21449711964775245,-1.2727830027823739,False,,,True,not_yet_labelled,
residential-0026__jurong-east-mrt,residential-0026__jurong-east-mrt__cp_049,1.333825,103.741209,3584.44,4048.1,0.08271026611328125,0.11205037434895833,0.1264623006184896,0.007573445638020833,0.50341796875,0.021022796630859375,0.005629221598307292,0,High built frontage + high pedestrian space / low greenery,0,1.6735879746092932,-0.3807205564723766,False,,,True,not_yet_labelled,
residential-0027__sixth-avenue-mrt,residential-0027__sixth-avenue-mrt__cp_000,1.323033,103.791389,0.0,1500.6,0.006001790364583333,0.8103807237413194,0.0704837375217014,0.0017869737413194445,0.08277723524305555,0.0,0.0013648139105902778,3,High greenery + high road exposure / low built frontage,2,-1.4496406405764044,2.4419272774528586,True,0.0,0.06508264462809918,True,not_yet_labelled,
residential-0027__sixth-avenue-mrt,residential-0027__sixth-avenue-mrt__cp_001,1.323636,103.791838,83.59,1500.6,0.24408467610677084,0.4872775607638889,0.06352064344618055,0.0023668077256944445,0.08646138509114583,0.0034010145399305555,0.0,3,High greenery + high road exposure / low built frontage,2,-1.0904720557862302,0.5090118088023068,False,83.59,0.20041322314049587,True,not_yet_labelled,
residential-0027__sixth-avenue-mrt,residential-0027__sixth-avenue-mrt__cp_002,1.324402,103.792365,186.97,1500.6,0.2291988796657986,0.5729488796657987,0.016094631618923612,0.0006951226128472222,0.13482835557725695,0.0,0.0,3,High greenery + high road exposure / low built frontage,2,-0.9902741145036977,0.9587654833171512,False,186.97,0.30578512396694213,True,not_yet_labelled,
residential-0027__sixth-avenue-mrt,residential-0027__sixth-avenue-mrt__cp_003,1.324828,103.792628,242.63,1500.6,0.0,0.0,0.0,0.0,0.3100147247314453,0.129852294921875,0.2961235046386719,0,High built frontage + high pedestrian space / low greenery,0,1.3439729233661433,-0.32480829878463735,False,242.63,0.3574380165289256,True,not_yet_labelled,
residential-0027__sixth-avenue-mrt,residential-0027__sixth-avenue-mrt__cp_004,1.325342,103.792725,300.79,1500.6,0.1900566948784722,0.3340165879991319,0.059717814127604164,0.05183071560329861,0.337158203125,0.0,0.000579833984375,0,High built frontage + high pedestrian space / low greenery,0,0.7343112370607552,0.42631269835928265,False,300.79,0.39462809917355374,True,not_yet_labelled,
residential-0027__sixth-avenue-mrt,residential-0027__sixth-avenue-mrt__cp_005,1.325917,103.792965,370.07,1500.6,0.0,0.34575843811035156,0.019962310791015625,0.0,0.39743995666503906,0.011705398559570312,0.02187347412109375,0,High built frontage + high pedestrian space / low greenery,0,0.985351000236287,1.0306681953356736,False,370.07,0.44834710743801653,True,not_yet_labelled,
residential-0027__sixth-avenue-mrt,residential-0027__sixth-avenue-mrt__cp_006,1.326605,103.793283,454.35,1500.6,0.3205375671386719,0.11265945434570312,0.1648101806640625,0.0,0.23609161376953125,0.0202789306640625,0.03136444091796875,1,High sky exposure + high road exposure / low greenery,1,0.045783624363868854,-1.3823528924038988,False,454.35,0.5103305785123967,True,not_yet_labelled,
residential-0027__sixth-avenue-mrt,residential-0027__sixth-avenue-mrt__cp_007,1.327179,103.793509,522.94,1500.6,0.1296759711371528,0.19030931260850695,0.2902781168619792,0.012040879991319444,0.3649088541666667,0.0,0.0,0,High built frontage + high pedestrian space / low greenery,0,0.6119207928819277,-0.6864861777392258,False,522.94,0.5557851239669421,True,not_yet_labelled,
residential-0027__sixth-avenue-mrt,residential-0027__sixth-avenue-mrt__cp_008,1.327776,103.793786,596.12,1500.6,0.3936004638671875,0.2628275553385417,0.11817253960503472,0.034632364908854164,0.1452704535590278,0.028089735243055556,0.0,1,High sky exposure + high road exposure / low greenery,1,-0.4884260342016984,-0.8946339599377462,False,596.12,0.609504132231405,True,not_yet_labelled,
residential-0027__sixth-avenue-mrt,residential-0027__sixth-avenue-mrt__cp_009,1.328249,103.794088,658.52,1500.6,0.3936004638671875,0.2628275553385417,0.11817253960503472,0.034632364908854164,0.1452704535590278,0.028089735243055556,0.0,1,High sky exposure + high road exposure / low greenery,1,-0.4884260342016984,-0.8946339599377462,False,658.52,0.6446280991735537,True,not_yet_labelled,
residential-0027__sixth-avenue-mrt,residential-0027__sixth-avenue-mrt__cp_010,1.328675,103.794346,713.89,1500.6,0.3612484402126736,0.305023193359375,0.06652662489149305,0.07584974500868055,0.1212582058376736,0.07009379069010417,0.0,1,High sky exposure + high road exposure / low greenery,0,-0.29596310181979973,-0.40503930975480756,False,713.89,0.6735537190082644,True,not_yet_labelled,
residential-0027__sixth-avenue-mrt,residential-0027__sixth-avenue-mrt__cp_011,1.329103,103.794572,767.71,1500.6,5.340576171875e-05,0.31676292419433594,0.03598785400390625,0.0,0.4376068115234375,0.06280326843261719,0.01996612548828125,0,High built frontage + high pedestrian space / low greenery,0,1.1389730849505038,0.7015155084570287,False,767.71,0.7086776859504132,True,not_yet_labelled,
residential-0027__sixth-avenue-mrt,residential-0027__sixth-avenue-mrt__cp_012,1.329583,103.79482,827.78,1500.6,0.4305182562934028,0.1632198757595486,0.09308369954427083,0.05682203504774305,0.1990627712673611,0.05611843532986111,3.5603841145833336e-05,1,High sky exposure + high road exposure / low greenery,0,0.0662075852039208,-1.277084196037454,False,827.78,0.7334710743801653,True,not_yet_labelled,
residential-0027__sixth-avenue-mrt,residential-0027__sixth-avenue-mrt__cp_013,1.330109,103.794887,886.74,1500.6,0.2404208713107639,0.3323635525173611,0.0792694091796875,0.030946519639756944,0.23782518174913195,0.0,0.0,1,High sky exposure + high road exposure / low greenery,0,0.06610050011330422,0.09508419478024092,False,886.74,0.756198347107438,True,not_yet_labelled,
residential-0027__sixth-avenue-mrt,residential-0027__sixth-avenue-mrt__cp_014,1.330649,103.795163,954.17,1500.6,0.4044325086805556,0.108489990234375,0.018641153971354168,0.029362996419270832,0.2534366183810764,0.18566724989149305,0.0,1,High sky exposure + high road exposure / low greenery,1,0.27363942886930853,-1.7099833497330257,False,954.17,0.7871900826446281,True,not_yet_labelled,
residential-0027__sixth-avenue-mrt,residential-0027__sixth-avenue-mrt__cp_015,1.331219,103.795349,1020.84,1500.6,0.008570353190104166,0.4366340637207031,0.00018564860026041666,0.0979626973470052,0.3291066487630208,0.0,0.025464375813802082,2,High pedestrian space + high built frontage / low road exposure,0,1.2007068762127584,1.8882278095959788,False,1020.84,0.7954545454545454,True,not_yet_labelled,
residential-0027__sixth-avenue-mrt,residential-0027__sixth-avenue-mrt__cp_016,1.331648,103.795501,1071.45,1500.6,0.008570353190104166,0.4366340637207031,0.00018564860026041666,0.0979626973470052,0.3291066487630208,0.0,0.025464375813802082,2,High pedestrian space + high built frontage / low road exposure,0,1.2007068762127584,1.8882278095959788,False,1071.45,0.8078512396694215,True,not_yet_labelled,
residential-0027__sixth-avenue-mrt,residential-0027__sixth-avenue-mrt__cp_018,1.331797,103.796267,1181.16,1500.6,0.08509063720703125,0.3197924296061198,0.1404749552408854,0.010374704996744791,0.12736002604166666,0.000110626220703125,0.0,3,High greenery + high road exposure / low built frontage,0,-0.33473523863011295,0.44002645067727864,False,1181.16,0.8367768595041323,True,not_yet_labelled,
residential-0027__sixth-avenue-mrt,residential-0027__sixth-avenue-mrt__cp_019,1.331631,103.796877,1251.44,1500.6,0.1878696017795139,0.17120191786024305,0.04533047146267361,0.042236328125,0.4091440836588542,0.14349873860677084,4.7471788194444445e-05,0,High built frontage + high pedestrian space / low greenery,0,1.2271089465531508,-0.583049770993329,False,1251.44,0.8491735537190083,True,not_yet_labelled,
residential-0027__sixth-avenue-mrt,residential-0027__sixth-avenue-mrt__cp_020,1.330893,103.796909,1333.58,1500.6,0.041941324869791664,0.2611643473307292,0.13519668579101562,0.07807413736979167,0.4825032552083333,0.0,0.0011202494303385417,0,High built frontage + high pedestrian space / low greenery,0,1.8054243218968866,0.6408495490201224,False,1333.58,0.8698347107438017,True,not_yet_labelled,
residential-0027__sixth-avenue-mrt,residential-0027__sixth-avenue-mrt__cp_021,1.331174,103.796647,1376.29,1500.6,0.09761725531684028,0.10896470811631945,0.05125088161892361,0.07054816351996528,0.5313432481553819,0.11362711588541667,4.0690104166666664e-05,0,High built frontage + high pedestrian space / low greenery,0,2.2420578781897973,-0.23365640528623197,False,1376.29,0.8801652892561983,True,not_yet_labelled,
residential-0028__canberra-mrt,residential-0028__canberra-mrt__cp_002,1.457491,103.839115,121.01,2851.3,0.4153272840711806,0.4265306260850694,0.13427734375,0.0,0.020360310872395832,0.002124362521701389,0.0,1,High sky exposure + high road exposure / low greenery,1,-1.6563677469241416,-0.5661438360150697,False,213.32,0.3347107438016529,True,not_yet_labelled,
residential-0028__canberra-mrt,residential-0028__canberra-mrt__cp_003,1.457719,103.838702,173.45,2851.3,0.4153272840711806,0.4265306260850694,0.13427734375,0.0,0.020360310872395832,0.002124362521701389,0.0,1,High sky exposure + high road exposure / low greenery,1,-1.6563677469241416,-0.5661438360150697,False,160.88,0.27892561983471076,True,not_yet_labelled,
residential-0028__canberra-mrt,residential-0028__canberra-mrt__cp_004,1.458104,103.837916,270.74,2851.3,0.4041646321614583,0.3007422553168403,0.089813232421875,0.016325208875868056,0.1643591986762153,0.0291290283203125,0.0,1,High sky exposure + high road exposure / low greenery,1,-0.5940437517731725,-0.8372241074606642,False,63.589999999999975,0.17768595041322313,True,not_yet_labelled,
residential-0028__canberra-mrt,residential-0028__canberra-mrt__cp_005,1.457778,103.837446,334.33,2851.3,0.3438195122612847,0.2401699490017361,0.1360507541232639,0.018968370225694444,0.20226033528645834,0.058588663736979164,0.0,1,High sky exposure + high road exposure / low greenery,0,-0.2846867814063326,-1.0231418043577447,True,0.0,0.06508264462809918,True,not_yet_labelled,
residential-0028__canberra-mrt,residential-0028__canberra-mrt__cp_006,1.457384,103.837085,393.74,2851.3,0.22949727376302084,0.4875759548611111,0.08986748589409722,0.050025092230902776,0.07178751627604167,0.0652618408203125,0.0,3,High greenery + high road exposure / low built frontage,2,-0.9040046562999707,0.5191118286855898,True,0.0,0.06508264462809918,True,not_yet_labelled,
residential-0028__canberra-mrt,residential-0028__canberra-mrt__cp_007,1.456748,103.836754,473.46,2851.3,0.17313639322916666,0.2803988986545139,0.148101806640625,0.09804789225260417,0.2391391330295139,0.013151380750868056,0.0,0,High built frontage + high pedestrian space / low greenery,3,0.6382738022138706,0.28491993036748486,False,79.71999999999997,0.1962809917355372,True,not_yet_labelled,
residential-0028__canberra-mrt,residential-0028__canberra-mrt__cp_009,1.455929,103.835881,606.78,2851.3,0.14415147569444445,0.1478339301215278,0.0,0.1526031494140625,0.3575948079427083,0.0,0.0,2,High pedestrian space + high built frontage / low road exposure,0,2.1242696851905825,0.7229694208138545,True,0.0,0.06508264462809918,True,not_yet_labelled,
residential-0028__canberra-mrt,residential-0028__canberra-mrt__cp_010,1.45596,103.835122,691.22,2851.3,0.157379150390625,0.1370968288845486,0.2722795274522569,0.0066375732421875,0.4177890353732639,0.0006781684027777778,0.0,0,High built frontage + high pedestrian space / low greenery,0,0.8963966386620107,-0.9558831644426261,True,0.0,0.06508264462809918,True,not_yet_labelled,
residential-0028__canberra-mrt,residential-0028__canberra-mrt__cp_011,1.456286,103.834803,741.93,2851.3,0.1599951850043403,0.6346333821614584,0.1274498833550347,0.016977945963541668,0.0012613932291666667,0.03886583116319445,0.0,3,High greenery + high road exposure / low built frontage,2,-1.6779140713442513,1.0863814545663806,False,50.70999999999992,0.15495867768595042,True,not_yet_labelled,
residential-0028__canberra-mrt,residential-0028__canberra-mrt__cp_012,1.455964,103.83448,792.63,2851.3,0.2131839328342014,0.7377539740668403,0.007785373263888889,0.0021684434678819445,0.028477986653645832,0.0,0.0,3,High greenery + high road exposure / low built frontage,2,-1.7537786526283068,1.6014475061181586,False,101.40999999999997,0.21694214876033058,True,not_yet_labelled,
residential-0028__canberra-mrt,residential-0028__canberra-mrt__cp_013,1.455445,103.834102,864.02,2851.3,0.03562588161892361,0.9063381618923612,0.050384521484375,0.001788669162326389,0.0028245713975694445,0.0,0.0009341769748263889,3,High greenery + high road exposure / low built frontage,2,-2.015284795334753,2.708966501112549,False,172.79999999999995,0.29338842975206614,True,not_yet_labelled,
residential-0028__canberra-mrt,residential-0028__canberra-mrt__cp_014,1.454936,103.833801,929.77,2851.3,0.2057918972439236,0.5599043104383681,0.1870388454861111,0.0018632676866319445,0.00019327799479166666,0.0,0.0,3,High greenery + high road exposure / low built frontage,2,-1.7586009712137147,0.5485549116276949,False,238.54999999999995,0.34917355371900827,True,not_yet_labelled,
residential-0028__canberra-mrt,residential-0028__canberra-mrt__cp_015,1.454402,103.833443,1001.25,2851.3,0.12239922417534722,0.8396657307942709,0.035681830512152776,0.0020921495225694445,0.00016106499565972222,0.0,0.0,3,High greenery + high road exposure / low built frontage,2,-1.9957757101224651,2.2035156952568613,False,310.03,0.40289256198347106,True,not_yet_labelled,
residential-0028__canberra-mrt,residential-0028__canberra-mrt__cp_016,1.454028,103.833107,1057.14,2851.3,0.1660647922092014,0.6894056532118056,0.0663113064236111,0.0,0.027189466688368056,0.001171535915798611,0.006449381510416667,3,High greenery + high road exposure / low built frontage,2,-1.6828502899633766,1.4504142256081904,False,365.9200000000001,0.44421487603305787,True,not_yet_labelled,
residential-0028__canberra-mrt,residential-0028__canberra-mrt__cp_017,1.453815,103.832812,1097.6,2851.3,0.2851681179470486,0.3811442057291667,0.045308430989583336,0.025441487630208332,0.12794664171006945,0.050528632269965276,0.0002627902560763889,1,High sky exposure + high road exposure / low greenery,0,-0.602927891947873,0.012955260368943962,False,406.3799999999999,0.4834710743801653,True,not_yet_labelled,
residential-0028__canberra-mrt,residential-0028__canberra-mrt__cp_018,1.453475,103.832231,1172.43,2851.3,0.3011254204644097,0.14617750379774305,0.06792365180121528,0.012795342339409722,0.2851070827907986,0.036677042643229164,0.0005103217230902778,1,High sky exposure + high road exposure / low greenery,0,0.44259615639370337,-0.9161125465903318,False,481.21000000000004,0.5351239669421488,True,not_yet_labelled,
residential-0028__canberra-mrt,residential-0028__canberra-mrt__cp_019,1.453191,103.831926,1218.76,2851.3,0.2408294677734375,0.5235883924696181,0.1827172173394097,0.0,0.03454250759548611,0.0006696912977430555,0.0,3,High greenery + high road exposure / low built frontage,2,-1.6010606976031594,0.28396963325848573,False,527.54,0.5578512396694215,True,not_yet_labelled,
residential-0028__canberra-mrt,residential-0028__canberra-mrt__cp_020,1.45302,103.83155,1264.68,2851.3,0.21781751844618055,0.3769073486328125,0.2556067572699653,0.06075880262586805,0.07530890570746528,0.0,0.0,3,High greenery + high road exposure / low built frontage,0,-0.7629028255847834,-0.006183169841050803,False,573.46,0.5929752066115702,True,not_yet_labelled,
residential-0028__canberra-mrt,residential-0028__canberra-mrt__cp_021,1.452718,103.83111,1324.01,2851.3,0.13057115342881945,0.073089599609375,0.15680948893229166,0.0,0.0008477105034722222,0.6386820475260416,0.0,4,High vehicle presence + high road exposure / low greenery,4,-1.0872152889260651,-2.7244046166185134,False,632.79,0.628099173553719,True,not_yet_labelled,
residential-0028__canberra-mrt,residential-0028__canberra-mrt__cp_022,1.452439,103.830706,1378.59,2851.3,0.14204576280381945,0.4329952663845486,0.23518202039930555,0.019524468315972224,0.1348639594184028,0.03426784939236111,0.0,3,High greenery + high road exposure / low built frontage,0,-0.7985416494648386,0.18674879968600977,False,687.3699999999999,0.6570247933884298,True,not_yet_labelled,
residential-0028__canberra-mrt,residential-0028__canberra-mrt__cp_023,1.452129,103.830356,1430.57,2851.3,0.19292704264322916,0.3592088487413194,0.23811170789930555,0.0121917724609375,0.18040974934895834,0.0,0.0,3,High greenery + high road exposure / low built frontage,0,-0.5522460933274848,-0.19052985540732154,False,739.3499999999999,0.6900826446280992,True,not_yet_labelled,
residential-0028__canberra-mrt,residential-0028__canberra-mrt__cp_024,1.451789,103.830032,1482.79,2851.3,0.3750372992621528,0.016408284505208332,0.3166249593098958,0.006857977973090278,0.2800937228732639,0.0,2.5431315104166668e-05,1,High sky exposure + high road exposure / low greenery,1,0.15772140690997535,-2.278527671564244,False,791.5699999999999,0.7169421487603306,True,not_yet_labelled,
residential-0028__canberra-mrt,residential-0028__canberra-mrt__cp_025,1.45153,103.829604,1538.4,2851.3,0.4130910237630208,0.06243896484375,0.2779744466145833,0.10897996690538195,0.1287841796875,0.0022684733072916665,0.0,1,High sky exposure + high road exposure / low greenery,1,0.13299112296644888,-1.6105212835599352,False,847.1800000000001,0.7396694214876033,True,not_yet_labelled,
residential-0028__canberra-mrt,residential-0028__canberra-mrt__cp_026,1.450858,103.83001,1625.69,2851.3,0.4130910237630208,0.06243896484375,0.2779744466145833,0.10897996690538195,0.1287841796875,0.0022684733072916665,0.0,1,High sky exposure + high road exposure / low greenery,1,0.13299112296644888,-1.6105212835599352,False,934.47,0.7768595041322314,True,not_yet_labelled,
residential-0028__canberra-mrt,residential-0028__canberra-mrt__cp_033,1.447626,103.829202,2081.06,2851.3,0.40024757385253906,0.18352317810058594,0.2111358642578125,0.027042388916015625,0.13788986206054688,0.0023670196533203125,0.040836334228515625,1,High sky exposure + high road exposure / low greenery,1,-0.5351197879936518,-1.3958674403604847,False,1389.84,0.8822314049586777,True,not_yet_labelled,
residential-0028__canberra-mrt,residential-0028__canberra-mrt__cp_034,1.447257,103.82941,2128.16,2851.3,0.42237091064453125,0.15423583984375,0.2957916259765625,0.00063323974609375,0.08270263671875,0.0059757232666015625,0.03899955749511719,1,High sky exposure + high road exposure / low greenery,1,-1.0637956653544578,-1.9559119126082292,False,1436.9399999999998,0.890495867768595,True,not_yet_labelled,
residential-0028__canberra-mrt,residential-0028__canberra-mrt__cp_035,1.446848,103.829687,2183.08,2851.3,0.42578887939453125,0.08844757080078125,0.34508705139160156,0.0001697540283203125,0.0841522216796875,0.0052547454833984375,0.04711723327636719,1,High sky exposure + high road exposure / low greenery,1,-0.9997666271644442,-2.3220464064075967,False,1491.86,0.9028925619834711,True,not_yet_labelled,
residential-0028__canberra-mrt,residential-0028__canberra-mrt__cp_036,1.446408,103.829942,2239.63,2851.3,0.41492652893066406,0.1574878692626953,0.27522850036621094,0.0047740936279296875,0.09288406372070312,0.007232666015625,0.04679298400878906,1,High sky exposure + high road exposure / low greenery,1,-0.9538078025154572,-1.8404657313990858,False,1548.41,0.9111570247933884,True,not_yet_labelled,
residential-0028__canberra-mrt,residential-0028__canberra-mrt__cp_037,1.445999,103.830213,2294.18,2851.3,0.39487266540527344,0.09139823913574219,0.1708526611328125,0.048675537109375,0.2088184356689453,0.0,0.04653739929199219,1,High sky exposure + high road exposure / low greenery,1,0.19819673779919583,-1.4437032214058678,False,1602.9599999999998,0.9173553719008265,True,not_yet_labelled,
residential-0028__canberra-mrt,residential-0028__canberra-mrt__cp_038,1.44552,103.830455,2353.85,2851.3,0.3626079559326172,0.034572601318359375,0.3901844024658203,0.001255035400390625,0.15040016174316406,0.0077228546142578125,0.04416656494140625,1,High sky exposure + high road exposure / low greenery,1,-0.5671621187713746,-2.399998533022325,False,1662.6299999999999,0.9318181818181818,True,not_yet_labelled,
residential-0028__canberra-mrt,residential-0028__canberra-mrt__cp_039,1.445104,103.830698,2407.41,2851.3,0.3965587615966797,0.06534194946289062,0.3707542419433594,0.0217132568359375,0.10068130493164062,0.002201080322265625,0.04020118713378906,1,High sky exposure + high road exposure / low greenery,1,-0.7210571646171597,-2.24262894117239,False,1716.1899999999998,0.9380165289256198,True,not_yet_labelled,
residential-0028__canberra-mrt,residential-0028__canberra-mrt__cp_040,1.444667,103.830991,2465.91,2851.3,0.4050712585449219,0.005840301513671875,0.4312934875488281,0.01224517822265625,0.10463905334472656,0.0006656646728515625,0.03981971740722656,1,High sky exposure + high road exposure / low greenery,1,-0.7507441608439533,-2.6879725655651185,False,1774.6899999999998,0.9442148760330579,True,not_yet_labelled,
residential-0028__canberra-mrt,residential-0028__canberra-mrt__cp_041,1.444116,103.830301,2564.08,2851.3,0.25695228576660156,0.06362342834472656,0.2538127899169922,0.020093917846679688,0.3347511291503906,0.0020465850830078125,0.0458221435546875,1,High sky exposure + high road exposure / low greenery,0,0.6758056661746308,-1.427835947523374,False,1872.86,0.9607438016528925,True,not_yet_labelled,
residential-0028__canberra-mrt,residential-0028__canberra-mrt__cp_042,1.44384,103.829912,2617.1,2851.3,0.6285739474826388,0.017830742730034724,0.12852308485243055,0.0004696316189236111,0.1275092230902778,0.025200737847222224,0.0017225477430555555,1,High sky exposure + high road exposure / low greenery,1,-0.6548003616217881,-2.773343134074334,False,1925.8799999999999,0.9731404958677686,True,not_yet_labelled,
residential-0028__canberra-mrt,residential-0028__canberra-mrt__cp_043,1.443488,103.830092,2661.06,2851.3,0.5535329182942709,0.00018649631076388888,0.10481940375434028,0.03680759006076389,0.19952223036024305,0.08758375379774305,0.004006279839409722,1,High sky exposure + high road exposure / low greenery,1,0.04145880594941784,-2.513077314749948,False,1969.84,0.9772727272727273,True,not_yet_labelled,
residential-0028__canberra-mrt,residential-0028__canberra-mrt__cp_044,1.443207,103.829837,2703.25,2851.3,0.2772369384765625,0.008550008138020834,0.2466193305121528,2.0345052083333332e-05,0.1337500678168403,0.0,0.0,1,High sky exposure + high road exposure / low greenery,1,-0.1794171727198667,-1.6635044418983083,False,2012.03,0.9834710743801653,True,not_yet_labelled,
residential-0028__canberra-mrt,residential-0028__canberra-mrt__cp_045,1.443183,103.829793,2708.82,2851.3,0.2772369384765625,0.008550008138020834,0.2466193305121528,2.0345052083333332e-05,0.1337500678168403,0.0,0.0,1,High sky exposure + high road exposure / low greenery,1,-0.1794171727198667,-1.6635044418983083,False,2017.6000000000001,0.9855371900826446,True,not_yet_labelled,
residential-0029__yishun-mrt,residential-0029__yishun-mrt__cp_001,1.425315,103.855611,83.55,3314.4,0.23590087890625,0.6542714436848959,0.10402552286783855,0.007989247639973959,0.000141143798828125,0.0,0.0,3,High greenery + high road exposure / low built frontage,2,-1.8431636858218738,0.9998999276787729,False,1609.41,0.9194214876033058,True,not_yet_labelled,
residential-0029__yishun-mrt,residential-0029__yishun-mrt__cp_002,1.425668,103.856044,145.66,3314.4,0.45900599161783856,0.40720367431640625,0.0872357686360677,0.0,0.045252482096354164,0.0,0.0,1,High sky exposure + high road exposure / low greenery,1,-1.5023384927345582,-0.6595200593654298,False,1547.3,0.9090909090909091,True,not_yet_labelled,
residential-0029__yishun-mrt,residential-0029__yishun-mrt__cp_003,1.426018,103.855211,246.1,3314.4,0.15984471638997397,0.7347882588704427,0.0971209208170573,0.0,0.005547841389973958,3.6875406901041664e-05,0.00164794921875,3,High greenery + high road exposure / low built frontage,2,-1.9175740122620801,1.5312522753345317,False,1446.8600000000001,0.8946280991735537,True,not_yet_labelled,
residential-0029__yishun-mrt,residential-0029__yishun-mrt__cp_004,1.425997,103.854554,319.17,3314.4,0.3414904276529948,0.4976908365885417,0.09724171956380208,0.0081329345703125,0.0526123046875,0.0,0.0,3,High greenery + high road exposure / low built frontage,2,-1.437901114947206,0.09702828643169287,False,1373.79,0.878099173553719,True,not_yet_labelled,
residential-0029__yishun-mrt,residential-0029__yishun-mrt__cp_005,1.425831,103.854079,375.11,3314.4,0.4748064676920573,0.32492955525716144,0.10181172688802083,0.00018310546875,0.055973052978515625,0.0166778564453125,0.0,1,High sky exposure + high road exposure / low greenery,1,-1.336348336331084,-1.0788047199615052,False,1317.85,0.8657024793388429,True,not_yet_labelled,
residential-0029__yishun-mrt,residential-0029__yishun-mrt__cp_006,1.425509,103.85365,434.74,3314.4,0.3351186116536458,0.46203867594401044,0.10070292154947917,0.004380544026692708,0.0703595479329427,0.004498799641927083,0.0,1,High sky exposure + high road exposure / low greenery,2,-1.3080756298091738,-0.03758003282869236,False,1258.22,0.8512396694214877,True,not_yet_labelled,
residential-0029__yishun-mrt,residential-0029__yishun-mrt__cp_007,1.424873,103.853208,520.85,3314.4,0.2721443176269531,0.6167577107747396,0.10242207845052083,0.0,0.0,0.0,0.0,3,High greenery + high road exposure / low built frontage,2,-1.8724372777520653,0.7047074214135555,False,1172.1100000000001,0.8347107438016529,True,not_yet_labelled,
residential-0029__yishun-mrt,residential-0029__yishun-mrt__cp_008,1.424845,103.852903,554.9,3314.4,0.4058651394314236,0.3106248643663194,0.11668226453993055,0.0017530653211805555,0.05990939670138889,0.08086649576822917,0.0,1,High sky exposure + high road exposure / low greenery,1,-1.2450167630094962,-1.1024825821811362,False,1138.06,0.8264462809917356,True,not_yet_labelled,
residential-0029__yishun-mrt,residential-0029__yishun-mrt__cp_009,1.425193,103.852452,618.23,3314.4,0.240936279296875,0.04948086208767361,0.2553151448567708,0.0706905788845486,0.3342420789930556,0.0,0.0,1,High sky exposure + high road exposure / low greenery,0,1.0818195310658234,-1.1520728353204364,False,1074.73,0.8119834710743802,True,not_yet_labelled,
residential-0029__yishun-mrt,residential-0029__yishun-mrt__cp_013,1.425151,103.85021,887.15,3314.4,0.3215518527560764,0.3914506700303819,0.12712266710069445,0.020855373806423612,0.0855984157986111,0.03778076171875,0.0,1,High sky exposure + high road exposure / low greenery,2,-1.0240721283760534,-0.31684071193960023,False,805.8100000000001,0.7231404958677686,True,not_yet_labelled,
residential-0029__yishun-mrt,residential-0029__yishun-mrt__cp_014,1.425135,103.849753,937.98,3314.4,0.3046485053168403,0.4160834418402778,0.1332210964626736,0.05272250705295139,0.03973049587673611,0.018585205078125,0.0,1,High sky exposure + high road exposure / low greenery,2,-1.011843471225107,0.050623313411684516,False,754.98,0.7024793388429752,True,not_yet_labelled,
residential-0029__yishun-mrt,residential-0029__yishun-mrt__cp_015,1.424772,103.849509,986.61,3314.4,0.2776133219401042,0.4670545789930556,0.128936767578125,0.0059814453125,0.058432685004340276,0.015838623046875,0.0008171929253472222,3,High greenery + high road exposure / low built frontage,2,-1.3173914960653508,0.09732932813117465,False,706.35,0.6714876033057852,True,not_yet_labelled,
residential-0029__yishun-mrt,residential-0029__yishun-mrt__cp_016,1.42385,103.849553,1089.25,3314.4,0.0527191162109375,0.5308329264322916,0.11953904893663195,0.010013156467013888,0.2503221299913194,0.004742092556423611,0.00016954210069444444,3,High greenery + high road exposure / low built frontage,2,-0.23250906808117383,1.2072848854564708,False,603.71,0.6136363636363636,True,not_yet_labelled,
residential-0029__yishun-mrt,residential-0029__yishun-mrt__cp_017,1.423429,103.849522,1136.19,3314.4,0.0527191162109375,0.5308329264322916,0.11953904893663195,0.010013156467013888,0.2503221299913194,0.004742092556423611,0.00016954210069444444,3,High greenery + high road exposure / low built frontage,2,-0.23250906808117383,1.2072848854564708,False,556.77,0.5847107438016529,True,not_yet_labelled,
residential-0029__yishun-mrt,residential-0029__yishun-mrt__cp_018,1.423433,103.848803,1216.11,3314.4,0.1896277533637153,0.2275475396050347,0.1229214138454861,0.03353542751736111,0.33746337890625,0.08904520670572917,0.0,0,High built frontage + high pedestrian space / low greenery,0,0.6596094668288653,-0.4855905666800707,False,476.85000000000014,0.5289256198347108,True,not_yet_labelled,
residential-0029__yishun-mrt,residential-0029__yishun-mrt__cp_019,1.423377,103.847726,1336.0,3314.4,0.23181321885850695,0.12371148003472222,0.1008148193359375,0.0744594997829861,0.3911980523003472,0.06784735785590278,0.0012376573350694445,0,High built frontage + high pedestrian space / low greenery,0,1.3865312797628409,-0.6500604108230336,False,356.96000000000004,0.4359504132231405,True,not_yet_labelled,
residential-0029__yishun-mrt,residential-0029__yishun-mrt__cp_020,1.423342,103.846928,1424.79,3314.4,0.1800571017795139,0.17252095540364584,0.3024224175347222,0.0345458984375,0.24584791395399305,0.0,0.0,1,High sky exposure + high road exposure / low greenery,0,0.21152045798819497,-0.8201177069767975,False,268.1700000000001,0.3760330578512397,True,not_yet_labelled,
residential-0029__yishun-mrt,residential-0029__yishun-mrt__cp_021,1.42331,103.846091,1517.9,3314.4,0.19412400987413195,0.24704488118489584,0.07622443305121528,0.0286102294921875,0.3079511854383681,0.048797607421875,0.0,0,High built frontage + high pedestrian space / low greenery,0,0.572177398302826,-0.17505530048904389,False,175.05999999999995,0.29545454545454547,True,not_yet_labelled,
residential-0029__yishun-mrt,residential-0029__yishun-mrt__cp_022,1.423597,103.845555,1585.49,3314.4,0.21724107530381945,0.2394799126519097,0.07985093858506945,0.03471544053819445,0.3065151638454861,0.11721971299913195,0.0,1,High sky exposure + high road exposure / low greenery,0,0.5123422581964563,-0.5056305326682685,False,107.47000000000003,0.2231404958677686,True,not_yet_labelled,
residential-0029__yishun-mrt,residential-0029__yishun-mrt__cp_023,1.423959,103.845126,1647.89,3314.4,0.1797570122612847,0.2450137668185764,0.1386956108940972,0.022396511501736112,0.3479326036241319,0.05954149034288195,0.0,0,High built frontage + high pedestrian space / low greenery,0,0.6042811831815794,-0.4001854610811442,False,45.069999999999936,0.1384297520661157,True,not_yet_labelled,
residential-0029__yishun-mrt,residential-0029__yishun-mrt__cp_024,1.424255,103.844849,1692.96,3314.4,0.3827599419487847,0.053090413411458336,0.13269551595052084,0.017198350694444444,0.3284403483072917,0.06501600477430555,0.001095241970486111,1,High sky exposure + high road exposure / low greenery,0,0.5834054238779367,-1.8219412187933632,True,0.0,0.06508264462809918,True,not_yet_labelled,
residential-0029__yishun-mrt,residential-0029__yishun-mrt__cp_025,1.424587,103.844469,1749.06,3314.4,0.3125220404730903,0.2886420355902778,0.12167867024739583,0.028778076171875,0.16886393229166666,0.07889641655815972,0.0,1,High sky exposure + high road exposure / low greenery,0,-0.4063766102364815,-0.7117094877751751,True,0.0,0.06508264462809918,True,not_yet_labelled,
residential-0029__yishun-mrt,residential-0029__yishun-mrt__cp_026,1.425098,103.843933,1831.39,3314.4,0.3627404106987847,0.2696634928385417,0.06405470106336805,0.016031901041666668,0.1674262152777778,0.1206241183810764,0.0,1,High sky exposure + high road exposure / low greenery,1,-0.48469017717657287,-0.9999950193183986,False,82.33000000000015,0.19834710743801653,True,not_yet_labelled,
residential-0029__yishun-mrt,residential-0029__yishun-mrt__cp_027,1.425696,103.843294,1928.69,3314.4,0.3158111572265625,0.2656233045789931,0.06845770941840278,0.017801920572916668,0.21077473958333334,0.121368408203125,0.0,1,High sky exposure + high road exposure / low greenery,1,-0.2123428660649496,-0.8479213703762026,False,179.6300000000001,0.30165289256198347,True,not_yet_labelled,
residential-0029__yishun-mrt,residential-0029__yishun-mrt__cp_028,1.42618,103.842765,2008.41,3314.4,0.3200971815321181,0.2259487575954861,0.12584940592447916,0.03309970431857639,0.22530958387586805,0.06156751844618055,0.008946736653645834,1,High sky exposure + high road exposure / low greenery,0,-0.004215307080385882,-0.8885222127505881,False,133.78999999999974,0.24586776859504134,True,not_yet_labelled,
residential-0029__yishun-mrt,residential-0029__yishun-mrt__cp_029,1.42669,103.842218,2091.55,3314.4,0.2995537651909722,0.2867906358506944,0.09901258680555555,0.020275539822048612,0.1786617702907986,0.11533270941840278,0.0006781684027777778,1,High sky exposure + high road exposure / low greenery,1,-0.3943670693765327,-0.7658051408980618,False,50.649999999999636,0.15082644628099173,True,not_yet_labelled,
residential-0029__yishun-mrt,residential-0029__yishun-mrt__cp_030,1.426869,103.841799,2142.2,3314.4,0.19958665635850695,0.2870754665798611,0.1377631293402778,0.033440483940972224,0.2862599690755208,0.009450276692708334,0.0,0,High built frontage + high pedestrian space / low greenery,0,0.34674779567690006,-0.09792554697658375,True,0.0,0.06508264462809918,True,not_yet_labelled,
residential-0029__yishun-mrt,residential-0029__yishun-mrt__cp_031,1.426917,103.840976,2233.84,3314.4,0.03205532497829861,0.4803822835286458,0.2728627522786458,0.039886474609375,0.1424289279513889,0.028661092122395832,0.0,3,High greenery + high road exposure / low built frontage,0,-0.6051352864576911,0.7764234110797287,True,0.0,0.06508264462809918,True,not_yet_labelled,
residential-0029__yishun-mrt,residential-0029__yishun-mrt__cp_032,1.427194,103.840649,2281.49,3314.4,0.2663353814019097,0.4442003038194444,0.1365136040581597,0.03877597384982639,0.04130215115017361,0.043772379557291664,0.0,3,High greenery + high road exposure / low built frontage,2,-1.1299535763784934,0.12479254774837524,False,47.649999999999636,0.1446280991735537,True,not_yet_labelled,
residential-0029__yishun-mrt,residential-0029__yishun-mrt__cp_033,1.427692,103.840677,2336.95,3314.4,0.05836613972981771,0.3841044108072917,0.1074816385904948,0.2328618367513021,0.13948567708333334,0.000324249267578125,0.00016911824544270834,2,High pedestrian space + high built frontage / low road exposure,3,1.201045502381491,1.944660714344991,True,0.0,0.06508264462809918,True,not_yet_labelled,
residential-0029__yishun-mrt,residential-0029__yishun-mrt__cp_034,1.428243,103.840516,2400.78,3314.4,0.173553466796875,0.4210272894965278,0.1096462673611111,0.09578959147135417,0.1916266547309028,0.008356730143229166,0.0,3,High greenery + high road exposure / low built frontage,3,0.17413129515687084,0.8539578025954786,True,0.0,0.06508264462809918,True,not_yet_labelled,
residential-0029__yishun-mrt,residential-0029__yishun-mrt__cp_035,1.428792,103.840278,2467.31,3314.4,0.16141255696614584,0.4096510145399306,0.13761393229166666,0.0517425537109375,0.2054358588324653,0.027514987521701388,0.0002593994140625,3,High greenery + high road exposure / low built frontage,3,-0.09219196244951848,0.4921587571051668,True,0.0,0.06508264462809918,True,not_yet_labelled,
residential-0029__yishun-mrt,residential-0029__yishun-mrt__cp_036,1.42966,103.839418,2603.16,3314.4,0.0,0.5885124206542969,0.0016263326009114583,0.12313461303710938,0.2866109212239583,0.0,0.0004119873046875,2,High pedestrian space + high built frontage / low road exposure,3,0.8618582191178847,2.522461022770452,False,135.8499999999999,0.25413223140495866,True,not_yet_labelled,
residential-0029__yishun-mrt,residential-0029__yishun-mrt__cp_037,1.42996,103.838842,2675.36,3314.4,0.22615559895833334,0.346954345703125,0.08892144097222222,0.018385145399305556,0.19759623209635416,0.11920674641927083,0.0,1,High sky exposure + high road exposure / low greenery,1,-0.3272989028075535,-0.2856530182262266,False,208.05000000000018,0.3285123966942149,True,not_yet_labelled,
residential-0029__yishun-mrt,residential-0029__yishun-mrt__cp_038,1.430148,103.838262,2743.13,3314.4,0.0017725626627604167,0.3882700602213542,0.0010083516438802083,0.022984822591145832,0.5573654174804688,0.0,0.0025202433268229165,0,High built frontage + high pedestrian space / low greenery,0,1.741662963529342,1.2983067175982275,False,275.82000000000016,0.38326446280991733,True,not_yet_labelled,
residential-0029__yishun-mrt,residential-0029__yishun-mrt__cp_039,1.430162,103.837799,2794.62,3314.4,0.3231404622395833,0.1676457722981771,0.2948265075683594,0.006017049153645833,0.13624191284179688,0.07150522867838542,0.0,1,High sky exposure + high road exposure / low greenery,1,-0.7282198713449483,-1.7304589431022428,False,327.30999999999995,0.4090909090909091,True,not_yet_labelled,
residential-0029__yishun-mrt,residential-0029__yishun-mrt__cp_040,1.430161,103.837163,2865.32,3314.4,0.3290863037109375,0.196258544921875,0.04628329806857639,0.007800632052951389,0.2877451578776042,0.13067626953125,0.0,1,High sky exposure + high road exposure / low greenery,1,0.20031070835511425,-1.157539083627595,False,398.0100000000002,0.4762396694214876,True,not_yet_labelled,
residential-0029__yishun-mrt,residential-0029__yishun-mrt__cp_041,1.430243,103.83673,2914.31,3314.4,0.3290863037109375,0.196258544921875,0.04628329806857639,0.007800632052951389,0.2877451578776042,0.13067626953125,0.0,1,High sky exposure + high road exposure / low greenery,1,0.20031070835511425,-1.157539083627595,False,447.0,0.5072314049586777,True,not_yet_labelled,
residential-0029__yishun-mrt,residential-0029__yishun-mrt__cp_042,1.430233,103.836118,2982.35,3314.4,0.023883395724826388,0.2635650634765625,0.2542758517795139,0.057396782769097224,0.3329433865017361,0.06225416395399305,0.0,0,High built frontage + high pedestrian space / low greenery,0,0.8094960234357808,0.10089459035446303,False,515.04,0.5495867768595041,True,not_yet_labelled,
residential-0029__yishun-mrt,residential-0029__yishun-mrt__cp_043,1.430248,103.835653,3034.07,3314.4,0.017937554253472224,0.018917507595486112,0.05215623643663195,0.0,0.0,0.9109887017144097,0.0,4,High vehicle presence + high road exposure / low greenery,4,-0.8551478338430536,-3.0406823555997917,False,566.7600000000002,0.5909090909090909,True,not_yet_labelled,
residential-0029__yishun-mrt,residential-0029__yishun-mrt__cp_044,1.430204,103.835202,3084.44,3314.4,0.2260403103298611,0.0780673556857639,0.3345235188802083,0.022223578559027776,0.3223775227864583,0.0100860595703125,0.007349650065104167,1,High sky exposure + high road exposure / low greenery,0,0.5127396521256602,-1.5196881500876347,False,617.1300000000001,0.6239669421487604,True,not_yet_labelled,
residential-0029__yishun-mrt,residential-0029__yishun-mrt__cp_045,1.429451,103.835165,3168.27,3314.4,0.002204047309027778,0.022269354926215276,0.2522396511501736,0.10093180338541667,0.5885348849826388,0.0,0.019492255316840276,0,High built frontage + high pedestrian space / low greenery,0,2.8149033506328447,-0.21578341255103883,False,700.96,0.6683884297520661,True,not_yet_labelled,
residential-0029__yishun-mrt,residential-0029__yishun-mrt__cp_046,1.429383,103.835049,3183.22,3314.4,0.007476806640625,0.03925916883680555,0.2359992133246528,0.1364864773220486,0.5310889350043403,0.0,0.04577975802951389,0,High built frontage + high pedestrian space / low greenery,0,2.804009079933147,0.06526156401139593,False,715.9099999999999,0.6776859504132231,True,not_yet_labelled,
residential-0030__harbourfront-mrt,residential-0030__harbourfront-mrt__cp_003,1.271229,103.826995,197.5,1418.8,0.15053304036458334,0.2158745659722222,0.3397216796875,0.03464084201388889,0.20414225260416666,0.05516391330295139,0.0,1,High sky exposure + high road exposure / low greenery,0,-0.125820472098471,-0.8547374040988176,False,,,False,not_yet_labelled,
residential-0030__harbourfront-mrt,residential-0030__harbourfront-mrt__cp_004,1.270944,103.826624,249.51,1418.8,0.15053304036458334,0.2158745659722222,0.3397216796875,0.03464084201388889,0.20414225260416666,0.05516391330295139,0.0,1,High sky exposure + high road exposure / low greenery,0,-0.125820472098471,-0.8547374040988176,False,,,False,not_yet_labelled,
residential-0030__harbourfront-mrt,residential-0030__harbourfront-mrt__cp_005,1.270606,103.825994,329.0,1418.8,0.104339599609375,0.4294823540581597,0.3305426703559028,0.005674574110243056,0.12996080186631945,0.0,0.0,3,High greenery + high road exposure / low built frontage,0,-0.9716803663370661,0.08473072945274729,False,,,False,not_yet_labelled,
residential-0030__harbourfront-mrt,residential-0030__harbourfront-mrt__cp_006,1.270363,103.825562,384.1,1418.8,0.2463311089409722,0.3480580647786458,0.0870361328125,0.0,0.0963168674045139,0.2223968505859375,0.0,1,High sky exposure + high road exposure / low greenery,1,-1.0040045098375896,-0.7596909116396511,False,,,False,not_yet_labelled,
residential-0030__harbourfront-mrt,residential-0030__harbourfront-mrt__cp_007,1.269832,103.82543,444.94,1418.8,0.18860880533854166,0.4859653049045139,0.1555107964409722,0.028637356228298612,0.059305826822916664,0.058649698893229164,0.0,3,High greenery + high road exposure / low built frontage,2,-1.1345644902915983,0.39864402396334686,False,,,False,not_yet_labelled,
residential-0030__harbourfront-mrt,residential-0030__harbourfront-mrt__cp_008,1.269211,103.825402,514.06,1418.8,0.3406728108723958,0.2078976101345486,0.0706142849392361,0.01788330078125,0.2500542534722222,0.09085252549913195,0.0,1,High sky exposure + high road exposure / low greenery,1,0.06517842919028473,-1.0421683502615742,False,,,False,not_yet_labelled,
residential-0030__harbourfront-mrt,residential-0030__harbourfront-mrt__cp_009,1.268765,103.825517,565.28,1418.8,0.2896796332465278,0.3975643581814236,0.056128607855902776,0.0005645751953125,0.04921129014756945,0.15446302625868055,0.0,1,High sky exposure + high road exposure / low greenery,1,-1.2627681727839533,-0.43464810607048027,False,,,False,not_yet_labelled,
residential-0030__harbourfront-mrt,residential-0030__harbourfront-mrt__cp_010,1.268309,103.825778,623.7,1418.8,0.4337276882595486,0.22019449869791666,0.0821194118923611,0.019246419270833332,0.09802754720052083,0.1266445583767361,1.6954210069444445e-05,1,High sky exposure + high road exposure / low greenery,1,-0.7933053998803867,-1.468635880351571,False,,,False,not_yet_labelled,
residential-0030__harbourfront-mrt,residential-0030__harbourfront-mrt__cp_011,1.267607,103.826242,717.26,1418.8,0.036403656005859375,0.42985280354817706,0.06920369466145833,0.1246337890625,0.1937230428059896,0.056980133056640625,0.0,2,High pedestrian space + high built frontage / low road exposure,3,0.6218143917673824,1.5365343371662175,False,,,False,not_yet_labelled,
residential-0030__harbourfront-mrt,residential-0030__harbourfront-mrt__cp_012,1.267275,103.826399,758.09,1418.8,0.08685811360677083,0.2967491149902344,0.3768043518066406,0.03776423136393229,0.03668848673502604,0.08431498209635417,0.0,3,High greenery + high road exposure / low built frontage,0,-0.9587357209120123,-0.4800354842974953,False,,,False,not_yet_labelled,
residential-0030__harbourfront-mrt,residential-0030__harbourfront-mrt__cp_013,1.267038,103.826013,808.45,1418.8,0.20151265462239584,0.6177283393012153,0.0008171929253472222,0.0,0.14044019911024305,0.0,0.005201551649305556,3,High greenery + high road exposure / low built frontage,2,-1.0008057732734623,1.2480606933882852,False,,,False,not_yet_labelled,
residential-0030__harbourfront-mrt,residential-0030__harbourfront-mrt__cp_014,1.266786,103.825757,848.39,1418.8,0.3216145833333333,0.14345804850260416,0.041297064887152776,0.033042060004340276,0.3408440483940972,0.1043362087673611,0.014521280924479166,1,High sky exposure + high road exposure / low greenery,0,0.7607365790107273,-1.0790742936367606,False,,,False,not_yet_labelled,
residential-0030__harbourfront-mrt,residential-0030__harbourfront-mrt__cp_015,1.266309,103.82531,921.07,1418.8,0.050209893120659724,0.6936832004123263,0.007759941948784722,0.049346923828125,0.04434034559461805,0.0,0.0,3,High greenery + high road exposure / low built frontage,2,-0.9789101922117134,2.3546489979486807,False,,,False,not_yet_labelled,
residential-0030__harbourfront-mrt,residential-0030__harbourfront-mrt__cp_016,1.26607,103.824568,1007.73,1418.8,0.2183100382486979,0.2928759256998698,0.33760960896809894,0.01047515869140625,0.11917368570963542,0.0,0.004407246907552083,1,High sky exposure + high road exposure / low greenery,0,-0.8781028785052424,-0.7845106867802019,False,,,False,not_yet_labelled,
residential-0030__harbourfront-mrt,residential-0030__harbourfront-mrt__cp_017,1.266022,103.824065,1063.9,1418.8,0.2572174072265625,0.08673943413628472,0.07324896918402778,0.009156968858506944,0.4282124837239583,0.1413998074001736,0.0,0,High built frontage + high pedestrian space / low greenery,0,1.1055766225206412,-1.3713030033701228,False,,,False,not_yet_labelled,
residential-0030__harbourfront-mrt,residential-0030__harbourfront-mrt__cp_018,1.265881,103.823683,1109.17,1418.8,0.1202884250217014,0.021075778537326388,0.186126708984375,0.031022813585069444,0.5411648220486112,0.0,0.0,0,High built frontage + high pedestrian space / low greenery,0,2.0514785388529497,-0.8205179074325214,False,,,False,not_yet_labelled,
residential-0030__harbourfront-mrt,residential-0030__harbourfront-mrt__cp_019,1.265582,103.823495,1148.44,1418.8,0.1202884250217014,0.021075778537326388,0.186126708984375,0.031022813585069444,0.5411648220486112,0.0,0.0,0,High built frontage + high pedestrian space / low greenery,0,2.0514785388529497,-0.8205179074325214,False,,,False,not_yet_labelled,
residential-0030__harbourfront-mrt,residential-0030__harbourfront-mrt__cp_020,1.2656,103.823017,1201.62,1418.8,0.0,0.0,0.0,0.0,1.0,0.0,0.0,0,High built frontage + high pedestrian space / low greenery,0,4.297227067507594,-0.16985960799971883,False,,,False,not_yet_labelled,
residential-0030__harbourfront-mrt,residential-0030__harbourfront-mrt__cp_021,1.26557,103.822401,1270.18,1418.8,0.33717981974283856,0.11567179361979167,0.3245709737141927,0.029008229573567707,0.16219075520833334,2.5431315104166665e-06,2.288818359375e-05,1,High sky exposure + high road exposure / low greenery,1,-0.3497071894184596,-1.6891204484744948,False,,,False,not_yet_labelled,
residential-0030__harbourfront-mrt,residential-0030__harbourfront-mrt__cp_022,1.265541,103.821843,1332.29,1418.8,0.1560397677951389,0.49395751953125,0.3061184353298611,0.016503228081597224,0.013405693901909722,0.0,0.009126451280381944,3,High greenery + high road exposure / low built frontage,2,-1.5710179875266828,0.2493318774127424,False,,,False,not_yet_labelled,
residential-0030__harbourfront-mrt,residential-0030__harbourfront-mrt__cp_023,1.26553,103.821495,1371.0,1418.8,0.23130035400390625,0.6373761494954427,0.00687408447265625,0.056728363037109375,0.008024851481119791,3.6875406901041664e-05,0.0,3,High greenery + high road exposure / low built frontage,2,-1.2604439880639375,1.5056612710778223,False,,,False,not_yet_labelled,
residential-0031__tanjong-rhu-mrt,residential-0031__tanjong-rhu-mrt__cp_000,1.287624,103.877025,0.0,2984.9,0.6243201361762153,0.1303490532769097,0.1328345404730903,0.005179511176215278,0.018568250868055556,0.032292683919270836,0.0,1,High sky exposure + high road exposure / low greenery,1,-1.3352278879449313,-2.3830165937521133,False,,,True,not_yet_labelled,
residential-0031__tanjong-rhu-mrt,residential-0031__tanjong-rhu-mrt__cp_001,1.28811,103.877534,78.24,2984.9,0.6525590684678819,0.10229661729600695,0.08710394965277778,0.003482394748263889,0.03845384385850695,0.08203125,0.0,1,High sky exposure + high road exposure / low greenery,1,-1.2194032412170324,-2.628062043408416,False,,,True,not_yet_labelled,
residential-0031__tanjong-rhu-mrt,residential-0031__tanjong-rhu-mrt__cp_002,1.288501,103.878139,158.33,2984.9,0.5769297281901041,0.1672787136501736,0.1929931640625,0.002041286892361111,0.027106391059027776,0.0002695719401041667,0.0,1,High sky exposure + high road exposure / low greenery,1,-1.397363675595752,-2.1745307189082683,False,,,True,not_yet_labelled,
residential-0031__tanjong-rhu-mrt,residential-0031__tanjong-rhu-mrt__cp_003,1.288957,103.878799,247.52,2984.9,0.2650112575954861,0.5554080539279513,0.045128716362847224,0.0,0.13425191243489584,0.0,0.00018988715277777778,3,High greenery + high road exposure / low built frontage,2,-1.0694649747903118,0.66785049584622,False,,,True,not_yet_labelled,
residential-0031__tanjong-rhu-mrt,residential-0031__tanjong-rhu-mrt__cp_004,1.289328,103.879352,321.55,2984.9,0.3220147026909722,0.4497256808810764,0.12844679090711805,0.001583523220486111,0.03991868760850695,0.05706787109375,0.0,1,High sky exposure + high road exposure / low greenery,1,-1.5002311032204718,-0.2883790374895136,False,,,True,not_yet_labelled,
residential-0031__tanjong-rhu-mrt,residential-0031__tanjong-rhu-mrt__cp_005,1.289714,103.879933,399.1,2984.9,0.3604261610243056,0.3828718397352431,0.07732645670572917,0.016618516710069444,0.04729037814670139,0.1079745822482639,0.0,1,High sky exposure + high road exposure / low greenery,1,-1.240500733766466,-0.5913938307474375,False,,,True,not_yet_labelled,
residential-0031__tanjong-rhu-mrt,residential-0031__tanjong-rhu-mrt__cp_006,1.290103,103.880525,477.85,2984.9,0.4056803385416667,0.3540361192491319,0.0639156765407986,0.0,0.047215779622395836,0.12779744466145834,0.0,1,High sky exposure + high road exposure / low greenery,1,-1.3635533704400253,-0.9708945789024553,False,,,True,not_yet_labelled,
residential-0031__tanjong-rhu-mrt,residential-0031__tanjong-rhu-mrt__cp_007,1.290603,103.881297,580.11,2984.9,0.3298933241102431,0.4233262803819444,0.14512464735243055,0.016587999131944444,0.0005832248263888889,0.08427259657118055,0.0,1,High sky exposure + high road exposure / low greenery,1,-1.5663486812355614,-0.453837425028367,False,,,True,not_yet_labelled,
residential-0031__tanjong-rhu-mrt,residential-0031__tanjong-rhu-mrt__cp_008,1.291156,103.882044,683.44,2984.9,0.4018130832248264,0.4043596055772569,0.1787329779730903,0.0,5.0862630208333336e-05,0.005845811631944444,0.0,1,High sky exposure + high road exposure / low greenery,2,-1.7454355796890848,-0.7201851547675768,False,,,True,not_yet_labelled,
residential-0031__tanjong-rhu-mrt,residential-0031__tanjong-rhu-mrt__cp_009,1.291651,103.882819,785.67,2984.9,0.4613257514105903,0.2745937771267361,0.17550828721788195,0.0,0.056605021158854164,0.005939059787326389,0.00017971462673611112,1,High sky exposure + high road exposure / low greenery,1,-1.3124076197090526,-1.3689815682937294,False,,,True,not_yet_labelled,
residential-0031__tanjong-rhu-mrt,residential-0031__tanjong-rhu-mrt__cp_010,1.292313,103.883854,922.26,2984.9,0.5200822618272569,0.1505618625217014,0.14315626356336805,0.004801432291666667,0.054328070746527776,0.1274566650390625,0.0,1,High sky exposure + high road exposure / low greenery,1,-1.1676340114126684,-2.2739372024298583,False,,,True,not_yet_labelled,
residential-0031__tanjong-rhu-mrt,residential-0031__tanjong-rhu-mrt__cp_011,1.292696,103.884427,998.89,2984.9,0.4797770182291667,0.11009724934895833,0.1566246880425347,0.0,0.03532240125868055,0.12007649739583333,0.05264451768663195,1,High sky exposure + high road exposure / low greenery,1,-1.1311299070593184,-2.2660071055299444,False,,,True,not_yet_labelled,
residential-0031__tanjong-rhu-mrt,residential-0031__tanjong-rhu-mrt__cp_012,1.293166,103.884803,1065.81,2984.9,0.5751393636067709,0.1388431125217014,0.1576317681206597,0.002215915256076389,0.043889363606770836,0.07618204752604167,0.0006256103515625,1,High sky exposure + high road exposure / low greenery,1,-1.2717916705260948,-2.410122958118146,False,,,True,not_yet_labelled,
residential-0031__tanjong-rhu-mrt,residential-0031__tanjong-rhu-mrt__cp_013,1.293865,103.885048,1148.17,2984.9,0.4749840630425347,0.16837565104166666,0.12698872884114584,0.012983534071180556,0.0466156005859375,0.16564432779947916,1.6954210069444445e-05,1,High sky exposure + high road exposure / low greenery,1,-1.1149647709709718,-2.0741793202247547,False,,,True,not_yet_labelled,
residential-0031__tanjong-rhu-mrt,residential-0031__tanjong-rhu-mrt__cp_014,1.294447,103.88521,1215.34,2984.9,0.5084499782986112,0.1915317111545139,0.12143961588541667,5.0862630208333336e-05,0.017332288953993056,0.0629001193576389,0.0006968180338541666,1,High sky exposure + high road exposure / low greenery,1,-1.325436512261885,-1.8229604766796712,False,,,True,not_yet_labelled,
residential-0031__tanjong-rhu-mrt,residential-0031__tanjong-rhu-mrt__cp_015,1.294841,103.885281,1259.86,2984.9,0.4780646430121528,0.1936713324652778,0.1685299343532986,0.028493245442708332,0.03861829969618055,0.06479729546440972,5.764431423611111e-05,1,High sky exposure + high road exposure / low greenery,1,-1.0779061813767825,-1.7129533003420288,False,,,True,not_yet_labelled,
residential-0031__tanjong-rhu-mrt,residential-0031__tanjong-rhu-mrt__cp_016,1.295599,103.8853,1344.17,2984.9,0.058510674370659724,0.028630574544270832,0.0803951687282986,0.045355902777777776,0.6335025363498263,0.002819485134548611,0.0,0,High built frontage + high pedestrian space / low greenery,0,2.7985071717687022,-0.1985488954439157,False,,,True,not_yet_labelled,
residential-0031__tanjong-rhu-mrt,residential-0031__tanjong-rhu-mrt__cp_017,1.296535,103.885272,1448.29,2984.9,0.1323462592230903,0.3656277126736111,0.1755150689019097,0.004036797417534722,0.05692884657118055,0.1032596164279514,0.08586290147569445,3,High greenery + high road exposure / low built frontage,0,-1.0163257779261547,-0.0745783014897827,False,,,True,not_yet_labelled,
residential-0031__tanjong-rhu-mrt,residential-0031__tanjong-rhu-mrt__cp_018,1.297128,103.885269,1514.23,2984.9,0.24978764851888022,0.18373616536458334,0.15316390991210938,0.0013453165690104167,0.004080454508463542,0.29088719685872394,0.0,1,High sky exposure + high road exposure / low greenery,1,-1.180817559003987,-1.6654452091023522,False,,,True,not_yet_labelled,
residential-0031__tanjong-rhu-mrt,residential-0031__tanjong-rhu-mrt__cp_019,1.297593,103.885259,1565.95,2984.9,0.2686475118001302,0.148834228515625,0.09000905354817708,0.004861195882161458,0.010718027750651041,0.3368072509765625,0.006560007731119792,1,High sky exposure + high road exposure / low greenery,1,-1.0173863122044968,-1.795097014302919,False,,,True,not_yet_labelled,
residential-0031__tanjong-rhu-mrt,residential-0031__tanjong-rhu-mrt__cp_020,1.297956,103.884975,1617.2,2984.9,0.2686475118001302,0.148834228515625,0.09000905354817708,0.004861195882161458,0.010718027750651041,0.3368072509765625,0.006560007731119792,1,High sky exposure + high road exposure / low greenery,1,-1.0173863122044968,-1.795097014302919,False,,,True,not_yet_labelled,
residential-0031__tanjong-rhu-mrt,residential-0031__tanjong-rhu-mrt__cp_023,1.298161,103.882934,1846.7,2984.9,0.046482086181640625,0.393646240234375,0.0026868184407552085,0.010396321614583334,0.43601226806640625,0.0,0.0,0,High built frontage + high pedestrian space / low greenery,0,1.0648824987621632,1.116870406938508,False,,,True,not_yet_labelled,
residential-0031__tanjong-rhu-mrt,residential-0031__tanjong-rhu-mrt__cp_029,1.297712,103.878774,2312.68,2984.9,0.1597171359592014,0.4498409695095486,0.18267822265625,0.002755059136284722,0.10620286729600695,0.0829739040798611,0.00015089246961805556,3,High greenery + high road exposure / low built frontage,0,-1.0577798715066606,0.09065405180204396,False,,,True,not_yet_labelled,
residential-0031__tanjong-rhu-mrt,residential-0031__tanjong-rhu-mrt__cp_030,1.297663,103.87821,2375.62,2984.9,0.18806966145833334,0.4101053873697917,0.2507273356119792,0.006156073676215278,0.06687757703993055,0.0528717041015625,0.0,3,High greenery + high road exposure / low built frontage,0,-1.2413519984499266,-0.21841358099454733,False,,,True,not_yet_labelled,
residential-0031__tanjong-rhu-mrt,residential-0031__tanjong-rhu-mrt__cp_031,1.297604,103.877562,2447.95,2984.9,0.1341637505425347,0.4088202582465278,0.1569129096137153,0.016535441080729168,0.16774495442708334,0.059868706597222224,0.00013393825954861112,3,High greenery + high road exposure / low built frontage,0,-0.504592728888731,0.27061385547031236,False,,,True,not_yet_labelled,
residential-0031__tanjong-rhu-mrt,residential-0031__tanjong-rhu-mrt__cp_032,1.297534,103.877092,2500.78,2984.9,0.1712103949652778,0.3071611192491319,0.2935265435112847,0.008134629991319444,0.13453165690104166,0.07216559516059028,0.0035959879557291665,1,High sky exposure + high road exposure / low greenery,0,-0.7766816427234406,-0.6792935434624131,False,,,True,not_yet_labelled,
residential-0031__tanjong-rhu-mrt,residential-0031__tanjong-rhu-mrt__cp_033,1.297561,103.876713,2543.01,2984.9,0.2164035373263889,0.2865753173828125,0.3177049424913194,0.004596286349826389,0.057289971245659724,0.08199225531684028,0.00017971462673611112,1,High sky exposure + high road exposure / low greenery,0,-1.1999700528683959,-1.0180318612113732,False,,,True,not_yet_labelled,
residential-0031__tanjong-rhu-mrt,residential-0031__tanjong-rhu-mrt__cp_034,1.297479,103.876227,2597.8,2984.9,0.3333689371744792,0.1872524685329861,0.2887895372178819,0.028693305121527776,0.07219102647569445,0.07341512044270833,0.0,1,High sky exposure + high road exposure / low greenery,1,-0.8889744170949211,-1.5607347645237226,False,,,True,not_yet_labelled,
residential-0031__tanjong-rhu-mrt,residential-0031__tanjong-rhu-mrt__cp_035,1.297217,103.875703,2662.94,2984.9,0.1861351860894097,0.057927449544270836,0.2804650200737847,0.019198947482638888,0.3683149549696181,0.057961357964409724,0.0,0,High built frontage + high pedestrian space / low greenery,0,0.8426431843240781,-1.4505090979140471,False,,,True,not_yet_labelled,
residential-0031__tanjong-rhu-mrt,residential-0031__tanjong-rhu-mrt__cp_036,1.297278,103.875122,2727.88,2984.9,0.2684716118706597,0.009116278754340278,0.3418307834201389,0.0,0.21120198567708334,0.030714246961805556,0.0,1,High sky exposure + high road exposure / low greenery,1,-0.04311972372551788,-2.05759381509841,False,,,True,not_yet_labelled,
residential-0031__tanjong-rhu-mrt,residential-0031__tanjong-rhu-mrt__cp_037,1.297278,103.874472,2800.14,2984.9,0.2684716118706597,0.009116278754340278,0.3418307834201389,0.0,0.21120198567708334,0.030714246961805556,0.0,1,High sky exposure + high road exposure / low greenery,1,-0.04311972372551788,-2.05759381509841,False,,,True,not_yet_labelled,
residential-0031__tanjong-rhu-mrt,residential-0031__tanjong-rhu-mrt__cp_038,1.297243,103.873878,2866.28,2984.9,0.2684716118706597,0.009116278754340278,0.3418307834201389,0.0,0.21120198567708334,0.030714246961805556,0.0,1,High sky exposure + high road exposure / low greenery,1,-0.04311972372551788,-2.05759381509841,False,,,True,not_yet_labelled,
residential-0032__pasir-ris-mrt,residential-0032__pasir-ris-mrt__cp_000,1.377861,103.96262,0.0,2076.7,0.3635321723090278,0.2982855902777778,0.12727525499131945,0.015608045789930556,0.09764268663194445,0.0020734998914930555,0.0,1,High sky exposure + high road exposure / low greenery,1,-0.8342413510020311,-0.6790872326732224,False,1314.44,0.8636363636363636,True,not_yet_labelled,
residential-0032__pasir-ris-mrt,residential-0032__pasir-ris-mrt__cp_001,1.377992,103.962144,54.88,2076.7,0.3635321723090278,0.2982855902777778,0.12727525499131945,0.015608045789930556,0.09764268663194445,0.0020734998914930555,0.0,1,High sky exposure + high road exposure / low greenery,1,-0.8342413510020311,-0.6790872326732224,False,1259.56,0.8553719008264463,True,not_yet_labelled,
residential-0032__pasir-ris-mrt,residential-0032__pasir-ris-mrt__cp_002,1.37689,103.961875,181.01,2076.7,0.1077423095703125,0.6622026231553819,0.004640367296006944,0.15970018174913195,0.0502777099609375,0.0,0.0,2,High pedestrian space + high built frontage / low road exposure,3,-0.21718414731816432,2.5816941690202233,False,1133.43,0.8243801652892562,True,not_yet_labelled,
residential-0032__pasir-ris-mrt,residential-0032__pasir-ris-mrt__cp_003,1.376694,103.961538,224.35,2076.7,0.3591528998480903,0.4019215901692708,0.1421627468532986,0.002490573459201389,0.029268052842881944,0.0,0.0,1,High sky exposure + high road exposure / low greenery,2,-1.4598099806957552,-0.4220756447932616,False,1090.0900000000001,0.8181818181818182,True,not_yet_labelled,
residential-0032__pasir-ris-mrt,residential-0032__pasir-ris-mrt__cp_004,1.376165,103.96147,283.66,2076.7,0.4749925401475694,0.2819451226128472,0.1507805718315972,0.0033467610677083335,0.0027754041883680555,0.005605061848958333,0.0,1,High sky exposure + high road exposure / low greenery,1,-1.507496861210927,-1.2853426217991244,False,1030.78,0.7975206611570248,True,not_yet_labelled,
residential-0032__pasir-ris-mrt,residential-0032__pasir-ris-mrt__cp_006,1.375305,103.96113,386.93,2076.7,0.1994205050998264,0.2839508056640625,0.23633321126302084,0.037175496419270836,0.15449693467881945,0.025360107421875,0.0,1,High sky exposure + high road exposure / low greenery,0,-0.3458335972921659,-0.39153745926923106,False,927.51,0.7727272727272727,True,not_yet_labelled,
residential-0032__pasir-ris-mrt,residential-0032__pasir-ris-mrt__cp_007,1.375091,103.960848,426.28,2076.7,0.1994205050998264,0.2839508056640625,0.23633321126302084,0.037175496419270836,0.15449693467881945,0.025360107421875,0.0,1,High sky exposure + high road exposure / low greenery,0,-0.3458335972921659,-0.39153745926923106,False,888.1600000000001,0.7603305785123967,True,not_yet_labelled,
residential-0032__pasir-ris-mrt,residential-0032__pasir-ris-mrt__cp_010,1.375397,103.958418,698.74,2076.7,0.1072879367404514,0.20512898763020834,0.2923024495442708,0.026423136393229168,0.243194580078125,0.0012902153862847222,0.0,0,High built frontage + high pedestrian space / low greenery,0,0.21233624701251685,-0.4391866520115299,False,615.7,0.6177685950413223,True,not_yet_labelled,
residential-0032__pasir-ris-mrt,residential-0032__pasir-ris-mrt__cp_011,1.375401,103.957851,761.77,2076.7,0.18433634440104166,0.2683173285590278,0.2757737901475694,0.025687323676215276,0.1487392849392361,0.016969468858506944,0.0,1,High sky exposure + high road exposure / low greenery,0,-0.44618628328627485,-0.5256712530467339,False,552.6700000000001,0.5816115702479339,True,not_yet_labelled,
residential-0032__pasir-ris-mrt,residential-0032__pasir-ris-mrt__cp_012,1.375394,103.957017,854.48,2076.7,0.24612596299913195,0.18264940049913195,0.2930213080512153,0.022176106770833332,0.1796179877387153,0.006517198350694444,0.0,1,High sky exposure + high road exposure / low greenery,0,-0.27329577408869693,-1.0835961686021263,False,459.96000000000004,0.515495867768595,True,not_yet_labelled,
residential-0032__pasir-ris-mrt,residential-0032__pasir-ris-mrt__cp_013,1.37535,103.956512,910.83,2076.7,0.2944878472222222,0.1490546332465278,0.2463802761501736,0.021570841471354168,0.1144748263888889,0.1386837429470486,0.0,1,High sky exposure + high road exposure / low greenery,1,-0.5995212189468164,-1.664744589493254,False,403.61,0.4793388429752066,True,not_yet_labelled,
residential-0032__pasir-ris-mrt,residential-0032__pasir-ris-mrt__cp_014,1.375554,103.95629,944.35,2076.7,0.0,0.27642822265625,0.1528388129340278,0.1296963161892361,0.2986619737413194,0.010477701822916666,0.0,2,High pedestrian space + high built frontage / low road exposure,3,1.4046309028464945,1.100007166596212,False,370.09000000000003,0.45041322314049587,True,not_yet_labelled,
residential-0032__pasir-ris-mrt,residential-0032__pasir-ris-mrt__cp_015,1.375594,103.955932,984.39,2076.7,0.1184726291232639,0.1940985785590278,0.05759853786892361,0.21772935655381945,0.3036549886067708,0.06199306911892361,0.008955213758680556,2,High pedestrian space + high built frontage / low road exposure,3,2.1291597206486315,0.9238441055154862,False,330.05000000000007,0.41735537190082644,True,not_yet_labelled,
residential-0032__pasir-ris-mrt,residential-0032__pasir-ris-mrt__cp_016,1.3755,103.95525,1060.92,2076.7,0.16797892252604166,0.4396820068359375,0.0889739990234375,0.028449164496527776,0.04382493760850695,0.0,0.004263983832465278,3,High greenery + high road exposure / low built frontage,2,-0.8841178172547737,0.7528349490298079,False,253.51999999999998,0.37086776859504134,True,not_yet_labelled,
residential-0032__pasir-ris-mrt,residential-0032__pasir-ris-mrt__cp_017,1.375434,103.954776,1114.12,2076.7,0.05765109592013889,0.4624549018012153,0.1306915283203125,0.034281412760416664,0.2789849175347222,0.002432929144965278,0.003619723849826389,3,High greenery + high road exposure / low built frontage,2,0.18406697987458523,1.0617485906048643,False,200.32000000000016,0.31714876033057854,True,not_yet_labelled,
residential-0032__pasir-ris-mrt,residential-0032__pasir-ris-mrt__cp_018,1.375353,103.954333,1164.19,2076.7,0.0,0.013449774848090278,0.07559882269965278,0.0,0.0,0.9109514024522569,0.0,4,High vehicle presence + high road exposure / low greenery,4,-0.8518461425115694,-3.056933355285309,False,150.25,0.26859504132231404,True,not_yet_labelled,
residential-0032__pasir-ris-mrt,residential-0032__pasir-ris-mrt__cp_019,1.375286,103.953687,1236.38,2076.7,0.3097720675998264,0.3583899603949653,0.102569580078125,0.022308349609375,0.010845608181423612,0.12192450629340278,0.0,1,High sky exposure + high road exposure / low greenery,1,-1.2633397889108304,-0.5428824606327647,False,78.05999999999995,0.1890495867768595,True,not_yet_labelled,
residential-0032__pasir-ris-mrt,residential-0032__pasir-ris-mrt__cp_020,1.375193,103.952991,1314.44,2076.7,0.2725134955512153,0.20641072591145834,0.2602657741970486,0.012661404079861112,0.013573540581597222,0.0038655598958333335,0.0,1,High sky exposure + high road exposure / low greenery,1,-1.0603709016240754,-0.9858107796327167,True,0.0,0.06508264462809918,True,not_yet_labelled,
residential-0032__pasir-ris-mrt,residential-0032__pasir-ris-mrt__cp_021,1.375144,103.952476,1371.95,2076.7,0.18968370225694445,0.5345747205946181,0.20623609754774305,0.024300469292534724,0.006747775607638889,0.00021531846788194444,0.00011020236545138889,3,High greenery + high road exposure / low built frontage,2,-1.5242971599600224,0.5855484291497789,True,0.0,0.06508264462809918,True,not_yet_labelled,
residential-0032__pasir-ris-mrt,residential-0032__pasir-ris-mrt__cp_022,1.375055,103.951624,1467.17,2076.7,0.15579054090711805,0.6389177110460069,0.12446085611979167,0.007573445638020833,0.056525336371527776,8.307562934027778e-05,0.00019327799479166666,3,High greenery + high road exposure / low built frontage,2,-1.4757302113230377,1.1883112176127646,False,95.22000000000003,0.21074380165289255,True,not_yet_labelled,
residential-0032__pasir-ris-mrt,residential-0032__pasir-ris-mrt__cp_023,1.374818,103.951302,1511.62,2076.7,0.24083964029947916,0.5669470893012153,0.11895243326822917,0.0014139811197916667,0.006744384765625,0.06320699055989583,0.0,3,High greenery + high road exposure / low built frontage,2,-1.756131515708801,0.4172636985801446,False,139.66999999999985,0.25826446280991733,True,not_yet_labelled,
residential-0032__pasir-ris-mrt,residential-0032__pasir-ris-mrt__cp_024,1.373634,103.951067,1645.84,2076.7,0.06438446044921875,0.21109517415364584,0.009913126627604166,0.1728846232096354,0.4562644958496094,0.0226898193359375,2.5431315104166668e-05,2,High pedestrian space + high built frontage / low road exposure,3,2.621442633949826,1.1890276385053449,False,273.8899999999999,0.38016528925619836,True,not_yet_labelled,
residential-0032__pasir-ris-mrt,residential-0032__pasir-ris-mrt__cp_025,1.37308,103.950946,1708.9,2076.7,0.24546644422743055,0.5709245469835069,0.040629069010416664,0.06335957845052083,0.0126800537109375,0.00036451551649305556,0.0035078260633680555,3,High greenery + high road exposure / low built frontage,2,-1.125767607623486,1.172306145207245,False,336.95000000000005,0.4214876033057851,True,not_yet_labelled,
residential-0032__pasir-ris-mrt,residential-0032__pasir-ris-mrt__cp_026,1.37275,103.950637,1759.16,2076.7,0.19819768269856772,0.06985727945963542,0.12708536783854166,0.23286819458007812,0.26140085856119794,0.0028406778971354165,0.013544718424479166,2,High pedestrian space + high built frontage / low road exposure,3,2.1459260947486096,0.3047629657849451,False,387.21000000000004,0.4669421487603306,True,not_yet_labelled,
residential-0032__pasir-ris-mrt,residential-0032__pasir-ris-mrt__cp_027,1.372432,103.950329,1808.38,2076.7,0.11008071899414062,0.16116968790690103,0.4343159993489583,0.013813018798828125,0.20525487263997397,0.02994537353515625,0.02555084228515625,1,High sky exposure + high road exposure / low greenery,0,-0.20697474762837795,-1.166836148987989,False,436.43000000000006,0.5,True,not_yet_labelled,
residential-0032__pasir-ris-mrt,residential-0032__pasir-ris-mrt__cp_028,1.372747,103.94989,1868.45,2076.7,0.5248175726996528,0.16523912217881945,0.1610565185546875,0.037421332465277776,0.043892754448784724,0.0002560085720486111,0.0009714762369791666,1,High sky exposure + high road exposure / low greenery,1,-0.9345101042033462,-1.7026178432163912,False,496.5,0.5433884297520661,True,not_yet_labelled,
residential-0032__pasir-ris-mrt,residential-0032__pasir-ris-mrt__cp_029,1.372755,103.94939,1924.04,2076.7,0.013772328694661459,0.0011583964029947917,0.0005747477213541666,0.0038401285807291665,0.1243146260579427,0.001483917236328125,0.1304194132486979,0,High built frontage + high pedestrian space / low greenery,0,0.7077272785203325,0.15675229869133417,False,552.0899999999999,0.5785123966942148,True,not_yet_labelled,
residential-0032__pasir-ris-mrt,residential-0032__pasir-ris-mrt__cp_030,1.372773,103.949317,1932.4,2076.7,0.013772328694661459,0.0011583964029947917,0.0005747477213541666,0.0038401285807291665,0.1243146260579427,0.001483917236328125,0.1304194132486979,0,High built frontage + high pedestrian space / low greenery,0,0.7077272785203325,0.15675229869133417,False,560.45,0.5867768595041323,True,not_yet_labelled,
residential-0033__hougang-mrt,residential-0033__hougang-mrt__cp_001,1.371728,103.880911,49.46,1724.0,0.07763163248697917,0.6656761169433594,0.00772857666015625,0.17648951212565103,0.016635894775390625,0.0019696553548177085,0.0007158915201822916,2,High pedestrian space + high built frontage / low road exposure,3,-0.20234658242606596,2.795263699862433,False,,,False,not_yet_labelled,
residential-0033__hougang-mrt,residential-0033__hougang-mrt__cp_002,1.371451,103.881819,154.99,1724.0,0.31500244140625,0.20519638061523438,0.20328394571940103,0.026400248209635418,0.16303126017252603,0.04347356160481771,0.0,1,High sky exposure + high road exposure / low greenery,1,-0.36491945236323814,-1.1152232714580312,False,,,False,not_yet_labelled,
residential-0033__hougang-mrt,residential-0033__hougang-mrt__cp_003,1.371072,103.88183,197.15,1724.0,0.28968048095703125,0.2465642293294271,0.2052637736002604,0.018788655598958332,0.14483006795247397,0.031794230143229164,0.0,1,High sky exposure + high road exposure / low greenery,1,-0.5352564771124126,-0.8835729064930958,False,,,False,not_yet_labelled,
residential-0033__hougang-mrt,residential-0033__hougang-mrt__cp_004,1.370956,103.882402,262.03,1724.0,0.13242594401041666,0.4152882893880208,0.18775049845377603,0.040494283040364586,0.12401962280273438,0.012648264567057291,0.0,3,High greenery + high road exposure / low built frontage,0,-0.5378576094453879,0.5008407534715345,False,,,False,not_yet_labelled,
residential-0033__hougang-mrt,residential-0033__hougang-mrt__cp_005,1.370787,103.883107,342.62,1724.0,0.052337646484375,0.517907460530599,0.1846593221028646,0.018099466959635418,0.15542984008789062,0.027746836344401043,0.0,3,High greenery + high road exposure / low built frontage,2,-0.6702105241024092,0.9699263449506292,False,,,False,not_yet_labelled,
residential-0033__hougang-mrt,residential-0033__hougang-mrt__cp_006,1.370686,103.883581,396.5,1724.0,0.10077412923177083,0.4883829752604167,0.1808293660481771,0.010808308919270834,0.16277058919270834,0.042583465576171875,0.0,3,High greenery + high road exposure / low built frontage,0,-0.7143402259925148,0.6061736278589429,False,,,False,not_yet_labelled,
residential-0033__hougang-mrt,residential-0033__hougang-mrt__cp_007,1.37058,103.884061,451.14,1724.0,0.019008636474609375,0.5322036743164062,0.04554621378580729,0.14376449584960938,0.18321990966796875,0.04683685302734375,0.0,2,High pedestrian space + high built frontage / low road exposure,3,0.555398861356235,2.1247747415533653,False,,,False,not_yet_labelled,
residential-0033__hougang-mrt,residential-0033__hougang-mrt__cp_008,1.370552,103.884541,504.59,1724.0,0.16504669189453125,0.36067835489908856,0.18434906005859375,0.0003255208333333333,0.19358698527018228,0.033482869466145836,0.0,3,High greenery + high road exposure / low built frontage,0,-0.47458533499511274,-0.08630774785322007,False,,,False,not_yet_labelled,
residential-0033__hougang-mrt,residential-0033__hougang-mrt__cp_009,1.370556,103.884981,553.51,1724.0,0.1504847208658854,0.4634145100911458,0.20471064249674478,0.011132558186848959,0.12732060750325522,0.022533416748046875,0.0009676615397135416,3,High greenery + high road exposure / low built frontage,0,-0.9078676691125714,0.3405722091876843,False,,,False,not_yet_labelled,
residential-0033__hougang-mrt,residential-0033__hougang-mrt__cp_010,1.371111,103.885394,630.42,1724.0,0.06363169352213542,0.5755805969238281,0.23262151082356772,0.0004628499348958333,0.10796101888020833,0.019512176513671875,0.0,3,High greenery + high road exposure / low built frontage,2,-1.2136468036344155,0.911780065693594,False,,,False,not_yet_labelled,
residential-0033__hougang-mrt,residential-0033__hougang-mrt__cp_012,1.371758,103.886095,740.0,1724.0,0.06608835856119792,0.4539438883463542,0.22299702962239584,0.006636301676432292,0.2332636515299479,0.016928354899088543,0.0,3,High greenery + high road exposure / low built frontage,0,-0.3623568524730766,0.5492377146109706,False,,,False,not_yet_labelled,
residential-0033__hougang-mrt,residential-0033__hougang-mrt__cp_013,1.371492,103.886654,808.82,1724.0,0.1501744588216146,0.3182385762532552,0.23478062947591147,0.006961822509765625,0.20613225301106772,0.083404541015625,0.0,3,High greenery + high road exposure / low built frontage,0,-0.38981559990703074,-0.45351971243516526,False,,,False,not_yet_labelled,
residential-0033__hougang-mrt,residential-0033__hougang-mrt__cp_014,1.371343,103.88735,887.94,1724.0,0.17967987060546875,0.4565582275390625,0.17438761393229166,0.002346038818359375,0.07503636678059895,0.04051335652669271,0.00024286905924479166,3,High greenery + high road exposure / low built frontage,2,-1.1825952725859725,0.21201191348377948,False,,,False,not_yet_labelled,
residential-0033__hougang-mrt,residential-0033__hougang-mrt__cp_015,1.371255,103.887794,938.26,1724.0,0.14289474487304688,0.18756993611653647,0.2030919392903646,0.0625902811686198,0.3826611836751302,0.013702392578125,0.00312042236328125,0,High built frontage + high pedestrian space / low greenery,0,1.153255458894268,-0.28240654662621195,False,,,False,not_yet_labelled,
residential-0033__hougang-mrt,residential-0033__hougang-mrt__cp_016,1.371073,103.888247,992.53,1724.0,0.24089813232421875,0.4135246276855469,0.17316436767578125,0.010517120361328125,0.15556208292643228,0.0028546651204427085,1.52587890625e-05,3,High greenery + high road exposure / low built frontage,2,-0.7647594121587541,-0.026920171449072806,False,,,False,not_yet_labelled,
residential-0033__hougang-mrt,residential-0033__hougang-mrt__cp_017,1.370665,103.888673,1058.11,1724.0,0.27783966064453125,0.3603172302246094,0.22400919596354166,0.014919281005859375,0.10775375366210938,0.005541483561197917,0.0026067097981770835,1,High sky exposure + high road exposure / low greenery,2,-0.9623628138957718,-0.46208819827463177,False,,,False,not_yet_labelled,
residential-0033__hougang-mrt,residential-0033__hougang-mrt__cp_018,1.370433,103.888968,1099.84,1724.0,0.1807708740234375,0.20822652180989584,0.354217529296875,0.004557291666666667,0.2294192843967014,0.0158538818359375,0.0,1,High sky exposure + high road exposure / low greenery,0,-0.25088666021403766,-1.070678613666325,False,,,False,not_yet_labelled,
residential-0033__hougang-mrt,residential-0033__hougang-mrt__cp_019,1.370462,103.889249,1131.24,1724.0,0.12198893229166667,0.273773193359375,0.2618747287326389,0.012398613823784722,0.2863277859157986,0.014916314019097222,0.0004170735677083333,0,High built frontage + high pedestrian space / low greenery,0,0.1478441959155851,-0.33062513392773696,False,,,False,not_yet_labelled,
residential-0033__hougang-mrt,residential-0033__hougang-mrt__cp_022,1.370837,103.890856,1401.45,1724.0,0.49896240234375,0.19082768758138022,0.04752349853515625,0.00010935465494791667,0.20016860961914062,0.023230234781901043,0.0,1,High sky exposure + high road exposure / low greenery,1,-0.3913256142863446,-1.4993271905282868,False,,,False,not_yet_labelled,
residential-0034__yishun-mrt,residential-0034__yishun-mrt__cp_002,1.429341,103.846771,187.68,1941.7,0.2129482693142361,0.2452545166015625,0.2036522759331597,0.08144632975260417,0.21233961317274305,0.0007205539279513889,0.0,1,High sky exposure + high road exposure / low greenery,0,0.34215648516955954,-0.18299922014068692,False,,,True,not_yet_labelled,
residential-0034__yishun-mrt,residential-0034__yishun-mrt__cp_003,1.429317,103.846261,244.43,1941.7,0.212554931640625,0.1404385036892361,0.05415174696180555,0.032936943901909724,0.5372907850477431,0.011435614691840278,0.0003306070963541667,0,High built frontage + high pedestrian space / low greenery,0,1.8299908775227156,-0.4520311748976051,False,,,True,not_yet_labelled,
residential-0034__yishun-mrt,residential-0034__yishun-mrt__cp_004,1.429864,103.845893,317.73,1941.7,0.2868991427951389,0.1462249755859375,0.055384318033854164,0.015511406792534722,0.3490278455946181,0.14045545789930555,0.0006646050347222222,1,High sky exposure + high road exposure / low greenery,0,0.6679083044611991,-1.1876729745672476,False,,,True,not_yet_labelled,
residential-0034__yishun-mrt,residential-0034__yishun-mrt__cp_005,1.430225,103.845564,372.03,1941.7,0.4331631130642361,0.06210666232638889,0.1646965874565972,0.030843098958333332,0.2357821994357639,0.057393391927083336,0.0,1,High sky exposure + high road exposure / low greenery,1,0.1413992607208558,-1.9645547102039413,False,,,True,not_yet_labelled,
residential-0034__yishun-mrt,residential-0034__yishun-mrt__cp_006,1.43057,103.845153,431.69,1941.7,0.3478478325737847,0.2192196316189236,0.06096055772569445,0.021689520941840276,0.21208021375868055,0.1337314181857639,0.0,1,High sky exposure + high road exposure / low greenery,1,-0.12802538950717673,-1.118763390250347,False,,,True,not_yet_labelled,
residential-0034__yishun-mrt,residential-0034__yishun-mrt__cp_007,1.430923,103.844775,489.19,1941.7,0.43218994140625,0.1316680908203125,0.1352996826171875,0.003482394748263889,0.19156901041666666,0.10582987467447917,0.0018700493706597222,1,High sky exposure + high road exposure / low greenery,1,-0.38333870503794065,-1.9416430566309741,False,,,True,not_yet_labelled,
residential-0034__yishun-mrt,residential-0034__yishun-mrt__cp_008,1.43122,103.844357,546.2,1941.7,0.018536037868923612,0.09114244249131945,0.2776879204644097,0.0234832763671875,0.5370686848958334,0.0494537353515625,0.0,0,High built frontage + high pedestrian space / low greenery,0,1.791371307143931,-0.6834464721811213,False,,,True,not_yet_labelled,
residential-0034__yishun-mrt,residential-0034__yishun-mrt__cp_009,1.431264,103.843711,618.17,1941.7,0.21697489420572916,0.3252444797092014,0.04134962293836805,0.026143391927083332,0.3226250542534722,0.05295986599392361,0.0,0,High built frontage + high pedestrian space / low greenery,0,0.4513820859494494,0.04494954633884666,False,,,True,not_yet_labelled,
residential-0034__yishun-mrt,residential-0034__yishun-mrt__cp_010,1.431274,103.843216,673.21,1941.7,0.2432946099175347,0.3344794379340278,0.087066650390625,0.004258897569444444,0.17703077528211805,0.15045674641927084,1.1867947048611111e-05,1,High sky exposure + high road exposure / low greenery,1,-0.5371458275138733,-0.5555020705862505,False,,,True,not_yet_labelled,
residential-0034__yishun-mrt,residential-0034__yishun-mrt__cp_011,1.431416,103.842757,726.62,1941.7,0.2432064480251736,0.3619944254557292,0.1290520562065972,0.005839029947916667,0.20452880859375,0.031441582573784724,0.0012376573350694445,1,High sky exposure + high road exposure / low greenery,2,-0.43316227354797665,-0.1980565363048102,False,,,True,not_yet_labelled,
residential-0034__yishun-mrt,residential-0034__yishun-mrt__cp_012,1.431786,103.842324,789.94,1941.7,0.036749945746527776,0.4140913221571181,0.1867591010199653,0.04757520887586805,0.2833014594184028,0.0,0.004509819878472222,3,High greenery + high road exposure / low built frontage,2,0.34657411105885,0.8989901274531188,False,,,True,not_yet_labelled,
residential-0034__yishun-mrt,residential-0034__yishun-mrt__cp_013,1.432119,103.841994,842.06,1941.7,0.060084025065104164,0.3095313178168403,0.24944898817274305,0.04633924696180555,0.2898678249782986,0.0,0.002221001519097222,0,High built frontage + high pedestrian space / low greenery,0,0.4571856820093208,0.28479608336628504,False,,,True,not_yet_labelled,
residential-0034__yishun-mrt,residential-0034__yishun-mrt__cp_014,1.432476,103.841536,906.62,1941.7,0.016606648763020832,0.3462778727213542,0.17823621961805555,0.023244222005208332,0.4356248643663194,0.0,0.0,0,High built frontage + high pedestrian space / low greenery,0,1.009302143061003,0.6162162355778072,False,,,True,not_yet_labelled,
residential-0034__yishun-mrt,residential-0034__yishun-mrt__cp_015,1.432934,103.841029,982.58,1941.7,0.07704671223958333,0.3280453152126736,0.060048421223958336,0.16235521104600695,0.2689598931206597,0.008904351128472222,0.0255889892578125,2,High pedestrian space + high built frontage / low road exposure,3,1.416663844752942,1.411449225255965,False,,,True,not_yet_labelled,
residential-0034__yishun-mrt,residential-0034__yishun-mrt__cp_016,1.43225,103.840193,1102.66,1941.7,0.003943549262152778,0.202850341796875,0.21368238661024305,0.1444125705295139,0.4086388481987847,0.0,0.0079498291015625,0,High built frontage + high pedestrian space / low greenery,0,2.024287695022488,0.735785594238289,False,,,True,not_yet_labelled,
residential-0034__yishun-mrt,residential-0034__yishun-mrt__cp_017,1.431913,103.839833,1157.49,1941.7,0.0594329833984375,0.2742852105034722,0.2653689914279514,0.04568142361111111,0.3351491292317708,0.010674370659722222,0.00024244520399305556,0,High built frontage + high pedestrian space / low greenery,0,0.682607400289804,0.07258106077350689,False,,,True,not_yet_labelled,
residential-0034__yishun-mrt,residential-0034__yishun-mrt__cp_018,1.431584,103.839501,1209.45,1941.7,0.3101942274305556,0.1542205810546875,0.1247982449001736,0.09332275390625,0.2837456597222222,0.03346082899305555,5.255805121527778e-05,1,High sky exposure + high road exposure / low greenery,0,0.8616372291372488,-0.6922548948063766,False,,,True,not_yet_labelled,
residential-0034__yishun-mrt,residential-0034__yishun-mrt__cp_019,1.431125,103.839161,1272.96,1941.7,0.1907772488064236,0.348846435546875,0.11644151475694445,0.022096421983506944,0.1969790988498264,0.1247982449001736,0.0,1,High sky exposure + high road exposure / low greenery,1,-0.30018848599577147,-0.22213284182724166,False,,,True,not_yet_labelled,
residential-0034__yishun-mrt,residential-0034__yishun-mrt__cp_020,1.430214,103.83889,1378.64,1941.7,0.055816650390625,0.2404242621527778,0.0808597140842014,0.15088399251302084,0.3857964409722222,0.0020768907335069445,0.011522081163194444,2,High pedestrian space + high built frontage / low road exposure,3,2.026065348328247,1.08448906567389,False,,,True,not_yet_labelled,
residential-0034__yishun-mrt,residential-0034__yishun-mrt__cp_021,1.430123,103.838578,1414.77,1941.7,0.007336934407552083,0.5516077677408854,0.011603037516276041,0.25578562418619794,0.13523228963216147,0.011178334554036459,0.016026814778645832,2,High pedestrian space + high built frontage / low road exposure,3,1.198899285776335,3.0340838139859447,False,,,True,not_yet_labelled,
residential-0034__yishun-mrt,residential-0034__yishun-mrt__cp_022,1.430151,103.838044,1474.21,1941.7,0.3231404622395833,0.1676457722981771,0.2948265075683594,0.006017049153645833,0.13624191284179688,0.07150522867838542,0.0,1,High sky exposure + high road exposure / low greenery,1,-0.7282198713449483,-1.7304589431022428,False,,,True,not_yet_labelled,
residential-0034__yishun-mrt,residential-0034__yishun-mrt__cp_023,1.430161,103.837163,1572.15,1941.7,0.3290863037109375,0.196258544921875,0.04628329806857639,0.007800632052951389,0.2877451578776042,0.13067626953125,0.0,1,High sky exposure + high road exposure / low greenery,1,0.20031070835511425,-1.157539083627595,False,,,True,not_yet_labelled,
residential-0034__yishun-mrt,residential-0034__yishun-mrt__cp_024,1.430243,103.83673,1621.14,1941.7,0.3290863037109375,0.196258544921875,0.04628329806857639,0.007800632052951389,0.2877451578776042,0.13067626953125,0.0,1,High sky exposure + high road exposure / low greenery,1,0.20031070835511425,-1.157539083627595,False,,,True,not_yet_labelled,
residential-0034__yishun-mrt,residential-0034__yishun-mrt__cp_025,1.430233,103.836118,1689.18,1941.7,0.023883395724826388,0.2635650634765625,0.2542758517795139,0.057396782769097224,0.3329433865017361,0.06225416395399305,0.0,0,High built frontage + high pedestrian space / low greenery,0,0.8094960234357808,0.10089459035446303,False,,,True,not_yet_labelled,
residential-0034__yishun-mrt,residential-0034__yishun-mrt__cp_026,1.430248,103.835653,1740.9,1941.7,0.017937554253472224,0.018917507595486112,0.05215623643663195,0.0,0.0,0.9109887017144097,0.0,4,High vehicle presence + high road exposure / low greenery,4,-0.8551478338430536,-3.0406823555997917,False,,,True,not_yet_labelled,
residential-0034__yishun-mrt,residential-0034__yishun-mrt__cp_027,1.430204,103.835202,1791.27,1941.7,0.2260403103298611,0.0780673556857639,0.3345235188802083,0.022223578559027776,0.3223775227864583,0.0100860595703125,0.007349650065104167,1,High sky exposure + high road exposure / low greenery,0,0.5127396521256602,-1.5196881500876347,False,,,True,not_yet_labelled,
residential-0034__yishun-mrt,residential-0034__yishun-mrt__cp_028,1.429451,103.835165,1875.1,1941.7,0.002204047309027778,0.022269354926215276,0.2522396511501736,0.10093180338541667,0.5885348849826388,0.0,0.019492255316840276,0,High built frontage + high pedestrian space / low greenery,0,2.8149033506328447,-0.21578341255103883,False,,,True,not_yet_labelled,
residential-0034__yishun-mrt,residential-0034__yishun-mrt__cp_029,1.429383,103.835049,1890.05,1941.7,0.007476806640625,0.03925916883680555,0.2359992133246528,0.1364864773220486,0.5310889350043403,0.0,0.04577975802951389,0,High built frontage + high pedestrian space / low greenery,0,2.804009079933147,0.06526156401139593,False,,,True,not_yet_labelled,
residential-0035__tampines-west-mrt,residential-0035__tampines-west-mrt__cp_000,1.348314,103.94142,0.0,748.6,0.24090406629774305,0.16372172037760416,0.07124159071180555,0.10883924696180555,0.3785841200086806,0.016610039605034724,0.0,0,High built frontage + high pedestrian space / low greenery,0,1.5646194347723936,-0.12291560990125222,False,,,False,not_yet_labelled,
residential-0035__tampines-west-mrt,residential-0035__tampines-west-mrt__cp_001,1.347587,103.941698,86.54,748.6,0.1138763427734375,0.5394795735677084,0.10683186848958333,0.05172899034288195,0.09221564398871528,0.06206088595920139,0.0008358425564236111,3,High greenery + high road exposure / low built frontage,2,-0.7534597322309562,1.1028997171307013,False,,,False,not_yet_labelled,
residential-0035__tampines-west-mrt,residential-0035__tampines-west-mrt__cp_004,1.346269,103.941606,264.75,748.6,0.10196601019965278,0.5268215603298612,0.05038282606336805,0.032648722330729164,0.23823716905381945,0.0,0.0,3,High greenery + high road exposure / low built frontage,0,-0.07837018554154124,1.342998557048917,False,,,False,not_yet_labelled,
residential-0035__tampines-west-mrt,residential-0035__tampines-west-mrt__cp_005,1.345693,103.940728,381.49,748.6,0.020255194769965276,0.4582587348090278,0.1721869574652778,0.012413872612847222,0.15121629503038195,0.1482018364800347,0.0,3,High greenery + high road exposure / low built frontage,0,-0.629433020768344,0.5189097837150926,False,,,False,not_yet_labelled,
residential-0035__tampines-west-mrt,residential-0035__tampines-west-mrt__cp_006,1.345631,103.940203,440.26,748.6,0.004650539822048611,0.3142852783203125,0.290008544921875,0.060465494791666664,0.23784891764322916,0.0,0.020214504665798612,3,High greenery + high road exposure / low built frontage,0,0.35662305088492013,0.49025997809151073,False,,,False,not_yet_labelled,
residential-0035__tampines-west-mrt,residential-0035__tampines-west-mrt__cp_007,1.34543,103.939777,492.63,748.6,0.030341254340277776,0.18461778428819445,0.18781873914930555,0.021677652994791668,0.3254208034939236,0.24995930989583334,0.0,0,High built frontage + high pedestrian space / low greenery,1,0.6351106741739992,-0.7756928460232304,False,,,False,not_yet_labelled,
residential-0035__tampines-west-mrt,residential-0035__tampines-west-mrt__cp_008,1.345102,103.939634,532.41,748.6,0.0033552381727430555,0.22107103135850695,0.025934855143229168,0.0,0.0,0.7496388753255209,0.0,4,High vehicle presence + high road exposure / low greenery,4,-1.0930027561349753,-1.7355297984366123,False,,,False,not_yet_labelled,
residential-0035__tampines-west-mrt,residential-0035__tampines-west-mrt__cp_009,1.345093,103.939096,592.23,748.6,0.4765235053168403,0.03139071994357639,0.2705315483940972,0.024175008138020832,0.06529744466145833,0.07226392957899305,0.001849704318576389,1,High sky exposure + high road exposure / low greenery,1,-0.8049827607121408,-2.572341439679867,False,,,False,not_yet_labelled,
residential-0035__tampines-west-mrt,residential-0035__tampines-west-mrt__cp_010,1.345086,103.938634,643.59,748.6,0.3136630588107639,0.13233778211805555,0.2437049018012153,0.020923190646701388,0.2739376491970486,0.004464043511284722,3.3908420138888887e-06,1,High sky exposure + high road exposure / low greenery,1,0.19034611111800293,-1.3960728299307816,False,,,False,not_yet_labelled,
residential-0035__tampines-west-mrt,residential-0035__tampines-west-mrt__cp_011,1.345316,103.938528,671.75,748.6,0.3850775824652778,0.17741563585069445,0.2839982774522569,0.026165432400173612,0.007976955837673612,0.07158406575520833,8.816189236111111e-05,1,High sky exposure + high road exposure / low greenery,1,-1.2265635413841307,-1.7643960536949452,False,,,False,not_yet_labelled,
residential-0036__lakeside-mrt,residential-0036__lakeside-mrt__cp_001,1.347003,103.717345,76.51,953.4,0.1242641872829861,0.4564649793836806,0.12066141764322917,0.06387498643663195,0.16772969563802084,0.03149244520399305,0.0,3,High greenery + high road exposure / low built frontage,2,-0.1811064658966312,0.8993375066469702,False,,,False,not_yet_labelled,
residential-0036__lakeside-mrt,residential-0036__lakeside-mrt__cp_002,1.34699,103.717817,129.0,953.4,0.10045708550347222,0.5374213324652778,0.08544921875,0.07657029893663195,0.10435316297743055,0.058293660481770836,0.0,3,High greenery + high road exposure / low built frontage,2,-0.4640210943615936,1.348104186686777,False,,,False,not_yet_labelled,
residential-0036__lakeside-mrt,residential-0036__lakeside-mrt__cp_003,1.346514,103.717995,185.5,953.4,0.17477925618489584,0.365936279296875,0.13158671061197916,0.024820963541666668,0.2614627414279514,0.04082912868923611,0.0,3,High greenery + high road exposure / low built frontage,0,0.027036964767926136,0.12125432231577848,False,,,False,not_yet_labelled,
residential-0036__lakeside-mrt,residential-0036__lakeside-mrt__cp_004,1.34614,103.718368,244.23,953.4,0.17222086588541666,0.4776340060763889,0.0939178466796875,0.059439765082465276,0.12388780381944445,0.0538177490234375,0.0023040771484375,3,High greenery + high road exposure / low built frontage,2,-0.49904942011710135,0.7721742568527499,False,,,False,not_yet_labelled,
residential-0036__lakeside-mrt,residential-0036__lakeside-mrt__cp_005,1.345924,103.718956,313.87,953.4,0.055750528971354164,0.53656005859375,0.11254374186197917,0.035163031684027776,0.1363762749565972,0.10321044921875,0.0,3,High greenery + high road exposure / low built frontage,0,-0.6288776960290257,1.0701091387720678,False,,,False,not_yet_labelled,
residential-0036__lakeside-mrt,residential-0036__lakeside-mrt__cp_006,1.345251,103.719137,391.36,953.4,0.05392625596788195,0.6623484293619791,0.018469916449652776,0.0015089246961805555,0.059882269965277776,0.17149861653645834,0.001217312282986111,3,High greenery + high road exposure / low built frontage,1,-1.3649442687064777,1.3811575104414524,False,,,False,not_yet_labelled,
residential-0036__lakeside-mrt,residential-0036__lakeside-mrt__cp_007,1.344799,103.719188,441.94,953.4,0.2169681125217014,0.2425910101996528,0.0653110080295139,0.03816392686631945,0.3027835422092014,0.04176500108506945,0.0,0,High built frontage + high pedestrian space / low greenery,0,0.6130579704663816,-0.17365004036894013,False,,,False,not_yet_labelled,
residential-0036__lakeside-mrt,residential-0036__lakeside-mrt__cp_008,1.344756,103.719637,492.08,953.4,0.10231865776909722,0.10018751356336805,0.010423448350694444,0.03815884060329861,0.5592719184027778,0.1210361056857639,0.0,0,High built frontage + high pedestrian space / low greenery,0,2.2090031611967356,-0.3512675226642901,False,,,False,not_yet_labelled,
residential-0036__lakeside-mrt,residential-0036__lakeside-mrt__cp_009,1.344769,103.72052,590.25,953.4,0.18925645616319445,0.2005428738064236,0.2416415744357639,0.002349853515625,0.2376013861762153,0.05021837022569445,0.0033891465928819445,1,High sky exposure + high road exposure / low greenery,0,-0.06847645450648876,-0.912819128254074,False,,,False,not_yet_labelled,
residential-0036__lakeside-mrt,residential-0036__lakeside-mrt__cp_010,1.344968,103.72121,670.08,953.4,0.2738104926215278,0.12338765462239583,0.2219051784939236,0.0026804606119791665,0.22312757703993055,0.0599822998046875,0.002081976996527778,1,High sky exposure + high road exposure / low greenery,1,-0.06995362571029379,-1.4538830482847207,False,,,False,not_yet_labelled,
residential-0036__lakeside-mrt,residential-0036__lakeside-mrt__cp_011,1.345086,103.721652,720.94,953.4,0.21631368001302084,0.19595845540364584,0.2985721164279514,0.005430433485243056,0.24148390028211805,0.03303188747829861,0.0019395616319444445,1,High sky exposure + high road exposure / low greenery,0,-0.14952678234666392,-1.139425470293384,False,,,False,not_yet_labelled,
residential-0036__lakeside-mrt,residential-0036__lakeside-mrt__cp_012,1.344665,103.721672,767.8,953.4,0.24296696980794272,0.0963605244954427,0.4819590250651042,0.025277455647786457,0.10338973999023438,0.019947052001953125,0.00021107991536458334,1,High sky exposure + high road exposure / low greenery,1,-0.6995680386613896,-1.914374475110376,False,,,False,not_yet_labelled,
residential-0036__lakeside-mrt,residential-0036__lakeside-mrt__cp_013,1.34414,103.721115,852.9,953.4,0.15652592976888022,0.17577107747395834,0.0,0.10629908243815105,0.24935150146484375,0.0,0.007391611735026042,2,High pedestrian space + high built frontage / low road exposure,0,1.2762512678337636,0.5730311616662939,False,,,False,not_yet_labelled,
residential-0037__clementi-mrt,residential-0037__clementi-mrt__cp_005,1.322839,103.771436,360.57,1914.0,0.032070159912109375,0.6235809326171875,0.1799945831298828,0.003276824951171875,0.037654876708984375,0.0030040740966796875,0.04058074951171875,3,High greenery + high road exposure / low built frontage,2,-1.4309243508566865,1.4474014556817694,False,,,True,not_yet_labelled,
residential-0037__clementi-mrt,residential-0037__clementi-mrt__cp_006,1.32247,103.771181,410.44,1914.0,0.3910026550292969,0.12257575988769531,0.23078155517578125,0.07468795776367188,0.10280418395996094,0.006988525390625,0.028072357177734375,1,High sky exposure + high road exposure / low greenery,1,-0.23273585495508348,-1.3685702056264302,False,,,True,not_yet_labelled,
residential-0037__clementi-mrt,residential-0037__clementi-mrt__cp_007,1.321861,103.770845,487.78,1914.0,0.114532470703125,0.3800099690755208,0.014331817626953125,0.20672225952148438,0.28001149495442706,0.0007921854654947916,0.0,2,High pedestrian space + high built frontage / low road exposure,3,1.669180272221449,1.802172251885501,False,,,True,not_yet_labelled,
residential-0037__clementi-mrt,residential-0037__clementi-mrt__cp_008,1.321304,103.770653,553.29,1914.0,0.3611920674641927,0.14655558268229166,0.3487345377604167,0.0010973612467447917,0.0346221923828125,0.10779825846354167,0.0,1,High sky exposure + high road exposure / low greenery,1,-1.3246028353024482,-2.2206805123212274,False,,,True,not_yet_labelled,
residential-0037__clementi-mrt,residential-0037__clementi-mrt__cp_009,1.321412,103.770371,586.86,1914.0,0.11758253309461805,0.2198554144965278,0.1377529568142361,0.1579352484809028,0.3189629448784722,3.0517578125e-05,0.0,2,High pedestrian space + high built frontage / low road exposure,3,1.644444466939492,0.6666536343890357,False,,,True,not_yet_labelled,
residential-0037__clementi-mrt,residential-0037__clementi-mrt__cp_010,1.321606,103.769969,636.48,1914.0,0.06012090047200521,0.47075780232747394,0.017865498860677082,0.19653701782226562,0.2504895528157552,0.0031827290852864585,0.0023396809895833335,2,High pedestrian space + high built frontage / low road exposure,3,1.3549725021987613,2.2405023213291932,False,,,True,not_yet_labelled,
residential-0037__clementi-mrt,residential-0037__clementi-mrt__cp_011,1.321892,103.769412,706.09,1914.0,0.17124557495117188,0.6452980041503906,0.18086624145507812,0.0,0.0,0.0,0.0,3,High greenery + high road exposure / low built frontage,2,-1.8984770909779716,0.9574570754513282,False,,,True,not_yet_labelled,
residential-0037__clementi-mrt,residential-0037__clementi-mrt__cp_012,1.321847,103.768969,755.59,1914.0,0.2823588053385417,0.4081827799479167,0.16401799519856772,2.5431315104166665e-06,0.14525222778320312,0.0,0.0,1,High sky exposure + high road exposure / low greenery,2,-0.9205288791810636,-0.22078555638459862,False,,,True,not_yet_labelled,
residential-0037__clementi-mrt,residential-0037__clementi-mrt__cp_013,1.321166,103.768208,869.13,1914.0,0.04252751668294271,0.22444788614908853,0.14816919962565103,0.020716349283854168,0.18567657470703125,0.0,0.0,3,High greenery + high road exposure / low built frontage,0,0.256128434744091,0.32627861982858936,False,,,True,not_yet_labelled,
residential-0037__clementi-mrt,residential-0037__clementi-mrt__cp_015,1.320179,103.767206,1025.55,1914.0,0.06505669487847222,0.5439402262369791,0.240936279296875,0.044776068793402776,0.0912356906467014,0.001910739474826389,0.0029313829210069445,3,High greenery + high road exposure / low built frontage,0,-0.903829415274442,1.0715789865694825,False,,,True,not_yet_labelled,
residential-0037__clementi-mrt,residential-0037__clementi-mrt__cp_016,1.319695,103.76672,1101.81,1914.0,0.046364678276909724,0.5893232557508681,0.1903228759765625,0.032174004448784724,0.13122728135850695,0.0009748670789930555,0.0,3,High greenery + high road exposure / low built frontage,2,-0.8104794137782125,1.3650102066997316,False,,,True,not_yet_labelled,
residential-0037__clementi-mrt,residential-0037__clementi-mrt__cp_017,1.319222,103.766339,1169.33,1914.0,0.0004781087239583333,0.4142473008897569,0.2299126519097222,0.009151882595486112,0.2891574435763889,0.030709160698784724,0.0,3,High greenery + high road exposure / low built frontage,0,0.0641723159501648,0.6147501167709983,False,,,True,not_yet_labelled,
residential-0037__clementi-mrt,residential-0037__clementi-mrt__cp_018,1.318767,103.766166,1223.46,1914.0,0.0004781087239583333,0.4142473008897569,0.2299126519097222,0.009151882595486112,0.2891574435763889,0.030709160698784724,0.0,3,High greenery + high road exposure / low built frontage,0,0.0641723159501648,0.6147501167709983,False,,,True,not_yet_labelled,
residential-0037__clementi-mrt,residential-0037__clementi-mrt__cp_023,1.316707,103.765472,1476.7,1914.0,0.1087985568576389,0.4071061876085069,0.3224639892578125,0.020962185329861112,0.04524400499131945,0.004067314995659722,0.0,3,High greenery + high road exposure / low built frontage,0,-1.1596071815444728,0.12118433421186915,False,,,True,not_yet_labelled,
residential-0037__clementi-mrt,residential-0037__clementi-mrt__cp_024,1.316478,103.765082,1526.98,1914.0,0.09423997667100695,0.5500810411241319,0.1832054985894097,0.021223280164930556,0.0774875217013889,0.005644056532118056,0.0,3,High greenery + high road exposure / low built frontage,2,-1.0909511389251008,1.0263002341642593,False,,,True,not_yet_labelled,
residential-0037__clementi-mrt,residential-0037__clementi-mrt__cp_025,1.316115,103.765029,1567.77,1914.0,0.1062787373860677,0.025576273600260418,0.4321085611979167,0.0018603006998697917,0.43290456136067706,0.0009702046712239584,0.0,0,High built frontage + high pedestrian space / low greenery,0,0.9948685040341705,-1.6120219522686652,False,,,True,not_yet_labelled,
residential-0037__clementi-mrt,residential-0037__clementi-mrt__cp_026,1.315818,103.76477,1611.59,1914.0,0.1489410400390625,0.050791422526041664,0.3397369384765625,0.021535237630208332,0.2987721761067708,0.11993238661024305,0.007575141059027778,1,High sky exposure + high road exposure / low greenery,0,0.4918734518281334,-1.6756873197748068,False,,,True,not_yet_labelled,
residential-0037__clementi-mrt,residential-0037__clementi-mrt__cp_027,1.31519,103.76495,1684.23,1914.0,0.031639946831597224,0.040568033854166664,0.3587934705946181,0.003185696072048611,0.4590318467881944,0.04722934299045139,0.0,0,High built frontage + high pedestrian space / low greenery,0,1.2878148673509888,-1.2008310262540574,False,,,True,not_yet_labelled,
residential-0037__clementi-mrt,residential-0037__clementi-mrt__cp_028,1.314632,103.765199,1752.17,1914.0,0.0926513671875,0.014010111490885416,0.19251378377278647,0.33266321818033856,0.3227068583170573,0.0,0.002925872802734375,2,High pedestrian space + high built frontage / low road exposure,3,3.2858735020725733,0.8400324837059912,False,,,True,not_yet_labelled,
residential-0037__clementi-mrt,residential-0037__clementi-mrt__cp_029,1.314714,103.76524,1762.36,1914.0,0.07229995727539062,0.06823984781901042,0.07285181681315105,0.044048309326171875,0.5555775960286459,0.00010808308919270833,0.0,0,High built frontage + high pedestrian space / low greenery,0,2.370648231512319,-0.07538681423329888,False,,,True,not_yet_labelled,
residential-0038__clementi-mrt,residential-0038__clementi-mrt__cp_003,1.318695,103.768565,106.85,1000.4,0.09093729654947917,0.17339070638020834,0.3366902669270833,0.01352691650390625,0.3587799072265625,0.020598093668619793,0.0,0,High built frontage + high pedestrian space / low greenery,0,0.6030260741327238,-0.7848166006709932,False,,,False,not_yet_labelled,
residential-0038__clementi-mrt,residential-0038__clementi-mrt__cp_004,1.318293,103.768517,151.86,1000.4,0.09093729654947917,0.17339070638020834,0.3366902669270833,0.01352691650390625,0.3587799072265625,0.020598093668619793,0.0,0,High built frontage + high pedestrian space / low greenery,0,0.6030260741327238,-0.7848166006709932,False,,,False,not_yet_labelled,
residential-0038__clementi-mrt,residential-0038__clementi-mrt__cp_005,1.317647,103.76852,223.7,1000.4,0.05981318155924479,0.20788955688476562,0.1517969767252604,0.03967920939127604,0.4932657877604167,0.0023256937662760415,0.0,0,High built frontage + high pedestrian space / low greenery,0,1.6461187813153508,0.15238243870026222,False,,,False,not_yet_labelled,
residential-0038__clementi-mrt,residential-0038__clementi-mrt__cp_006,1.317438,103.768229,263.53,1000.4,0.027040269639756944,0.3908860948350694,0.1594628228081597,0.03765869140625,0.3545616997612847,0.003609551323784722,0.0020395914713541665,0,High built frontage + high pedestrian space / low greenery,0,0.684332825655876,0.8605952290265975,False,,,False,not_yet_labelled,
residential-0038__clementi-mrt,residential-0038__clementi-mrt__cp_007,1.317271,103.767759,318.98,1000.4,0.0,0.3531659444173177,3.814697265625e-06,0.009700775146484375,0.4882100423177083,0.0,0.0,0,High built frontage + high pedestrian space / low greenery,0,1.4527958757383097,1.1649403445775686,False,,,False,not_yet_labelled,
residential-0038__clementi-mrt,residential-0038__clementi-mrt__cp_008,1.316971,103.767569,358.46,1000.4,0.08635626898871528,0.4566650390625,0.04682583279079861,0.019220987955729168,0.2538740370008681,0.0,0.0,3,High greenery + high road exposure / low built frontage,0,0.08844880980954999,1.130833082553376,False,,,False,not_yet_labelled,
residential-0038__clementi-mrt,residential-0038__clementi-mrt__cp_009,1.31679,103.767077,416.74,1000.4,0.037053426106770836,0.1857477823893229,0.021325429280598957,0.10221481323242188,0.45245997111002606,0.00238800048828125,0.0,0,High built frontage + high pedestrian space / low greenery,0,2.225656891796153,0.9073055634399086,False,,,False,not_yet_labelled,
residential-0038__clementi-mrt,residential-0038__clementi-mrt__cp_010,1.316738,103.766635,466.22,1000.4,0.221771240234375,0.2951982286241319,0.08430989583333333,0.029488457573784724,0.2609541151258681,0.05581495496961805,0.000213623046875,1,High sky exposure + high road exposure / low greenery,0,0.20567090715912967,-0.16556237309555358,False,,,False,not_yet_labelled,
residential-0038__clementi-mrt,residential-0038__clementi-mrt__cp_011,1.316458,103.766174,526.18,1000.4,0.03143310546875,0.4468197292751736,0.0002492268880208333,0.016630384657118056,0.3167487250434028,0.0,0.0,3,High greenery + high road exposure / low built frontage,0,0.5269808402181788,1.4276172222553085,False,,,False,not_yet_labelled,
residential-0038__clementi-mrt,residential-0038__clementi-mrt__cp_012,1.316316,103.765731,577.89,1000.4,0.04282803005642361,0.6052890353732638,0.23797098795572916,0.004860772026909722,0.075103759765625,0.0,0.0,3,High greenery + high road exposure / low built frontage,2,-1.3404897904697446,1.1719189141837647,False,,,False,not_yet_labelled,
residential-0038__clementi-mrt,residential-0038__clementi-mrt__cp_013,1.316187,103.765206,637.99,1000.4,0.13271925184461805,0.4771202935112847,0.2593553331163194,0.0013563368055555555,0.07515631781684028,0.0,0.0,3,High greenery + high road exposure / low built frontage,2,-1.2620182198018792,0.3357254209073539,False,,,False,not_yet_labelled,
residential-0038__clementi-mrt,residential-0038__clementi-mrt__cp_014,1.31593,103.764863,685.64,1000.4,0.13759867350260416,0.1790313720703125,0.2707655164930556,0.029390123155381944,0.3730299207899306,0.0,0.0,0,High built frontage + high pedestrian space / low greenery,0,0.8105766930617789,-0.6097852391784413,False,,,False,not_yet_labelled,
residential-0038__clementi-mrt,residential-0038__clementi-mrt__cp_015,1.31519,103.76495,768.49,1000.4,0.0081787109375,8.900960286458334e-06,0.13057454427083334,0.0603790283203125,0.6646855672200521,0.07269287109375,0.048693339029947914,0,High built frontage + high pedestrian space / low greenery,0,3.0280504395113543,-0.4139188487095507,False,,,False,not_yet_labelled,
residential-0038__clementi-mrt,residential-0038__clementi-mrt__cp_016,1.314632,103.765199,836.44,1000.4,0.0782178243001302,0.2969309488932292,0.00015131632486979166,0.19286219278971353,0.3189582824707031,0.0,0.024964650472005207,2,High pedestrian space + high built frontage / low road exposure,3,2.0134860807313304,1.6580973152459482,False,,,False,not_yet_labelled,
residential-0038__clementi-mrt,residential-0038__clementi-mrt__cp_017,1.314714,103.76524,846.63,1000.4,0.0782178243001302,0.2969309488932292,0.00015131632486979166,0.19286219278971353,0.3189582824707031,0.0,0.024964650472005207,2,High pedestrian space + high built frontage / low road exposure,3,2.0134860807313304,1.6580973152459482,False,,,False,not_yet_labelled,
residential-0039__choa-chu-kang-mrt,residential-0039__choa-chu-kang-mrt__cp_000,1.38784,103.740805,0.0,831.6,0.1572943793402778,0.5589650472005209,0.06891716851128472,0.025204128689236112,0.05210537380642361,0.1154293484157986,5.086263020833333e-06,3,High greenery + high road exposure / low built frontage,2,-1.2074052191723412,0.8060598370166703,False,,,True,not_yet_labelled,
residential-0039__choa-chu-kang-mrt,residential-0039__choa-chu-kang-mrt__cp_001,1.387307,103.741013,63.62,831.6,0.2866295708550347,0.3755052354600694,0.036994086371527776,0.042000664605034724,0.0687408447265625,0.1745825873480903,0.000396728515625,1,High sky exposure + high road exposure / low greenery,1,-0.8279928364931762,-0.3013456906278506,False,,,True,not_yet_labelled,
residential-0039__choa-chu-kang-mrt,residential-0039__choa-chu-kang-mrt__cp_002,1.38694,103.74122,110.47,831.6,0.08585611979166667,0.0769805908203125,0.1920750935872396,0.0,0.10503005981445312,0.022794087727864582,0.0,1,High sky exposure + high road exposure / low greenery,0,-0.05013742375404827,-0.5792874339579648,False,,,True,not_yet_labelled,
residential-0039__choa-chu-kang-mrt,residential-0039__choa-chu-kang-mrt__cp_003,1.386159,103.741566,205.45,831.6,0.11543952094184028,0.5822550455729166,0.2211066351996528,0.019368489583333332,0.038245307074652776,3.2212999131944445e-05,0.0,3,High greenery + high road exposure / low built frontage,2,-1.435637971656594,0.947695507202995,False,,,True,not_yet_labelled,
residential-0039__choa-chu-kang-mrt,residential-0039__choa-chu-kang-mrt__cp_004,1.385758,103.741622,250.47,831.6,0.11901346842447917,0.5714975992838541,0.2448035346137153,0.02099609375,0.033059014214409724,0.0,6.442599826388889e-05,3,High greenery + high road exposure / low built frontage,2,-1.4680364223819788,0.8378252546287869,False,,,True,not_yet_labelled,
residential-0039__choa-chu-kang-mrt,residential-0039__choa-chu-kang-mrt__cp_005,1.385282,103.742019,319.38,831.6,0.11901346842447917,0.5714975992838541,0.2448035346137153,0.02099609375,0.033059014214409724,0.0,6.442599826388889e-05,3,High greenery + high road exposure / low built frontage,2,-1.4680364223819788,0.8378252546287869,False,,,True,not_yet_labelled,
residential-0039__choa-chu-kang-mrt,residential-0039__choa-chu-kang-mrt__cp_006,1.38483,103.742197,373.4,831.6,0.2842339409722222,0.0007595486111111111,0.021321614583333332,0.011730617947048612,0.6340654161241319,0.0,0.0,0,High built frontage + high pedestrian space / low greenery,0,2.346024444908331,-1.1715769875980548,False,,,True,not_yet_labelled,
residential-0039__choa-chu-kang-mrt,residential-0039__choa-chu-kang-mrt__cp_007,1.384153,103.742357,450.75,831.6,0.08886210123697917,0.3074679904513889,0.3227878146701389,0.01629638671875,0.1262936062282986,0.13107808430989584,0.0,3,High greenery + high road exposure / low built frontage,0,-0.7199771658001656,-0.5929016189739027,False,,,True,not_yet_labelled,
residential-0039__choa-chu-kang-mrt,residential-0039__choa-chu-kang-mrt__cp_008,1.383921,103.742596,487.78,831.6,0.16534593370225695,0.2662573920355903,0.3637559678819444,0.010023328993055556,0.10298665364583333,0.07710944281684028,0.0096282958984375,1,High sky exposure + high road exposure / low greenery,0,-0.9146374374747297,-0.990774547609739,False,,,True,not_yet_labelled,
residential-0039__choa-chu-kang-mrt,residential-0039__choa-chu-kang-mrt__cp_009,1.384092,103.743057,542.44,831.6,0.4476453993055556,0.0644412570529514,0.07920328776041667,0.0140533447265625,0.2227444118923611,0.1672753228081597,0.0,1,High sky exposure + high road exposure / low greenery,1,-0.017739781409795295,-2.2057403580416466,False,,,True,not_yet_labelled,
residential-0039__choa-chu-kang-mrt,residential-0039__choa-chu-kang-mrt__cp_010,1.384247,103.743523,597.03,831.6,0.4718339708116319,0.1156344943576389,0.11244371202256945,0.023756239149305556,0.2434912787543403,0.029902140299479168,0.0,1,High sky exposure + high road exposure / low greenery,1,0.050717639927993184,-1.7416924341217361,False,,,True,not_yet_labelled,
residential-0039__choa-chu-kang-mrt,residential-0039__choa-chu-kang-mrt__cp_011,1.384356,103.744049,656.75,831.6,0.2361382378472222,0.24410841200086805,0.06987847222222222,0.011296590169270834,0.3770226372612847,0.002755059136284722,0.0,0,High built frontage + high pedestrian space / low greenery,0,0.7256618840037532,-0.2919034378062707,False,,,True,not_yet_labelled,
residential-0039__choa-chu-kang-mrt,residential-0039__choa-chu-kang-mrt__cp_012,1.384581,103.744459,708.74,831.6,0.13578626844618055,0.0949740939670139,0.046468098958333336,0.03968641493055555,0.5823092990451388,0.06656731499565972,0.008400811089409722,0,High built frontage + high pedestrian space / low greenery,0,2.2586290745708393,-0.4295878735827102,False,,,True,not_yet_labelled,
residential-0039__choa-chu-kang-mrt,residential-0039__choa-chu-kang-mrt__cp_013,1.385082,103.74443,764.54,831.6,0.0020039876302083335,0.08049689398871528,0.013407389322916666,0.018369886610243056,0.7067548963758681,0.17778523763020834,0.0011817084418402778,0,High built frontage + high pedestrian space / low greenery,0,2.836157196216846,-0.36849275166040585,False,,,True,not_yet_labelled,
residential-0039__choa-chu-kang-mrt,residential-0039__choa-chu-kang-mrt__cp_014,1.385326,103.744419,791.7,831.6,0.0020039876302083335,0.08049689398871528,0.013407389322916666,0.018369886610243056,0.7067548963758681,0.17778523763020834,0.0011817084418402778,0,High built frontage + high pedestrian space / low greenery,0,2.836157196216846,-0.36849275166040585,False,,,True,not_yet_labelled,
residential-0040__telok-blangah-mrt,residential-0040__telok-blangah-mrt__cp_005,1.267809,103.814505,417.31,1235.5,0.062188042534722224,0.2866092258029514,0.2771572536892361,0.05349900987413195,0.2634904649522569,0.0,0.0,0,High built frontage + high pedestrian space / low greenery,0,0.399713770705683,0.16780001012210607,False,,,False,not_yet_labelled,
residential-0040__telok-blangah-mrt,residential-0040__telok-blangah-mrt__cp_006,1.268227,103.814678,467.61,1235.5,0.08952162000868055,0.3090294731987847,0.2653401692708333,0.11014302571614583,0.2001800537109375,0.0,0.0,3,High greenery + high road exposure / low built frontage,0,0.451379662516634,0.46967424105444283,False,,,False,not_yet_labelled,
residential-0040__telok-blangah-mrt,residential-0040__telok-blangah-mrt__cp_007,1.26866,103.814535,518.32,1235.5,0.05436579386393229,0.19877751668294272,0.003459930419921875,0.000743865966796875,0.5360488891601562,0.10796737670898438,0.0,0,High built frontage + high pedestrian space / low greenery,0,1.7371555067528004,0.032065320059219686,False,,,False,not_yet_labelled,
residential-0040__telok-blangah-mrt,residential-0040__telok-blangah-mrt__cp_008,1.269194,103.813641,634.09,1235.5,0.13904698689778647,0.38847986857096356,0.1181793212890625,0.015529632568359375,0.18970870971679688,0.0,0.0,3,High greenery + high road exposure / low built frontage,0,-0.25753766054395166,0.4990259707197397,False,,,False,not_yet_labelled,
residential-0040__telok-blangah-mrt,residential-0040__telok-blangah-mrt__cp_009,1.269535,103.813064,708.6,1235.5,0.25611623128255206,0.528228759765625,0.2156550089518229,0.0,0.0,0.0,0.0,3,High greenery + high road exposure / low built frontage,2,-1.8361680173345811,0.1513469023115437,False,,,False,not_yet_labelled,
residential-0040__telok-blangah-mrt,residential-0040__telok-blangah-mrt__cp_010,1.269823,103.81268,761.97,1235.5,0.2234988742404514,0.187042236328125,0.14000447591145834,0.031851874457465276,0.3480038113064236,0.046671549479166664,0.003624810112847222,0,High built frontage + high pedestrian space / low greenery,0,0.7376436652914852,-0.6662578516668161,False,,,False,not_yet_labelled,
residential-0040__telok-blangah-mrt,residential-0040__telok-blangah-mrt__cp_011,1.270185,103.812132,834.98,1235.5,0.20774332682291666,0.2767690022786458,0.3246510823567708,0.004886203342013889,0.008936564127604166,0.1150326199001736,0.0,1,High sky exposure + high road exposure / low greenery,0,-1.4026828548559824,-1.1254482448208363,False,,,False,not_yet_labelled,
residential-0040__telok-blangah-mrt,residential-0040__telok-blangah-mrt__cp_012,1.270446,103.811598,901.06,1235.5,0.0893084208170573,0.2462590535481771,0.0009409586588541666,0.3570747375488281,0.2126439412434896,0.0,0.0003636678059895833,2,High pedestrian space + high built frontage / low road exposure,3,2.8043830764750663,2.317207983127612,False,,,False,not_yet_labelled,
residential-0040__telok-blangah-mrt,residential-0040__telok-blangah-mrt__cp_013,1.270653,103.811218,949.17,1235.5,0.061968485514322914,0.16756057739257812,0.23768234252929688,0.008434295654296875,0.3945515950520833,0.016569773356119793,8.265177408854167e-05,0,High built frontage + high pedestrian space / low greenery,0,0.9535525486404705,-0.40636466232471985,False,,,False,not_yet_labelled,
residential-0040__telok-blangah-mrt,residential-0040__telok-blangah-mrt__cp_014,1.270718,103.81081,995.1,1235.5,0.017480214436848957,0.4889170328776042,0.09083938598632812,0.15008926391601562,0.22411092122395834,0.024135589599609375,0.0019213358561197917,2,High pedestrian space + high built frontage / low road exposure,3,0.812811481198065,1.9516539565048403,False,,,False,not_yet_labelled,
residential-0040__telok-blangah-mrt,residential-0040__telok-blangah-mrt__cp_015,1.270743,103.810152,1068.3,1235.5,0.156585693359375,0.033238728841145836,0.19117101033528647,0.14157994588216147,0.4033101399739583,0.0,1.0172526041666666e-05,0,High built frontage + high pedestrian space / low greenery,0,2.147743574696772,-0.33904014624586803,False,,,False,not_yet_labelled,
residential-0040__telok-blangah-mrt,residential-0040__telok-blangah-mrt__cp_016,1.270593,103.809664,1125.05,1235.5,0.10688145955403645,0.0,0.0,0.0,0.552954355875651,0.0,0.0,0,High built frontage + high pedestrian space / low greenery,0,2.2801903961329133,-0.41504592400214174,False,,,False,not_yet_labelled,
residential-0040__telok-blangah-mrt,residential-0040__telok-blangah-mrt__cp_017,1.270725,103.809834,1148.98,1235.5,0.056339263916015625,0.4490458170572917,0.005967458089192708,0.058620452880859375,0.4283599853515625,0.0,0.000194549560546875,0,High built frontage + high pedestrian space / low greenery,0,1.2147701579337316,1.4778653710594127,False,,,False,not_yet_labelled,
residential-0041__woodlands-mrt,residential-0041__woodlands-mrt__cp_000,1.441015,103.79008,0.0,1250.6,0.0751681857638889,0.18084208170572916,0.1946258544921875,0.012091742621527778,0.5186750623914931,6.781684027777777e-06,0.0,0,High built frontage + high pedestrian space / low greenery,0,1.524219456699995,-0.2637620512513983,False,,,True,not_yet_labelled,
residential-0041__woodlands-mrt,residential-0041__woodlands-mrt__cp_002,1.441539,103.790665,106.92,1250.6,0.002383761935763889,0.3453301323784722,0.1913299560546875,0.017464531792534724,0.3817342122395833,0.06133694118923611,0.0,0,High built frontage + high pedestrian space / low greenery,0,0.6930561207805891,0.41469026503029427,False,,,True,not_yet_labelled,
residential-0041__woodlands-mrt,residential-0041__woodlands-mrt__cp_003,1.442157,103.790688,175.69,1250.6,0.1504143608940972,0.09471978081597222,0.2924228244357639,0.045737372504340276,0.3994055853949653,0.015001085069444444,0.0,0,High built frontage + high pedestrian space / low greenery,0,1.151215997266306,-0.965556120605475,False,,,True,not_yet_labelled,
residential-0041__woodlands-mrt,residential-0041__woodlands-mrt__cp_004,1.442234,103.790227,227.64,1250.6,0.11283704969618055,0.3735283745659722,0.2254909939236111,0.037667168511284724,0.22161356608072916,0.0037841796875,0.0020429823133680555,3,High greenery + high road exposure / low built frontage,0,-0.08374974192446161,0.3122214102732666,False,,,True,not_yet_labelled,
residential-0041__woodlands-mrt,residential-0041__woodlands-mrt__cp_005,1.442199,103.78976,279.7,1250.6,0.08347913953993055,0.5244530571831597,0.2272254096137153,0.027052137586805556,0.09217156304253472,0.034340752495659724,0.0011545817057291667,3,High greenery + high road exposure / low built frontage,2,-1.0170631631101408,0.7809216493232954,False,,,True,not_yet_labelled,
residential-0041__woodlands-mrt,residential-0041__woodlands-mrt__cp_006,1.442126,103.78931,330.37,1250.6,0.1018032497829861,0.3084632025824653,0.2422824435763889,0.017183091905381944,0.255126953125,0.002112494574652778,0.0,3,High greenery + high road exposure / low built frontage,0,0.0544596324107305,-0.0026021541802615728,False,,,True,not_yet_labelled,
residential-0041__woodlands-mrt,residential-0041__woodlands-mrt__cp_007,1.441404,103.78929,410.69,1250.6,0.1081119113498264,0.5820261637369791,0.2047186957465278,0.022611829969618056,0.07475789388020833,0.00012376573350694444,0.0,3,High greenery + high road exposure / low built frontage,2,-1.2222268142841932,1.0277190022807208,False,,,True,not_yet_labelled,
residential-0041__woodlands-mrt,residential-0041__woodlands-mrt__cp_008,1.440856,103.789204,472.37,1250.6,0.09433661566840278,0.4522264268663194,0.2345920138888889,0.03904554578993055,0.17440287272135416,0.0004221598307291667,0.0,3,High greenery + high road exposure / low built frontage,0,-0.42949649914054994,0.6360379777624916,False,,,True,not_yet_labelled,
residential-0041__woodlands-mrt,residential-0041__woodlands-mrt__cp_009,1.440388,103.788959,531.1,1250.6,0.11156548394097222,0.3615027533637153,0.23500230577256945,0.026082356770833332,0.2556576199001736,0.0,0.0,3,High greenery + high road exposure / low built frontage,0,-0.0068220855094945085,0.19263357893185812,False,,,True,not_yet_labelled,
residential-0041__woodlands-mrt,residential-0041__woodlands-mrt__cp_010,1.43997,103.788773,581.97,1250.6,0.03492567274305555,0.1988033718532986,0.2011142306857639,0.02996826171875,0.5178171793619791,0.010235256618923612,0.0005272759331597222,0,High built frontage + high pedestrian space / low greenery,0,1.651057867428294,-0.012257670171733523,False,,,True,not_yet_labelled,
residential-0041__woodlands-mrt,residential-0041__woodlands-mrt__cp_011,1.439435,103.788497,648.91,1250.6,0.1436241997612847,0.3148532443576389,0.1537356906467014,0.0012410481770833333,0.2972751193576389,0.08168538411458333,0.0,0,High built frontage + high pedestrian space / low greenery,0,0.10522200573479697,-0.24794011955453496,False,,,True,not_yet_labelled,
residential-0041__woodlands-mrt,residential-0041__woodlands-mrt__cp_012,1.439021,103.78863,697.26,1250.6,0.1367763943142361,0.5233696831597222,0.1267361111111111,0.009243435329861112,0.12496270073784722,0.0033518473307291665,0.0,3,High greenery + high road exposure / low built frontage,2,-0.891367742977358,0.875818310806884,False,,,True,not_yet_labelled,
residential-0041__woodlands-mrt,residential-0041__woodlands-mrt__cp_013,1.438563,103.788946,759.13,1250.6,0.2770351833767361,0.2833709716796875,0.15200297037760416,0.011125352647569444,0.18284098307291666,0.018988715277777776,0.0,1,High sky exposure + high road exposure / low greenery,2,-0.39056861789870045,-0.5665439146805744,False,,,True,not_yet_labelled,
residential-0041__woodlands-mrt,residential-0041__woodlands-mrt__cp_014,1.43815,103.789081,807.44,1250.6,0.016060723198784724,0.23286607530381945,0.159576416015625,0.0186309814453125,0.4702775743272569,0.03738233778211805,0.0,0,High built frontage + high pedestrian space / low greenery,0,1.3778263615175426,0.1664449823107551,False,,,True,not_yet_labelled,
residential-0041__woodlands-mrt,residential-0041__woodlands-mrt__cp_015,1.437934,103.788793,847.46,1250.6,0.5404476589626737,0.04947238498263889,0.1782904730902778,0.049479166666666664,0.11415269639756945,0.06331549750434028,0.0069427490234375,1,High sky exposure + high road exposure / low greenery,1,-0.4153220311955106,-2.3555608344683097,False,,,True,not_yet_labelled,
residential-0041__woodlands-mrt,residential-0041__woodlands-mrt__cp_016,1.437557,103.788759,889.55,1250.6,0.3604685465494792,0.2029198540581597,0.19254557291666666,0.0505218505859375,0.1085323757595486,0.00046454535590277775,0.0,1,High sky exposure + high road exposure / low greenery,1,-0.43532567176104053,-0.9832770269666706,False,,,True,not_yet_labelled,
residential-0041__woodlands-mrt,residential-0041__woodlands-mrt__cp_017,1.437301,103.788047,973.66,1250.6,0.4361928304036458,3.2212999131944445e-05,0.1406216091579861,0.0038299560546875,0.1383582221137153,0.2330508761935764,0.04170057508680555,1,High sky exposure + high road exposure / low greenery,1,-0.43580827079041395,-2.7847534637321094,False,,,True,not_yet_labelled,
residential-0041__woodlands-mrt,residential-0041__woodlands-mrt__cp_018,1.437099,103.78762,1026.17,1250.6,0.3453657362196181,0.0,0.2582329644097222,0.00023735894097222222,0.3492431640625,6.781684027777777e-06,0.0,1,High sky exposure + high road exposure / low greenery,1,0.5858718859956596,-2.090025818804078,False,,,True,not_yet_labelled,
residential-0041__woodlands-mrt,residential-0041__woodlands-mrt__cp_019,1.436612,103.787585,1080.46,1250.6,0.2392493353949653,0.001361423068576389,0.014879014756944444,0.0,0.7405107286241319,0.0,0.0,0,High built frontage + high pedestrian space / low greenery,0,2.789304405288333,-1.0707470092642257,False,,,True,not_yet_labelled,
residential-0041__woodlands-mrt,residential-0041__woodlands-mrt__cp_020,1.43621,103.787587,1125.16,1250.6,0.4021063910590278,0.004436916775173611,0.11785040961371528,0.07472398546006945,0.25958251953125,0.0,0.0,1,High sky exposure + high road exposure / low greenery,1,0.8651445487240357,-1.4653305269806582,False,,,True,not_yet_labelled,
residential-0042__dover-mrt,residential-0042__dover-mrt__cp_001,1.313117,103.774651,93.39,717.0,0.05515289306640625,0.31815465291341144,0.0018285115559895833,0.022195180257161457,0.30395253499348956,0.0,0.0,0,High built frontage + high pedestrian space / low greenery,0,0.7657441331678086,0.9691129035674685,False,,,False,not_yet_labelled,
residential-0042__dover-mrt,residential-0042__dover-mrt__cp_002,1.31269,103.774818,144.37,717.0,0.20160929361979166,0.3275027804904514,0.1707187228732639,0.019007364908854168,0.2620764838324653,0.014134724934895834,0.0016259087456597222,1,High sky exposure + high road exposure / low greenery,0,-0.010025488077401244,-0.16261983109708936,False,,,False,not_yet_labelled,
residential-0042__dover-mrt,residential-0042__dover-mrt__cp_003,1.312663,103.775921,267.02,717.0,0.2897237141927083,0.3383992513020833,0.16318384806315103,0.008722941080729166,0.0009625752766927084,3.4332275390625e-05,0.0,1,High sky exposure + high road exposure / low greenery,2,-1.3019216869860768,-0.35629380132365823,False,,,False,not_yet_labelled,
residential-0042__dover-mrt,residential-0042__dover-mrt__cp_004,1.312646,103.776381,318.19,717.0,0.024442884657118056,0.5892723931206597,0.23883226182725695,0.00040520562065972225,0.0,0.0,0.0,3,High greenery + high road exposure / low built frontage,2,-1.61133612627439,1.2042981730027371,False,,,False,not_yet_labelled,
residential-0042__dover-mrt,residential-0042__dover-mrt__cp_005,1.312536,103.776894,376.52,717.0,0.1265716552734375,0.5674421522352431,0.2371554904513889,0.029266357421875,0.0,0.0,0.0,3,High greenery + high road exposure / low built frontage,2,-1.5370919933526928,0.8734601403659837,False,,,False,not_yet_labelled,
residential-0042__dover-mrt,residential-0042__dover-mrt__cp_006,1.312304,103.777484,447.0,717.0,0.3161366780598958,0.4020525614420573,0.016475677490234375,0.15591812133789062,0.08637364705403645,0.0,0.0,2,High pedestrian space + high built frontage / low road exposure,3,0.12192394947316527,0.8784060170702082,False,,,False,not_yet_labelled,
residential-0042__dover-mrt,residential-0042__dover-mrt__cp_007,1.31185,103.778422,562.85,717.0,0.006524403889973958,0.005114237467447917,0.0,0.12741978963216147,0.6148033142089844,0.0,0.004975636800130208,0,High built frontage + high pedestrian space / low greenery,0,3.5731927707935682,0.6135160266913673,False,,,False,not_yet_labelled,
residential-0042__dover-mrt,residential-0042__dover-mrt__cp_008,1.311611,103.778833,615.7,717.0,0.04517237345377604,0.266265869140625,0.00170135498046875,0.16625467936197916,0.5181668599446615,0.0,0.0,2,High pedestrian space + high built frontage / low road exposure,3,2.7718960172401377,1.4782960085159895,False,,,False,not_yet_labelled,
residential-0042__dover-mrt,residential-0042__dover-mrt__cp_009,1.311673,103.778431,660.92,717.0,0.13261922200520834,0.014178805881076388,0.10132683648003472,0.08863152398003472,0.6425018310546875,0.021714952256944444,0.0,0,High built frontage + high pedestrian space / low greenery,0,2.9829329765025,-0.460137943237222,False,,,False,not_yet_labelled,
residential-0042__dover-mrt,residential-0042__dover-mrt__cp_010,1.311566,103.778366,674.84,717.0,0.015715281168619793,1.7801920572916668e-05,0.0,0.0,0.24022293090820312,0.0,0.043421427408854164,0,High built frontage + high pedestrian space / low greenery,0,1.15776403513617,0.08467757744165293,False,,,False,not_yet_labelled,
residential-0043__dover-mrt,residential-0043__dover-mrt__cp_000,1.323785,103.781728,0.0,2354.8,0.04987970987955729,0.6803105672200521,0.00045013427734375,0.22908910115559897,0.0,0.0,0.0009320576985677084,2,High pedestrian space + high built frontage / low road exposure,3,0.12052536193070698,3.2494089013728873,False,,,True,not_yet_labelled,
residential-0043__dover-mrt,residential-0043__dover-mrt__cp_002,1.322602,103.782148,139.58,2354.8,0.047541300455729164,0.9164547390407987,0.0,0.006281534830729167,0.0,0.0,0.0,3,High greenery + high road exposure / low built frontage,2,-1.9528455961516815,2.870450175746977,False,,,True,not_yet_labelled,
residential-0043__dover-mrt,residential-0043__dover-mrt__cp_003,1.322201,103.782479,197.39,2354.8,0.047541300455729164,0.9164547390407987,0.0,0.006281534830729167,0.0,0.0,0.0,3,High greenery + high road exposure / low built frontage,2,-1.9528455961516815,2.870450175746977,False,,,True,not_yet_labelled,
residential-0043__dover-mrt,residential-0043__dover-mrt__cp_004,1.321544,103.781678,312.57,2354.8,0.11719512939453125,0.6741765340169271,0.12599945068359375,0.03950627644856771,0.022725423177083332,0.0,0.0,3,High greenery + high road exposure / low built frontage,2,-1.4112143294329051,1.619808054576364,False,,,True,not_yet_labelled,
residential-0043__dover-mrt,residential-0043__dover-mrt__cp_005,1.321138,103.781362,369.77,2354.8,0.022928873697916668,0.7022234598795573,0.0,0.012017567952473959,0.0,0.0,0.0,3,High greenery + high road exposure / low built frontage,2,-1.3762580789793812,2.3479913409424076,False,,,True,not_yet_labelled,
residential-0043__dover-mrt,residential-0043__dover-mrt__cp_006,1.32054,103.781322,436.42,2354.8,0.192413330078125,0.599334716796875,0.11450703938802083,0.0,0.010006374782986112,0.06579420301649305,0.0010053846571180555,3,High greenery + high road exposure / low built frontage,2,-1.7378361669059543,0.7079713697426844,False,,,True,not_yet_labelled,
residential-0043__dover-mrt,residential-0043__dover-mrt__cp_007,1.320091,103.781856,513.98,2354.8,0.003391265869140625,0.3911781311035156,0.48310089111328125,0.02447509765625,0.024232228597005207,0.014659881591796875,0.0003445943196614583,3,High greenery + high road exposure / low built frontage,0,-1.2896351721242305,-0.006413477316121507,False,,,True,not_yet_labelled,
residential-0043__dover-mrt,residential-0043__dover-mrt__cp_008,1.319632,103.782409,593.88,2354.8,0.1219940185546875,0.4594150119357639,0.3413492838541667,0.0174560546875,0.031117757161458332,0.0,0.0,3,High greenery + high road exposure / low built frontage,0,-1.4139336154307311,0.17077107815065834,False,,,True,not_yet_labelled,
residential-0043__dover-mrt,residential-0043__dover-mrt__cp_009,1.319337,103.78235,627.34,2354.8,0.03562800089518229,0.5017598470052084,0.4076728820800781,0.015026092529296875,0.0008087158203125,0.009428660074869791,0.0,3,High greenery + high road exposure / low built frontage,0,-1.6262318608347128,0.4124450398681882,False,,,True,not_yet_labelled,
residential-0043__dover-mrt,residential-0043__dover-mrt__cp_010,1.319082,103.781802,694.53,2354.8,0.1832851833767361,0.4261288113064236,0.049825032552083336,0.09291585286458333,0.195220947265625,0.0,0.0,3,High greenery + high road exposure / low built frontage,3,0.2520351785791183,1.0274403284259122,False,,,True,not_yet_labelled,
residential-0043__dover-mrt,residential-0043__dover-mrt__cp_011,1.317991,103.78091,851.21,2354.8,0.046608818901909724,0.306121826171875,0.002185397677951389,0.015116373697916666,0.5072580973307291,0.0,0.07507154676649305,0,High built frontage + high pedestrian space / low greenery,0,1.5917862046157258,0.8457628216595481,False,,,True,not_yet_labelled,
residential-0043__dover-mrt,residential-0043__dover-mrt__cp_012,1.317515,103.780553,917.37,2354.8,0.4113752577039931,0.1659155951605903,0.13807169596354166,0.0217742919921875,0.19054667154947916,0.07254876030815972,0.0,1,High sky exposure + high road exposure / low greenery,1,-0.27669086299473916,-1.5569720590423273,False,,,True,not_yet_labelled,
residential-0043__dover-mrt,residential-0043__dover-mrt__cp_013,1.31707,103.780959,984.34,2354.8,0.3795267740885417,0.19536336263020834,0.096435546875,0.05546908908420139,0.2164306640625,0.05363294813368055,0.0006425645616319445,1,High sky exposure + high road exposure / low greenery,0,0.13920154784817904,-0.9890653286347145,False,,,True,not_yet_labelled,
residential-0043__dover-mrt,residential-0043__dover-mrt__cp_014,1.316642,103.780739,1037.85,2354.8,0.3735758463541667,0.1741706000434028,0.12262132432725695,0.042855156792534724,0.2590450710720486,0.028322007921006944,0.0,1,High sky exposure + high road exposure / low greenery,0,0.26565857861561054,-1.104140180661556,False,,,True,not_yet_labelled,
residential-0043__dover-mrt,residential-0043__dover-mrt__cp_015,1.316355,103.780345,1092.04,2354.8,0.2742123074001736,0.3388688829210069,0.10872565375434028,0.05302090115017361,0.18011983235677084,0.015830145941840276,0.0,1,High sky exposure + high road exposure / low greenery,0,-0.15857837769872937,-0.03301636176180197,False,,,True,not_yet_labelled,
residential-0043__dover-mrt,residential-0043__dover-mrt__cp_016,1.316132,103.779904,1146.98,2354.8,0.24399312337239584,0.2612169053819444,0.007068210177951389,0.039845784505208336,0.3063252766927083,0.12127176920572917,0.0,1,High sky exposure + high road exposure / low greenery,0,0.5721219776399022,-0.31154975890478703,False,,,True,not_yet_labelled,
residential-0043__dover-mrt,residential-0043__dover-mrt__cp_017,1.31579,103.779419,1212.96,2354.8,0.23752339680989584,0.14007568359375,0.14152696397569445,0.027782864040798612,0.3189307318793403,0.1320648193359375,0.0,1,High sky exposure + high road exposure / low greenery,0,0.5883511870533317,-1.1701794222844812,False,,,True,not_yet_labelled,
residential-0043__dover-mrt,residential-0043__dover-mrt__cp_018,1.315273,103.779355,1270.88,2354.8,0.1168551974826389,0.24565633138020834,0.1326633029513889,0.062744140625,0.414825439453125,0.0,0.0,0,High built frontage + high pedestrian space / low greenery,0,1.3325673882816857,0.2507330078662382,False,,,True,not_yet_labelled,
residential-0043__dover-mrt,residential-0043__dover-mrt__cp_019,1.314854,103.779215,1320.0,2354.8,0.1500244140625,0.1341332329644097,0.018078274197048612,0.08568488226996528,0.4879981146918403,0.0,0.0,0,High built frontage + high pedestrian space / low greenery,0,2.188001909923244,0.21481088468493922,False,,,True,not_yet_labelled,
residential-0043__dover-mrt,residential-0043__dover-mrt__cp_020,1.314508,103.7793,1359.62,2354.8,0.1356048583984375,0.5348052978515625,0.0009731716579861111,0.00048828125,0.2717607286241319,0.0,0.0,3,High greenery + high road exposure / low built frontage,0,-0.15384641451006656,1.209828892455985,False,,,True,not_yet_labelled,
residential-0043__dover-mrt,residential-0043__dover-mrt__cp_022,1.313815,103.778546,1474.03,2354.8,0.0900128682454427,0.5659344991048177,0.16675821940104166,0.006520589192708333,0.11765670776367188,0.011096954345703125,0.0028025309244791665,3,High greenery + high road exposure / low built frontage,2,-1.0337093699016893,1.0337942588107367,False,,,True,not_yet_labelled,
residential-0043__dover-mrt,residential-0043__dover-mrt__cp_023,1.313506,103.778453,1509.91,2354.8,0.24864323933919272,0.43012110392252606,0.15847396850585938,0.005779266357421875,0.11896387736002605,0.0,0.000949859619140625,3,High greenery + high road exposure / low built frontage,2,-0.9708340255508283,0.03901321752525523,False,,,True,not_yet_labelled,
residential-0043__dover-mrt,residential-0043__dover-mrt__cp_024,1.313092,103.779032,1589.04,2354.8,0.22410074869791666,0.47168223063151044,0.17926534016927084,9.791056315104167e-05,0.06510416666666667,0.0,0.0,3,High greenery + high road exposure / low built frontage,2,-1.319715472820503,0.19465592067272344,False,,,True,not_yet_labelled,
residential-0043__dover-mrt,residential-0043__dover-mrt__cp_025,1.312947,103.779595,1653.67,2354.8,0.19680023193359375,0.4457867940266927,0.19342676798502603,0.00064849853515625,0.05977630615234375,0.0,0.0,3,High greenery + high road exposure / low built frontage,2,-1.2550097224545589,0.18772348425238916,False,,,True,not_yet_labelled,
residential-0043__dover-mrt,residential-0043__dover-mrt__cp_026,1.312682,103.77941,1689.6,2354.8,0.3072547912597656,0.3387908935546875,0.17967351277669272,0.02371978759765625,0.045229593912760414,0.0,0.0,1,High sky exposure + high road exposure / low greenery,2,-1.077282726852523,-0.4208067681535224,False,,,True,not_yet_labelled,
residential-0043__dover-mrt,residential-0043__dover-mrt__cp_027,1.312848,103.778881,1751.24,2354.8,0.20769627888997397,0.48432032267252606,0.12747319539388022,0.053985595703125,0.07880020141601562,0.0,0.0024083455403645835,3,High greenery + high road exposure / low built frontage,2,-0.8037949615691147,0.7211556825245306,False,,,True,not_yet_labelled,
residential-0043__dover-mrt,residential-0043__dover-mrt__cp_028,1.312772,103.778493,1795.19,2354.8,0.18878936767578125,0.45169830322265625,0.1901575724283854,0.008884429931640625,0.09377288818359375,0.0,0.0,3,High greenery + high road exposure / low built frontage,2,-1.0531285372637298,0.2748464877130881,False,,,True,not_yet_labelled,
residential-0043__dover-mrt,residential-0043__dover-mrt__cp_029,1.313058,103.778092,1849.95,2354.8,0.16386795043945312,0.5165621439615885,0.172637939453125,0.004741668701171875,0.1124712626139323,0.0,0.0014483133951822917,3,High greenery + high road exposure / low built frontage,2,-1.0810553598920554,0.5982571895937477,False,,,True,not_yet_labelled,
residential-0043__dover-mrt,residential-0043__dover-mrt__cp_030,1.312622,103.777888,1903.47,2354.8,0.2468541463216146,0.5785408020019531,0.000186920166015625,0.060274759928385414,0.11362330118815105,0.0,0.0007069905598958334,3,High greenery + high road exposure / low built frontage,2,-0.6832002233300205,1.2582678089071238,False,,,True,not_yet_labelled,
residential-0043__dover-mrt,residential-0043__dover-mrt__cp_031,1.312149,103.77784,1956.34,2354.8,0.1944766574435764,0.5404815673828125,0.2158237033420139,0.007437811957465278,0.039281209309895836,0.0,0.0,3,High greenery + high road exposure / low built frontage,2,-1.5454274814786575,0.4578628184787707,False,,,True,not_yet_labelled,
residential-0043__dover-mrt,residential-0043__dover-mrt__cp_032,1.31185,103.778422,2029.08,2354.8,0.006524403889973958,0.005114237467447917,0.0,0.12741978963216147,0.6148033142089844,0.0,0.004975636800130208,0,High built frontage + high pedestrian space / low greenery,0,3.5731927707935682,0.6135160266913673,False,,,True,not_yet_labelled,
residential-0043__dover-mrt,residential-0043__dover-mrt__cp_033,1.311611,103.778833,2081.94,2354.8,0.04517237345377604,0.266265869140625,0.00170135498046875,0.16625467936197916,0.5181668599446615,0.0,0.0,2,High pedestrian space + high built frontage / low road exposure,3,2.7718960172401377,1.4782960085159895,False,,,True,not_yet_labelled,
residential-0043__dover-mrt,residential-0043__dover-mrt__cp_034,1.311673,103.778431,2127.15,2354.8,0.13261922200520834,0.014178805881076388,0.10132683648003472,0.08863152398003472,0.6425018310546875,0.021714952256944444,0.0,0,High built frontage + high pedestrian space / low greenery,0,2.9829329765025,-0.460137943237222,False,,,True,not_yet_labelled,
residential-0043__dover-mrt,residential-0043__dover-mrt__cp_035,1.311566,103.778366,2141.07,2354.8,0.015715281168619793,1.7801920572916668e-05,0.0,0.0,0.24022293090820312,0.0,0.043421427408854164,0,High built frontage + high pedestrian space / low greenery,0,1.15776403513617,0.08467757744165293,False,,,True,not_yet_labelled,
residential-0044__tanjong-rhu-mrt,residential-0044__tanjong-rhu-mrt__cp_000,1.294412,103.872309,0.0,1351.5,0.4156680636935764,0.3297102186414931,0.1485171847873264,0.008997599283854166,0.04144626193576389,0.0569305419921875,0.0,1,High sky exposure + high road exposure / low greenery,1,-1.363525818440063,-1.0568862254506097,False,,,True,not_yet_labelled,
residential-0044__tanjong-rhu-mrt,residential-0044__tanjong-rhu-mrt__cp_001,1.294432,103.871639,74.51,1351.5,0.3925798204210069,0.2775488959418403,0.2407141791449653,0.007756551106770833,0.0696224636501736,0.0015326605902777778,0.0,1,High sky exposure + high road exposure / low greenery,1,-1.2014307333237177,-1.2349864137413031,False,,,True,not_yet_labelled,
residential-0044__tanjong-rhu-mrt,residential-0044__tanjong-rhu-mrt__cp_002,1.29438,103.871128,131.61,1351.5,0.45216623942057294,0.2931963602701823,0.21076202392578125,0.005591074625651042,0.029950459798177082,0.00426483154296875,0.0,1,High sky exposure + high road exposure / low greenery,1,-1.4694436059491498,-1.3395653931101008,False,,,True,not_yet_labelled,
residential-0044__tanjong-rhu-mrt,residential-0044__tanjong-rhu-mrt__cp_003,1.294197,103.870604,193.32,1351.5,0.5925432840983073,0.12226231892903645,0.21416854858398438,0.0051116943359375,0.06060918172200521,0.000946044921875,0.0,1,High sky exposure + high road exposure / low greenery,1,-1.1995876917161723,-2.440796490901924,False,,,True,not_yet_labelled,
residential-0044__tanjong-rhu-mrt,residential-0044__tanjong-rhu-mrt__cp_004,1.294011,103.869681,297.99,1351.5,0.2879905700683594,0.3605906168619792,0.09905497233072917,1.1444091796875e-05,0.11340840657552083,0.0,0.0,1,High sky exposure + high road exposure / low greenery,2,-0.8385113735726055,-0.17426257408444779,False,,,True,not_yet_labelled,
residential-0044__tanjong-rhu-mrt,residential-0044__tanjong-rhu-mrt__cp_005,1.294139,103.869217,351.5,1351.5,0.4055633544921875,0.21080907185872397,0.07260386149088542,0.030209859212239582,0.21509806315104166,0.05934015909830729,0.0003458658854166667,1,High sky exposure + high road exposure / low greenery,0,-0.08537622255906818,-1.118376779166351,False,,,True,not_yet_labelled,
residential-0044__tanjong-rhu-mrt,residential-0044__tanjong-rhu-mrt__cp_006,1.294153,103.868743,404.21,1351.5,0.1553921169704861,0.4535844590928819,0.2504509819878472,0.023423936631944444,0.028399997287326388,0.06930372450086805,0.0,3,High greenery + high road exposure / low built frontage,0,-1.3391983338693456,0.09237092694302095,False,,,True,not_yet_labelled,
residential-0044__tanjong-rhu-mrt,residential-0044__tanjong-rhu-mrt__cp_007,1.293831,103.868539,446.6,1351.5,0.2327084011501736,0.3703867594401042,0.238739013671875,0.016669379340277776,0.0467681884765625,0.044760810004340276,0.0,1,High sky exposure + high road exposure / low greenery,0,-1.2086987729551186,-0.39422233677271956,False,,,True,not_yet_labelled,
residential-0044__tanjong-rhu-mrt,residential-0044__tanjong-rhu-mrt__cp_008,1.294412,103.868351,514.5,1351.5,0.1789516872829861,0.4347958034939236,0.24021402994791666,0.014127943250868056,0.017798529730902776,0.054633246527777776,0.0,3,High greenery + high road exposure / low built frontage,0,-1.4121655307527348,-0.019995067412464755,False,,,True,not_yet_labelled,
residential-0044__tanjong-rhu-mrt,residential-0044__tanjong-rhu-mrt__cp_009,1.294967,103.868242,577.39,1351.5,0.20206705729166666,0.3862186008029514,0.3006117078993056,0.024412367078993056,0.002173529730902778,0.07525126139322917,0.0,3,High greenery + high road exposure / low built frontage,0,-1.45816386236906,-0.46018552272638785,False,,,True,not_yet_labelled,
residential-0044__tanjong-rhu-mrt,residential-0044__tanjong-rhu-mrt__cp_010,1.295543,103.868129,642.66,1351.5,0.0817905002170139,0.4588724772135417,0.1981472439236111,0.011284722222222222,0.16688707139756945,0.0819583468967014,0.0009019639756944445,3,High greenery + high road exposure / low built frontage,0,-0.6615680535806235,0.40599464781833855,False,,,True,not_yet_labelled,
residential-0044__tanjong-rhu-mrt,residential-0044__tanjong-rhu-mrt__cp_011,1.296284,103.868762,751.01,1351.5,0.035805596245659724,0.4435204399956597,0.21748521592881945,0.0027177598741319445,0.23354932996961805,0.067962646484375,0.0006340874565972222,3,High greenery + high road exposure / low built frontage,0,-0.351822497791661,0.46308347709047015,False,,,True,not_yet_labelled,
residential-0044__tanjong-rhu-mrt,residential-0044__tanjong-rhu-mrt__cp_012,1.296743,103.869258,826.15,1351.5,0.10318671332465278,0.4486151801215278,0.23758104112413195,0.008661905924479166,0.13267347547743055,0.05038282606336805,0.009255303276909722,3,High greenery + high road exposure / low built frontage,0,-0.8706325450184662,0.2758367476726797,False,,,True,not_yet_labelled,
residential-0044__tanjong-rhu-mrt,residential-0044__tanjong-rhu-mrt__cp_013,1.296955,103.869674,878.05,1351.5,0.10313924153645833,0.28240966796875,0.2202674018012153,0.09886338975694445,0.1558295355902778,0.0769076877170139,0.0012461344401041667,3,High greenery + high road exposure / low built frontage,0,0.23255225422137854,0.1725239654801984,False,,,True,not_yet_labelled,
residential-0044__tanjong-rhu-mrt,residential-0044__tanjong-rhu-mrt__cp_014,1.297015,103.870435,962.91,1351.5,0.08504613240559895,0.20344161987304688,0.3792978922526042,0.037554423014322914,0.21474075317382812,0.043383280436197914,0.003002166748046875,1,High sky exposure + high road exposure / low greenery,0,0.023305223401553055,-0.6994146255511231,False,,,True,not_yet_labelled,
residential-0044__tanjong-rhu-mrt,residential-0044__tanjong-rhu-mrt__cp_015,1.29704,103.871042,1030.45,1351.5,0.0788103739420573,0.11716715494791667,0.22391510009765625,0.1613591512044271,0.2662086486816406,0.004240671793619792,0.002227783203125,2,High pedestrian space + high built frontage / low road exposure,0,1.6031341441718636,0.2705258277824567,False,,,True,not_yet_labelled,
residential-0044__tanjong-rhu-mrt,residential-0044__tanjong-rhu-mrt__cp_016,1.297231,103.871431,1078.63,1351.5,0.09016672770182292,0.07516225179036458,0.09175999959309895,0.10904184977213542,0.32314300537109375,0.002490997314453125,1.2715657552083333e-06,0,High built frontage + high pedestrian space / low greenery,3,1.7837782792356938,0.22705051471606316,False,,,True,not_yet_labelled,
residential-0044__tanjong-rhu-mrt,residential-0044__tanjong-rhu-mrt__cp_017,1.297218,103.87214,1157.46,1351.5,0.010969797770182291,0.19308598836263022,0.0031140645345052085,0.009563446044921875,0.45866648356119794,0.0,0.0,0,High built frontage + high pedestrian space / low greenery,0,1.6757329852625387,0.6365778615526829,False,,,True,not_yet_labelled,
residential-0044__tanjong-rhu-mrt,residential-0044__tanjong-rhu-mrt__cp_018,1.297204,103.872609,1209.62,1351.5,0.11548699273003472,0.09300062391493055,0.19927978515625,0.008387247721354166,0.2363247341579861,0.020345052083333332,0.00015767415364583334,0,High built frontage + high pedestrian space / low greenery,0,0.4468014718579524,-0.6776519752335477,False,,,True,not_yet_labelled,
residential-0044__tanjong-rhu-mrt,residential-0044__tanjong-rhu-mrt__cp_019,1.297219,103.873099,1264.11,1351.5,0.023267110188802082,0.08833821614583333,0.030305226643880207,0.3788007100423177,0.37126795450846356,0.006113688151041667,0.0029424031575520835,2,High pedestrian space + high built frontage / low road exposure,3,4.0261054036614805,2.0348459116562387,False,,,True,not_yet_labelled,
residential-0044__tanjong-rhu-mrt,residential-0044__tanjong-rhu-mrt__cp_020,1.297254,103.873545,1313.85,1351.5,0.0691998799641927,0.011506398518880209,0.0005747477213541666,0.0,0.6423797607421875,0.0,0.0003496805826822917,0,High built frontage + high pedestrian space / low greenery,0,2.6844834107306492,-0.2668968130004135,False,,,True,not_yet_labelled,
residential-0045__bedok-north-mrt,residential-0045__bedok-north-mrt__cp_000,1.333849,103.924749,0.0,1651.7,0.07212999131944445,0.5922325981987847,0.0,0.0,0.335479736328125,0.0,0.0,3,High greenery + high road exposure / low built frontage,0,0.08338101129782334,1.6148581561013846,False,,,True,not_yet_labelled,
residential-0045__bedok-north-mrt,residential-0045__bedok-north-mrt__cp_001,1.333765,103.924232,58.23,1651.7,0.09984673394097222,0.5231713189019097,0.22407023111979166,0.011822170681423612,0.07478841145833333,0.0239105224609375,0.0,3,High greenery + high road exposure / low built frontage,2,-1.202928721386038,0.6878241230264254,False,,,True,not_yet_labelled,
residential-0045__bedok-north-mrt,residential-0045__bedok-north-mrt__cp_002,1.333877,103.923816,106.12,1651.7,0.044275919596354164,0.3664584689670139,0.0012105305989583333,0.0,0.5892656114366319,0.0,0.0,0,High built frontage + high pedestrian space / low greenery,0,1.6901910001669522,0.9319944494059322,False,,,True,not_yet_labelled,
residential-0045__bedok-north-mrt,residential-0045__bedok-north-mrt__cp_003,1.333747,103.923385,156.16,1651.7,0.1163753933376736,0.51202392578125,0.2177802191840278,0.00016615125868055556,0.0899658203125,0.023156060112847224,0.0,3,High greenery + high road exposure / low built frontage,2,-1.212389004722241,0.5448471294816409,False,,,True,not_yet_labelled,
residential-0045__bedok-north-mrt,residential-0045__bedok-north-mrt__cp_004,1.333541,103.92287,217.83,1651.7,0.1263665093315972,0.4226091172960069,0.2159695095486111,0.00041876898871527775,0.18596903483072916,0.034844292534722224,0.0,3,High greenery + high road exposure / low built frontage,0,-0.6367895117095695,0.15963636455602143,False,,,True,not_yet_labelled,
residential-0045__bedok-north-mrt,residential-0045__bedok-north-mrt__cp_005,1.334211,103.922472,304.47,1651.7,0.07561408148871528,0.3701307508680556,0.2762858072916667,0.009560479058159722,0.1439293755425347,0.018354627821180556,0.0006052652994791666,3,High greenery + high road exposure / low built frontage,0,-0.6249129403239875,0.13883815952430845,False,,,True,not_yet_labelled,
residential-0045__bedok-north-mrt,residential-0045__bedok-north-mrt__cp_006,1.334564,103.922119,359.98,1651.7,0.17801920572916666,0.4837443033854167,0.2118750678168403,0.0,0.0026872422960069445,0.030510796440972224,0.0,3,High greenery + high road exposure / low built frontage,2,-1.6099864040109189,0.23842905092089028,False,,,True,not_yet_labelled,
residential-0045__bedok-north-mrt,residential-0045__bedok-north-mrt__cp_012,1.334728,103.919186,723.08,1651.7,0.056498209635416664,0.14172744750976562,0.14776229858398438,0.21699396769205728,0.2399775187174479,0.031909942626953125,0.0,2,High pedestrian space + high built frontage / low road exposure,3,1.9653728150463836,0.8631177563605708,False,,,True,not_yet_labelled,
residential-0045__bedok-north-mrt,residential-0045__bedok-north-mrt__cp_013,1.334948,103.918855,767.27,1651.7,0.030918121337890625,0.14066569010416666,0.26983388264973956,0.09285608927408855,0.12587738037109375,0.0,0.0,0,High built frontage + high pedestrian space / low greenery,0,0.5106972497893303,0.1268473895232057,False,,,True,not_yet_labelled,
residential-0045__bedok-north-mrt,residential-0045__bedok-north-mrt__cp_014,1.335483,103.918835,826.8,1651.7,0.06017939249674479,0.3406626383463542,0.037433624267578125,0.13601048787434897,0.37989552815755206,0.005418141682942708,0.0,2,High pedestrian space + high built frontage / low road exposure,3,1.7325164855854573,1.422366767610382,False,,,True,not_yet_labelled,
residential-0045__bedok-north-mrt,residential-0045__bedok-north-mrt__cp_015,1.335637,103.918539,863.89,1651.7,0.06017939249674479,0.3406626383463542,0.037433624267578125,0.13601048787434897,0.37989552815755206,0.005418141682942708,0.0,2,High pedestrian space + high built frontage / low road exposure,3,1.7325164855854573,1.422366767610382,False,,,True,not_yet_labelled,
residential-0045__bedok-north-mrt,residential-0045__bedok-north-mrt__cp_016,1.336055,103.918562,910.44,1651.7,0.0,0.3055432637532552,0.030785878499348957,0.2177302042643229,0.40763219197591144,0.0,0.0,2,High pedestrian space + high built frontage / low road exposure,3,2.611031465268535,1.9925274876899424,False,,,True,not_yet_labelled,
residential-0045__bedok-north-mrt,residential-0045__bedok-north-mrt__cp_017,1.336422,103.918263,963.07,1651.7,0.0240936279296875,0.028825547960069444,0.13560316297743055,0.0009324815538194445,0.0,0.8103281656901041,0.0,4,High vehicle presence + high road exposure / low greenery,4,-0.9281703643174496,-2.94432038593176,False,,,True,not_yet_labelled,
residential-0045__bedok-north-mrt,residential-0045__bedok-north-mrt__cp_018,1.336971,103.918223,1024.28,1651.7,0.07960340711805555,0.3192223442925347,0.331817626953125,0.034415351019965276,0.2226138644748264,0.0001983642578125,0.0,3,High greenery + high road exposure / low built frontage,0,-0.09934228955412847,-0.050636324636696754,False,,,True,not_yet_labelled,
residential-0045__bedok-north-mrt,residential-0045__bedok-north-mrt__cp_019,1.337649,103.918152,1100.08,1651.7,0.07306925455729167,0.8758697509765625,0.0,0.012556287977430556,0.021536933051215276,0.0,1.1867947048611111e-05,3,High greenery + high road exposure / low built frontage,2,-1.7722084427120712,2.666112838341377,False,,,True,not_yet_labelled,
residential-0045__bedok-north-mrt,residential-0045__bedok-north-mrt__cp_020,1.338111,103.918172,1151.5,1651.7,0.09263102213541667,0.7705807156032987,0.0018853081597222222,0.006052652994791667,0.08857896592881945,0.0023668077256944445,0.00016276041666666666,3,High greenery + high road exposure / low built frontage,2,-1.339026615013827,2.193001075178583,False,,,True,not_yet_labelled,
residential-0045__bedok-north-mrt,residential-0045__bedok-north-mrt__cp_021,1.337768,103.917933,1197.98,1651.7,0.4152679443359375,0.11865870157877605,0.21341323852539062,0.0027529398600260415,0.009616851806640625,0.21558634440104166,0.0,1,High sky exposure + high road exposure / low greenery,1,-1.3166952688151374,-2.4562750992797118,False,,,True,not_yet_labelled,
residential-0045__bedok-north-mrt,residential-0045__bedok-north-mrt__cp_022,1.337222,103.918014,1259.36,1651.7,0.1225925021701389,0.4819810655381944,0.1540001763237847,0.015570746527777778,0.17761400010850695,0.008251614040798612,0.00020005967881944444,3,High greenery + high road exposure / low built frontage,2,-0.5639481595341523,0.7160394315115811,False,,,True,not_yet_labelled,
residential-0045__bedok-north-mrt,residential-0045__bedok-north-mrt__cp_023,1.336345,103.918079,1357.15,1651.7,0.18752882215711805,0.4864315456814236,0.13115098741319445,0.0822414822048611,0.09116956922743055,6.103515625e-05,0.0,3,High greenery + high road exposure / low built frontage,2,-0.5348857583245218,0.932775538192669,False,,,True,not_yet_labelled,
residential-0045__bedok-north-mrt,residential-0045__bedok-north-mrt__cp_024,1.335579,103.918149,1442.68,1651.7,0.0756869845920139,0.2656114366319444,0.288970947265625,0.008085462782118056,0.015385945638020834,0.3261650933159722,0.0,1,High sky exposure + high road exposure / low greenery,1,-1.2436364086894718,-1.2234572909669676,False,,,True,not_yet_labelled,
residential-0045__bedok-north-mrt,residential-0045__bedok-north-mrt__cp_025,1.335051,103.918268,1502.86,1651.7,0.3104604085286458,0.2371097140842014,0.2463802761501736,0.023508707682291668,0.12006293402777778,0.0380859375,0.0,1,High sky exposure + high road exposure / low greenery,1,-0.6958321955197951,-1.1108840767706227,False,,,True,not_yet_labelled,
residential-0045__bedok-north-mrt,residential-0045__bedok-north-mrt__cp_026,1.33451,103.918488,1567.8,1651.7,0.2769758436414931,0.1026763916015625,0.2354973687065972,0.029863145616319444,0.15870157877604166,0.15455457899305555,0.0066375732421875,1,High sky exposure + high road exposure / low greenery,1,-0.22052925450309546,-1.7327179023592887,False,,,True,not_yet_labelled,
residential-0046__marine-terrace-mrt,residential-0046__marine-terrace-mrt__cp_003,1.306098,103.913632,268.66,494.0,0.1489681667751736,0.032875908745659724,0.21305677625868055,0.05351426866319445,0.4251471625434028,0.11465284559461805,0.0,0,High built frontage + high pedestrian space / low greenery,0,1.4951827633409878,-1.2153244973338562,False,,,False,not_yet_labelled,
residential-0046__marine-terrace-mrt,residential-0046__marine-terrace-mrt__cp_004,1.306386,103.914204,339.85,494.0,0.4378509521484375,0.1244049072265625,0.12679545084635416,0.005186292860243056,0.2040625678168403,0.036231146918402776,0.0,1,High sky exposure + high road exposure / low greenery,1,-0.23072501253665087,-1.7192611359648282,False,,,False,not_yet_labelled,
residential-0046__marine-terrace-mrt,residential-0046__marine-terrace-mrt__cp_005,1.306512,103.914685,395.13,494.0,0.1711341010199653,0.004521687825520833,0.2657979329427083,0.027108086480034724,0.3843434651692708,0.1286960177951389,0.0,0,High built frontage + high pedestrian space / low greenery,0,1.0682148089520693,-1.7159036675405446,False,,,False,not_yet_labelled,
residential-0046__marine-terrace-mrt,residential-0046__marine-terrace-mrt__cp_006,1.306711,103.915069,443.21,494.0,0.4315304226345486,0.05394151475694445,0.16766526963975695,0.03310987684461805,0.2769995795355903,0.0108184814453125,0.0,1,High sky exposure + high road exposure / low greenery,1,0.38793772763106854,-1.8387225857487495,False,,,False,not_yet_labelled,
residential-0047__macpherson-mrt,residential-0047__macpherson-mrt__cp_000,1.326217,103.886798,0.0,573.0,0.0035264756944444445,0.09117804633246528,0.021267361111111112,0.0617828369140625,0.8048468695746528,0.0,0.0,0,High built frontage + high pedestrian space / low greenery,0,3.6697575858131404,0.41573138897230694,False,,,False,not_yet_labelled,
residential-0047__macpherson-mrt,residential-0047__macpherson-mrt__cp_001,1.326033,103.886622,28.31,573.0,0.0,0.21270243326822916,0.07567681206597222,0.008019341362847222,0.6780683729383681,0.014322916666666666,0.0,0,High built frontage + high pedestrian space / low greenery,0,2.3980729998381864,0.36816027853193545,False,,,False,not_yet_labelled,
residential-0047__macpherson-mrt,residential-0047__macpherson-mrt__cp_002,1.3256,103.886879,84.29,573.0,0.037043253580729164,0.2725490993923611,0.19719102647569445,0.038777669270833336,0.4261983235677083,0.0,0.0,0,High built frontage + high pedestrian space / low greenery,0,1.179370036840108,0.3323045881138892,False,,,False,not_yet_labelled,
residential-0047__macpherson-mrt,residential-0047__macpherson-mrt__cp_003,1.325265,103.887201,135.96,573.0,0.016562567816840276,0.4732377794053819,0.1705780029296875,0.015621609157986112,0.2949150933159722,0.0,0.0,3,High greenery + high road exposure / low built frontage,2,0.10087600461085436,1.0465698283490705,False,,,False,not_yet_labelled,
residential-0047__macpherson-mrt,residential-0047__macpherson-mrt__cp_004,1.325527,103.887513,181.25,573.0,0.016628689236111112,0.15103658040364584,0.007103814019097222,0.014534844292534722,0.8038397894965278,0.0,0.0,0,High built frontage + high pedestrian space / low greenery,0,3.2040701751290324,0.35389986507752186,False,,,False,not_yet_labelled,
residential-0047__macpherson-mrt,residential-0047__macpherson-mrt__cp_005,1.325614,103.88803,239.53,573.0,0.13000318739149305,0.4208662245008681,0.1278601752387153,0.029364691840277776,0.2617543538411458,0.0054473876953125,0.0039825439453125,3,High greenery + high road exposure / low built frontage,0,0.051707357276030416,0.6240308739757692,False,,,False,not_yet_labelled,
residential-0047__macpherson-mrt,residential-0047__macpherson-mrt__cp_006,1.325668,103.888443,285.83,573.0,0.072845458984375,0.12310282389322917,0.24475606282552084,0.0299224853515625,0.5215827094184028,0.005064222547743056,0.0,0,High built frontage + high pedestrian space / low greenery,0,1.7044379972703443,-0.5142885809567591,False,,,False,not_yet_labelled,
residential-0047__macpherson-mrt,residential-0047__macpherson-mrt__cp_007,1.325755,103.888673,313.17,573.0,0.2883504231770833,0.3199530707465278,0.15452406141493055,0.010526869032118056,0.08388773600260417,0.0257415771484375,0.0,1,High sky exposure + high road exposure / low greenery,2,-0.9150615145336807,-0.49363974831456214,False,,,False,not_yet_labelled,
residential-0047__macpherson-mrt,residential-0047__macpherson-mrt__cp_008,1.325931,103.889233,378.43,573.0,0.3631100124782986,0.019100613064236112,0.2254859076605903,0.027871025933159724,0.19426133897569445,0.07662116156684028,0.0,1,High sky exposure + high road exposure / low greenery,1,0.047989070158092305,-2.0624440977934126,False,,,False,not_yet_labelled,
residential-0047__macpherson-mrt,residential-0047__macpherson-mrt__cp_009,1.32592,103.889292,385.1,573.0,0.3117201063368056,0.015636867947048612,0.2424248589409722,0.031092325846354168,0.3173166910807292,0.0787692599826389,0.00017801920572916666,1,High sky exposure + high road exposure / low greenery,1,0.6401777374013964,-1.9602105118802167,False,,,False,not_yet_labelled,
residential-0047__macpherson-mrt,residential-0047__macpherson-mrt__cp_010,1.32588,103.889597,419.3,573.0,0.405670166015625,0.1516079372829861,0.22878519694010416,0.015065511067708334,0.1253289116753472,0.016286214192708332,0.0009511311848958334,1,High sky exposure + high road exposure / low greenery,1,-0.6489365504831244,-1.6709777846472391,False,,,False,not_yet_labelled,
residential-0048__yishun-mrt,residential-0048__yishun-mrt__cp_001,1.427951,103.842263,57.57,1141.0,0.0,0.2504187689887153,0.2463904486762153,0.0632476806640625,0.4374491373697917,0.0,0.0,0,High built frontage + high pedestrian space / low greenery,0,1.4242452152962242,0.37999042520815496,False,129.92000000000002,0.24173553719008264,True,not_yet_labelled,
residential-0048__yishun-mrt,residential-0048__yishun-mrt__cp_002,1.427768,103.841825,110.34,1141.0,0.000244140625,0.1163296169704861,0.2855309380425347,0.06921895345052083,0.5281694200303819,0.0,0.0,0,High built frontage + high pedestrian space / low greenery,0,2.078189353211109,-0.15723499336858232,False,77.15,0.1859504132231405,True,not_yet_labelled,
residential-0048__yishun-mrt,residential-0048__yishun-mrt__cp_003,1.427669,103.841138,187.49,1141.0,0.1451958550347222,0.1271548800998264,0.010957505967881944,0.044438680013020836,0.6556362575954862,0.0,0.0,0,High built frontage + high pedestrian space / low greenery,0,2.627619063523229,-0.03995266318183624,True,0.0,0.06508264462809918,True,not_yet_labelled,
residential-0048__yishun-mrt,residential-0048__yishun-mrt__cp_004,1.427991,103.840826,237.34,1141.0,0.0,0.5865681966145834,0.15392049153645834,0.019933064778645832,0.2221866183810764,0.0,0.0,3,High greenery + high road exposure / low built frontage,2,-0.37121721495938503,1.56094813735419,True,0.0,0.06508264462809918,True,not_yet_labelled,
residential-0048__yishun-mrt,residential-0048__yishun-mrt__cp_005,1.428307,103.840684,275.86,1141.0,0.173553466796875,0.4210272894965278,0.1096462673611111,0.09578959147135417,0.1916266547309028,0.008356730143229166,0.0,3,High greenery + high road exposure / low built frontage,3,0.17413129515687084,0.8539578025954786,True,0.0,0.06508264462809918,True,not_yet_labelled,
residential-0048__yishun-mrt,residential-0048__yishun-mrt__cp_006,1.428563,103.840374,320.56,1141.0,0.13463719685872397,0.09948094685872395,0.10965347290039062,0.33405812581380206,0.31993865966796875,0.005162556966145833,0.000370025634765625,2,High pedestrian space + high built frontage / low road exposure,3,3.1521785809492564,1.1758420590587408,True,0.0,0.06508264462809918,True,not_yet_labelled,
residential-0048__yishun-mrt,residential-0048__yishun-mrt__cp_007,1.42907,103.840043,387.88,1141.0,0.1961491902669271,0.3292096455891927,0.07614898681640625,0.2670300801595052,0.0862884521484375,0.04869842529296875,0.0004336039225260417,2,High pedestrian space + high built frontage / low road exposure,3,1.1121600586534728,1.3440171783063133,False,67.32,0.18181818181818182,True,not_yet_labelled,
residential-0048__yishun-mrt,residential-0048__yishun-mrt__cp_008,1.42966,103.839418,483.43,1141.0,0.0,0.5885124206542969,0.0016263326009114583,0.12313461303710938,0.2866109212239583,0.0,0.0004119873046875,2,High pedestrian space + high built frontage / low road exposure,3,0.8618582191178847,2.522461022770452,False,162.87,0.2830578512396694,True,not_yet_labelled,
residential-0048__yishun-mrt,residential-0048__yishun-mrt__cp_009,1.42996,103.838842,555.63,1141.0,0.22615559895833334,0.346954345703125,0.08892144097222222,0.018385145399305556,0.19759623209635416,0.11920674641927083,0.0,1,High sky exposure + high road exposure / low greenery,1,-0.3272989028075535,-0.2856530182262266,False,235.07,0.34710743801652894,True,not_yet_labelled,
residential-0048__yishun-mrt,residential-0048__yishun-mrt__cp_010,1.430148,103.838262,623.41,1141.0,0.0017725626627604167,0.3882700602213542,0.0010083516438802083,0.022984822591145832,0.5573654174804688,0.0,0.0025202433268229165,0,High built frontage + high pedestrian space / low greenery,0,1.741662963529342,1.2983067175982275,False,302.84999999999997,0.39669421487603307,True,not_yet_labelled,
residential-0048__yishun-mrt,residential-0048__yishun-mrt__cp_011,1.430162,103.837799,674.9,1141.0,0.3231404622395833,0.1676457722981771,0.2948265075683594,0.006017049153645833,0.13624191284179688,0.07150522867838542,0.0,1,High sky exposure + high road exposure / low greenery,1,-0.7282198713449483,-1.7304589431022428,False,354.34,0.43388429752066116,True,not_yet_labelled,
residential-0048__yishun-mrt,residential-0048__yishun-mrt__cp_012,1.430161,103.837163,745.6,1141.0,0.3290863037109375,0.196258544921875,0.04628329806857639,0.007800632052951389,0.2877451578776042,0.13067626953125,0.0,1,High sky exposure + high road exposure / low greenery,1,0.20031070835511425,-1.157539083627595,False,425.04,0.493801652892562,True,not_yet_labelled,
residential-0048__yishun-mrt,residential-0048__yishun-mrt__cp_013,1.430243,103.83673,794.58,1141.0,0.3290863037109375,0.196258544921875,0.04628329806857639,0.007800632052951389,0.2877451578776042,0.13067626953125,0.0,1,High sky exposure + high road exposure / low greenery,1,0.20031070835511425,-1.157539083627595,False,474.02000000000004,0.5247933884297521,True,not_yet_labelled,
residential-0048__yishun-mrt,residential-0048__yishun-mrt__cp_014,1.430233,103.836118,862.62,1141.0,0.023883395724826388,0.2635650634765625,0.2542758517795139,0.057396782769097224,0.3329433865017361,0.06225416395399305,0.0,0,High built frontage + high pedestrian space / low greenery,0,0.8094960234357808,0.10089459035446303,False,542.06,0.5743801652892562,True,not_yet_labelled,
residential-0048__yishun-mrt,residential-0048__yishun-mrt__cp_015,1.430248,103.835653,914.34,1141.0,0.017937554253472224,0.018917507595486112,0.05215623643663195,0.0,0.0,0.9109887017144097,0.0,4,High vehicle presence + high road exposure / low greenery,4,-0.8551478338430536,-3.0406823555997917,False,593.78,0.6074380165289256,True,not_yet_labelled,
residential-0048__yishun-mrt,residential-0048__yishun-mrt__cp_016,1.430204,103.835202,964.71,1141.0,0.2260403103298611,0.0780673556857639,0.3345235188802083,0.022223578559027776,0.3223775227864583,0.0100860595703125,0.007349650065104167,1,High sky exposure + high road exposure / low greenery,0,0.5127396521256602,-1.5196881500876347,False,644.1500000000001,0.640495867768595,True,not_yet_labelled,
residential-0048__yishun-mrt,residential-0048__yishun-mrt__cp_017,1.429451,103.835165,1048.54,1141.0,0.002204047309027778,0.022269354926215276,0.2522396511501736,0.10093180338541667,0.5885348849826388,0.0,0.019492255316840276,0,High built frontage + high pedestrian space / low greenery,0,2.8149033506328447,-0.21578341255103883,False,727.98,0.6838842975206612,True,not_yet_labelled,
residential-0048__yishun-mrt,residential-0048__yishun-mrt__cp_018,1.429383,103.835049,1063.49,1141.0,0.007476806640625,0.03925916883680555,0.2359992133246528,0.1364864773220486,0.5310889350043403,0.0,0.04577975802951389,0,High built frontage + high pedestrian space / low greenery,0,2.804009079933147,0.06526156401139593,False,742.9300000000001,0.6942148760330579,True,not_yet_labelled,
residential-0049__yishun-mrt,residential-0049__yishun-mrt__cp_002,1.427732,103.83462,155.02,574.6,0.3678707546657986,0.038838704427083336,0.09554884168836805,0.053461710611979164,0.3475918240017361,0.09563361273871528,0.0,1,High sky exposure + high road exposure / low greenery,1,1.0045004837811358,-1.6228846251925715,False,,,True,not_yet_labelled,
residential-0049__yishun-mrt,residential-0049__yishun-mrt__cp_003,1.428064,103.834816,197.88,574.6,0.3801981608072917,0.013554890950520834,0.13183424207899305,0.007615831163194444,0.3854861789279514,0.024073282877604168,0.0,1,High sky exposure + high road exposure / low greenery,0,0.8883441191348879,-1.8605281555946018,False,,,True,not_yet_labelled,
residential-0049__yishun-mrt,residential-0049__yishun-mrt__cp_004,1.428488,103.834645,248.72,574.6,0.008539835611979166,0.0003696017795138889,0.035164727105034724,0.016682942708333332,0.4516177707248264,0.0,0.020746866861979168,0,High built frontage + high pedestrian space / low greenery,0,2.089299916158308,0.0006550856273422858,False,,,True,not_yet_labelled,
residential-0049__yishun-mrt,residential-0049__yishun-mrt__cp_005,1.42854,103.834954,283.55,574.6,0.3551415337456597,0.0015106201171875,0.1060909695095486,0.006256103515625,0.4000074598524306,0.07521226671006945,9.833441840277778e-05,1,High sky exposure + high road exposure / low greenery,0,1.0043419745913094,-1.9039250832428296,False,,,True,not_yet_labelled,
residential-0049__yishun-mrt,residential-0049__yishun-mrt__cp_006,1.428153,103.835086,329.01,574.6,0.3731452094184028,0.010598076714409722,0.11945258246527778,0.067718505859375,0.3569861518012153,0.051116943359375,0.0005391438802083334,1,High sky exposure + high road exposure / low greenery,1,1.1992830278466617,-1.5846936512834249,False,,,True,not_yet_labelled,
residential-0049__yishun-mrt,residential-0049__yishun-mrt__cp_007,1.428684,103.835111,388.12,574.6,0.3636440700954861,0.002236260308159722,0.1328345404730903,0.0,0.3828091091579861,0.07043626573350695,0.00014919704861111112,1,High sky exposure + high road exposure / low greenery,0,0.8327885656136216,-2.0261867810267256,False,,,True,not_yet_labelled,
residential-0049__yishun-mrt,residential-0049__yishun-mrt__cp_008,1.429264,103.835156,452.81,574.6,0.03316921657986111,0.055201212565104164,0.19980875651041666,0.1059604220920139,0.4564225938585069,0.12513902452256945,0.011288113064236112,0,High built frontage + high pedestrian space / low greenery,0,2.1467944052391084,-0.426654103222449,False,,,True,not_yet_labelled,
residential-0049__yishun-mrt,residential-0049__yishun-mrt__cp_009,1.429383,103.835049,470.6,574.6,0.007476806640625,0.03925916883680555,0.2359992133246528,0.1364864773220486,0.5310889350043403,0.0,0.04577975802951389,0,High built frontage + high pedestrian space / low greenery,0,2.804009079933147,0.06526156401139593,False,,,True,not_yet_labelled,
residential-0050__pasir-ris-mrt,residential-0050__pasir-ris-mrt__cp_003,1.380665,103.940544,356.45,1985.8,0.22861226399739584,0.22311909993489584,0.11085340711805555,0.0776824951171875,0.3243628607855903,0.022745768229166668,0.0,0,High built frontage + high pedestrian space / low greenery,0,0.9379133193681116,-0.1681095753422796,False,,,False,not_yet_labelled,
residential-0050__pasir-ris-mrt,residential-0050__pasir-ris-mrt__cp_004,1.380315,103.940954,416.38,1985.8,0.18256971571180555,0.2895541720920139,0.0682830810546875,0.016420152452256944,0.2893235948350694,0.1531643337673611,0.0,1,High sky exposure + high road exposure / low greenery,0,0.2456333260842782,-0.38418125721910296,False,,,False,not_yet_labelled,
residential-0050__pasir-ris-mrt,residential-0050__pasir-ris-mrt__cp_005,1.379997,103.941381,475.57,1985.8,0.3444722493489583,0.2105492485894097,0.09452141655815972,0.006490071614583333,0.2621341281467014,0.08218892415364583,0.0,1,High sky exposure + high road exposure / low greenery,1,-0.009356580289644012,-1.1552964003523745,False,,,False,not_yet_labelled,
residential-0050__pasir-ris-mrt,residential-0050__pasir-ris-mrt__cp_006,1.37974,103.941752,525.74,1985.8,0.16255018446180555,0.2886030409071181,0.3637830946180556,0.0027754041883680555,0.16217549641927084,0.005633884006076389,0.0,1,High sky exposure + high road exposure / low greenery,0,-0.6988924420009869,-0.7282058556555263,False,,,False,not_yet_labelled,
residential-0050__pasir-ris-mrt,residential-0050__pasir-ris-mrt__cp_007,1.379199,103.942472,625.87,1985.8,0.1627739800347222,0.2723185221354167,0.3903944227430556,0.012673272026909722,0.10615030924479167,0.0311737060546875,0.0005120171440972222,1,High sky exposure + high road exposure / low greenery,0,-0.8940932028163245,-0.8753289881858569,False,,,False,not_yet_labelled,
residential-0050__pasir-ris-mrt,residential-0050__pasir-ris-mrt__cp_008,1.378782,103.943003,700.93,1985.8,0.13878885904947916,0.16403706868489584,0.3325110541449653,0.05746290418836805,0.19450887044270834,0.06604173448350695,0.002337985568576389,1,High sky exposure + high road exposure / low greenery,0,0.13364687055731972,-0.8621578212148834,False,,,False,not_yet_labelled,
residential-0050__pasir-ris-mrt,residential-0050__pasir-ris-mrt__cp_009,1.3782,103.943768,807.79,1985.8,0.1236538357204861,0.22285630967881945,0.18005540635850695,0.1346588134765625,0.2640397813585069,0.037331475151909724,0.0,2,High pedestrian space + high built frontage / low road exposure,0,1.1321342312831844,0.30056545345416535,False,,,False,not_yet_labelled,
residential-0050__pasir-ris-mrt,residential-0050__pasir-ris-mrt__cp_010,1.377928,103.944161,860.93,1985.8,0.06765238444010417,0.4341651068793403,0.019166734483506944,0.15725199381510416,0.2980465359157986,0.0,8.816189236111111e-05,2,High pedestrian space + high built frontage / low road exposure,3,1.3516029687575715,1.890721684790104,False,,,False,not_yet_labelled,
residential-0050__pasir-ris-mrt,residential-0050__pasir-ris-mrt__cp_011,1.377366,103.945112,983.73,1985.8,0.1914248996310764,0.4544169108072917,0.07372368706597222,0.006442599826388889,0.1651645236545139,0.1059536404079861,0.0,3,High greenery + high road exposure / low built frontage,2,-0.6906118449722921,0.2275710861902862,False,,,False,not_yet_labelled,
residential-0050__pasir-ris-mrt,residential-0050__pasir-ris-mrt__cp_012,1.377088,103.9456,1046.17,1985.8,0.06496514214409722,0.5030500623914931,0.2858005099826389,0.07233683268229167,0.047882080078125,0.0,0.0020582411024305555,3,High greenery + high road exposure / low built frontage,0,-0.8729683166715898,0.9709536572830522,False,,,False,not_yet_labelled,
residential-0050__pasir-ris-mrt,residential-0050__pasir-ris-mrt__cp_013,1.376795,103.946309,1131.45,1985.8,0.10016038682725695,0.8523966471354166,0.0254364013671875,0.008278740776909722,0.0,0.0,0.0,3,High greenery + high road exposure / low built frontage,2,-1.9268274701311967,2.3945392787984794,False,,,False,not_yet_labelled,
residential-0050__pasir-ris-mrt,residential-0050__pasir-ris-mrt__cp_014,1.376494,103.946723,1188.36,1985.8,0.3150736490885417,0.3785112169053819,0.03331332736545139,0.010160658094618056,0.11809285481770833,0.1365271674262153,0.0,1,High sky exposure + high road exposure / low greenery,1,-0.8577813877283229,-0.4446887728244238,False,,,False,not_yet_labelled,
residential-0050__pasir-ris-mrt,residential-0050__pasir-ris-mrt__cp_015,1.376285,103.947133,1239.52,1985.8,0.1618567572699653,0.4864925808376736,0.04894680447048611,0.023130628797743056,0.1763882107204861,0.09637620713975695,0.0012766520182291667,3,High greenery + high road exposure / low built frontage,2,-0.5001389274657071,0.6319516970899793,False,,,False,not_yet_labelled,
residential-0050__pasir-ris-mrt,residential-0050__pasir-ris-mrt__cp_016,1.375949,103.947747,1317.33,1985.8,0.1981964111328125,0.4749535454644097,0.055808173285590276,0.005288018120659722,0.1536034478081597,0.11165703667534722,0.0,3,High greenery + high road exposure / low built frontage,2,-0.7796644635182426,0.2974297657689701,False,,,False,not_yet_labelled,
residential-0050__pasir-ris-mrt,residential-0050__pasir-ris-mrt__cp_017,1.375759,103.948266,1378.77,1985.8,0.5514475504557291,0.2135077582465278,0.14070638020833334,0.0036485460069444445,0.013232760959201388,0.07097540961371528,0.0,1,High sky exposure + high road exposure / low greenery,1,-1.484195850720469,-1.9976076503743103,False,,,False,not_yet_labelled,
residential-0050__pasir-ris-mrt,residential-0050__pasir-ris-mrt__cp_018,1.375453,103.94837,1414.7,1985.8,0.17547607421875,0.4431983100043403,0.3524136013454861,8.307562934027778e-05,0.0021345350477430555,0.0,0.0019734700520833335,3,High greenery + high road exposure / low built frontage,0,-1.726962491937997,-0.20311018948847603,False,,,False,not_yet_labelled,
residential-0050__pasir-ris-mrt,residential-0050__pasir-ris-mrt__cp_019,1.375134,103.948615,1459.42,1985.8,0.175445556640625,0.6163584391276041,0.11908806694878472,0.03814527723524305,0.0133209228515625,0.0,0.0028703477647569445,3,High greenery + high road exposure / low built frontage,2,-1.415065055509338,1.2271286267929291,False,,,False,not_yet_labelled,
residential-0050__pasir-ris-mrt,residential-0050__pasir-ris-mrt__cp_020,1.374741,103.948368,1511.03,1985.8,0.20956251356336805,0.4500512017144097,0.3130594889322917,0.005420260959201389,0.008568657769097222,0.004982842339409722,0.0003611246744791667,3,High greenery + high road exposure / low built frontage,0,-1.6757793472482314,-0.19196065311565408,False,,,False,not_yet_labelled,
residential-0050__pasir-ris-mrt,residential-0050__pasir-ris-mrt__cp_021,1.374274,103.948119,1569.88,1985.8,0.10060289171006945,0.7114037407769097,0.023717244466145832,0.04261440700954861,0.04803127712673611,0.0,0.0,3,High greenery + high road exposure / low built frontage,2,-1.1662715719634655,2.120396668571697,False,,,False,not_yet_labelled,
residential-0050__pasir-ris-mrt,residential-0050__pasir-ris-mrt__cp_022,1.373776,103.948101,1625.29,1985.8,0.002236260308159722,0.3623453776041667,0.10009256998697917,0.1547512478298611,0.3268246120876736,0.001110500759548611,0.0,2,High pedestrian space + high built frontage / low road exposure,3,1.5906928154815836,1.6592848208054312,False,,,False,not_yet_labelled,
residential-0051__pending-mrt,residential-0051__pending-mrt__cp_000,1.37415,103.775015,0.0,1094.1,0.03378465440538195,0.22869364420572916,0.079254150390625,0.015389336480034722,0.6199256049262153,0.021550496419270832,0.00042724609375,0,High built frontage + high pedestrian space / low greenery,0,2.1017146706010763,0.3052747270683017,False,,,False,not_yet_labelled,
residential-0051__pending-mrt,residential-0051__pending-mrt__cp_001,1.373873,103.775485,60.65,1094.1,0.21114942762586805,0.19152662489149305,0.0313568115234375,0.01666259765625,0.4929911295572917,0.05570644802517361,0.0,0,High built frontage + high pedestrian space / low greenery,0,1.4172256891482728,-0.4344877264533683,False,,,False,not_yet_labelled,
residential-0051__pending-mrt,residential-0051__pending-mrt__cp_002,1.373235,103.775225,137.25,1094.1,0.08599683973524305,0.015594482421875,0.06033155653211805,0.034951104058159724,0.7156321207682291,0.08347235785590278,0.0,0,High built frontage + high pedestrian space / low greenery,0,3.0013778116321226,-0.6491134146437212,False,,,False,not_yet_labelled,
residential-0051__pending-mrt,residential-0051__pending-mrt__cp_003,1.372421,103.775585,236.22,1094.1,0.0,0.015741984049479168,0.09306844075520833,0.029207017686631944,0.8270958794487847,0.0241241455078125,2.5431315104166668e-05,0,High built frontage + high pedestrian space / low greenery,0,3.569087688311274,-0.2741928830773585,False,,,False,not_yet_labelled,
residential-0051__pending-mrt,residential-0051__pending-mrt__cp_004,1.372159,103.775213,286.8,1094.1,0.09466552734375,0.13035753038194445,0.07644483778211805,0.03159756130642361,0.6075015597873263,0.031095716688368056,0.0012139214409722222,0,High built frontage + high pedestrian space / low greenery,0,2.2788849330529417,-0.1778115952364798,False,,,False,not_yet_labelled,
residential-0051__pending-mrt,residential-0051__pending-mrt__cp_005,1.37194,103.774759,342.84,1094.1,0.0,0.5232645670572916,0.1409369574652778,0.06793721516927083,0.23397657606336805,0.0,0.0,3,High greenery + high road exposure / low built frontage,2,0.1759598539836881,1.6423256272612816,False,,,False,not_yet_labelled,
residential-0051__pending-mrt,residential-0051__pending-mrt__cp_006,1.372511,103.774379,419.1,1094.1,0.003070407443576389,0.7023145887586806,0.022850884331597224,0.008107503255208334,0.23238627115885416,0.011242336697048612,0.0005849202473958334,3,High greenery + high road exposure / low built frontage,2,-0.4674956640330071,2.202962719069922,False,,,False,not_yet_labelled,
residential-0051__pending-mrt,residential-0051__pending-mrt__cp_007,1.372955,103.774104,477.17,1094.1,0.2583855523003472,0.2974446614583333,0.1171993679470486,0.023335774739583332,0.2421502007378472,0.035497029622395836,0.0,1,High sky exposure + high road exposure / low greenery,0,-0.019581409766591822,-0.3615763008082821,False,,,False,not_yet_labelled,
residential-0051__pending-mrt,residential-0051__pending-mrt__cp_008,1.373378,103.77357,552.9,1094.1,0.054784138997395836,0.4273389180501302,0.021828969319661457,0.3000742594401042,0.19367853800455728,0.001422882080078125,0.000682830810546875,2,High pedestrian space + high built frontage / low road exposure,3,1.9391425404555447,2.6621627413808033,False,,,False,not_yet_labelled,
residential-0051__pending-mrt,residential-0051__pending-mrt__cp_009,1.373718,103.773038,623.1,1094.1,0.0755886501736111,0.009801228841145834,0.049933539496527776,0.028744167751736112,0.8133409288194444,0.0,0.0,0,High built frontage + high pedestrian space / low greenery,0,3.4900042951084544,-0.3789831991559908,False,,,False,not_yet_labelled,
residential-0051__pending-mrt,residential-0051__pending-mrt__cp_010,1.374061,103.772514,692.72,1094.1,0.013517591688368056,0.3774363199869792,0.1168212890625,0.14975145128038195,0.3375345865885417,0.0008273654513888889,0.004111395941840278,2,High pedestrian space + high built frontage / low road exposure,3,1.517048917939227,1.5795071251357493,False,,,False,not_yet_labelled,
residential-0051__pending-mrt,residential-0051__pending-mrt__cp_011,1.374345,103.772089,749.55,1094.1,0.17563374837239584,0.525475819905599,0.023249308268229168,0.06141026814778646,0.18600336710611978,0.023433685302734375,0.0009778340657552083,3,High greenery + high road exposure / low built frontage,0,-0.19541146834708842,1.2093127134315633,False,,,False,not_yet_labelled,
residential-0051__pending-mrt,residential-0051__pending-mrt__cp_012,1.374621,103.771633,808.8,1094.1,0.0015767415364583333,0.51953125,0.005926767985026042,0.4250284830729167,0.03755950927734375,0.004049936930338542,0.002208709716796875,2,High pedestrian space + high built frontage / low road exposure,3,2.0643756118014327,3.8835027833822013,False,,,False,not_yet_labelled,
residential-0051__pending-mrt,residential-0051__pending-mrt__cp_013,1.375193,103.770716,928.96,1094.1,0.1358489990234375,0.21743604871961805,0.3444569905598958,0.020724826388888888,0.2729966905381944,0.008509318033854166,0.0008070203993055555,0,High built frontage + high pedestrian space / low greenery,0,0.1198328205269819,-0.7437190770640678,False,,,False,not_yet_labelled,
residential-0051__pending-mrt,residential-0051__pending-mrt__cp_014,1.375699,103.770974,992.11,1094.1,0.08467483520507812,0.20359929402669272,0.09963099161783855,0.13710784912109375,0.30345789591471356,0.03320185343424479,2.288818359375e-05,2,High pedestrian space + high built frontage / low road exposure,3,1.5658430177936744,0.6576831699915582,False,,,False,not_yet_labelled,
residential-0051__pending-mrt,residential-0051__pending-mrt__cp_015,1.376298,103.771327,1069.41,1094.1,0.17694261338975695,0.13102552625868055,0.057927449544270836,0.010504828559027778,0.6224382188585069,2.3735894097222223e-05,0.001285129123263889,0,High built frontage + high pedestrian space / low greenery,0,2.1126795757091847,-0.45629484139534776,False,,,False,not_yet_labelled,
residential-0052__hougang-mrt,residential-0052__hougang-mrt__cp_000,1.365097,103.896596,0.0,1405.8,0.0677032470703125,0.1938968234592014,0.21343485514322916,0.050938924153645836,0.3353135850694444,0.019100613064236112,0.06546868218315972,0,High built frontage + high pedestrian space / low greenery,0,0.9721534498107098,-0.047476299144755214,False,,,False,not_yet_labelled,
residential-0052__hougang-mrt,residential-0052__hougang-mrt__cp_002,1.36449,103.895872,144.15,1405.8,0.14311048719618055,0.3059065077039931,0.3237169053819444,0.024631076388888888,0.1489715576171875,0.022613525390625,0.002270168728298611,3,High greenery + high road exposure / low built frontage,0,-0.5559799677358753,-0.4173387542137229,False,,,False,not_yet_labelled,
residential-0052__hougang-mrt,residential-0052__hougang-mrt__cp_003,1.364078,103.89603,193.21,1405.8,0.14311048719618055,0.3059065077039931,0.3237169053819444,0.024631076388888888,0.1489715576171875,0.022613525390625,0.002270168728298611,3,High greenery + high road exposure / low built frontage,0,-0.5559799677358753,-0.4173387542137229,False,,,False,not_yet_labelled,
residential-0052__hougang-mrt,residential-0052__hougang-mrt__cp_004,1.364307,103.896394,241.02,1405.8,0.1300014919704861,0.4411841498480903,0.23391215006510416,0.044303046332465276,0.12541029188368055,0.0,0.010930379231770834,3,High greenery + high road exposure / low built frontage,0,-0.6289606569325656,0.5084150155221575,False,,,False,not_yet_labelled,
residential-0052__hougang-mrt,residential-0052__hougang-mrt__cp_005,1.364657,103.896785,299.36,1405.8,0.10192023383246528,0.2836354573567708,0.2859547932942708,0.04601881239149305,0.2315826416015625,0.049002753363715276,0.0,3,High greenery + high road exposure / low built frontage,0,0.09212908545489101,-0.22036117439786268,False,,,False,not_yet_labelled,
residential-0052__hougang-mrt,residential-0052__hougang-mrt__cp_006,1.365107,103.897246,370.99,1405.8,0.047387017144097224,0.4675259060329861,0.23345947265625,0.013007269965277778,0.2263098822699653,0.0,0.0,3,High greenery + high road exposure / low built frontage,0,-0.3473398817298586,0.726257206043997,False,,,False,not_yet_labelled,
residential-0052__hougang-mrt,residential-0052__hougang-mrt__cp_007,1.365517,103.897646,434.67,1405.8,0.09465874565972222,0.3271857367621528,0.2730780707465278,0.012356228298611112,0.0686221652560764,0.16757032606336805,0.0,3,High greenery + high road exposure / low built frontage,0,-0.988608002411892,-0.5232460086720906,False,,,False,not_yet_labelled,
residential-0052__hougang-mrt,residential-0052__hougang-mrt__cp_008,1.366107,103.897308,510.27,1405.8,0.2587619357638889,0.3236643473307292,0.10865105523003472,0.0016767713758680555,0.033148871527777776,0.252899169921875,0.00019497341579861112,1,High sky exposure + high road exposure / low greenery,1,-1.283774927688106,-1.020207463511827,False,,,False,not_yet_labelled,
residential-0052__hougang-mrt,residential-0052__hougang-mrt__cp_012,1.368863,103.894879,919.28,1405.8,0.056711832682291664,0.3593631320529514,0.1851128472222222,0.014063517252604166,0.2253841824001736,0.0919460720486111,0.0,3,High greenery + high road exposure / low built frontage,0,-0.11683812371855655,0.20067722416453326,False,,,False,not_yet_labelled,
residential-0052__hougang-mrt,residential-0052__hougang-mrt__cp_013,1.369145,103.89461,962.61,1405.8,0.11835564507378472,0.3318413628472222,0.2845492892795139,0.047083536783854164,0.1782446967230903,0.020087348090277776,0.0003255208333333333,3,High greenery + high road exposure / low built frontage,0,-0.2281132671641049,-0.009689528535046324,False,,,False,not_yet_labelled,
residential-0052__hougang-mrt,residential-0052__hougang-mrt__cp_014,1.369557,103.894637,1008.52,1405.8,0.2982059054904514,0.20422193739149305,0.07503594292534722,0.10327657063802083,0.22383287217881945,0.0984225802951389,0.0,1,High sky exposure + high road exposure / low greenery,0,0.6127440078129988,-0.4858806209386434,False,,,False,not_yet_labelled,
residential-0052__hougang-mrt,residential-0052__hougang-mrt__cp_015,1.36993,103.894231,1069.82,1405.8,0.3151618109809028,0.2006005181206597,0.1264580620659722,0.07480875651041667,0.20747884114583334,0.046498616536458336,0.004769219292534722,1,High sky exposure + high road exposure / low greenery,0,0.290550710963037,-0.6812427392086913,False,,,False,not_yet_labelled,
residential-0053__tanah-merah-mrt,residential-0053__tanah-merah-mrt__cp_006,1.324211,103.93952,454.5,1492.1,0.17162195841471353,0.10137176513671875,0.14527257283528647,0.14843114217122397,0.2184600830078125,0.000469207763671875,0.0,2,High pedestrian space + high built frontage / low road exposure,0,1.3333165880314561,0.058453697989297664,False,,,False,not_yet_labelled,
residential-0053__tanah-merah-mrt,residential-0053__tanah-merah-mrt__cp_007,1.32461,103.939444,499.66,1492.1,0.17162195841471353,0.10137176513671875,0.14527257283528647,0.14843114217122397,0.2184600830078125,0.000469207763671875,0.0,2,High pedestrian space + high built frontage / low road exposure,0,1.3333165880314561,0.058453697989297664,False,,,False,not_yet_labelled,
residential-0053__tanah-merah-mrt,residential-0053__tanah-merah-mrt__cp_008,1.325066,103.940008,580.3,1492.1,0.0025177001953125,0.11754608154296875,0.0,0.000377655029296875,0.7817217508951823,0.0,0.0,0,High built frontage + high pedestrian space / low greenery,0,3.130151214666258,0.27013206747991364,False,,,False,not_yet_labelled,
residential-0053__tanah-merah-mrt,residential-0053__tanah-merah-mrt__cp_009,1.32515,103.940535,639.62,1492.1,0.051213582356770836,0.3369767930772569,0.2196570502387153,0.053293863932291664,0.1803521050347222,0.060540093315972224,0.0004119873046875,3,High greenery + high road exposure / low built frontage,0,0.0008763483910091162,0.3694270107926715,False,,,False,not_yet_labelled,
residential-0053__tanah-merah-mrt,residential-0053__tanah-merah-mrt__cp_010,1.325335,103.941416,739.7,1492.1,0.06864251030815972,0.4054853651258681,0.2868703206380208,0.04931810167100695,0.08654954698350695,0.054848564995659724,0.013970269097222222,3,High greenery + high road exposure / low built frontage,0,-0.7097931446914891,0.33853692761260806,False,,,False,not_yet_labelled,
residential-0053__tanah-merah-mrt,residential-0053__tanah-merah-mrt__cp_011,1.325461,103.941851,790.04,1492.1,0.06964959038628472,0.394775390625,0.3019561767578125,0.019237942165798612,0.1408725314670139,0.0,8.477105034722222e-05,3,High greenery + high road exposure / low built frontage,0,-0.6437708173781742,0.2706753745708781,False,,,False,not_yet_labelled,
residential-0053__tanah-merah-mrt,residential-0053__tanah-merah-mrt__cp_012,1.325612,103.942359,848.96,1492.1,0.05487399631076389,0.441192626953125,0.3008236355251736,0.014967176649305556,0.18048604329427084,0.0,0.0,3,High greenery + high road exposure / low built frontage,0,-0.5903421044046883,0.4370816783108568,False,,,False,not_yet_labelled,
residential-0053__tanah-merah-mrt,residential-0053__tanah-merah-mrt__cp_013,1.325868,103.943096,935.69,1492.1,0.2181243896484375,0.18579271104600695,0.3670467800564236,0.017759535047743056,0.19826761881510416,0.0,0.0,1,High sky exposure + high road exposure / low greenery,0,-0.3075226405642308,-1.1966654060789235,False,,,False,not_yet_labelled,
residential-0053__tanah-merah-mrt,residential-0053__tanah-merah-mrt__cp_014,1.326119,103.943842,1023.19,1492.1,0.1867133246527778,0.3462439643012153,0.2403530544704861,0.0047760009765625,0.2192654079861111,0.0,0.002387152777777778,3,High greenery + high road exposure / low built frontage,0,-0.4072810933437224,-0.26478428587275915,False,,,False,not_yet_labelled,
residential-0053__tanah-merah-mrt,residential-0053__tanah-merah-mrt__cp_015,1.326203,103.944234,1067.76,1492.1,0.20760599772135416,0.06190321180555555,0.3553263346354167,0.020885891384548612,0.3310529920789931,0.020631578233506944,0.003094143337673611,1,High sky exposure + high road exposure / low greenery,0,0.5621275801238536,-1.6047090633550214,False,,,False,not_yet_labelled,
residential-0053__tanah-merah-mrt,residential-0053__tanah-merah-mrt__cp_016,1.326262,103.944794,1130.35,1492.1,0.3969641791449653,0.1081814236111111,0.08132765028211805,0.09327528211805555,0.24246724446614584,0.03338962131076389,0.0,1,High sky exposure + high road exposure / low greenery,1,0.7227944122732892,-1.0316126921719162,False,,,False,not_yet_labelled,
residential-0053__tanah-merah-mrt,residential-0053__tanah-merah-mrt__cp_017,1.326524,103.945492,1213.23,1492.1,0.135955810546875,0.4090321858723958,3.814697265625e-05,0.06961949666341145,0.3853925069173177,0.0,0.0,0,High built frontage + high pedestrian space / low greenery,0,1.0785606143716364,1.1252464583783943,False,,,False,not_yet_labelled,
residential-0053__tanah-merah-mrt,residential-0053__tanah-merah-mrt__cp_018,1.326695,103.945971,1269.78,1492.1,0.22672526041666666,0.5366923014322916,0.0003598531087239583,0.004023234049479167,0.2270533243815104,0.0,0.0,3,High greenery + high road exposure / low built frontage,2,-0.4744348870712005,0.8851547976911596,False,,,False,not_yet_labelled,
residential-0053__tanah-merah-mrt,residential-0053__tanah-merah-mrt__cp_019,1.3266,103.945904,1282.7,1492.1,0.2208099365234375,0.5563786824544271,0.0,0.0016123453776041667,0.21968587239583334,0.0013682047526041667,0.0,3,High greenery + high road exposure / low built frontage,2,-0.5570535033348992,0.956400624016953,False,,,False,not_yet_labelled,
residential-0053__tanah-merah-mrt,residential-0053__tanah-merah-mrt__cp_020,1.326965,103.945773,1325.82,1492.1,0.2970614963107639,0.03243679470486111,0.1318596733940972,0.0004323323567708333,0.3409220377604167,0.0,0.0,1,High sky exposure + high road exposure / low greenery,0,0.7809233631698455,-1.4017515438629575,False,,,False,not_yet_labelled,
residential-0054__buangkok-mrt,residential-0054__buangkok-mrt__cp_001,1.378632,103.890279,73.1,1162.4,0.0799594455295139,0.3520914713541667,0.2280815972222222,0.06606547037760417,0.2623019748263889,0.0,0.0,3,High greenery + high road exposure / low built frontage,0,0.3842200916487946,0.5090977972849972,False,,,True,not_yet_labelled,
residential-0054__buangkok-mrt,residential-0054__buangkok-mrt__cp_002,1.37859,103.889551,154.17,1162.4,0.0799594455295139,0.3520914713541667,0.2280815972222222,0.06606547037760417,0.2623019748263889,0.0,0.0,3,High greenery + high road exposure / low built frontage,0,0.3842200916487946,0.5090977972849972,False,,,True,not_yet_labelled,
residential-0054__buangkok-mrt,residential-0054__buangkok-mrt__cp_003,1.379071,103.889361,211.67,1162.4,0.21615091959635416,0.20588514539930555,0.1571078830295139,0.050530327690972224,0.3190375434027778,0.043280707465277776,3.0517578125e-05,0,High built frontage + high pedestrian space / low greenery,0,0.6905769273183687,-0.5155880382347068,False,,,True,not_yet_labelled,
residential-0054__buangkok-mrt,residential-0054__buangkok-mrt__cp_004,1.379684,103.889573,283.79,1162.4,0.016182793511284724,0.4454566107855903,0.2093505859375,0.0082550048828125,0.3219621446397569,0.0,0.0,3,High greenery + high road exposure / low built frontage,0,0.158655410295046,0.796200037120716,False,,,True,not_yet_labelled,
residential-0054__buangkok-mrt,residential-0054__buangkok-mrt__cp_005,1.380135,103.889938,348.3,1162.4,0.09132554796006945,0.08850775824652778,0.0276947021484375,0.0,0.5646803114149306,0.2277916802300347,0.0,0,High built frontage + high pedestrian space / low greenery,0,1.880299609146502,-0.9522320463343629,False,,,True,not_yet_labelled,
residential-0054__buangkok-mrt,residential-0054__buangkok-mrt__cp_006,1.380222,103.890289,388.5,1162.4,0.15153672960069445,0.2029571533203125,0.1311713324652778,0.006440904405381944,0.3840281168619792,0.11768595377604167,0.00020005967881944444,0,High built frontage + high pedestrian space / low greenery,0,0.744581055543311,-0.6836134235953564,False,,,True,not_yet_labelled,
residential-0054__buangkok-mrt,residential-0054__buangkok-mrt__cp_007,1.380212,103.890541,416.53,1162.4,0.14633687337239584,0.22418721516927084,0.007826063368055556,0.003304375542534722,0.5071868896484375,0.056710137261284724,2.712673611111111e-05,0,High built frontage + high pedestrian space / low greenery,0,1.460543429787834,-0.07628464021849335,False,,,True,not_yet_labelled,
residential-0054__buangkok-mrt,residential-0054__buangkok-mrt__cp_008,1.380035,103.89113,484.9,1162.4,0.06161329481336805,0.4728003607855903,0.0,9.494357638888889e-05,0.2778388129340278,0.019298977322048612,0.0,3,High greenery + high road exposure / low built frontage,0,0.1229150769135582,1.2533882020128788,False,,,True,not_yet_labelled,
residential-0054__buangkok-mrt,residential-0054__buangkok-mrt__cp_009,1.379891,103.89179,560.0,1162.4,0.04457261827256945,0.3421664767795139,0.07242838541666667,0.00046624077690972225,0.2538367377387153,0.2860056559244792,0.0,3,High greenery + high road exposure / low built frontage,1,-0.02800580526646612,-0.19743039914794086,False,,,True,not_yet_labelled,
residential-0054__buangkok-mrt,residential-0054__buangkok-mrt__cp_010,1.379865,103.892558,645.42,1162.4,0.039127349853515625,0.2937520345052083,0.006718953450520833,0.026990254720052082,0.29185740152994794,0.0,0.0,0,High built frontage + high pedestrian space / low greenery,0,0.8249219858632356,0.9736310430622144,False,,,True,not_yet_labelled,
residential-0054__buangkok-mrt,residential-0054__buangkok-mrt__cp_011,1.380173,103.892737,685.03,1162.4,0.08522288004557292,0.41091156005859375,0.115875244140625,0.10851033528645833,0.2382990519205729,0.0002733866373697917,0.0,2,High pedestrian space + high built frontage / low road exposure,3,0.6269673933992961,1.2325914711675785,False,,,True,not_yet_labelled,
residential-0054__buangkok-mrt,residential-0054__buangkok-mrt__cp_012,1.380354,103.893012,721.63,1162.4,0.07682291666666667,0.37438710530598956,0.08196512858072917,0.038433074951171875,0.2889722188313802,0.026791890462239582,0.008371988932291666,0,High built frontage + high pedestrian space / low greenery,0,0.48385732870758197,0.8003228251506019,False,,,True,not_yet_labelled,
residential-0054__buangkok-mrt,residential-0054__buangkok-mrt__cp_013,1.380808,103.893053,772.31,1162.4,0.11648813883463542,0.39510472615559894,0.08987172444661458,0.08169809977213542,0.21364339192708334,0.005162556966145833,0.00875091552734375,3,High greenery + high road exposure / low built frontage,3,0.36374129896143054,0.9987780796973412,False,,,True,not_yet_labelled,
residential-0054__buangkok-mrt,residential-0054__buangkok-mrt__cp_014,1.381303,103.893151,828.42,1162.4,0.0316925048828125,0.32961273193359375,0.0014279683430989583,0.06789652506510417,0.564172108968099,0.0,0.0,0,High built frontage + high pedestrian space / low greenery,0,2.161196116205025,1.218138305209562,False,,,True,not_yet_labelled,
residential-0054__buangkok-mrt,residential-0054__buangkok-mrt__cp_015,1.381763,103.893045,880.91,1162.4,0.0742047627766927,0.10199356079101562,0.16729100545247397,0.404449462890625,0.24317550659179688,0.0104827880859375,0.000843048095703125,2,High pedestrian space + high built frontage / low road exposure,3,3.3165970693213396,1.6137136618973236,False,,,True,not_yet_labelled,
residential-0054__buangkok-mrt,residential-0054__buangkok-mrt__cp_016,1.382419,103.893108,954.19,1162.4,0.07860946655273438,0.3342081705729167,0.026568094889322918,0.09766642252604167,0.4340019226074219,0.0005366007486979166,0.006415049235026042,0,High built frontage + high pedestrian space / low greenery,0,1.696661882771749,1.165295378062096,False,,,True,not_yet_labelled,
residential-0054__buangkok-mrt,residential-0054__buangkok-mrt__cp_017,1.383031,103.893161,1022.5,1162.4,0.15786870320638022,0.10849380493164062,0.030756632486979168,0.2902069091796875,0.3770128885904948,0.0251617431640625,0.0009320576985677084,2,High pedestrian space + high built frontage / low road exposure,3,3.1398823393886723,1.0425909250304368,False,,,True,not_yet_labelled,
residential-0055__sembawang-mrt,residential-0055__sembawang-mrt__cp_002,1.447193,103.818541,102.35,467.3,0.0706787109375,0.44845008850097656,0.016994476318359375,0.2433032989501953,0.08767509460449219,0.006999969482421875,0.057407379150390625,2,High pedestrian space + high built frontage / low road exposure,3,1.0407991121928144,2.420180913441524,False,,,False,not_yet_labelled,
residential-0055__sembawang-mrt,residential-0055__sembawang-mrt__cp_003,1.447504,103.818885,153.91,467.3,0.0603485107421875,0.5209617614746094,0.016874313354492188,0.21071434020996094,0.07390022277832031,0.0,0.0666961669921875,2,High pedestrian space + high built frontage / low road exposure,3,0.6178173489967439,2.550311796478332,False,,,False,not_yet_labelled,
residential-0055__sembawang-mrt,residential-0055__sembawang-mrt__cp_004,1.447766,103.819173,197.19,467.3,0.18818495008680555,0.14962938096788195,0.0974239773220486,0.097991943359375,0.4009552001953125,0.041605631510416664,0.0,0,High built frontage + high pedestrian space / low greenery,0,1.6360737892309758,-0.1819248105511483,False,,,False,not_yet_labelled,
residential-0055__sembawang-mrt,residential-0055__sembawang-mrt__cp_005,1.447929,103.819844,273.95,467.3,0.011967976888020834,0.3514438205295139,0.2309943305121528,0.09133063422309028,0.2866838243272569,0.0,0.0005374484592013889,0,High built frontage + high pedestrian space / low greenery,0,0.7726870485016322,0.8884667164672126,False,,,False,not_yet_labelled,
residential-0055__sembawang-mrt,residential-0055__sembawang-mrt__cp_006,1.448349,103.819954,322.23,467.3,0.3604092068142361,0.14078776041666666,0.1268768310546875,0.05969577365451389,0.23304578993055555,0.048105875651041664,0.0,1,High sky exposure + high road exposure / low greenery,0,0.34827193978549525,-1.1384487936922125,False,,,False,not_yet_labelled,
residential-0055__sembawang-mrt,residential-0055__sembawang-mrt__cp_007,1.448742,103.819915,366.14,467.3,0.3604092068142361,0.14078776041666666,0.1268768310546875,0.05969577365451389,0.23304578993055555,0.048105875651041664,0.0,1,High sky exposure + high road exposure / low greenery,0,0.34827193978549525,-1.1384487936922125,False,,,False,not_yet_labelled,
residential-0055__sembawang-mrt,residential-0055__sembawang-mrt__cp_008,1.44894,103.820011,390.61,467.3,0.2863345675998264,0.1807623969184028,0.12214491102430555,0.04570176866319445,0.2732883029513889,0.053382025824652776,0.00023057725694444444,1,High sky exposure + high road exposure / low greenery,0,0.4564391862274493,-0.8072391369110843,False,,,False,not_yet_labelled,
residential-0056__tampines-east-mrt,residential-0056__tampines-east-mrt__cp_000,1.353666,103.962989,0.0,1579.8,0.5282931857638888,0.1594051784939236,0.09938218858506945,0.050969441731770836,0.11971876356336805,0.014265272352430556,0.0,1,High sky exposure + high road exposure / low greenery,1,-0.4302886344695323,-1.5564128718782084,False,,,True,not_yet_labelled,
residential-0056__tampines-east-mrt,residential-0056__tampines-east-mrt__cp_001,1.353279,103.962842,46.03,1579.8,0.30322265625,0.0015411376953125,0.13424173990885416,0.014668782552083334,0.53076171875,0.0,0.0012986924913194445,0,High built frontage + high pedestrian space / low greenery,0,1.7129399955085205,-1.536582014927162,False,,,True,not_yet_labelled,
residential-0056__tampines-east-mrt,residential-0056__tampines-east-mrt__cp_002,1.353143,103.963198,88.4,1579.8,0.29852294921875,0.0006120469835069445,0.1114841037326389,0.014360215928819444,0.5743628607855903,0.0,0.0,0,High built frontage + high pedestrian space / low greenery,0,1.9390947593740075,-1.4699602340527427,False,,,True,not_yet_labelled,
residential-0056__tampines-east-mrt,residential-0056__tampines-east-mrt__cp_003,1.352704,103.96328,138.05,1579.8,0.1029018825954861,0.043060302734375,0.004519992404513889,0.0,0.20649549696180555,0.005167643229166667,0.0005849202473958334,0,High built frontage + high pedestrian space / low greenery,0,0.7557708185283198,-0.154773620002294,False,,,True,not_yet_labelled,
residential-0056__tampines-east-mrt,residential-0056__tampines-east-mrt__cp_004,1.35185,103.962968,239.15,1579.8,0.04609341091579861,0.6304304334852431,0.0,0.0,0.2097083197699653,0.0028211805555555555,0.0,3,High greenery + high road exposure / low built frontage,2,-0.47739064702793493,1.8791675732142439,False,,,True,not_yet_labelled,
residential-0056__tampines-east-mrt,residential-0056__tampines-east-mrt__cp_005,1.351935,103.962628,278.11,1579.8,0.024039374457465276,0.4963192409939236,0.006305270724826389,0.06534322102864583,0.19305250379774305,0.009343465169270834,0.0,3,High greenery + high road exposure / low built frontage,0,0.23458814237058428,1.8509840156898876,False,,,True,not_yet_labelled,
residential-0056__tampines-east-mrt,residential-0056__tampines-east-mrt__cp_011,1.353855,103.960993,641.0,1579.8,0.10363388061523438,0.42242431640625,8.0108642578125e-05,0.0008182525634765625,0.2392730712890625,0.0,0.23185157775878906,3,High greenery + high road exposure / low built frontage,0,0.03180896439344638,1.0158999591881186,False,,,True,not_yet_labelled,
residential-0056__tampines-east-mrt,residential-0056__tampines-east-mrt__cp_012,1.353836,103.960578,687.18,1579.8,0.1928863525390625,0.29623985290527344,0.253814697265625,0.04131889343261719,0.13627243041992188,0.016632080078125,0.06278419494628906,1,High sky exposure + high road exposure / low greenery,0,-0.4306576347155197,-0.323689401636506,False,,,True,not_yet_labelled,
residential-0056__tampines-east-mrt,residential-0056__tampines-east-mrt__cp_013,1.353829,103.960109,739.32,1579.8,0.27632904052734375,0.21426963806152344,0.23323822021484375,0.03947257995605469,0.13675498962402344,0.02527618408203125,0.06227874755859375,1,High sky exposure + high road exposure / low greenery,1,-0.3702626262536904,-0.8855347911845636,False,,,True,not_yet_labelled,
residential-0056__tampines-east-mrt,residential-0056__tampines-east-mrt__cp_014,1.353835,103.95939,819.25,1579.8,0.05452919006347656,0.42711448669433594,0.10866355895996094,0.1378002166748047,0.15270614624023438,0.009073257446289062,0.08394241333007812,2,High pedestrian space + high built frontage / low road exposure,3,0.4978173631121544,1.5794557447434796,False,,,True,not_yet_labelled,
residential-0056__tampines-east-mrt,residential-0056__tampines-east-mrt__cp_015,1.35384,103.958623,904.52,1579.8,0.08745574951171875,0.4829578399658203,0.04163551330566406,0.08498191833496094,0.19785308837890625,0.0011386871337890625,0.09053611755371094,3,High greenery + high road exposure / low built frontage,3,0.256835437538691,1.5684811946599466,False,,,True,not_yet_labelled,
residential-0056__tampines-east-mrt,residential-0056__tampines-east-mrt__cp_017,1.353845,103.957,1084.94,1579.8,0.07559034559461805,0.2883029513888889,0.2113308376736111,0.059210883246527776,0.3161688910590278,0.0030195448133680555,0.0,0,High built frontage + high pedestrian space / low greenery,0,0.738491118876023,0.31784107884270485,False,,,True,not_yet_labelled,
residential-0056__tampines-east-mrt,residential-0056__tampines-east-mrt__cp_018,1.353848,103.95647,1143.86,1579.8,0.07559034559461805,0.2883029513888889,0.2113308376736111,0.059210883246527776,0.3161688910590278,0.0030195448133680555,0.0,0,High built frontage + high pedestrian space / low greenery,0,0.738491118876023,0.31784107884270485,False,,,True,not_yet_labelled,
residential-0056__tampines-east-mrt,residential-0056__tampines-east-mrt__cp_019,1.353858,103.955634,1236.8,1579.8,0.0737152099609375,0.24918619791666666,0.2830641004774306,0.007346259223090278,0.1885528564453125,0.0020039876302083335,0.001980251736111111,3,High greenery + high road exposure / low built frontage,0,-0.17073924360541717,-0.21544036801077351,False,,,True,not_yet_labelled,
residential-0056__tampines-east-mrt,residential-0056__tampines-east-mrt__cp_020,1.354399,103.955609,1297.02,1579.8,0.14257642957899305,0.3195393880208333,0.2864345974392361,0.019532945421006944,0.1769036187065972,0.013944837782118056,4.4080946180555555e-05,3,High greenery + high road exposure / low built frontage,0,-0.4342070081914347,-0.26614216722356226,False,,,True,not_yet_labelled,
residential-0056__tampines-east-mrt,residential-0056__tampines-east-mrt__cp_021,1.355463,103.955616,1415.33,1579.8,0.1714664035373264,0.15515645345052084,0.2336646185980903,0.003899468315972222,0.21278550889756945,0.19255235460069445,0.0,1,High sky exposure + high road exposure / low greenery,0,-0.14924450684451962,-1.4224166319462814,False,,,True,not_yet_labelled,
residential-0056__tampines-east-mrt,residential-0056__tampines-east-mrt__cp_022,1.355911,103.955666,1465.46,1579.8,0.17844136555989584,0.09755113389756945,0.3194732666015625,0.026072184244791668,0.3642645941840278,0.0006663004557291666,0.0,0,High built frontage + high pedestrian space / low greenery,0,0.7838880797750802,-1.1877790160571613,False,,,True,not_yet_labelled,
residential-0056__tampines-east-mrt,residential-0056__tampines-east-mrt__cp_023,1.356124,103.955342,1508.56,1579.8,0.3431294759114583,0.014010959201388888,0.3303714328342014,0.017452663845486112,0.2010837131076389,0.0815277099609375,0.000152587890625,1,High sky exposure + high road exposure / low greenery,1,-0.13550247002718976,-2.3920805319460423,False,,,True,not_yet_labelled,
residential-0056__tampines-east-mrt,residential-0056__tampines-east-mrt__cp_024,1.356144,103.955342,1510.79,1579.8,0.3431294759114583,0.014010959201388888,0.3303714328342014,0.017452663845486112,0.2010837131076389,0.0815277099609375,0.000152587890625,1,High sky exposure + high road exposure / low greenery,1,-0.13550247002718976,-2.3920805319460423,False,,,True,not_yet_labelled,
residential-0057__bishan-mrt,residential-0057__bishan-mrt__cp_006,1.355354,103.846736,378.94,1162.8,0.3015509711371528,0.3036380343967014,0.1905754937065972,0.016028510199652776,0.15931193033854166,0.020185682508680556,4.0690104166666664e-05,1,High sky exposure + high road exposure / low greenery,2,-0.6105034590751417,-0.6930648285745936,False,,,False,not_yet_labelled,
residential-0057__bishan-mrt,residential-0057__bishan-mrt__cp_007,1.355014,103.846519,423.79,1162.8,0.1574740939670139,0.3298170301649306,0.18156602647569445,0.012478298611111112,0.1083187527126736,0.15606519911024305,0.0015021430121527778,3,High greenery + high road exposure / low built frontage,0,-0.7709463608707838,-0.4636712440640769,False,,,False,not_yet_labelled,
residential-0057__bishan-mrt,residential-0057__bishan-mrt__cp_008,1.354615,103.846807,478.5,1162.8,0.026394314236111112,0.6111178927951388,0.2369927300347222,0.00030687120225694444,0.12442694769965278,0.0,0.0,3,High greenery + high road exposure / low built frontage,2,-1.1529705426653905,1.2158392721746454,False,,,False,not_yet_labelled,
residential-0057__bishan-mrt,residential-0057__bishan-mrt__cp_009,1.354246,103.847095,530.55,1162.8,0.2535671657986111,0.3506062825520833,0.1610446506076389,0.011191474066840278,0.18076578776041666,0.042824639214409724,0.0,1,High sky exposure + high road exposure / low greenery,2,-0.5518859113569291,-0.37562202234497694,False,,,False,not_yet_labelled,
residential-0057__bishan-mrt,residential-0057__bishan-mrt__cp_010,1.35391,103.847479,587.27,1162.8,0.12942674424913195,0.6697065565321181,0.05749172634548611,0.004228379991319444,0.10967508951822917,0.0,0.0011003282335069445,3,High greenery + high road exposure / low built frontage,2,-1.1903005628422276,1.5564878645723803,False,,,False,not_yet_labelled,
residential-0057__bishan-mrt,residential-0057__bishan-mrt__cp_011,1.353641,103.848016,654.04,1162.8,0.18298848470052084,0.7126973470052084,0.0008443196614583334,0.030678643120659724,0.06712849934895833,0.0034281412760416665,0.0,3,High greenery + high road exposure / low built frontage,2,-1.2802674409868935,1.7826533903960338,False,,,False,not_yet_labelled,
residential-0057__bishan-mrt,residential-0057__bishan-mrt__cp_012,1.3535,103.848443,704.03,1162.8,0.5981089274088541,0.08986070421006945,0.14956495496961805,0.006300184461805556,0.07611931694878472,0.009562174479166666,0.0008985731336805555,1,High sky exposure + high road exposure / low greenery,1,-0.9594736887308638,-2.392398656291759,False,,,False,not_yet_labelled,
residential-0057__bishan-mrt,residential-0057__bishan-mrt__cp_013,1.353058,103.848442,753.18,1162.8,0.3054453531901042,0.23224046495225695,0.2665184868706597,0.023717244466145832,0.054316202799479164,0.07308451334635417,0.0,1,High sky exposure + high road exposure / low greenery,1,-1.0128169782624592,-1.2585727299796012,False,,,False,not_yet_labelled,
residential-0057__bishan-mrt,residential-0057__bishan-mrt__cp_014,1.352489,103.848319,817.91,1162.8,0.22981431749131945,0.4827253553602431,0.011310153537326388,0.008175320095486112,0.04927402072482639,0.19751146104600695,0.0020243326822916665,3,High greenery + high road exposure / low built frontage,1,-1.2670821619708732,0.09503555730311204,False,,,False,not_yet_labelled,
residential-0057__bishan-mrt,residential-0057__bishan-mrt__cp_015,1.352025,103.848212,870.86,1162.8,0.19589063856336805,0.3829176161024306,0.2743089463975694,0.018100314670138888,0.1247134738498264,0.0,0.0,3,High greenery + high road exposure / low built frontage,0,-0.8621928096793906,-0.18954425218243692,False,,,False,not_yet_labelled,
residential-0057__bishan-mrt,residential-0057__bishan-mrt__cp_016,1.351396,103.848076,942.42,1162.8,0.19748094346788195,0.12150404188368055,0.2767791748046875,0.021718343098958332,0.3625708685980903,0.011457655164930556,0.0,0,High built frontage + high pedestrian space / low greenery,0,0.721898689399431,-1.1181287527667194,False,,,False,not_yet_labelled,
residential-0057__bishan-mrt,residential-0057__bishan-mrt__cp_017,1.351082,103.848174,978.99,1162.8,0.2805853949652778,0.07027689615885417,0.2551439073350694,0.026541815863715276,0.3642527262369792,0.0020277235243055555,0.0,1,High sky exposure + high road exposure / low greenery,0,0.7822756198838214,-1.4875869034213327,False,,,False,not_yet_labelled,
residential-0057__bishan-mrt,residential-0057__bishan-mrt__cp_018,1.350661,103.848351,1029.77,1162.8,0.228302001953125,0.0,0.3249376085069444,0.006771511501736111,0.17384168836805555,0.2660590277777778,0.0,1,High sky exposure + high road exposure / low greenery,1,-0.2596640919321856,-2.6257054950443814,False,,,False,not_yet_labelled,
residential-0057__bishan-mrt,residential-0057__bishan-mrt__cp_019,1.350599,103.848632,1061.76,1162.8,0.228302001953125,0.0,0.3249376085069444,0.006771511501736111,0.17384168836805555,0.2660590277777778,0.0,1,High sky exposure + high road exposure / low greenery,1,-0.2596640919321856,-2.6257054950443814,False,,,False,not_yet_labelled,
residential-0058__beauty-world-mrt,residential-0058__beauty-world-mrt__cp_005,1.343532,103.778156,258.45,808.7,0.2003936767578125,0.6533025105794271,0.11971028645833333,0.023337046305338543,1.2715657552083333e-06,0.0,0.0,3,High greenery + high road exposure / low built frontage,2,-1.70124705785679,1.1684883549441683,False,,,False,not_yet_labelled,
residential-0058__beauty-world-mrt,residential-0058__beauty-world-mrt__cp_006,1.343246,103.777822,307.34,808.7,0.2544085184733073,0.6333783467610677,0.06965255737304688,0.0,0.0,0.0,0.0,3,High greenery + high road exposure / low built frontage,2,-1.8232497333697486,0.9280241598381345,False,,,False,not_yet_labelled,
residential-0058__beauty-world-mrt,residential-0058__beauty-world-mrt__cp_007,1.342954,103.777227,381.02,808.7,0.0,0.0,0.08396530151367188,0.15753046671549478,0.7585042317708334,0.0,0.0,0,High built frontage + high pedestrian space / low greenery,0,4.2469222493092085,0.45473318007584923,False,,,False,not_yet_labelled,
residential-0058__beauty-world-mrt,residential-0058__beauty-world-mrt__cp_008,1.342568,103.776819,443.46,808.7,0.27693430582682294,0.08881123860677083,0.3434918721516927,2.288818359375e-05,0.2907396952311198,0.0,0.0,1,High sky exposure + high road exposure / low greenery,1,0.11140147657365394,-1.7831702876147344,False,,,False,not_yet_labelled,
residential-0058__beauty-world-mrt,residential-0058__beauty-world-mrt__cp_009,1.342356,103.777089,481.63,808.7,0.31510035196940106,0.13628260294596353,0.3533681233723958,0.0,0.1952489217122396,0.0,0.0,1,High sky exposure + high road exposure / low greenery,1,-0.4728950366106274,-1.7840151925530545,False,,,False,not_yet_labelled,
residential-0058__beauty-world-mrt,residential-0058__beauty-world-mrt__cp_010,1.341929,103.777181,530.2,808.7,0.31438318888346356,0.10234451293945312,0.3629926045735677,0.0023218790690104165,0.13330078125,0.08777618408203125,0.0,1,High sky exposure + high road exposure / low greenery,1,-0.7336284309487944,-2.176379712614736,False,,,False,not_yet_labelled,
residential-0058__beauty-world-mrt,residential-0058__beauty-world-mrt__cp_011,1.341464,103.776513,620.68,808.7,0.3630167643229167,0.1792941623263889,0.08867390950520833,0.0836452907986111,0.10492791069878472,0.16143798828125,0.0,1,High sky exposure + high road exposure / low greenery,0,-0.14985925524617327,-1.1289154629043596,False,,,False,not_yet_labelled,
residential-0058__beauty-world-mrt,residential-0058__beauty-world-mrt__cp_012,1.341277,103.775933,688.43,808.7,0.019387563069661457,0.5532188415527344,0.004556020100911458,0.017072041829427082,0.39090601603190106,7.120768229166667e-05,0.0003662109375,3,High greenery + high road exposure / low built frontage,0,0.6017083754983705,1.7570379927203281,False,,,False,not_yet_labelled,
residential-0058__beauty-world-mrt,residential-0058__beauty-world-mrt__cp_013,1.341086,103.775725,719.82,808.7,0.140625,0.6635996500651041,0.11688741048177083,0.0041351318359375,0.0375823974609375,0.015002780490451388,0.0,3,High greenery + high road exposure / low built frontage,2,-1.609048917844114,1.2878273746531907,False,,,False,not_yet_labelled,
residential-0059__tan-kah-kee-mrt,residential-0059__tan-kah-kee-mrt__cp_002,1.329655,103.814053,138.11,1998.0,0.1462487114800347,0.6843956841362847,0.09619818793402778,0.005072699652777778,0.03742811414930555,2.0345052083333332e-05,0.0,3,High greenery + high road exposure / low built frontage,2,-1.610546845749152,1.4479887632336623,False,,,True,not_yet_labelled,
residential-0059__tan-kah-kee-mrt,residential-0059__tan-kah-kee-mrt__cp_003,1.329558,103.814414,179.67,1998.0,0.2492523193359375,0.4809837341308594,0.17347335815429688,0.008210500081380209,0.03223419189453125,0.05584589640299479,0.0,3,High greenery + high road exposure / low built frontage,2,-1.5083499906830762,0.0022375447276435445,False,,,True,not_yet_labelled,
residential-0059__tan-kah-kee-mrt,residential-0059__tan-kah-kee-mrt__cp_005,1.32967,103.814932,281.95,1998.0,0.2492523193359375,0.4809837341308594,0.17347335815429688,0.008210500081380209,0.03223419189453125,0.05584589640299479,0.0,3,High greenery + high road exposure / low built frontage,2,-1.5083499906830762,0.0022375447276435445,False,,,True,not_yet_labelled,
residential-0059__tan-kah-kee-mrt,residential-0059__tan-kah-kee-mrt__cp_006,1.329129,103.814628,350.95,1998.0,0.2492523193359375,0.4809837341308594,0.17347335815429688,0.008210500081380209,0.03223419189453125,0.05584589640299479,0.0,3,High greenery + high road exposure / low built frontage,2,-1.5083499906830762,0.0022375447276435445,False,,,True,not_yet_labelled,
residential-0059__tan-kah-kee-mrt,residential-0059__tan-kah-kee-mrt__cp_007,1.328708,103.814377,405.45,1998.0,0.2469092475043403,0.5331505669487847,0.18014356825086805,0.011137220594618056,0.023835923936631944,0.0021769205729166665,0.0021464029947916665,3,High greenery + high road exposure / low built frontage,2,-1.5979303226694368,0.3510115532446513,False,,,True,not_yet_labelled,
residential-0059__tan-kah-kee-mrt,residential-0059__tan-kah-kee-mrt__cp_008,1.328007,103.814154,487.24,1998.0,0.1116299099392361,0.6439751519097222,0.19134012858072916,0.003436618381076389,0.007366604275173611,0.010272555881076388,0.0,3,High greenery + high road exposure / low built frontage,2,-1.7660700076925866,1.141143352259931,False,,,True,not_yet_labelled,
residential-0059__tan-kah-kee-mrt,residential-0059__tan-kah-kee-mrt__cp_009,1.327257,103.814125,570.7,1998.0,0.1898651123046875,0.5200907389322916,0.2015804714626736,0.008861965603298612,0.05653211805555555,0.011969672309027778,0.0003306070963541667,3,High greenery + high road exposure / low built frontage,2,-1.3969679069018797,0.41749261577928665,False,,,True,not_yet_labelled,
residential-0059__tan-kah-kee-mrt,residential-0059__tan-kah-kee-mrt__cp_010,1.326609,103.814064,643.08,1998.0,0.2113376193576389,0.5098317464192709,0.22463819715711805,0.017947726779513888,0.007331000434027778,0.0157470703125,0.009379069010416666,3,High greenery + high road exposure / low built frontage,2,-1.5932315665455012,0.28116591986745487,False,,,True,not_yet_labelled,
residential-0059__tan-kah-kee-mrt,residential-0059__tan-kah-kee-mrt__cp_011,1.326077,103.81401,702.53,1998.0,0.1532508002387153,0.7662929958767362,0.0211181640625,0.0,0.034815470377604164,0.0,0.001880221896701389,3,High greenery + high road exposure / low built frontage,2,-1.7274049863140726,1.8759654908534253,False,,,True,not_yet_labelled,
residential-0059__tan-kah-kee-mrt,residential-0059__tan-kah-kee-mrt__cp_012,1.325457,103.813951,771.79,1998.0,0.3133629692925347,0.24793836805555555,0.051798502604166664,0.004397922092013889,0.1864200168185764,0.17693583170572916,0.0008256700303819445,1,High sky exposure + high road exposure / low greenery,1,-0.38482941828982103,-1.0866169930238363,False,,,True,not_yet_labelled,
residential-0059__tan-kah-kee-mrt,residential-0059__tan-kah-kee-mrt__cp_013,1.324628,103.813843,864.75,1998.0,0.0648617214626736,0.3513200547960069,0.1881934271918403,0.021323310004340276,0.3042229546440972,0.0665096706814236,0.0005137125651041666,0,High built frontage + high pedestrian space / low greenery,0,0.2799893083837696,0.2237777740074843,False,,,True,not_yet_labelled,
residential-0059__tan-kah-kee-mrt,residential-0059__tan-kah-kee-mrt__cp_014,1.324128,103.813846,920.34,1998.0,0.6584459940592448,0.060292561848958336,0.18274307250976562,0.0,0.053265889485677086,0.0038286844889322915,0.0,1,High sky exposure + high road exposure / low greenery,1,-1.1849539346778761,-2.830744708249751,False,,,True,not_yet_labelled,
residential-0059__tan-kah-kee-mrt,residential-0059__tan-kah-kee-mrt__cp_015,1.32341,103.813548,1006.78,1998.0,0.2521959940592448,0.13521830240885416,0.12668863932291666,0.0016390482584635417,0.40328343709309894,0.0669390360514323,0.0,0,High built frontage + high pedestrian space / low greenery,0,0.829011120540574,-1.1411077728095536,False,,,True,not_yet_labelled,
residential-0059__tan-kah-kee-mrt,residential-0059__tan-kah-kee-mrt__cp_016,1.32289,103.813457,1065.48,1998.0,0.13795979817708334,0.3699832492404514,0.08810255262586805,0.005942450629340278,0.0,0.3886617024739583,0.0,3,High greenery + high road exposure / low built frontage,1,-1.3842170493054469,-0.756442556844078,False,,,True,not_yet_labelled,
residential-0059__tan-kah-kee-mrt,residential-0059__tan-kah-kee-mrt__cp_017,1.322876,103.812937,1123.31,1998.0,0.16519927978515625,0.3773752848307292,0.2273712158203125,0.07739639282226562,0.12745030721028647,0.012364705403645834,0.009295145670572916,3,High greenery + high road exposure / low built frontage,0,-0.3076361462352728,0.31375941828140735,False,,,True,not_yet_labelled,
residential-0059__tan-kah-kee-mrt,residential-0059__tan-kah-kee-mrt__cp_018,1.323017,103.812437,1181.06,1998.0,0.00357818603515625,0.5341059366861979,0.045574188232421875,0.10776519775390625,0.2185821533203125,0.0,0.000492095947265625,2,High pedestrian space + high built frontage / low road exposure,0,0.5207230500145572,2.159310046435813,False,,,True,not_yet_labelled,
residential-0059__tan-kah-kee-mrt,residential-0059__tan-kah-kee-mrt__cp_019,1.323104,103.81171,1262.45,1998.0,0.052378336588541664,0.1512179904513889,0.1937340630425347,0.0702243381076389,0.442230224609375,0.084716796875,0.0,0,High built frontage + high pedestrian space / low greenery,0,1.6378267378461022,-0.22749683349177,False,,,True,not_yet_labelled,
residential-0059__tan-kah-kee-mrt,residential-0059__tan-kah-kee-mrt__cp_020,1.323334,103.811089,1336.07,1998.0,0.08078511555989583,0.5440889994303385,0.00572967529296875,0.17378616333007812,0.16768010457356772,0.0250091552734375,0.0,2,High pedestrian space + high built frontage / low road exposure,3,0.6537065161146288,2.264081309038643,False,,,True,not_yet_labelled,
residential-0059__tan-kah-kee-mrt,residential-0059__tan-kah-kee-mrt__cp_021,1.323674,103.810601,1402.2,1998.0,0.14039103190104166,0.5589497884114584,0.014865451388888888,0.0037129720052083335,0.2333306206597222,0.023481580946180556,0.0,3,High greenery + high road exposure / low built frontage,0,-0.4001045562151983,1.172775497708401,False,,,True,not_yet_labelled,
residential-0059__tan-kah-kee-mrt,residential-0059__tan-kah-kee-mrt__cp_022,1.323983,103.810222,1456.56,1998.0,0.0007612440321180555,0.20440673828125,0.3742794460720486,0.1203121609157986,0.15392896864149305,0.022660997178819444,0.0025193956163194445,3,High greenery + high road exposure / low built frontage,0,0.5170906997319317,0.16732003933481623,False,,,True,not_yet_labelled,
residential-0059__tan-kah-kee-mrt,residential-0059__tan-kah-kee-mrt__cp_023,1.324199,103.809801,1509.17,1998.0,0.018807729085286457,0.29650115966796875,0.023729960123697918,0.12667338053385416,0.48162841796875,0.0463714599609375,0.0,0,High built frontage + high pedestrian space / low greenery,0,2.242459597211266,1.2689646653023838,False,,,True,not_yet_labelled,
residential-0059__tan-kah-kee-mrt,residential-0059__tan-kah-kee-mrt__cp_024,1.324811,103.809106,1612.12,1998.0,0.002651214599609375,0.9955660502115885,0.0,0.0,0.0,0.0,0.0,3,High greenery + high road exposure / low built frontage,2,-2.100526204918908,3.2610402963770984,False,,,True,not_yet_labelled,
residential-0059__tan-kah-kee-mrt,residential-0059__tan-kah-kee-mrt__cp_025,1.325078,103.808696,1666.52,1998.0,0.2098388671875,0.4083964029947917,0.048838297526041664,0.043497721354166664,0.25714111328125,0.013056437174479166,6.442599826388889e-05,3,High greenery + high road exposure / low built frontage,0,0.14922782565328677,0.5531950147914789,False,,,True,not_yet_labelled,
residential-0059__tan-kah-kee-mrt,residential-0059__tan-kah-kee-mrt__cp_026,1.32532,103.808282,1719.83,1998.0,0.019411722819010418,0.45093536376953125,0.010583241780598959,0.07597986857096355,0.4375953674316406,0.009405771891276041,0.0,0,High built frontage + high pedestrian space / low greenery,0,1.4147530274826496,1.6689550669792181,False,,,True,not_yet_labelled,
residential-0059__tan-kah-kee-mrt,residential-0059__tan-kah-kee-mrt__cp_027,1.325584,103.807896,1771.82,1998.0,0.029987335205078125,0.5970624287923177,0.0,0.0033365885416666665,0.3668835957845052,0.0,0.0,3,High greenery + high road exposure / low built frontage,0,0.2971361284056914,1.80341564448375,False,,,True,not_yet_labelled,
residential-0059__tan-kah-kee-mrt,residential-0059__tan-kah-kee-mrt__cp_028,1.32587,103.807312,1844.11,1998.0,0.2673611111111111,0.1487698025173611,0.2579989963107639,0.01019287109375,0.3149515787760417,0.0,0.0,1,High sky exposure + high road exposure / low greenery,1,0.3067620665295861,-1.2582130597707033,False,,,True,not_yet_labelled,
residential-0059__tan-kah-kee-mrt,residential-0059__tan-kah-kee-mrt__cp_029,1.32567,103.80778,1900.69,1998.0,0.029987335205078125,0.5970624287923177,0.0,0.0033365885416666665,0.3668835957845052,0.0,0.0,3,High greenery + high road exposure / low built frontage,0,0.2971361284056914,1.80341564448375,False,,,True,not_yet_labelled,
residential-0059__tan-kah-kee-mrt,residential-0059__tan-kah-kee-mrt__cp_030,1.325669,103.807794,1902.25,1998.0,0.029987335205078125,0.5970624287923177,0.0,0.0033365885416666665,0.3668835957845052,0.0,0.0,3,High greenery + high road exposure / low built frontage,0,0.2971361284056914,1.80341564448375,False,,,True,not_yet_labelled,
residential-0060__hougang-mrt,residential-0060__hougang-mrt__cp_000,1.373654,103.89169,0.0,828.2,0.3892500135633681,0.08261617024739583,0.08079020182291667,0.010640462239583334,0.062342325846354164,0.3691982693142361,0.0,1,High sky exposure + high road exposure / low greenery,1,-0.8388951776942393,-2.559146050226244,False,,,False,not_yet_labelled,
residential-0060__hougang-mrt,residential-0060__hougang-mrt__cp_001,1.373652,103.891212,53.14,828.2,0.2914174397786458,0.3140869140625,0.1998443603515625,0.0529632568359375,0.04716322157118055,0.06914265950520833,0.00042555067274305556,1,High sky exposure + high road exposure / low greenery,2,-0.8860983619548521,-0.5858328618574538,False,,,False,not_yet_labelled,
residential-0060__hougang-mrt,residential-0060__hougang-mrt__cp_003,1.373973,103.892259,186.11,828.2,0.02117919921875,0.3406842549641927,0.4804344177246094,0.08508809407552083,0.07191975911458333,0.0,0.0,3,High greenery + high road exposure / low built frontage,0,-0.5726480278358181,0.1077895387684783,False,,,False,not_yet_labelled,
residential-0060__hougang-mrt,residential-0060__hougang-mrt__cp_004,1.373673,103.892431,224.56,828.2,0.24879964192708334,0.4964001973470052,0.03225835164388021,0.16436894734700522,0.024274190266927082,0.031077067057291668,0.0,2,High pedestrian space + high built frontage / low road exposure,3,-0.23254657084083294,1.3503326895378602,False,,,False,not_yet_labelled,
residential-0060__hougang-mrt,residential-0060__hougang-mrt__cp_005,1.373231,103.892541,275.2,828.2,0.1924921671549479,0.4297587076822917,0.029263814290364582,0.2611249287923177,0.08671951293945312,0.0,0.0,2,High pedestrian space + high built frontage / low road exposure,3,0.9763962516783297,1.945702833917692,False,,,False,not_yet_labelled,
residential-0060__hougang-mrt,residential-0060__hougang-mrt__cp_006,1.373144,103.891768,361.67,828.2,0.4117719862196181,0.08638678656684028,0.3342912462022569,0.04957241482204861,0.10981580946180555,0.004906548394097222,0.00015597873263888888,1,High sky exposure + high road exposure / low greenery,1,-0.5065069470619765,-2.0024299024245718,False,,,False,not_yet_labelled,
residential-0060__hougang-mrt,residential-0060__hougang-mrt__cp_007,1.37298,103.891394,407.07,828.2,0.2926076253255208,0.2649010552300347,0.2417212592230903,0.09192403157552083,0.05004713270399305,0.04034593370225695,0.0,1,High sky exposure + high road exposure / low greenery,0,-0.539008962925781,-0.5784526091107193,False,,,False,not_yet_labelled,
residential-0060__hougang-mrt,residential-0060__hougang-mrt__cp_008,1.372776,103.890984,457.98,828.2,0.3070339626736111,0.3183966742621528,0.1126895480685764,0.0019938151041666665,0.11762152777777778,0.10465833875868055,0.0004475911458333333,1,High sky exposure + high road exposure / low greenery,1,-0.8693580835980161,-0.7710768127359378,False,,,False,not_yet_labelled,
residential-0060__hougang-mrt,residential-0060__hougang-mrt__cp_009,1.372329,103.891024,507.89,828.2,0.2410888671875,0.4247402615017361,0.08896552191840278,0.009721544053819444,0.1222686767578125,0.11228773328993055,0.0002865261501736111,3,High greenery + high road exposure / low built frontage,1,-0.8942269985321093,-0.09785663740330458,False,,,False,not_yet_labelled,
residential-0061__marsiling-mrt,residential-0061__marsiling-mrt__cp_000,1.43769,103.778237,0.0,2119.6,0.01446533203125,0.010262383355034722,0.1318020290798611,0.020634969075520832,0.6427934434678819,0.0162506103515625,0.0,0,High built frontage + high pedestrian space / low greenery,0,2.6833641064696465,-0.40737787937080744,False,,,True,not_yet_labelled,
residential-0061__marsiling-mrt,residential-0061__marsiling-mrt__cp_001,1.438239,103.778216,61.09,2119.6,0.0018513997395833333,0.11414252387152778,0.2394527859157986,0.021553887261284724,0.5415140787760416,0.063812255859375,0.0020904541015625,0,High built frontage + high pedestrian space / low greenery,0,1.8243487750213672,-0.48866382226954014,False,,,True,not_yet_labelled,
residential-0061__marsiling-mrt,residential-0061__marsiling-mrt__cp_002,1.43831,103.779634,218.91,2119.6,0.09398905436197917,0.041634453667534724,0.1270633273654514,0.013112386067708334,0.5709720187717013,0.1491326226128472,0.0,0,High built frontage + high pedestrian space / low greenery,0,2.004891120003884,-1.0806033881698311,False,,,True,not_yet_labelled,
residential-0061__marsiling-mrt,residential-0061__marsiling-mrt__cp_003,1.438358,103.780202,282.28,2119.6,0.025487263997395832,0.05802747938368055,0.18375142415364584,0.005366007486979167,0.5468071831597222,0.13145277235243055,0.0,0,High built frontage + high pedestrian space / low greenery,0,1.853166752246589,-0.8965970469442036,False,,,True,not_yet_labelled,
residential-0061__marsiling-mrt,residential-0061__marsiling-mrt__cp_004,1.438163,103.780596,331.15,2119.6,0.026240030924479168,0.04018825954861111,0.14004007975260416,0.0932888454861111,0.5645836724175347,0.13266499837239584,0.0,0,High built frontage + high pedestrian space / low greenery,0,2.645342528273261,-0.39374593849405987,False,,,True,not_yet_labelled,
residential-0061__marsiling-mrt,residential-0061__marsiling-mrt__cp_005,1.43849,103.780975,386.8,2119.6,0.026240030924479168,0.04018825954861111,0.14004007975260416,0.0932888454861111,0.5645836724175347,0.13266499837239584,0.0,0,High built frontage + high pedestrian space / low greenery,0,2.645342528273261,-0.39374593849405987,False,,,True,not_yet_labelled,
residential-0061__marsiling-mrt,residential-0061__marsiling-mrt__cp_006,1.438855,103.781064,428.57,2119.6,0.026240030924479168,0.04018825954861111,0.14004007975260416,0.0932888454861111,0.5645836724175347,0.13266499837239584,0.0,0,High built frontage + high pedestrian space / low greenery,0,2.645342528273261,-0.39374593849405987,False,,,True,not_yet_labelled,
residential-0061__marsiling-mrt,residential-0061__marsiling-mrt__cp_009,1.43796,103.782378,626.3,2119.6,0.0697970920138889,0.6888580322265625,0.1157192654079861,0.0030195448133680555,0.058858235677083336,0.04277377658420139,0.00010002983940972222,3,High greenery + high road exposure / low built frontage,2,-1.48980580081399,1.5452609578093897,False,,,True,not_yet_labelled,
residential-0061__marsiling-mrt,residential-0061__marsiling-mrt__cp_010,1.437441,103.782507,685.77,2119.6,0.0697970920138889,0.6888580322265625,0.1157192654079861,0.0030195448133680555,0.058858235677083336,0.04277377658420139,0.00010002983940972222,3,High greenery + high road exposure / low built frontage,2,-1.48980580081399,1.5452609578093897,False,,,True,not_yet_labelled,
residential-0061__marsiling-mrt,residential-0061__marsiling-mrt__cp_011,1.436965,103.782448,739.1,2119.6,0.08645460340711805,0.5075666639539931,0.2507256401909722,0.013987223307291666,0.1379513210720486,0.0005900065104166666,0.0,3,High greenery + high road exposure / low built frontage,2,-0.8933049752833156,0.6763813282071348,False,,,True,not_yet_labelled,
residential-0061__marsiling-mrt,residential-0061__marsiling-mrt__cp_012,1.436462,103.782477,795.13,2119.6,0.10096232096354167,0.5519256591796875,0.14313252766927084,0.00047132703993055556,0.1687893337673611,0.016150580512152776,0.006817287868923611,3,High greenery + high road exposure / low built frontage,2,-0.816696845772421,0.9511365254727819,False,,,True,not_yet_labelled,
residential-0061__marsiling-mrt,residential-0061__marsiling-mrt__cp_013,1.43579,103.782715,874.4,2119.6,0.139739990234375,0.4396938747829861,0.16810099283854166,0.005510118272569444,0.1850518120659722,0.012824164496527778,0.0,3,High greenery + high road exposure / low built frontage,0,-0.5638422760982299,0.40604864834075677,False,,,True,not_yet_labelled,
residential-0061__marsiling-mrt,residential-0061__marsiling-mrt__cp_014,1.435337,103.782997,933.72,2119.6,0.1988491482204861,0.3497755262586806,0.21301099989149305,0.012900458441840278,0.09909735785590278,0.06280687120225695,0.0,3,High greenery + high road exposure / low built frontage,0,-0.8869899145995367,-0.3427707923992007,False,,,True,not_yet_labelled,
residential-0061__marsiling-mrt,residential-0061__marsiling-mrt__cp_015,1.434867,103.78254,1006.61,2119.6,0.2000918918185764,0.07948981391059028,0.1759270562065972,0.0180206298828125,0.27874755859375,0.050423516167534724,0.0,1,High sky exposure + high road exposure / low greenery,1,0.5818421152686399,-1.0615391909535234,False,,,True,not_yet_labelled,
residential-0061__marsiling-mrt,residential-0061__marsiling-mrt__cp_016,1.43453,103.782202,1059.67,2119.6,0.165557861328125,0.5057373046875,0.09831407335069445,0.002966986762152778,0.17400614420572916,0.04021877712673611,0.002999199761284722,3,High greenery + high road exposure / low built frontage,2,-0.7299603846758438,0.6158490660322674,False,,,True,not_yet_labelled,
residential-0061__marsiling-mrt,residential-0061__marsiling-mrt__cp_017,1.433861,103.781565,1162.37,2119.6,0.21363661024305555,0.50714111328125,0.15231831868489584,0.002032809787326389,0.047505696614583336,0.010225084092881944,0.00010342068142361111,3,High greenery + high road exposure / low built frontage,2,-1.4054863457504214,0.40983015830994096,False,,,True,not_yet_labelled,
residential-0061__marsiling-mrt,residential-0061__marsiling-mrt__cp_018,1.433443,103.781084,1233.22,2119.6,0.1285163031684028,0.3744252522786458,0.16692606608072916,0.014331393771701388,0.2843882242838542,0.013092041015625,0.0,3,High greenery + high road exposure / low built frontage,0,0.07564163528032694,0.2582089566185867,False,,,True,not_yet_labelled,
residential-0061__marsiling-mrt,residential-0061__marsiling-mrt__cp_019,1.433096,103.780499,1308.83,2119.6,0.2537468804253472,0.21290418836805555,0.227264404296875,0.0279083251953125,0.0860595703125,0.025889078776041668,0.0,1,High sky exposure + high road exposure / low greenery,1,-0.6053334624094879,-0.8182280074156986,False,,,True,not_yet_labelled,
residential-0061__marsiling-mrt,residential-0061__marsiling-mrt__cp_020,1.432857,103.780038,1366.56,2119.6,0.19171651204427084,0.5065595838758681,0.1375698513454861,0.017495049370659724,0.1210361056857639,0.005454169379340278,2.0345052083333332e-05,3,High greenery + high road exposure / low built frontage,2,-0.928240461600732,0.604571747954769,False,,,True,not_yet_labelled,
residential-0061__marsiling-mrt,residential-0061__marsiling-mrt__cp_021,1.432641,103.779531,1427.82,2119.6,0.16429646809895834,0.2340172661675347,0.2661404079861111,0.005252414279513889,0.1632775200737847,0.16303507486979166,0.0,1,High sky exposure + high road exposure / low greenery,0,-0.5395066242397737,-1.125834989788933,False,,,True,not_yet_labelled,
residential-0061__marsiling-mrt,residential-0061__marsiling-mrt__cp_022,1.432469,103.778704,1521.72,2119.6,0.2244025336371528,0.07152811686197917,0.21853129069010416,0.023261176215277776,0.3733079698350694,0.0904812282986111,0.0,0,High built frontage + high pedestrian space / low greenery,0,0.8684263382613182,-1.4659536981951844,False,,,True,not_yet_labelled,
residential-0062__stevens-mrt,residential-0062__stevens-mrt__cp_000,1.321928,103.833739,0.0,1923.5,0.014479319254557291,0.8191146850585938,0.16370010375976562,0.00022252400716145834,0.0,0.0,0.0,3,High greenery + high road exposure / low built frontage,2,-1.9956151053082813,2.17342085030023,False,61.85,0.17355371900826447,False,not_yet_labelled,
residential-0062__stevens-mrt,residential-0062__stevens-mrt__cp_001,1.321399,103.833567,61.85,1923.5,0.11820348103841145,0.5028915405273438,0.17489242553710938,0.042432149251302086,0.1617889404296875,0.0,0.0,3,High greenery + high road exposure / low built frontage,2,-0.5125890484950041,0.9010904652288161,True,0.0,0.06508264462809918,False,not_yet_labelled,
residential-0062__stevens-mrt,residential-0062__stevens-mrt__cp_002,1.320785,103.833123,146.1,1923.5,0.027777353922526043,0.7757377624511719,0.18261337280273438,0.00028228759765625,0.01264190673828125,0.0,1.2715657552083333e-06,3,High greenery + high road exposure / low built frontage,2,-1.8991856987750886,1.924567343291933,True,0.0,0.06508264462809918,False,not_yet_labelled,
residential-0062__stevens-mrt,residential-0062__stevens-mrt__cp_003,1.320341,103.83338,203.14,1923.5,0.1164868672688802,0.6449139912923177,0.15689214070638022,0.00289154052734375,0.017981211344401043,0.06222661336263021,0.0,3,High greenery + high road exposure / low built frontage,2,-1.7281965924865803,1.045927033245081,False,57.03999999999999,0.16735537190082644,False,not_yet_labelled,
residential-0062__stevens-mrt,residential-0062__stevens-mrt__cp_004,1.319805,103.833531,265.06,1923.5,0.1576868693033854,0.35318756103515625,0.18922932942708334,0.029755910237630207,0.21309280395507812,0.028971354166666668,2.5431315104166665e-06,3,High greenery + high road exposure / low built frontage,0,-0.1660918492187369,0.059114513472344775,False,118.96000000000001,0.23760330578512398,False,not_yet_labelled,
residential-0062__stevens-mrt,residential-0062__stevens-mrt__cp_005,1.319202,103.833293,337.14,1923.5,0.4077644348144531,0.21780522664388022,0.2004114786783854,0.013384501139322916,0.11375935872395833,0.04021453857421875,0.0,1,High sky exposure + high road exposure / low greenery,1,-0.8386036998033264,-1.4761812693793945,False,191.04,0.30991735537190085,False,not_yet_labelled,
residential-0062__stevens-mrt,residential-0062__stevens-mrt__cp_006,1.318928,103.832946,386.3,1923.5,0.24947992960611978,0.35639699300130206,0.19707870483398438,0.013383229573567709,0.16515986124674478,0.0,0.0,1,High sky exposure + high road exposure / low greenery,2,-0.6274130132108552,-0.2889097411870247,False,240.20000000000002,0.3512396694214876,False,not_yet_labelled,
residential-0062__stevens-mrt,residential-0062__stevens-mrt__cp_007,1.3181,103.832456,493.27,1923.5,0.22737884521484375,0.5522626241048177,0.11802037556966145,0.01500701904296875,0.0,0.06927871704101562,0.0,3,High greenery + high road exposure / low built frontage,2,-1.6372416180907319,0.47959729871541146,False,347.16999999999996,0.4297520661157025,False,not_yet_labelled,
residential-0062__stevens-mrt,residential-0062__stevens-mrt__cp_008,1.318118,103.832257,515.48,1923.5,0.04095119900173611,0.2179904513888889,0.291290283203125,0.07586669921875,0.2979448106553819,0.005015055338541667,0.0133209228515625,0,High built frontage + high pedestrian space / low greenery,0,0.8606860333983418,0.08128913879174234,False,369.38,0.4462809917355372,False,not_yet_labelled,
residential-0062__stevens-mrt,residential-0062__stevens-mrt__cp_009,1.317544,103.832064,582.82,1923.5,0.15662638346354166,0.6438179016113281,0.13557306925455728,0.012602488199869791,0.00836181640625,0.02185821533203125,0.0,3,High greenery + high road exposure / low built frontage,2,-1.691686685006869,1.136249376865967,False,436.72,0.5020661157024794,False,not_yet_labelled,
residential-0062__stevens-mrt,residential-0062__stevens-mrt__cp_018,1.318506,103.828902,1292.12,1923.5,0.2301610310872396,0.47383371988932294,0.11530049641927083,0.009638468424479166,0.15726852416992188,0.005832672119140625,0.0,3,High greenery + high road exposure / low built frontage,2,-0.7871103484003787,0.3629174736270624,False,1146.02,0.8285123966942148,False,not_yet_labelled,
residential-0062__stevens-mrt,residential-0062__stevens-mrt__cp_019,1.318473,103.828432,1344.49,1923.5,0.18256632486979166,0.5473378499348959,0.1469090779622396,0.005334218343098958,0.09049733479817708,0.004136403401692708,0.0,3,High greenery + high road exposure / low built frontage,2,-1.2300578832792188,0.693465122427894,False,1198.39,0.8409090909090909,False,not_yet_labelled,
residential-0062__stevens-mrt,residential-0062__stevens-mrt__cp_020,1.319318,103.828646,1441.42,1923.5,0.005678812662760417,0.43545277913411456,0.14962895711263022,0.15175374348958334,0.1785761515299479,0.007970174153645834,0.004114786783854167,2,High pedestrian space + high built frontage / low road exposure,3,0.6957590415252518,1.7382300675874596,False,1295.3200000000002,0.8615702479338843,False,not_yet_labelled,
residential-0062__stevens-mrt,residential-0062__stevens-mrt__cp_021,1.319598,103.82806,1513.62,1923.5,0.45769500732421875,0.18757756551106772,0.15736007690429688,0.047559102376302086,0.14038467407226562,0.009805043538411459,0.0,1,High sky exposure + high road exposure / low greenery,1,-0.40723997330658523,-1.3745442492740294,False,1367.52,0.8760330578512396,False,not_yet_labelled,
residential-0062__stevens-mrt,residential-0062__stevens-mrt__cp_022,1.319633,103.827685,1555.49,1923.5,0.4476826985677083,0.17128753662109375,0.14521662394205728,0.012929280598958334,0.2014287312825521,0.009599049886067709,0.0025227864583333335,1,High sky exposure + high road exposure / low greenery,1,-0.3193120264728838,-1.5429236712377898,False,1409.39,0.8863636363636364,False,not_yet_labelled,
residential-0062__stevens-mrt,residential-0062__stevens-mrt__cp_023,1.319807,103.827165,1616.45,1923.5,0.07371139526367188,0.11854044596354167,0.2633221944173177,0.006809234619140625,0.4557075500488281,0.011990865071614584,0.0,0,High built frontage + high pedestrian space / low greenery,0,1.2456725760543992,-0.6998473245596095,False,1470.3500000000001,0.9008264462809917,False,not_yet_labelled,
residential-0062__stevens-mrt,residential-0062__stevens-mrt__cp_024,1.320003,103.826488,1694.8,1923.5,0.24282709757486978,0.07927449544270833,0.15826924641927084,0.008321126302083334,0.18737030029296875,0.32190195719401044,0.0,1,High sky exposure + high road exposure / low greenery,1,-0.16808567921754505,-2.1183071593128164,False,1548.7,0.9132231404958677,False,not_yet_labelled,
residential-0062__stevens-mrt,residential-0062__stevens-mrt__cp_025,1.320152,103.825934,1758.57,1923.5,0.030914306640625,0.2443627251519097,0.4564548068576389,0.008331298828125,0.13057963053385416,0.006412082248263889,8.477105034722223e-06,3,High greenery + high road exposure / low built frontage,0,-0.620093973915769,-0.5778561237231444,False,1612.47,0.9235537190082644,False,not_yet_labelled,
residential-0062__stevens-mrt,residential-0062__stevens-mrt__cp_026,1.320169,103.825789,1774.8,1923.5,0.26639048258463544,0.33628590901692706,0.09283447265625,0.03365961710611979,0.2210820515950521,0.03549830118815104,0.0,1,High sky exposure + high road exposure / low greenery,0,-0.09622629082809281,-0.14073648692074406,False,1628.7,0.9276859504132231,False,not_yet_labelled,
residential-0063__fernvale-mrt,residential-0063__fernvale-mrt__cp_004,1.379641,103.873893,244.0,2524.7,0.3526679144965278,0.2601199679904514,0.2685106065538194,0.022642347547743056,0.024083455403645832,0.0,0.00042046440972222225,1,High sky exposure + high road exposure / low greenery,1,-1.2224624099184487,-1.113984558427873,False,49.72000000000003,0.14669421487603307,True,not_yet_labelled,
residential-0063__fernvale-mrt,residential-0063__fernvale-mrt__cp_005,1.379194,103.873902,293.72,2524.7,0.3526679144965278,0.2601199679904514,0.2685106065538194,0.022642347547743056,0.024083455403645832,0.0,0.00042046440972222225,1,High sky exposure + high road exposure / low greenery,1,-1.2224624099184487,-1.113984558427873,True,0.0,0.06508264462809918,True,not_yet_labelled,
residential-0063__fernvale-mrt,residential-0063__fernvale-mrt__cp_006,1.379168,103.87436,344.71,2524.7,0.2899898952907986,0.1906772189670139,0.3204142252604167,0.0033009847005208335,0.0030534532335069445,0.0006171332465277778,0.00015767415364583334,1,High sky exposure + high road exposure / low greenery,1,-1.2628464101649395,-1.320855858381011,True,0.0,0.06508264462809918,True,not_yet_labelled,
residential-0063__fernvale-mrt,residential-0063__fernvale-mrt__cp_007,1.379009,103.874657,382.16,2524.7,0.4518178304036458,0.13214111328125,0.319000244140625,0.007124159071180556,0.0786709255642361,0.0,0.0,1,High sky exposure + high road exposure / low greenery,1,-1.0701822028596202,-2.1593653703676283,True,0.0,0.06508264462809918,True,not_yet_labelled,
residential-0063__fernvale-mrt,residential-0063__fernvale-mrt__cp_008,1.379026,103.875366,461.0,2524.7,0.42034912109375,0.10137769911024305,0.1285010443793403,0.04007297092013889,0.2556644015842014,0.030682033962673612,0.00011528862847222222,1,High sky exposure + high road exposure / low greenery,1,0.30678125781826643,-1.5529803046639237,True,0.0,0.06508264462809918,True,not_yet_labelled,
residential-0063__fernvale-mrt,residential-0063__fernvale-mrt__cp_009,1.379051,103.87622,555.97,2524.7,0.1361575656467014,0.3902418348524306,0.3698323567708333,0.0089263916015625,0.07664659288194445,0.005340576171875,2.3735894097222223e-05,3,High greenery + high road exposure / low built frontage,0,-1.205674327482152,-0.2641292391812926,False,94.97000000000003,0.20867768595041322,True,not_yet_labelled,
residential-0063__fernvale-mrt,residential-0063__fernvale-mrt__cp_010,1.379073,103.876701,609.5,2524.7,0.4402855767144097,0.10120646158854167,0.08855183919270833,0.0003085666232638889,0.1953209771050347,0.1622585720486111,0.0,1,High sky exposure + high road exposure / low greenery,1,-0.3079494295028603,-2.1328342796410635,False,148.5,0.2665289256198347,True,not_yet_labelled,
residential-0063__fernvale-mrt,residential-0063__fernvale-mrt__cp_011,1.379971,103.876862,710.94,2524.7,0.07807413736979167,0.3883751763237847,0.3304409450954861,0.0009358723958333334,0.16873677571614584,0.03152804904513889,0.00019327799479166666,3,High greenery + high road exposure / low built frontage,0,-0.7355977804505619,-0.08105840596938438,False,249.94000000000005,0.365702479338843,True,not_yet_labelled,
residential-0063__fernvale-mrt,residential-0063__fernvale-mrt__cp_012,1.380532,103.876905,773.5,2524.7,0.17818705240885416,0.1921725802951389,0.2926262749565972,0.0,0.21134779188368055,0.07613457573784722,0.0,1,High sky exposure + high road exposure / low greenery,0,-0.26716690524640996,-1.1400269433199801,False,312.5,0.4049586776859504,True,not_yet_labelled,
residential-0063__fernvale-mrt,residential-0063__fernvale-mrt__cp_013,1.381256,103.876924,854.04,2524.7,0.359771728515625,0.07835896809895833,0.3035532633463542,0.006084865993923611,0.17706129286024305,0.029378255208333332,9.663899739583333e-05,1,High sky exposure + high road exposure / low greenery,1,-0.39214144167897486,-2.0494493310187987,False,393.03999999999996,0.47107438016528924,True,not_yet_labelled,
residential-0063__fernvale-mrt,residential-0063__fernvale-mrt__cp_014,1.381975,103.876972,934.16,2524.7,0.3754492865668403,0.0921478271484375,0.3279707166883681,0.0063018798828125,0.0736423068576389,0.03930324978298611,0.0,1,High sky exposure + high road exposure / low greenery,1,-0.9252914272047774,-2.1358823620034273,False,473.15999999999997,0.5227272727272727,True,not_yet_labelled,
residential-0063__fernvale-mrt,residential-0063__fernvale-mrt__cp_015,1.382893,103.87703,1036.44,2524.7,0.4259558783637153,0.1935356987847222,0.2937876383463542,0.001819186740451389,0.006171332465277778,0.0052947998046875,0.005069308810763889,1,High sky exposure + high road exposure / low greenery,1,-1.461890650506842,-1.8046409937978984,False,575.44,0.5950413223140496,True,not_yet_labelled,
residential-0063__fernvale-mrt,residential-0063__fernvale-mrt__cp_016,1.383982,103.876875,1158.76,2524.7,0.3024088541666667,0.15609571668836805,0.2939860026041667,0.013008965386284722,0.1842685275607639,0.04315355088975695,0.0,1,High sky exposure + high road exposure / low greenery,1,-0.39147959996170717,-1.5675556549771692,False,697.76,0.6652892561983471,True,not_yet_labelled,
residential-0063__fernvale-mrt,residential-0063__fernvale-mrt__cp_017,1.384489,103.876623,1221.71,2524.7,0.15729777018229166,0.2808430989583333,0.2131076388888889,0.004353841145833333,0.14543660481770834,0.1834021674262153,0.0,1,High sky exposure + high road exposure / low greenery,0,-0.6428235775051226,-0.858311749395743,False,760.71,0.7066115702479339,True,not_yet_labelled,
residential-0063__fernvale-mrt,residential-0063__fernvale-mrt__cp_018,1.384866,103.8768,1268.02,2524.7,0.1648220486111111,0.2908511691623264,0.2795647515190972,0.010125054253472222,0.182891845703125,0.046173095703125,0.0,1,High sky exposure + high road exposure / low greenery,0,-0.4665722090361749,-0.5814237615568176,False,807.02,0.7252066115702479,True,not_yet_labelled,
residential-0063__fernvale-mrt,residential-0063__fernvale-mrt__cp_019,1.385331,103.876538,1327.36,2524.7,0.15681627061631945,0.3826514350043403,0.3071441650390625,0.012200249565972222,0.1379886203342014,0.002524481879340278,0.0,3,High greenery + high road exposure / low built frontage,0,-0.8391089044238543,-0.17710769438215263,False,866.3599999999999,0.7458677685950413,True,not_yet_labelled,
residential-0063__fernvale-mrt,residential-0063__fernvale-mrt__cp_020,1.385893,103.876091,1407.2,2524.7,0.06886800130208333,0.4200015597873264,0.2897321912977431,0.030080159505208332,0.17489115397135416,0.008721245659722222,0.0,3,High greenery + high road exposure / low built frontage,0,-0.47404489505106207,0.39796742634678434,False,946.2,0.7830578512396694,True,not_yet_labelled,
residential-0063__fernvale-mrt,residential-0063__fernvale-mrt__cp_021,1.386417,103.875528,1492.71,2524.7,0.14277479383680555,0.4039357503255208,0.3068728976779514,0.022099812825520832,0.10218980577256945,0.017076280381944444,0.0,3,High greenery + high road exposure / low built frontage,0,-0.9560667103673843,-0.04041302040942644,False,1031.71,0.7995867768595041,True,not_yet_labelled,
residential-0063__fernvale-mrt,residential-0063__fernvale-mrt__cp_022,1.386723,103.875194,1543.07,2524.7,0.1310967339409722,0.4810384114583333,0.3019680447048611,0.006284925672743056,0.04565768771701389,0.00286865234375,0.0,3,High greenery + high road exposure / low built frontage,2,-1.4316656447207634,0.24973412252593769,False,1082.07,0.8161157024793388,True,not_yet_labelled,
residential-0063__fernvale-mrt,residential-0063__fernvale-mrt__cp_023,1.387138,103.874755,1610.23,2524.7,0.060857137044270836,0.5143330891927084,0.2915751139322917,1.6954210069444445e-05,0.1253882514105903,0.0,0.0,3,High greenery + high road exposure / low built frontage,2,-1.0820799521504292,0.6123013682994204,False,1149.23,0.8305785123966942,True,not_yet_labelled,
residential-0063__fernvale-mrt,residential-0063__fernvale-mrt__cp_029,1.390255,103.875645,2078.01,2524.7,0.10579766167534722,0.3779432508680556,0.10113525390625,0.042319403754340276,0.2956780327690972,0.048041449652777776,0.0,0,High built frontage + high pedestrian space / low greenery,0,0.42551460510540134,0.5786493455988951,False,1617.0100000000002,0.9256198347107438,True,not_yet_labelled,
residential-0063__fernvale-mrt,residential-0063__fernvale-mrt__cp_030,1.390746,103.875685,2132.79,2524.7,0.012891981336805556,0.5135091145833334,0.2884165445963542,0.015694512261284724,0.1176028781467014,0.009067111545138888,0.0015106201171875,3,High greenery + high road exposure / low built frontage,2,-0.9241494213639797,0.8637123404380403,False,1671.79,0.9338842975206612,True,not_yet_labelled,
residential-0063__fernvale-mrt,residential-0063__fernvale-mrt__cp_031,1.3909,103.876036,2175.4,2524.7,0.11023796929253472,0.2871924506293403,0.2643280029296875,0.015036688910590278,0.1760779486762153,0.050131903754340276,0.006278143988715278,3,High greenery + high road exposure / low built frontage,0,-0.33480837793837687,-0.3110118032472825,False,1714.4,0.9359504132231405,True,not_yet_labelled,
residential-0063__fernvale-mrt,residential-0063__fernvale-mrt__cp_032,1.391074,103.876563,2237.09,2524.7,0.14420912000868055,0.233642578125,0.286865234375,0.030419243706597224,0.2675696478949653,0.020345052083333332,0.0,0,High built frontage + high pedestrian space / low greenery,0,0.20043001160103743,-0.5406452817152265,False,1776.0900000000001,0.9462809917355371,True,not_yet_labelled,
residential-0063__fernvale-mrt,residential-0063__fernvale-mrt__cp_033,1.391344,103.876619,2267.76,2524.7,0.0,0.0,0.0,0.0,0.5968017578125,0.0,0.0,0,High built frontage + high pedestrian space / low greenery,0,2.6457062753804634,-0.0010770904695463523,False,1806.7600000000002,0.9524793388429752,True,not_yet_labelled,
residential-0063__fernvale-mrt,residential-0063__fernvale-mrt__cp_034,1.391808,103.876189,2338.09,2524.7,0.0,0.0,0.0,0.0,0.2530721028645833,0.0,0.0,0,High built frontage + high pedestrian space / low greenery,0,1.237771883262799,0.14281132580213926,False,1877.0900000000001,0.9628099173553719,True,not_yet_labelled,
residential-0063__fernvale-mrt,residential-0063__fernvale-mrt__cp_035,1.392127,103.876281,2375.0,2524.7,0.14219156901041666,0.3061269124348958,0.3103858100043403,0.023917304144965276,0.1793975830078125,0.008443196614583334,0.0,3,High greenery + high road exposure / low built frontage,0,-0.39825165928665945,-0.33967393574872295,False,1914.0,0.96900826446281,True,not_yet_labelled,
residential-0064__kovan-mrt,residential-0064__kovan-mrt__cp_007,1.370671,103.874249,461.07,2760.0,0.039676666259765625,0.6646766662597656,0.2552350362141927,0.021788279215494793,0.0028292338053385415,0.006071726481119792,0.00566864013671875,3,High greenery + high road exposure / low built frontage,2,-1.6873842136574733,1.4053232047021829,False,620.23,0.6260330578512396,False,not_yet_labelled,
residential-0064__kovan-mrt,residential-0064__kovan-mrt__cp_008,1.370506,103.874995,546.01,2760.0,0.0596160888671875,0.6305135091145834,0.2714589436848958,0.027928670247395832,1.6530354817708332e-05,0.005558013916015625,0.0,3,High greenery + high road exposure / low built frontage,2,-1.6400676347034577,1.204313496138939,False,535.29,0.5702479338842975,False,not_yet_labelled,
residential-0064__kovan-mrt,residential-0064__kovan-mrt__cp_009,1.370394,103.875444,597.45,2760.0,0.0892804463704427,0.5537490844726562,0.3237317403157552,0.024728139241536457,0.0,0.008510589599609375,0.0,3,High greenery + high road exposure / low built frontage,0,-1.6299532173651563,0.6639618529748392,False,483.8499999999999,0.5371900826446281,False,not_yet_labelled,
residential-0064__kovan-mrt,residential-0064__kovan-mrt__cp_010,1.370294,103.875911,650.54,2760.0,0.1425043741861979,0.509490966796875,0.09397379557291667,0.008663177490234375,8.7738037109375e-05,0.18043136596679688,0.0,3,High greenery + high road exposure / low built frontage,1,-1.50136535317289,0.3557984599185318,False,430.76,0.49793388429752067,False,not_yet_labelled,
residential-0064__kovan-mrt,residential-0064__kovan-mrt__cp_011,1.370178,103.876292,694.81,2760.0,0.25601832071940106,0.47074254353841144,0.2369715372721354,0.00301361083984375,0.0,0.027582804361979168,0.0016390482584635417,3,High greenery + high road exposure / low built frontage,2,-1.7464784491481458,-0.16788013967299184,False,386.49,0.46487603305785125,False,not_yet_labelled,
residential-0064__kovan-mrt,residential-0064__kovan-mrt__cp_012,1.370151,103.876729,743.48,2760.0,0.1051974826388889,0.5336676703559028,0.2190009223090278,0.043212890625,0.026078965928819444,0.042305840386284724,0.0010748969184027778,3,High greenery + high road exposure / low built frontage,0,-1.2291683006794838,0.8271577948382265,False,337.81999999999994,0.42355371900826444,False,not_yet_labelled,
residential-0064__kovan-mrt,residential-0064__kovan-mrt__cp_013,1.36998,103.877162,795.24,2760.0,0.08368682861328125,0.6236546834309896,0.17716217041015625,0.008731842041015625,0.0181884765625,0.025750478108723957,0.0,3,High greenery + high road exposure / low built frontage,2,-1.580426997245523,1.2050908813551844,False,286.05999999999995,0.3884297520661157,False,not_yet_labelled,
residential-0064__kovan-mrt,residential-0064__kovan-mrt__cp_014,1.369902,103.877675,852.92,2760.0,0.3981119791666667,0.4036119249131944,0.04751925998263889,0.0,0.0018785264756944445,0.1419406467013889,0.0,1,High sky exposure + high road exposure / low greenery,1,-1.635953124488271,-0.7685121749083332,False,228.38,0.34297520661157027,False,not_yet_labelled,
residential-0064__kovan-mrt,residential-0064__kovan-mrt__cp_015,1.369822,103.878256,918.11,2760.0,0.18015416463216147,0.5958442687988281,0.17408879597981772,0.0015424092610677083,0.015490214029947916,0.023291269938151043,0.0,3,High greenery + high road exposure / low built frontage,2,-1.7368666515422109,0.7137469566832709,False,163.18999999999994,0.2871900826446281,False,not_yet_labelled,
residential-0064__kovan-mrt,residential-0064__kovan-mrt__cp_016,1.369609,103.879245,1030.58,2760.0,0.21271642049153647,0.5269355773925781,0.20764287312825522,9.282430013020833e-05,0.006186167399088542,0.03061676025390625,0.0,3,High greenery + high road exposure / low built frontage,2,-1.7478085292433898,0.24092457592657318,False,50.72000000000003,0.15702479338842976,False,not_yet_labelled,
residential-0064__kovan-mrt,residential-0064__kovan-mrt__cp_017,1.369563,103.879699,1081.3,2760.0,0.14875920613606772,0.3564313252766927,0.09564844767252605,0.10599517822265625,0.13778813680013022,0.12457656860351562,0.0034777323404947915,3,High greenery + high road exposure / low built frontage,3,0.12652475855729262,0.47733686958201055,True,0.0,0.06508264462809918,False,not_yet_labelled,
residential-0064__kovan-mrt,residential-0064__kovan-mrt__cp_018,1.369331,103.880042,1127.34,2760.0,0.3857150607638889,0.2807345920138889,0.1583624945746528,0.014958699544270834,0.059290568033854164,0.09874131944444445,0.0,1,High sky exposure + high road exposure / low greenery,1,-1.1422420696623747,-1.235569329857472,True,0.0,0.06508264462809918,False,not_yet_labelled,
residential-0064__kovan-mrt,residential-0064__kovan-mrt__cp_019,1.368914,103.880355,1185.31,2760.0,0.0977325439453125,0.6151292588975694,0.2453087700737847,0.001812405056423611,0.03999498155381945,0.0,0.0,3,High greenery + high road exposure / low built frontage,2,-1.6361772335495555,0.956628674429797,True,0.0,0.06508264462809918,False,not_yet_labelled,
residential-0065__ang-mo-kio-mrt,residential-0065__ang-mo-kio-mrt__cp_006,1.368659,103.849211,309.49,527.7,0.06365585327148438,0.056125640869140625,0.08423487345377605,0.15474065144856772,0.3451805114746094,0.2144495646158854,0.0012982686360677083,2,High pedestrian space + high built frontage / low road exposure,0,2.084232130187182,-0.20689556050624133,False,,,False,not_yet_labelled,
residential-0065__ang-mo-kio-mrt,residential-0065__ang-mo-kio-mrt__cp_007,1.368675,103.849675,361.1,527.7,0.06365585327148438,0.056125640869140625,0.08423487345377605,0.15474065144856772,0.3451805114746094,0.2144495646158854,0.0012982686360677083,2,High pedestrian space + high built frontage / low road exposure,0,2.084232130187182,-0.20689556050624133,False,,,False,not_yet_labelled,
residential-0065__ang-mo-kio-mrt,residential-0065__ang-mo-kio-mrt__cp_008,1.369114,103.849569,411.31,527.7,0.2522735595703125,0.1335669623480903,0.1669854058159722,0.007710774739583333,0.2715115017361111,0.13817850748697916,0.0,1,High sky exposure + high road exposure / low greenery,0,0.1953240814196067,-1.428914076518815,False,,,False,not_yet_labelled,
residential-0065__ang-mo-kio-mrt,residential-0065__ang-mo-kio-mrt__cp_009,1.369464,103.849637,450.96,527.7,0.07990858289930555,0.164215087890625,0.2924719916449653,0.004241943359375,0.3706631130642361,0.0,0.003867255316840278,0,High built frontage + high pedestrian space / low greenery,0,0.7247988459239758,-0.6123381957991214,False,,,False,not_yet_labelled,
residential-0065__ang-mo-kio-mrt,residential-0065__ang-mo-kio-mrt__cp_010,1.369624,103.849605,469.1,527.7,0.06201171875,0.2148674858940972,0.2699500189887153,0.05956692165798611,0.3596140543619792,0.0011766221788194445,0.0,0,High built frontage + high pedestrian space / low greenery,0,1.0123543577074252,-0.04120690081505489,False,,,False,not_yet_labelled,
residential-0066__aljunied-mrt,residential-0066__aljunied-mrt__cp_000,1.320488,103.884788,0.0,824.8,0.0,0.0796847873263889,0.20259263780381945,0.019543117947048612,0.6018524169921875,0.088775634765625,0.0011155870225694445,0,High built frontage + high pedestrian space / low greenery,0,2.179724935963546,-0.5926365910448156,False,,,False,not_yet_labelled,
residential-0066__aljunied-mrt,residential-0066__aljunied-mrt__cp_001,1.320563,103.883924,96.41,824.8,0.11447652180989583,0.14753214518229166,0.2164832221137153,0.050774468315972224,0.3573269314236111,0.05131361219618055,0.012300279405381944,0,High built frontage + high pedestrian space / low greenery,0,1.0500197388915877,-0.5069830555826247,False,,,False,not_yet_labelled,
residential-0066__aljunied-mrt,residential-0066__aljunied-mrt__cp_002,1.320211,103.883781,138.65,824.8,0.12346903483072917,0.2719523111979167,0.22822401258680555,0.009089152018229166,0.2360195583767361,0.053353203667534724,6.273057725694444e-05,3,High greenery + high road exposure / low built frontage,0,-0.0587633242928558,-0.36505590305287644,False,,,False,not_yet_labelled,
residential-0066__aljunied-mrt,residential-0066__aljunied-mrt__cp_003,1.319562,103.883821,210.96,824.8,0.07029215494791667,0.3841756184895833,0.2035285101996528,0.008460150824652778,0.267364501953125,0.059382120768229164,0.003753662109375,3,High greenery + high road exposure / low built frontage,0,-0.06431726399411646,0.23014901728865017,False,,,False,not_yet_labelled,
residential-0066__aljunied-mrt,residential-0066__aljunied-mrt__cp_004,1.319042,103.88381,268.79,824.8,0.1348758273654514,0.2869737413194444,0.18931070963541666,0.0706448025173611,0.2878977457682292,0.0,0.0,0,High built frontage + high pedestrian space / low greenery,0,0.6423675125083653,0.22089904859169202,False,,,False,not_yet_labelled,
residential-0066__aljunied-mrt,residential-0066__aljunied-mrt__cp_005,1.318632,103.883769,314.61,824.8,0.1348758273654514,0.2869737413194444,0.18931070963541666,0.0706448025173611,0.2878977457682292,0.0,0.0,0,High built frontage + high pedestrian space / low greenery,0,0.6423675125083653,0.22089904859169202,False,,,False,not_yet_labelled,
residential-0066__aljunied-mrt,residential-0066__aljunied-mrt__cp_006,1.318383,103.883319,371.78,824.8,0.09222412109375,0.5759192572699653,0.18300882975260416,0.006522284613715278,0.09495713975694445,0.00115966796875,0.0,3,High greenery + high road exposure / low built frontage,2,-1.1719497545606308,1.0485001278743036,False,,,False,not_yet_labelled,
residential-0066__aljunied-mrt,residential-0066__aljunied-mrt__cp_007,1.318383,103.882594,452.38,824.8,0.1458960639105903,0.54193115234375,0.12799241807725695,0.004589504665798611,0.1045566134982639,0.05647108289930555,0.0,3,High greenery + high road exposure / low built frontage,2,-1.1198123773892203,0.6952978739374185,False,,,False,not_yet_labelled,
residential-0066__aljunied-mrt,residential-0066__aljunied-mrt__cp_008,1.318194,103.882117,509.42,824.8,0.12372673882378472,0.4058770073784722,0.3304545084635417,0.027079264322916668,0.045827229817708336,0.038567437065972224,0.00021192762586805556,3,High greenery + high road exposure / low built frontage,0,-1.1858263212838929,-0.05534891161180154,False,,,False,not_yet_labelled,
residential-0066__aljunied-mrt,residential-0066__aljunied-mrt__cp_009,1.317488,103.882022,588.63,824.8,0.3771938747829861,0.025678846571180556,0.0741763644748264,0.05888027615017361,0.3352339002821181,0.06817118326822917,0.0,1,High sky exposure + high road exposure / low greenery,1,1.0691576709262254,-1.5086644589295342,False,,,False,not_yet_labelled,
residential-0066__aljunied-mrt,residential-0066__aljunied-mrt__cp_010,1.316803,103.881995,664.86,824.8,0.23263380262586805,0.15887281629774305,0.09906514485677083,0.019944932725694444,0.3332994249131944,0.07890150282118055,0.00012546115451388888,0,High built frontage + high pedestrian space / low greenery,0,0.6838636314550195,-0.8255709860068005,False,,,False,not_yet_labelled,
residential-0066__aljunied-mrt,residential-0066__aljunied-mrt__cp_011,1.316378,103.882021,712.2,824.8,0.08762444390190972,0.4836764865451389,0.1558312310112847,0.0066070556640625,0.1496497260199653,0.0987430148654514,0.002966986762152778,3,High greenery + high road exposure / low built frontage,0,-0.7749642095106813,0.5148933371186518,False,,,False,not_yet_labelled,
residential-0066__aljunied-mrt,residential-0066__aljunied-mrt__cp_012,1.316466,103.882465,762.52,824.8,0.22072822465492623,0.286454734816498,0.0,0.0,0.28539021356957517,0.0,0.0,0,High built frontage + high pedestrian space / low greenery,0,0.3252605195354184,0.10627477700761764,False,,,False,not_yet_labelled,
residential-0067__senja-mrt,residential-0067__senja-mrt__cp_000,1.384729,103.761058,0.0,578.6,0.013125949435763888,0.3217705620659722,0.007809109157986111,0.0663486056857639,0.5161997477213541,0.06793043348524305,0.0,0,High built frontage + high pedestrian space / low greenery,0,1.926939030011341,1.0299697193040176,False,,,False,not_yet_labelled,
residential-0067__senja-mrt,residential-0067__senja-mrt__cp_001,1.384893,103.760633,50.64,578.6,0.0081634521484375,0.5203535291883681,0.0214691162109375,0.0030721028645833335,0.3547736273871528,0.032555474175347224,0.0,3,High greenery + high road exposure / low built frontage,0,0.3916780446753008,1.4850177005181426,False,,,False,not_yet_labelled,
residential-0067__senja-mrt,residential-0067__senja-mrt__cp_002,1.384652,103.760438,85.11,578.6,0.0706634521484375,0.4190860324435764,0.08108350965711805,0.015852186414930556,0.4102223714192708,0.0,0.0,0,High built frontage + high pedestrian space / low greenery,0,0.7604188017209729,0.892315906142645,False,,,False,not_yet_labelled,
residential-0067__senja-mrt,residential-0067__senja-mrt__cp_003,1.384156,103.760681,146.52,578.6,0.3053741455078125,0.3467322455512153,0.0826297336154514,0.011479695638020834,0.2332339816623264,0.0002933078342013889,0.004957411024305556,1,High sky exposure + high road exposure / low greenery,0,-0.23891132198833862,-0.23016945276416675,False,,,False,not_yet_labelled,
residential-0067__senja-mrt,residential-0067__senja-mrt__cp_004,1.383684,103.760847,202.15,578.6,0.2522006564670139,0.2172919379340278,0.023325602213541668,0.005852593315972222,0.4696333143446181,0.0,0.0,0,High built frontage + high pedestrian space / low greenery,0,1.1846936160840777,-0.35106101343514157,False,,,False,not_yet_labelled,
residential-0067__senja-mrt,residential-0067__senja-mrt__cp_005,1.382774,103.76113,308.12,578.6,0.12096489800347222,0.2995062934027778,0.060826619466145836,0.022974650065104168,0.4460262722439236,0.0,0.0,0,High built frontage + high pedestrian space / low greenery,0,1.17954343150227,0.40864752338155175,False,,,False,not_yet_labelled,
residential-0067__senja-mrt,residential-0067__senja-mrt__cp_006,1.382308,103.761308,363.59,578.6,0.17626953125,0.2620052761501736,0.0751461452907986,0.0313568115234375,0.4429829915364583,0.009852091471354166,8.477105034722222e-05,0,High built frontage + high pedestrian space / low greenery,0,1.180682034797262,0.03613691828762512,False,,,False,not_yet_labelled,
residential-0067__senja-mrt,residential-0067__senja-mrt__cp_007,1.382128,103.761718,413.36,578.6,0.10497877332899305,0.4827558729383681,0.07126702202690972,0.020287407769097224,0.2685055202907986,0.0,0.0,3,High greenery + high road exposure / low built frontage,0,0.020846945879204347,1.0584917666378892,False,,,False,not_yet_labelled,
residential-0067__senja-mrt,residential-0067__senja-mrt__cp_008,1.382352,103.762258,478.35,578.6,0.1449245876736111,0.3779381646050347,0.07349989149305555,0.029330783420138888,0.3448164198133681,4.57763671875e-05,0.0,0,High built frontage + high pedestrian space / low greenery,0,0.5641137594721787,0.5845735771638042,False,,,False,not_yet_labelled,
residential-0067__senja-mrt,residential-0067__senja-mrt__cp_009,1.382872,103.762356,537.19,578.6,0.2280765109592014,0.19481404622395834,0.06204562717013889,0.029234144422743056,0.3120032416449653,0.07590230305989583,0.0,0,High built frontage + high pedestrian space / low greenery,0,0.6525329956148523,-0.5184687485248771,False,,,False,not_yet_labelled,
residential-0067__senja-mrt,residential-0067__senja-mrt__cp_010,1.382861,103.762333,540.03,578.6,0.2280765109592014,0.19481404622395834,0.06204562717013889,0.029234144422743056,0.3120032416449653,0.07590230305989583,0.0,0,High built frontage + high pedestrian space / low greenery,0,0.6525329956148523,-0.5184687485248771,False,,,False,not_yet_labelled,
residential-0068__ubi-mrt,residential-0068__ubi-mrt__cp_010,1.329684,103.900333,521.51,733.3,0.5314907497829862,0.007437811957465278,0.0947723388671875,0.020077175564236112,0.21011522081163195,0.1304100884331597,2.3735894097222223e-05,1,High sky exposure + high road exposure / low greenery,1,-0.033198610991841536,-2.6048109117643667,False,,,False,not_yet_labelled,
residential-0068__ubi-mrt,residential-0068__ubi-mrt__cp_011,1.330134,103.900082,578.8,733.3,0.5314907497829862,0.007437811957465278,0.0947723388671875,0.020077175564236112,0.21011522081163195,0.1304100884331597,2.3735894097222223e-05,1,High sky exposure + high road exposure / low greenery,1,-0.033198610991841536,-2.6048109117643667,False,,,False,not_yet_labelled,
residential-0068__ubi-mrt,residential-0068__ubi-mrt__cp_012,1.32987,103.89924,676.9,733.3,0.4889916314019097,0.04037136501736111,0.031285603841145836,0.0006306966145833334,0.22600809733072916,0.1732516818576389,0.0006985134548611111,1,High sky exposure + high road exposure / low greenery,1,-0.036085268706396875,-2.3866921221351816,False,,,False,not_yet_labelled,
residential-0069__telok-blangah-mrt,residential-0069__telok-blangah-mrt__cp_003,1.27334,103.811436,151.5,757.5,0.06623458862304688,0.5952898661295573,0.2762921651204427,0.0139617919921875,0.029944101969401043,0.013500213623046875,0.0,3,High greenery + high road exposure / low built frontage,2,-1.559973651608132,0.9466186442022803,False,,,False,not_yet_labelled,
residential-0069__telok-blangah-mrt,residential-0069__telok-blangah-mrt__cp_004,1.272831,103.811255,211.57,757.5,0.06623458862304688,0.5952898661295573,0.2762921651204427,0.0139617919921875,0.029944101969401043,0.013500213623046875,0.0,3,High greenery + high road exposure / low built frontage,2,-1.559973651608132,0.9466186442022803,False,,,False,not_yet_labelled,
residential-0069__telok-blangah-mrt,residential-0069__telok-blangah-mrt__cp_005,1.272564,103.81171,270.22,757.5,0.17103407118055555,0.67724609375,0.0004916720920138889,0.0,0.021223280164930556,0.011757744683159722,0.0,3,High greenery + high road exposure / low built frontage,2,-1.5843749713346564,1.5627940202776478,False,,,False,not_yet_labelled,
residential-0069__telok-blangah-mrt,residential-0069__telok-blangah-mrt__cp_006,1.271964,103.811406,345.01,757.5,0.012088351779513888,0.2897610134548611,0.2364586724175347,0.053139580620659724,0.4033847384982639,0.0,0.0,0,High built frontage + high pedestrian space / low greenery,0,1.1205301677934485,0.4452455085746925,False,,,False,not_yet_labelled,
residential-0069__telok-blangah-mrt,residential-0069__telok-blangah-mrt__cp_007,1.271279,103.810945,436.81,757.5,0.0019696553548177085,0.39940134684244794,0.2607587178548177,0.001556396484375,0.3050346374511719,0.015402475992838541,0.0,3,High greenery + high road exposure / low built frontage,0,0.07021019016983693,0.47639638717092286,False,,,False,not_yet_labelled,
residential-0069__telok-blangah-mrt,residential-0069__telok-blangah-mrt__cp_008,1.271172,103.810445,493.66,757.5,0.0028788248697916665,0.3065575493706597,0.2052951388888889,0.016971164279513888,0.4714575873480903,0.0,0.0,0,High built frontage + high pedestrian space / low greenery,0,1.1816223853110714,0.42148165085038924,False,,,False,not_yet_labelled,
residential-0069__telok-blangah-mrt,residential-0069__telok-blangah-mrt__cp_009,1.271181,103.809934,550.47,757.5,0.08812967936197917,0.39469655354817706,0.0,0.2229283650716146,0.28297678629557294,0.009553273518880209,0.0015118916829427083,2,High pedestrian space + high built frontage / low road exposure,3,1.821116485561008,2.0471091895007056,False,,,False,not_yet_labelled,
residential-0069__telok-blangah-mrt,residential-0069__telok-blangah-mrt__cp_010,1.271245,103.809526,596.38,757.5,0.10596211751302083,0.12993240356445312,0.07803980509440105,0.14063390096028647,0.4066925048828125,0.00351715087890625,0.012543996175130209,2,High pedestrian space + high built frontage / low road exposure,3,2.2122994931390076,0.4902613460574084,False,,,False,not_yet_labelled,
residential-0069__telok-blangah-mrt,residential-0069__telok-blangah-mrt__cp_011,1.270686,103.80967,660.57,757.5,0.09375635782877605,0.22016398111979166,0.13336944580078125,0.056798299153645836,0.2875200907389323,0.11926905314127605,0.06146113077799479,0,High built frontage + high pedestrian space / low greenery,0,0.7512907494054678,-0.11928038775154567,False,,,False,not_yet_labelled,
residential-0069__telok-blangah-mrt,residential-0069__telok-blangah-mrt__cp_012,1.270725,103.809834,679.31,757.5,0.04707972208658854,0.3149973551432292,0.3126538594563802,0.0030492146809895835,0.31427764892578125,0.006717681884765625,0.0,0,High built frontage + high pedestrian space / low greenery,0,0.15335014577880554,-0.08925247410830502,False,,,False,not_yet_labelled,
residential-0070__yishun-mrt,residential-0070__yishun-mrt__cp_001,1.43065,103.842449,56.93,1143.2,0.2432064480251736,0.3619944254557292,0.1290520562065972,0.005839029947916667,0.20452880859375,0.031441582573784724,0.0012376573350694445,1,High sky exposure + high road exposure / low greenery,2,-0.43316227354797665,-0.1980565363048102,False,,,True,not_yet_labelled,
residential-0070__yishun-mrt,residential-0070__yishun-mrt__cp_005,1.42986,103.840341,358.95,1143.2,0.0929272969563802,0.47245152791341144,0.03753534952799479,0.2838134765625,0.03996149698893229,0.003101348876953125,0.006882985432942708,2,High pedestrian space + high built frontage / low road exposure,3,0.9983542885017364,2.5742313468282827,False,,,True,not_yet_labelled,
residential-0070__yishun-mrt,residential-0070__yishun-mrt__cp_006,1.429503,103.840011,413.0,1143.2,0.0,0.30116526285807294,0.0,0.0,0.6988347371419271,0.0,0.0,0,High built frontage + high pedestrian space / low greenery,0,2.36875380529462,0.8706926872724785,False,,,True,not_yet_labelled,
residential-0070__yishun-mrt,residential-0070__yishun-mrt__cp_007,1.429822,103.839549,475.41,1143.2,0.001705169677734375,0.5443687438964844,0.0,0.24759292602539062,0.20182291666666666,0.0,0.004510243733723958,2,High pedestrian space + high built frontage / low road exposure,3,1.4727824612936569,3.0403116049433274,False,,,True,not_yet_labelled,
residential-0070__yishun-mrt,residential-0070__yishun-mrt__cp_008,1.430108,103.839106,534.03,1143.2,0.0,0.30590565999348956,0.45021947224934894,0.08981831868489583,0.08609644571940105,0.00466156005859375,0.016404469807942707,3,High greenery + high road exposure / low built frontage,0,-0.31723420472911257,0.18271251608710173,False,,,True,not_yet_labelled,
residential-0070__yishun-mrt,residential-0070__yishun-mrt__cp_009,1.430003,103.838723,578.18,1143.2,0.23897806803385416,0.4030965169270833,0.1763390435112847,0.007905748155381944,0.10712348090277778,0.0558929443359375,0.0,3,High greenery + high road exposure / low built frontage,2,-1.0111178185205805,-0.2345731096394417,False,,,True,not_yet_labelled,
residential-0070__yishun-mrt,residential-0070__yishun-mrt__cp_010,1.430148,103.838262,631.9,1143.2,0.0017725626627604167,0.3882700602213542,0.0010083516438802083,0.022984822591145832,0.5573654174804688,0.0,0.0025202433268229165,0,High built frontage + high pedestrian space / low greenery,0,1.741662963529342,1.2983067175982275,False,,,True,not_yet_labelled,
residential-0070__yishun-mrt,residential-0070__yishun-mrt__cp_011,1.430162,103.837799,683.39,1143.2,0.3231404622395833,0.1676457722981771,0.2948265075683594,0.006017049153645833,0.13624191284179688,0.07150522867838542,0.0,1,High sky exposure + high road exposure / low greenery,1,-0.7282198713449483,-1.7304589431022428,False,,,True,not_yet_labelled,
residential-0070__yishun-mrt,residential-0070__yishun-mrt__cp_012,1.430161,103.837163,754.09,1143.2,0.3290863037109375,0.196258544921875,0.04628329806857639,0.007800632052951389,0.2877451578776042,0.13067626953125,0.0,1,High sky exposure + high road exposure / low greenery,1,0.20031070835511425,-1.157539083627595,False,,,True,not_yet_labelled,
residential-0070__yishun-mrt,residential-0070__yishun-mrt__cp_013,1.430243,103.83673,803.08,1143.2,0.3290863037109375,0.196258544921875,0.04628329806857639,0.007800632052951389,0.2877451578776042,0.13067626953125,0.0,1,High sky exposure + high road exposure / low greenery,1,0.20031070835511425,-1.157539083627595,False,,,True,not_yet_labelled,
residential-0070__yishun-mrt,residential-0070__yishun-mrt__cp_014,1.430233,103.836118,871.12,1143.2,0.023883395724826388,0.2635650634765625,0.2542758517795139,0.057396782769097224,0.3329433865017361,0.06225416395399305,0.0,0,High built frontage + high pedestrian space / low greenery,0,0.8094960234357808,0.10089459035446303,False,,,True,not_yet_labelled,
residential-0070__yishun-mrt,residential-0070__yishun-mrt__cp_015,1.430248,103.835653,922.83,1143.2,0.017937554253472224,0.018917507595486112,0.05215623643663195,0.0,0.0,0.9109887017144097,0.0,4,High vehicle presence + high road exposure / low greenery,4,-0.8551478338430536,-3.0406823555997917,False,,,True,not_yet_labelled,
residential-0070__yishun-mrt,residential-0070__yishun-mrt__cp_016,1.430204,103.835202,973.2,1143.2,0.2260403103298611,0.0780673556857639,0.3345235188802083,0.022223578559027776,0.3223775227864583,0.0100860595703125,0.007349650065104167,1,High sky exposure + high road exposure / low greenery,0,0.5127396521256602,-1.5196881500876347,False,,,True,not_yet_labelled,
residential-0070__yishun-mrt,residential-0070__yishun-mrt__cp_017,1.429451,103.835165,1057.03,1143.2,0.002204047309027778,0.022269354926215276,0.2522396511501736,0.10093180338541667,0.5885348849826388,0.0,0.019492255316840276,0,High built frontage + high pedestrian space / low greenery,0,2.8149033506328447,-0.21578341255103883,False,,,True,not_yet_labelled,
residential-0070__yishun-mrt,residential-0070__yishun-mrt__cp_018,1.429383,103.835049,1071.98,1143.2,0.007476806640625,0.03925916883680555,0.2359992133246528,0.1364864773220486,0.5310889350043403,0.0,0.04577975802951389,0,High built frontage + high pedestrian space / low greenery,0,2.804009079933147,0.06526156401139593,False,,,True,not_yet_labelled,
residential-0071__lakeside-mrt,residential-0071__lakeside-mrt__cp_002,1.352287,103.716141,149.51,1560.7,0.0648922390407986,0.3251325819227431,0.020321316189236112,0.011628892686631944,0.1879543728298611,4.916720920138889e-05,4.7471788194444445e-05,3,High greenery + high road exposure / low built frontage,0,0.15281353080993976,0.8897469331635793,False,,,False,not_yet_labelled,
residential-0071__lakeside-mrt,residential-0071__lakeside-mrt__cp_003,1.352062,103.716532,199.66,1560.7,0.0648922390407986,0.3251325819227431,0.020321316189236112,0.011628892686631944,0.1879543728298611,4.916720920138889e-05,4.7471788194444445e-05,3,High greenery + high road exposure / low built frontage,0,0.15281353080993976,0.8897469331635793,False,,,False,not_yet_labelled,
residential-0071__lakeside-mrt,residential-0071__lakeside-mrt__cp_004,1.351782,103.716814,243.84,1560.7,0.05142550998263889,0.3412390814887153,0.1809607611762153,0.06728278266059028,0.1714969211154514,1.3563368055555555e-05,0.0,3,High greenery + high road exposure / low built frontage,0,0.1768271186448554,0.7809638253112516,False,,,False,not_yet_labelled,
residential-0071__lakeside-mrt,residential-0071__lakeside-mrt__cp_005,1.351206,103.716847,308.0,1560.7,0.12541029188368055,0.2589925130208333,0.11427137586805555,0.043121337890625,0.3716023763020833,0.07452223036024305,2.712673611111111e-05,0,High built frontage + high pedestrian space / low greenery,0,0.9337353818400703,-0.020703414136922282,False,,,False,not_yet_labelled,
residential-0071__lakeside-mrt,residential-0071__lakeside-mrt__cp_006,1.3507,103.71703,367.83,1560.7,0.2989688449435764,0.3056708441840278,0.08477613661024305,0.030588785807291668,0.0856136745876736,0.15442403157552084,0.0,1,High sky exposure + high road exposure / low greenery,1,-0.7606840927541172,-0.7055977764793004,False,,,False,not_yet_labelled,
residential-0071__lakeside-mrt,residential-0071__lakeside-mrt__cp_007,1.350637,103.71739,408.45,1560.7,0.14892747667100695,0.2573564317491319,0.039666069878472224,0.04957241482204861,0.2525346544053819,0.2316402859157986,0.004221598307291667,0,High built frontage + high pedestrian space / low greenery,1,0.42863381676520024,-0.3456798875877854,False,,,False,not_yet_labelled,
residential-0071__lakeside-mrt,residential-0071__lakeside-mrt__cp_008,1.350786,103.718019,480.31,1560.7,0.191680908203125,0.2692684597439236,0.134521484375,0.040885077582465276,0.3078138563368056,0.05265638563368055,0.0,0,High built frontage + high pedestrian space / low greenery,0,0.5044428184225285,-0.22971713274515604,False,,,False,not_yet_labelled,
residential-0071__lakeside-mrt,residential-0071__lakeside-mrt__cp_009,1.350854,103.718532,537.84,1560.7,0.18492296006944445,0.025232950846354168,0.3175642225477431,0.06153530544704861,0.3563401963975694,0.0,0.005723741319444444,0,High built frontage + high pedestrian space / low greenery,0,1.1550268266243304,-1.245932268764586,False,,,False,not_yet_labelled,
residential-0071__lakeside-mrt,residential-0071__lakeside-mrt__cp_010,1.350925,103.719085,599.82,1560.7,0.1529693603515625,0.17441304524739584,0.05978732638888889,0.2703433566623264,0.2052883572048611,0.03556484646267361,0.028725518120659724,2,High pedestrian space + high built frontage / low road exposure,3,2.0958182840253983,1.1106520398965867,False,,,False,not_yet_labelled,
residential-0071__lakeside-mrt,residential-0071__lakeside-mrt__cp_011,1.350535,103.719381,654.25,1560.7,0.023423936631944444,0.6157938639322916,0.1329888237847222,0.0139312744140625,0.187164306640625,0.0,0.0,3,High greenery + high road exposure / low built frontage,2,-0.6279437459032767,1.604373151792646,False,,,False,not_yet_labelled,
residential-0071__lakeside-mrt,residential-0071__lakeside-mrt__cp_012,1.349564,103.719716,768.47,1560.7,0.0836639404296875,0.4998508029513889,0.1886359320746528,0.06971062554253472,0.007854885525173612,0.002239651150173611,0.0,3,High greenery + high road exposure / low built frontage,0,-0.9142505898327853,1.181457592126431,False,,,False,not_yet_labelled,
residential-0071__lakeside-mrt,residential-0071__lakeside-mrt__cp_013,1.349134,103.719913,821.06,1560.7,0.2776319715711806,0.2439117431640625,0.1333075629340278,0.05408053927951389,0.21544392903645834,0.06465996636284722,0.0034840901692708335,1,High sky exposure + high road exposure / low greenery,0,0.11625683770297537,-0.5874340632182096,False,,,False,not_yet_labelled,
residential-0071__lakeside-mrt,residential-0071__lakeside-mrt__cp_014,1.348582,103.720244,892.62,1560.7,0.2687869601779514,0.3144209120008681,0.11088731553819445,0.0795254177517361,0.15941026475694445,0.06366475423177083,0.0,1,High sky exposure + high road exposure / low greenery,0,-0.04569346183412597,-0.11511924614776343,False,,,False,not_yet_labelled,
residential-0071__lakeside-mrt,residential-0071__lakeside-mrt__cp_015,1.348,103.720579,967.29,1560.7,0.192291259765625,0.4533487955729167,0.11751810709635417,0.015740288628472224,0.1697625054253472,0.048970540364583336,0.0,3,High greenery + high road exposure / low built frontage,2,-0.6268433581214957,0.32470650831710807,False,,,False,not_yet_labelled,
residential-0071__lakeside-mrt,residential-0071__lakeside-mrt__cp_016,1.347338,103.720967,1052.6,1560.7,0.17725626627604166,0.4625091552734375,0.0442352294921875,0.040198432074652776,0.1791229248046875,0.09669664171006945,0.0,3,High greenery + high road exposure / low built frontage,2,-0.3350895238031594,0.5939233509618924,False,,,False,not_yet_labelled,
residential-0071__lakeside-mrt,residential-0071__lakeside-mrt__cp_017,1.346872,103.721227,1111.93,1560.7,0.2488437228732639,0.3320668538411458,0.1485968695746528,0.041814168294270836,0.16796705457899305,0.047231038411458336,0.0,1,High sky exposure + high road exposure / low greenery,2,-0.3253510747746473,-0.23197927216008749,False,,,False,not_yet_labelled,
residential-0071__lakeside-mrt,residential-0071__lakeside-mrt__cp_018,1.346327,103.72131,1173.23,1560.7,0.2896847195095486,0.21931966145833334,0.2053917778862847,0.03228759765625,0.1976894802517361,0.0023091634114583335,0.0,1,High sky exposure + high road exposure / low greenery,1,-0.1343627848075147,-0.8210124766953796,False,,,False,not_yet_labelled,
residential-0071__lakeside-mrt,residential-0071__lakeside-mrt__cp_019,1.345749,103.721535,1242.2,1560.7,0.21631368001302084,0.19595845540364584,0.2985721164279514,0.005430433485243056,0.24148390028211805,0.03303188747829861,0.0019395616319444445,1,High sky exposure + high road exposure / low greenery,0,-0.14952678234666392,-1.139425470293384,False,,,False,not_yet_labelled,
residential-0071__lakeside-mrt,residential-0071__lakeside-mrt__cp_020,1.345291,103.721675,1295.45,1560.7,0.21631368001302084,0.19595845540364584,0.2985721164279514,0.005430433485243056,0.24148390028211805,0.03303188747829861,0.0019395616319444445,1,High sky exposure + high road exposure / low greenery,0,-0.14952678234666392,-1.139425470293384,False,,,False,not_yet_labelled,
residential-0071__lakeside-mrt,residential-0071__lakeside-mrt__cp_021,1.344813,103.721715,1348.79,1560.7,0.1695988972981771,0.13897705078125,0.24989446004231772,0.1577173868815104,0.1500396728515625,0.05316925048828125,0.0,2,High pedestrian space + high built frontage / low road exposure,0,0.8011844730814287,-0.24731706403974316,False,,,False,not_yet_labelled,
residential-0071__lakeside-mrt,residential-0071__lakeside-mrt__cp_022,1.344348,103.721757,1400.71,1560.7,0.19979688856336805,0.3135443793402778,0.05359056260850695,0.07010735405815972,0.3409627278645833,0.0,0.0003323025173611111,0,High built frontage + high pedestrian space / low greenery,0,0.9165667881491011,0.4328578910912189,False,,,False,not_yet_labelled,
residential-0071__lakeside-mrt,residential-0071__lakeside-mrt__cp_023,1.34414,103.721115,1475.73,1560.7,0.15652592976888022,0.17577107747395834,0.0,0.10629908243815105,0.24935150146484375,0.0,0.007391611735026042,2,High pedestrian space + high built frontage / low road exposure,0,1.2762512678337636,0.5730311616662939,False,,,False,not_yet_labelled,
residential-0072__boon-lay-mrt,residential-0072__boon-lay-mrt__cp_003,1.343436,103.705002,168.86,1068.1,0.004082573784722222,0.6863505045572916,0.018917507595486112,0.0039215087890625,0.24777730305989584,0.0,0.0,3,High greenery + high road exposure / low built frontage,2,-0.3803845875740498,2.173714290681798,False,,,False,not_yet_labelled,
residential-0072__boon-lay-mrt,residential-0072__boon-lay-mrt__cp_004,1.342883,103.70513,231.98,1068.1,0.0,0.0809173583984375,0.10539754231770833,0.003044976128472222,0.0942654079861111,0.7163747151692709,0.0,4,High vehicle presence + high road exposure / low greenery,4,-0.4616302936346725,-2.3033612247166575,False,,,False,not_yet_labelled,
residential-0072__boon-lay-mrt,residential-0072__boon-lay-mrt__cp_005,1.342475,103.705213,278.28,1068.1,0.0,0.2287868923611111,0.2562984890407986,0.0883297390407986,0.4175194634331597,0.0,0.0004628499348958333,0,High built frontage + high pedestrian space / low greenery,0,1.547998726042067,0.4166790032506177,False,,,False,not_yet_labelled,
residential-0072__boon-lay-mrt,residential-0072__boon-lay-mrt__cp_006,1.342022,103.705419,333.61,1068.1,0.21432325575086805,0.186737060546875,0.1671786838107639,0.024610731336805556,0.3254292805989583,0.018581814236111112,0.0,0,High built frontage + high pedestrian space / low greenery,0,0.5924824416906355,-0.644438067641713,False,,,False,not_yet_labelled,
residential-0072__boon-lay-mrt,residential-0072__boon-lay-mrt__cp_007,1.341969,103.705916,389.17,1068.1,0.0,0.3621504041883681,0.05369398328993055,0.1437564425998264,0.3504740397135417,0.0,0.0,2,High pedestrian space + high built frontage / low road exposure,3,1.6975846071003131,1.7501752964816342,False,,,False,not_yet_labelled,
residential-0072__boon-lay-mrt,residential-0072__boon-lay-mrt__cp_009,1.341342,103.706388,476.76,1068.1,0.1932135687934028,0.3404964870876736,0.2511664496527778,0.023659600151909724,0.1439327663845486,0.018280029296875,0.0,3,High greenery + high road exposure / low built frontage,0,-0.620525983072861,-0.2790232928234651,False,,,False,not_yet_labelled,
residential-0072__boon-lay-mrt,residential-0072__boon-lay-mrt__cp_010,1.340986,103.706616,523.76,1068.1,0.1932135687934028,0.3404964870876736,0.2511664496527778,0.023659600151909724,0.1439327663845486,0.018280029296875,0.0,3,High greenery + high road exposure / low built frontage,0,-0.620525983072861,-0.2790232928234651,False,,,False,not_yet_labelled,
residential-0072__boon-lay-mrt,residential-0072__boon-lay-mrt__cp_011,1.340715,103.70685,563.57,1068.1,0.1932135687934028,0.3404964870876736,0.2511664496527778,0.023659600151909724,0.1439327663845486,0.018280029296875,0.0,3,High greenery + high road exposure / low built frontage,0,-0.620525983072861,-0.2790232928234651,False,,,False,not_yet_labelled,
residential-0072__boon-lay-mrt,residential-0072__boon-lay-mrt__cp_012,1.340173,103.707045,627.62,1068.1,0.17544725206163195,0.4321204291449653,0.12259419759114583,0.028647528754340276,0.2135399712456597,3.3908420138888887e-06,0.0,3,High greenery + high road exposure / low built frontage,0,-0.24129598121111992,0.5258614459919965,False,,,False,not_yet_labelled,
residential-0072__boon-lay-mrt,residential-0072__boon-lay-mrt__cp_013,1.33965,103.707291,691.88,1068.1,0.11017693413628472,0.3953840467664931,0.22520616319444445,0.030653211805555556,0.14063517252604166,0.09733751085069445,0.0,3,High greenery + high road exposure / low built frontage,0,-0.6005458911864726,0.06955143834496041,False,,,False,not_yet_labelled,
residential-0072__boon-lay-mrt,residential-0072__boon-lay-mrt__cp_014,1.33917,103.706998,754.41,1068.1,0.12420654296875,0.05310228135850695,0.3114997016059028,0.010255601671006944,0.4527265760633681,0.041890462239583336,0.0009172227647569445,0,High built frontage + high pedestrian space / low greenery,0,1.2077419513413346,-1.3352624101496027,False,,,False,not_yet_labelled,
residential-0072__boon-lay-mrt,residential-0072__boon-lay-mrt__cp_015,1.338906,103.706792,791.64,1068.1,0.11388142903645833,0.023139105902777776,0.2903951009114583,0.044611612955729164,0.5053897433810763,0.0,0.011786566840277778,0,High built frontage + high pedestrian space / low greenery,0,1.8244755086564644,-1.0275718782659673,False,,,False,not_yet_labelled,
residential-0072__boon-lay-mrt,residential-0072__boon-lay-mrt__cp_016,1.338601,103.706302,855.81,1068.1,0.2408972846137153,0.070220947265625,0.2860633002387153,0.0594940185546875,0.3202599419487847,0.0,0.00016445583767361112,1,High sky exposure + high road exposure / low greenery,0,0.8465177504130618,-1.2335793092266156,False,,,False,not_yet_labelled,
residential-0073__toa-payoh-mrt,residential-0073__toa-payoh-mrt__cp_000,1.331715,103.856255,0.0,1420.2,0.045069376627604164,0.02362060546875,0.21011861165364584,0.0687289767795139,0.5388387044270834,0.10226270887586805,0.0,0,High built frontage + high pedestrian space / low greenery,0,2.2848621469603008,-0.7437681556732865,False,,,False,not_yet_labelled,
residential-0073__toa-payoh-mrt,residential-0073__toa-payoh-mrt__cp_001,1.331199,103.85622,57.51,1420.2,0.04083082411024305,0.0647243923611111,0.22223069932725695,0.005282931857638889,0.5164082845052084,0.15028889973958334,0.00023396809895833334,0,High built frontage + high pedestrian space / low greenery,0,1.6009471313358203,-1.1091132017548198,False,,,False,not_yet_labelled,
residential-0073__toa-payoh-mrt,residential-0073__toa-payoh-mrt__cp_002,1.330639,103.85621,119.79,1420.2,0.07311842176649305,0.058753119574652776,0.22720506456163195,0.026448567708333332,0.4205644395616319,0.1923794216579861,0.0008595784505208334,0,High built frontage + high pedestrian space / low greenery,0,1.261858858974991,-1.2717745677292451,False,,,False,not_yet_labelled,
residential-0073__toa-payoh-mrt,residential-0073__toa-payoh-mrt__cp_003,1.330649,103.855443,205.06,1420.2,0.05265977647569445,0.3818122016059028,0.2430792914496528,0.052863226996527776,0.1294436984592014,0.09195793999565972,0.00011020236545138889,3,High greenery + high road exposure / low built frontage,0,-0.3878299700116774,0.33924843515263453,False,,,False,not_yet_labelled,
residential-0073__toa-payoh-mrt,residential-0073__toa-payoh-mrt__cp_004,1.331208,103.855118,276.95,1420.2,0.14474656846788195,0.248321533203125,0.2679341634114583,0.0014088948567708333,0.24537828233506945,0.007802327473958333,5.0862630208333336e-05,1,High sky exposure + high road exposure / low greenery,0,-0.07990068835013371,-0.5317964658088971,False,,,False,not_yet_labelled,
residential-0073__toa-payoh-mrt,residential-0073__toa-payoh-mrt__cp_005,1.331602,103.855023,322.02,1420.2,0.1490054660373264,0.2617255316840278,0.1639133029513889,0.015184190538194444,0.1612311469184028,0.0560150146484375,0.0,3,High greenery + high road exposure / low built frontage,0,-0.23533398456962049,-0.24848420169996563,False,,,False,not_yet_labelled,
residential-0073__toa-payoh-mrt,residential-0073__toa-payoh-mrt__cp_006,1.331314,103.85457,381.7,1420.2,0.1108059353298611,0.5234290228949653,0.18810526529947916,0.013505723741319444,0.07837761773003472,0.018912421332465276,0.001315646701388889,3,High greenery + high road exposure / low built frontage,2,-1.1291949017671667,0.7791889811141355,False,,,False,not_yet_labelled,
residential-0073__toa-payoh-mrt,residential-0073__toa-payoh-mrt__cp_007,1.331291,103.853955,450.11,1420.2,0.2709181043836806,0.3410017225477431,0.2529161241319444,0.05285474989149305,0.0318145751953125,0.03445604112413195,0.0,1,High sky exposure + high road exposure / low greenery,0,-1.034028370648031,-0.46050913904632446,False,,,False,not_yet_labelled,
residential-0073__toa-payoh-mrt,residential-0073__toa-payoh-mrt__cp_008,1.331621,103.853639,500.91,1420.2,0.022922092013888888,0.4099375406901042,0.21273634168836805,0.023500230577256944,0.3293796115451389,0.0,0.0,0,High built frontage + high pedestrian space / low greenery,0,0.3583294456309027,0.7232702941250163,False,,,False,not_yet_labelled,
residential-0073__toa-payoh-mrt,residential-0073__toa-payoh-mrt__cp_009,1.331504,103.852658,610.74,1420.2,0.3574710422092014,0.2209743923611111,0.0994381374782986,0.053334554036458336,0.1061859130859375,0.130950927734375,0.0005967881944444445,1,High sky exposure + high road exposure / low greenery,0,-0.4286213369064398,-1.060045494723835,False,,,False,not_yet_labelled,
residential-0073__toa-payoh-mrt,residential-0073__toa-payoh-mrt__cp_010,1.331457,103.852209,660.92,1420.2,0.3328467475043403,0.16511366102430555,0.09334648980034722,0.06989542643229167,0.21967909071180555,0.07890997992621528,0.0024736192491319445,1,High sky exposure + high road exposure / low greenery,0,0.3833964334364976,-0.8986512090490443,False,,,False,not_yet_labelled,
residential-0073__toa-payoh-mrt,residential-0073__toa-payoh-mrt__cp_011,1.331338,103.851804,707.85,1420.2,0.14279005262586805,0.3316192626953125,0.36138916015625,0.016533745659722224,0.1309543185763889,0.007598876953125,0.004796346028645833,3,High greenery + high road exposure / low built frontage,0,-0.7947531793563836,-0.43557212646350857,False,,,False,not_yet_labelled,
residential-0073__toa-payoh-mrt,residential-0073__toa-payoh-mrt__cp_012,1.33144,103.85137,757.41,1420.2,0.3355238172743056,0.3131340874565972,0.14941575792100695,0.049933539496527776,0.08017815483940972,0.023106892903645832,0.0015174018012152778,1,High sky exposure + high road exposure / low greenery,2,-0.7139681729270955,-0.4830754145214581,False,,,False,not_yet_labelled,
residential-0073__toa-payoh-mrt,residential-0073__toa-payoh-mrt__cp_013,1.331435,103.8508,820.77,1420.2,0.059334648980034724,0.3714463975694444,0.3508351643880208,0.005672878689236111,0.2098761664496528,0.0,0.0,3,High greenery + high road exposure / low built frontage,0,-0.46726615470551347,-0.005527597366924822,False,,,False,not_yet_labelled,
residential-0073__toa-payoh-mrt,residential-0073__toa-payoh-mrt__cp_014,1.331441,103.850248,882.14,1420.2,0.1922268337673611,0.15956285264756945,0.2412380642361111,0.12060546875,0.1574520534939236,8.138020833333333e-05,0.07161119249131945,1,High sky exposure + high road exposure / low greenery,0,0.5561962784731531,-0.25565996816715014,False,,,False,not_yet_labelled,
residential-0073__toa-payoh-mrt,residential-0073__toa-payoh-mrt__cp_015,1.331668,103.849865,931.64,1420.2,0.1429104275173611,0.1535118950737847,0.2621205647786458,0.1047634548611111,0.3289998372395833,0.0,0.005837334526909722,0,High built frontage + high pedestrian space / low greenery,0,1.2135413633525671,-0.28921889735860945,False,,,False,not_yet_labelled,
residential-0073__toa-payoh-mrt,residential-0073__toa-payoh-mrt__cp_016,1.332085,103.849601,986.51,1420.2,0.0263824462890625,0.11092291937934028,0.1594170464409722,0.003265380859375,0.5086839463975694,0.1960686577690972,0.0003238254123263889,0,High built frontage + high pedestrian space / low greenery,0,1.5378304853402143,-0.8798270257829957,False,,,False,not_yet_labelled,
residential-0073__toa-payoh-mrt,residential-0073__toa-payoh-mrt__cp_017,1.332217,103.84913,1040.89,1420.2,0.027350531684027776,0.3460540771484375,0.2354159884982639,0.030287000868055556,0.34246826171875,9.494357638888889e-05,0.003914727105034722,0,High built frontage + high pedestrian space / low greenery,0,0.5590190712965643,0.4693112519356832,False,,,False,not_yet_labelled,
residential-0073__toa-payoh-mrt,residential-0073__toa-payoh-mrt__cp_021,1.332749,103.847351,1293.98,1420.2,0.12139892578125,0.3585154215494792,0.08509148491753472,0.05902099609375,0.23218790690104166,0.05653042263454861,0.0,3,High greenery + high road exposure / low built frontage,0,0.31753261324826676,0.5865892758519753,False,,,False,not_yet_labelled,
residential-0074__clementi-mrt,residential-0074__clementi-mrt__cp_000,1.304854,103.761635,0.0,1673.5,0.0,0.2666405571831597,0.2098015679253472,0.005718655056423611,0.3970625135633681,0.1207767062717014,0.0,0,High built frontage + high pedestrian space / low greenery,0,0.7706103189534196,-0.13950873368897732,False,478.0,0.53099173553719,False,not_yet_labelled,
residential-0074__clementi-mrt,residential-0074__clementi-mrt__cp_001,1.304658,103.762058,51.83,1673.5,0.0,0.3535546196831597,0.0917510986328125,0.053314208984375,0.4215596516927083,0.044306437174479164,0.006459554036458333,0,High built frontage + high pedestrian space / low greenery,0,1.2769872839236518,0.9761772229483963,False,426.17,0.49586776859504134,False,not_yet_labelled,
residential-0074__clementi-mrt,residential-0074__clementi-mrt__cp_002,1.304685,103.762406,90.63,1673.5,0.025478363037109375,0.3069190979003906,0.009070078531901041,0.24077351888020834,0.235321044921875,0.0174713134765625,0.0,2,High pedestrian space + high built frontage / low road exposure,3,2.0367991488847954,2.0875459206552223,False,387.37,0.4690082644628099,False,not_yet_labelled,
residential-0074__clementi-mrt,residential-0074__clementi-mrt__cp_003,1.305246,103.762625,157.59,1673.5,0.0940738254123264,0.3673468695746528,0.2073330349392361,0.018429226345486112,0.20182291666666666,0.0,0.0006340874565972222,3,High greenery + high road exposure / low built frontage,0,-0.21519536585135424,0.3510203381876882,False,320.40999999999997,0.40702479338842973,False,not_yet_labelled,
residential-0074__clementi-mrt,residential-0074__clementi-mrt__cp_004,1.30589,103.762892,235.11,1673.5,0.12151082356770833,0.4507560729980469,0.053730010986328125,0.1004193623860677,0.23652013142903647,0.012132008870442709,0.0005009969075520834,3,High greenery + high road exposure / low built frontage,3,0.5048438475290883,1.3185673271191056,False,242.89,0.359504132231405,False,not_yet_labelled,
residential-0074__clementi-mrt,residential-0074__clementi-mrt__cp_005,1.306435,103.763074,299.0,1673.5,0.056865692138671875,0.6199302673339844,0.03192901611328125,0.15114974975585938,0.13721593221028647,0.0005594889322916666,0.0,2,High pedestrian space + high built frontage / low road exposure,3,0.21835597501007514,2.4941455852589516,False,179.0,0.29958677685950413,False,not_yet_labelled,
residential-0074__clementi-mrt,residential-0074__clementi-mrt__cp_006,1.306689,103.76338,343.21,1673.5,0.056865692138671875,0.6199302673339844,0.03192901611328125,0.15114974975585938,0.13721593221028647,0.0005594889322916666,0.0,2,High pedestrian space + high built frontage / low road exposure,3,0.21835597501007514,2.4941455852589516,False,134.79000000000002,0.25206611570247933,False,not_yet_labelled,
residential-0074__clementi-mrt,residential-0074__clementi-mrt__cp_008,1.307387,103.764238,478.0,1673.5,0.21955362955729166,0.3345489501953125,0.0868496365017361,0.049662272135416664,0.2674306233723958,0.04065110948350695,0.0,1,High sky exposure + high road exposure / low greenery,0,0.29453940347226576,0.10439025793021343,True,0.0,0.06508264462809918,False,not_yet_labelled,
residential-0074__clementi-mrt,residential-0074__clementi-mrt__cp_015,1.310636,103.764927,950.49,1673.5,0.11424891153971355,0.34658177693684894,0.07924143473307292,0.16866938273111978,0.0923004150390625,0.004390716552734375,2.5431315104166668e-05,2,High pedestrian space + high built frontage / low road exposure,3,0.6002455842184251,1.378780943700121,False,472.49,0.5206611570247934,False,not_yet_labelled,
residential-0074__clementi-mrt,residential-0074__clementi-mrt__cp_016,1.31102,103.764541,1011.02,1673.5,0.0267333984375,0.4263407389322917,0.011311848958333334,0.11128616333007812,0.10632960001627605,0.003957112630208333,0.0,2,High pedestrian space + high built frontage / low road exposure,3,0.34893076320551575,1.8950957351627735,False,533.02,0.5661157024793388,False,not_yet_labelled,
residential-0074__clementi-mrt,residential-0074__clementi-mrt__cp_017,1.311386,103.764911,1068.89,1673.5,0.0267333984375,0.4263407389322917,0.011311848958333334,0.11128616333007812,0.10632960001627605,0.003957112630208333,0.0,2,High pedestrian space + high built frontage / low road exposure,3,0.34893076320551575,1.8950957351627735,False,590.8900000000001,0.6053719008264463,False,not_yet_labelled,
residential-0074__clementi-mrt,residential-0074__clementi-mrt__cp_018,1.311577,103.765271,1114.19,1673.5,0.015389336480034722,0.2636650933159722,0.2900661892361111,0.054312811957465276,0.23675367567274305,0.07784016927083333,0.0015970865885416667,0,High built frontage + high pedestrian space / low greenery,0,0.33165830251880773,-0.003195134292472751,False,636.19,0.6322314049586777,False,not_yet_labelled,
residential-0074__clementi-mrt,residential-0074__clementi-mrt__cp_019,1.311919,103.765425,1155.9,1673.5,0.2940622965494792,0.3804117838541667,0.048670450846354164,0.008000691731770834,0.17487970987955728,0.012531280517578125,0.0002504984537760417,1,High sky exposure + high road exposure / low greenery,0,-0.5131375104580732,-0.012046596469460146,False,677.9000000000001,0.6508264462809917,False,not_yet_labelled,
residential-0074__clementi-mrt,residential-0074__clementi-mrt__cp_020,1.312389,103.76582,1224.16,1673.5,0.09599685668945312,0.07963943481445312,0.1761601765950521,0.28798548380533856,0.3378092447916667,0.005528767903645833,0.0030848185221354165,2,High pedestrian space + high built frontage / low road exposure,3,2.9058954891435,0.8290757934481952,False,746.1600000000001,0.6962809917355371,False,not_yet_labelled,
residential-0074__clementi-mrt,residential-0074__clementi-mrt__cp_021,1.31279,103.76622,1287.13,1673.5,0.4514363606770833,0.008466932508680556,0.06353081597222222,0.1048736572265625,0.24408467610677084,0.053366767035590276,0.00036790635850694444,1,High sky exposure + high road exposure / low greenery,1,0.9558025264157708,-1.511149122980333,False,809.1300000000001,0.7272727272727273,False,not_yet_labelled,
residential-0074__clementi-mrt,residential-0074__clementi-mrt__cp_022,1.313272,103.765865,1353.69,1673.5,0.0596923828125,0.14020284016927084,0.3196750217013889,0.016759236653645832,0.2539605034722222,0.07096354166666667,0.0,0,High built frontage + high pedestrian space / low greenery,0,0.3070085972849662,-0.81890176206443,False,875.69,0.7541322314049587,False,not_yet_labelled,
residential-0074__clementi-mrt,residential-0074__clementi-mrt__cp_023,1.313755,103.765573,1416.44,1673.5,0.12690353393554688,0.19083658854166666,0.4002240498860677,0.014016469319661459,0.09624608357747395,0.0,0.0,1,High sky exposure + high road exposure / low greenery,0,-0.6615233194933249,-0.8906261830450635,False,938.44,0.78099173553719,False,not_yet_labelled,
residential-0074__clementi-mrt,residential-0074__clementi-mrt__cp_024,1.314586,103.765184,1518.46,1673.5,0.06252797444661458,0.16765213012695312,0.027935028076171875,0.16235987345377603,0.4178263346354167,5.2134195963541664e-05,0.01999664306640625,2,High pedestrian space + high built frontage / low road exposure,3,2.4860052467478075,1.0501898600216988,False,1040.46,0.8016528925619835,False,not_yet_labelled,
residential-0074__clementi-mrt,residential-0074__clementi-mrt__cp_025,1.314714,103.76524,1534.0,1673.5,0.0782178243001302,0.2969309488932292,0.00015131632486979166,0.19286219278971353,0.3189582824707031,0.0,0.024964650472005207,2,High pedestrian space + high built frontage / low road exposure,3,2.0134860807313304,1.6580973152459482,False,1056.0,0.8057851239669421,False,not_yet_labelled,
residential-0075__bishan-mrt,residential-0075__bishan-mrt__cp_006,1.348046,103.851927,451.44,1190.2,0.042811075846354164,0.22505018446180555,0.2175937228732639,0.0,0.339874267578125,0.0,0.0008561876085069445,0,High built frontage + high pedestrian space / low greenery,0,0.6231840708164192,-0.05470863199388082,False,,,False,not_yet_labelled,
residential-0075__bishan-mrt,residential-0075__bishan-mrt__cp_007,1.348084,103.851508,498.21,1190.2,0.038350423177083336,0.24295552571614584,0.21683756510416666,0.003980848524305556,0.3458641899956597,0.0,0.0,0,High built frontage + high pedestrian space / low greenery,0,0.6428689582998858,0.037304925139211784,False,,,False,not_yet_labelled,
residential-0075__bishan-mrt,residential-0075__bishan-mrt__cp_008,1.348324,103.851226,539.38,1190.2,0.011311848958333334,0.3760986328125,0.2264675564236111,0.053461710611979164,0.3168199327256944,0.0,0.0,0,High built frontage + high pedestrian space / low greenery,0,0.5875983513608752,0.7792129895975299,False,,,False,not_yet_labelled,
residential-0075__bishan-mrt,residential-0075__bishan-mrt__cp_017,1.350472,103.84919,990.45,1190.2,0.0,0.0,0.10574849446614583,0.0,0.6722526550292969,0.0,0.0,0,High built frontage + high pedestrian space / low greenery,0,2.7718285332314747,-0.35894472156333374,False,,,False,not_yet_labelled,
residential-0075__bishan-mrt,residential-0075__bishan-mrt__cp_018,1.350599,103.848632,1054.07,1190.2,0.228302001953125,0.0,0.3249376085069444,0.006771511501736111,0.17384168836805555,0.2660590277777778,0.0,1,High sky exposure + high road exposure / low greenery,1,-0.2596640919321856,-2.6257054950443814,False,,,False,not_yet_labelled,
residential-0076__kaki-bukit-mrt,residential-0076__kaki-bukit-mrt__cp_002,1.334717,103.911377,139.17,488.9,0.03453233506944445,0.3629811604817708,0.1539798312717014,0.029669867621527776,0.3784383138020833,0.0,0.0,0,High built frontage + high pedestrian space / low greenery,0,0.7915234044026707,0.7251300234823462,False,,,False,not_yet_labelled,
residential-0076__kaki-bukit-mrt,residential-0076__kaki-bukit-mrt__cp_004,1.335469,103.910814,261.89,488.9,0.07432725694444445,0.7599232991536459,0.056357489691840276,0.020734998914930556,0.0847812228732639,0.0,7.798936631944444e-05,3,High greenery + high road exposure / low built frontage,2,-1.2890231742364229,2.149221646411994,False,,,False,not_yet_labelled,
residential-0076__kaki-bukit-mrt,residential-0076__kaki-bukit-mrt__cp_005,1.335335,103.91038,312.39,488.9,0.1940680609809028,0.6265123155381944,0.005071004231770833,0.0,0.17434861924913195,0.0,0.0,3,High greenery + high road exposure / low built frontage,2,-0.8765915416221439,1.2775262474998799,False,,,False,not_yet_labelled,
residential-0076__kaki-bukit-mrt,residential-0076__kaki-bukit-mrt__cp_006,1.335211,103.909935,363.74,488.9,0.07835006713867188,0.21951929728190103,8.392333984375e-05,0.27426910400390625,0.3512255350748698,0.0003789265950520833,0.0,2,High pedestrian space + high built frontage / low road exposure,3,2.8840243438450335,1.8123185475762322,False,,,False,not_yet_labelled,
residential-0076__kaki-bukit-mrt,residential-0076__kaki-bukit-mrt__cp_007,1.3351,103.90928,437.59,488.9,0.28619384765625,0.3601142035590278,0.03474256727430555,0.004682752821180556,0.213104248046875,0.0007968478732638889,0.0003102620442708333,1,High sky exposure + high road exposure / low greenery,0,-0.2833087667850483,0.008740968425141268,False,,,False,not_yet_labelled,
residential-0077__sembawang-mrt,residential-0077__sembawang-mrt__cp_003,1.450454,103.815052,160.85,939.1,0.08941268920898438,0.43669700622558594,0.03426170349121094,0.2516498565673828,0.09984207153320312,0.029811859130859375,0.04335212707519531,2,High pedestrian space + high built frontage / low road exposure,3,1.0904206005529948,2.2138472008766574,False,492.81999999999994,0.5413223140495868,True,not_yet_labelled,
residential-0077__sembawang-mrt,residential-0077__sembawang-mrt__cp_004,1.450204,103.815651,233.0,939.1,0.04611396789550781,0.47513580322265625,0.037227630615234375,0.27964210510253906,0.11152076721191406,0.0003604888916015625,0.04813575744628906,2,High pedestrian space + high built frontage / low road exposure,3,1.3412070754225414,2.7313757623342023,False,420.66999999999996,0.4896694214876033,True,not_yet_labelled,
residential-0077__sembawang-mrt,residential-0077__sembawang-mrt__cp_005,1.45024,103.816193,293.38,939.1,0.28297996520996094,0.03960418701171875,0.020471572875976562,0.3237762451171875,0.18900489807128906,0.005527496337890625,0.05172920227050781,2,High pedestrian space + high built frontage / low road exposure,3,2.5791417580107074,0.6716499731048187,False,360.28999999999996,0.44214876033057854,True,not_yet_labelled,
residential-0077__sembawang-mrt,residential-0077__sembawang-mrt__cp_006,1.450471,103.816878,373.74,939.1,0.09107398986816406,0.3477516174316406,0.3364715576171875,0.029115676879882812,0.11872100830078125,0.024890899658203125,0.043308258056640625,3,High greenery + high road exposure / low built frontage,0,-0.679351800062766,-0.0919907060833702,False,279.92999999999995,0.38636363636363635,True,not_yet_labelled,
residential-0077__sembawang-mrt,residential-0077__sembawang-mrt__cp_007,1.450634,103.81751,446.29,939.1,0.013280868530273438,0.48105812072753906,0.2169170379638672,0.1265392303466797,0.07901382446289062,0.0062732696533203125,0.06876564025878906,3,High greenery + high road exposure / low built frontage,3,-0.11876645087324308,1.5605628395995854,False,207.37999999999994,0.3243801652892562,True,not_yet_labelled,
residential-0077__sembawang-mrt,residential-0077__sembawang-mrt__cp_008,1.450163,103.817857,511.34,939.1,0.0,0.291168212890625,0.2637040879991319,0.10541280110677083,0.33148193359375,0.0013817681206597222,0.0029127332899305555,0,High built frontage + high pedestrian space / low greenery,0,1.1550537555485043,0.6994070085010912,False,142.32999999999998,0.2603305785123967,True,not_yet_labelled,
residential-0077__sembawang-mrt,residential-0077__sembawang-mrt__cp_009,1.449704,103.818011,565.17,939.1,0.26320648193359375,0.04982185363769531,0.000667572021484375,0.3270683288574219,0.21626663208007812,0.00620269775390625,0.05917930603027344,2,High pedestrian space + high built frontage / low road exposure,3,2.757880053824101,0.8463964716934952,False,88.5,0.2024793388429752,True,not_yet_labelled,
residential-0077__sembawang-mrt,residential-0077__sembawang-mrt__cp_010,1.449294,103.818204,615.56,939.1,0.023249308268229168,0.4318254258897569,0.2886861165364583,0.056243896484375,0.1545800103081597,0.036246405707465276,0.0,3,High greenery + high road exposure / low built frontage,0,-0.35023149985224333,0.6660280379373174,False,38.110000000000014,0.1322314049586777,True,not_yet_labelled,
residential-0077__sembawang-mrt,residential-0077__sembawang-mrt__cp_011,1.449191,103.818531,653.67,939.1,0.05417823791503906,0.5097446441650391,0.0014438629150390625,0.23968124389648438,0.08136940002441406,0.0,0.06818008422851562,2,High pedestrian space + high built frontage / low road exposure,3,0.9110677262170387,2.7295931802044047,True,0.0,0.06508264462809918,True,not_yet_labelled,
residential-0077__sembawang-mrt,residential-0077__sembawang-mrt__cp_012,1.449041,103.819308,741.63,939.1,0.3009728325737847,0.17573038736979166,0.09765116373697917,0.053324381510416664,0.2903510199652778,0.06323411729600695,0.0,1,High sky exposure + high road exposure / low greenery,0,0.5976673353555284,-0.8091001629484228,True,0.0,0.06508264462809918,True,not_yet_labelled,
residential-0077__sembawang-mrt,residential-0077__sembawang-mrt__cp_013,1.449162,103.819836,801.85,939.1,0.3604092068142361,0.14078776041666666,0.1268768310546875,0.05969577365451389,0.23304578993055555,0.048105875651041664,0.0,1,High sky exposure + high road exposure / low greenery,0,0.34827193978549525,-1.1384487936922125,False,60.22000000000003,0.17148760330578514,True,not_yet_labelled,
residential-0077__sembawang-mrt,residential-0077__sembawang-mrt__cp_014,1.44894,103.820011,833.28,939.1,0.2863345675998264,0.1807623969184028,0.12214491102430555,0.04570176866319445,0.2732883029513889,0.053382025824652776,0.00023057725694444444,1,High sky exposure + high road exposure / low greenery,0,0.4564391862274493,-0.8072391369110843,False,91.64999999999998,0.2066115702479339,True,not_yet_labelled,
residential-0078__hougang-mrt,residential-0078__hougang-mrt__cp_000,1.370342,103.882219,0.0,1551.3,0.12491226196289062,0.4159901936848958,0.20598220825195312,0.035992940266927086,0.1220855712890625,0.014372507731119791,0.028448740641276043,3,High greenery + high road exposure / low built frontage,0,-0.5985325102907092,0.44966608826374027,False,,,False,not_yet_labelled,
residential-0078__hougang-mrt,residential-0078__hougang-mrt__cp_001,1.370596,103.881898,45.51,1551.3,0.2619616190592448,0.2864850362141927,0.2262242635091146,0.017100016276041668,0.13874308268229166,0.05696233113606771,0.0011494954427083333,1,High sky exposure + high road exposure / low greenery,1,-0.6765860648409905,-0.8067624588361664,False,,,False,not_yet_labelled,
residential-0078__hougang-mrt,residential-0078__hougang-mrt__cp_002,1.370686,103.882415,103.84,1551.3,0.1503753662109375,0.4505971272786458,0.19178390502929688,0.03191375732421875,0.10714085896809895,0.02327728271484375,0.0,3,High greenery + high road exposure / low built frontage,0,-0.7961116656126246,0.4511208654795666,False,,,False,not_yet_labelled,
residential-0078__hougang-mrt,residential-0078__hougang-mrt__cp_003,1.370544,103.883055,176.72,1551.3,0.052337646484375,0.517907460530599,0.1846593221028646,0.018099466959635418,0.15542984008789062,0.027746836344401043,0.0,3,High greenery + high road exposure / low built frontage,2,-0.6702105241024092,0.9699263449506292,False,,,False,not_yet_labelled,
residential-0078__hougang-mrt,residential-0078__hougang-mrt__cp_004,1.370264,103.884214,309.27,1551.3,0.08601888020833333,0.43184789021809894,0.15810267130533853,7.62939453125e-05,0.15499114990234375,0.11452356974283855,0.0,3,High greenery + high road exposure / low built frontage,0,-0.6950199295683138,0.26839205423306717,False,,,False,not_yet_labelled,
residential-0078__hougang-mrt,residential-0078__hougang-mrt__cp_005,1.370333,103.884734,367.58,1551.3,0.049074808756510414,0.3514149983723958,0.19705327351888022,0.0034942626953125,0.2506268819173177,0.025567372639973957,0.0,3,High greenery + high road exposure / low built frontage,0,-0.010271581961730936,0.3343754850274071,False,,,False,not_yet_labelled,
residential-0078__hougang-mrt,residential-0078__hougang-mrt__cp_006,1.370658,103.885115,423.25,1551.3,0.1656977335611979,0.41618982950846356,0.20013554890950522,0.04997380574544271,0.1286773681640625,0.025346120198567707,0.0,3,High greenery + high road exposure / low built frontage,0,-0.5473429968354058,0.33252988057076643,False,,,False,not_yet_labelled,
residential-0078__hougang-mrt,residential-0078__hougang-mrt__cp_007,1.371111,103.885394,482.41,1551.3,0.06363169352213542,0.5755805969238281,0.23262151082356772,0.0004628499348958333,0.10796101888020833,0.019512176513671875,0.0,3,High greenery + high road exposure / low built frontage,2,-1.2136468036344155,0.911780065693594,False,,,False,not_yet_labelled,
residential-0078__hougang-mrt,residential-0078__hougang-mrt__cp_008,1.371561,103.8857,542.91,1551.3,0.2854499816894531,0.20217005411783853,0.25484339396158856,0.0012232462565104167,0.11092758178710938,0.11227162679036458,0.0022570292154947915,1,High sky exposure + high road exposure / low greenery,1,-0.8497160591904596,-1.50234716530809,False,,,False,not_yet_labelled,
residential-0078__hougang-mrt,residential-0078__hougang-mrt__cp_009,1.371758,103.886095,591.98,1551.3,0.06608835856119792,0.4539438883463542,0.22299702962239584,0.006636301676432292,0.2332636515299479,0.016928354899088543,0.0,3,High greenery + high road exposure / low built frontage,0,-0.3623568524730766,0.5492377146109706,False,,,False,not_yet_labelled,
residential-0078__hougang-mrt,residential-0078__hougang-mrt__cp_010,1.371492,103.886654,660.8,1551.3,0.1501744588216146,0.3182385762532552,0.23478062947591147,0.006961822509765625,0.20613225301106772,0.083404541015625,0.0,3,High greenery + high road exposure / low built frontage,0,-0.38981559990703074,-0.45351971243516526,False,,,False,not_yet_labelled,
residential-0078__hougang-mrt,residential-0078__hougang-mrt__cp_011,1.371343,103.88735,739.93,1551.3,0.17967987060546875,0.4565582275390625,0.17438761393229166,0.002346038818359375,0.07503636678059895,0.04051335652669271,0.00024286905924479166,3,High greenery + high road exposure / low built frontage,2,-1.1825952725859725,0.21201191348377948,False,,,False,not_yet_labelled,
residential-0078__hougang-mrt,residential-0078__hougang-mrt__cp_012,1.371255,103.887794,790.24,1551.3,0.14289474487304688,0.18756993611653647,0.2030919392903646,0.0625902811686198,0.3826611836751302,0.013702392578125,0.00312042236328125,0,High built frontage + high pedestrian space / low greenery,0,1.153255458894268,-0.28240654662621195,False,,,False,not_yet_labelled,
residential-0078__hougang-mrt,residential-0078__hougang-mrt__cp_013,1.371073,103.888247,844.52,1551.3,0.24089813232421875,0.4135246276855469,0.17316436767578125,0.010517120361328125,0.15556208292643228,0.0028546651204427085,1.52587890625e-05,3,High greenery + high road exposure / low built frontage,2,-0.7647594121587541,-0.026920171449072806,False,,,False,not_yet_labelled,
residential-0078__hougang-mrt,residential-0078__hougang-mrt__cp_014,1.370665,103.888673,910.1,1551.3,0.27783966064453125,0.3603172302246094,0.22400919596354166,0.014919281005859375,0.10775375366210938,0.005541483561197917,0.0026067097981770835,1,High sky exposure + high road exposure / low greenery,2,-0.9623628138957718,-0.46208819827463177,False,,,False,not_yet_labelled,
residential-0078__hougang-mrt,residential-0078__hougang-mrt__cp_015,1.370433,103.888968,951.82,1551.3,0.1807708740234375,0.20822652180989584,0.354217529296875,0.004557291666666667,0.2294192843967014,0.0158538818359375,0.0,1,High sky exposure + high road exposure / low greenery,0,-0.25088666021403766,-1.070678613666325,False,,,False,not_yet_labelled,
residential-0078__hougang-mrt,residential-0078__hougang-mrt__cp_016,1.370462,103.889249,983.22,1551.3,0.12198893229166667,0.273773193359375,0.2618747287326389,0.012398613823784722,0.2863277859157986,0.014916314019097222,0.0004170735677083333,0,High built frontage + high pedestrian space / low greenery,0,0.1478441959155851,-0.33062513392773696,False,,,False,not_yet_labelled,
residential-0078__hougang-mrt,residential-0078__hougang-mrt__cp_019,1.370837,103.890856,1253.43,1551.3,0.49896240234375,0.19082768758138022,0.04752349853515625,0.00010935465494791667,0.20016860961914062,0.023230234781901043,0.0,1,High sky exposure + high road exposure / low greenery,1,-0.3913256142863446,-1.4993271905282868,False,,,False,not_yet_labelled,
residential-0079__bedok-mrt,residential-0079__bedok-mrt__cp_005,1.327639,103.929966,332.94,1163.0,0.16612413194444445,0.4363454182942708,0.07413567437065972,0.06923421223958333,0.1644931369357639,0.0010918511284722222,0.005194769965277778,3,High greenery + high road exposure / low built frontage,3,-0.07364813722765703,0.9443546977553342,False,,,False,not_yet_labelled,
residential-0079__bedok-mrt,residential-0079__bedok-mrt__cp_006,1.327171,103.930102,387.13,1163.0,0.21062723795572916,0.3455573187934028,0.1611362033420139,0.014014350043402778,0.1893225775824653,0.0008951822916666666,0.001117282443576389,3,High greenery + high road exposure / low built frontage,0,-0.37020594210704244,-0.06380886558098213,False,,,False,not_yet_labelled,
residential-0079__bedok-mrt,residential-0079__bedok-mrt__cp_007,1.327258,103.930657,449.58,1163.0,0.1456943088107639,0.5738355848524306,0.12198384602864583,0.007500542534722222,0.05433824327256945,0.018576727973090276,0.0,3,High greenery + high road exposure / low built frontage,2,-1.3312713011213892,0.9765211491715599,False,,,False,not_yet_labelled,
residential-0079__bedok-mrt,residential-0079__bedok-mrt__cp_008,1.327317,103.931026,491.12,1163.0,0.09132215711805555,0.2464718288845486,0.2663235134548611,0.0756072998046875,0.3191901312934028,0.0,0.00140380859375,0,High built frontage + high pedestrian space / low greenery,0,0.8406845283688222,0.04801862082169003,False,,,False,not_yet_labelled,
residential-0079__bedok-mrt,residential-0079__bedok-mrt__cp_009,1.326801,103.931162,550.46,1163.0,0.0,0.3063189188639323,0.0,0.0857988993326823,0.3088239034016927,0.0,0.0,0,High built frontage + high pedestrian space / low greenery,0,1.3498243494094646,1.4758314828508499,False,,,False,not_yet_labelled,
residential-0079__bedok-mrt,residential-0079__bedok-mrt__cp_010,1.326148,103.931288,624.4,1163.0,0.11148707071940105,0.3001963297526042,0.012493133544921875,0.10457229614257812,0.46478525797526044,0.0,0.015440622965494791,0,High built frontage + high pedestrian space / low greenery,0,1.9164379243455905,0.9957150258108338,False,,,False,not_yet_labelled,
residential-0079__bedok-mrt,residential-0079__bedok-mrt__cp_011,1.325511,103.931413,696.59,1163.0,0.11148707071940105,0.3001963297526042,0.012493133544921875,0.10457229614257812,0.46478525797526044,0.0,0.015440622965494791,0,High built frontage + high pedestrian space / low greenery,0,1.9164379243455905,0.9957150258108338,False,,,False,not_yet_labelled,
residential-0079__bedok-mrt,residential-0079__bedok-mrt__cp_012,1.324614,103.931588,798.21,1163.0,0.21429443359375,0.21588134765625,0.009553697374131944,0.0015496148003472222,0.51422119140625,0.032903035481770836,0.0,0,High built frontage + high pedestrian space / low greenery,0,1.3985385265087196,-0.3120153855056567,False,,,False,not_yet_labelled,
residential-0079__bedok-mrt,residential-0079__bedok-mrt__cp_013,1.32429,103.931339,843.64,1163.0,0.2879638671875,0.05474683973524305,0.04732937282986111,0.1380767822265625,0.4701453314887153,8.138020833333333e-05,0.0,0,High built frontage + high pedestrian space / low greenery,0,2.367987885417957,-0.40698210930358725,False,,,False,not_yet_labelled,
residential-0079__bedok-mrt,residential-0079__bedok-mrt__cp_014,1.324309,103.930939,888.16,1163.0,0.15969340006510416,0.1385226779513889,0.06143018934461805,0.05020311143663195,0.5711907280815972,0.016827053493923612,0.0,0,High built frontage + high pedestrian space / low greenery,0,2.1661772492628746,-0.21332937747413788,False,,,False,not_yet_labelled,
residential-0079__bedok-mrt,residential-0079__bedok-mrt__cp_015,1.324204,103.93043,945.93,1163.0,0.3711327446831597,0.026258680555555556,0.024180094401041668,0.026709662543402776,0.5440046522352431,0.0,0.0,0,High built frontage + high pedestrian space / low greenery,0,1.8652810886327886,-1.3423528290045592,False,,,False,not_yet_labelled,
residential-0079__bedok-mrt,residential-0079__bedok-mrt__cp_016,1.324129,103.929932,1001.92,1163.0,0.24920484754774305,0.023037380642361112,0.0182647705078125,0.011569552951388888,0.6863132052951388,0.010713365342881944,0.0,0,High built frontage + high pedestrian space / low greenery,0,2.5632614171877437,-1.012095733977491,False,,,False,not_yet_labelled,
residential-0079__bedok-mrt,residential-0079__bedok-mrt__cp_017,1.324033,103.929425,1059.28,1163.0,0.2351413302951389,0.09118821885850695,0.1567535400390625,0.015770806206597224,0.5131072998046875,0.0,0.013271755642361112,0,High built frontage + high pedestrian space / low greenery,0,1.5208480797676793,-1.0455835994064082,False,,,False,not_yet_labelled,
residential-0079__bedok-mrt,residential-0079__bedok-mrt__cp_018,1.324027,103.929399,1062.25,1163.0,0.2428131103515625,0.0031636555989583335,0.062530517578125,0.03321668836805555,0.6583828396267362,0.0015343560112847222,0.0,0,High built frontage + high pedestrian space / low greenery,0,2.5872127126130695,-1.0325686851965117,False,,,False,not_yet_labelled,
residential-0080__woodlands-mrt,residential-0080__woodlands-mrt__cp_000,1.437071,103.790018,0.0,840.5,0.2403784857855903,0.23524983723958334,0.2305026584201389,0.013927883572048612,0.2666354709201389,0.0004967583550347222,0.0,1,High sky exposure + high road exposure / low greenery,1,0.029037167844141013,-0.7645551410365271,False,,,True,not_yet_labelled,
residential-0080__woodlands-mrt,residential-0080__woodlands-mrt__cp_003,1.435884,103.79093,220.67,840.5,0.09542338053385417,0.3471594916449653,0.3733740912543403,0.009158664279513888,0.1649509006076389,0.008658515082465278,0.0007476806640625,3,High greenery + high road exposure / low built frontage,0,-0.6814897932199616,-0.28826093053694024,False,,,True,not_yet_labelled,
residential-0080__woodlands-mrt,residential-0080__woodlands-mrt__cp_004,1.43541,103.79089,273.57,840.5,0.3068067762586806,0.24429490831163195,0.2279290093315972,0.021374172634548612,0.18466695149739584,0.010874430338541666,0.0,1,High sky exposure + high road exposure / low greenery,1,-0.39758411192470644,-0.9620068234358502,False,,,True,not_yet_labelled,
residential-0080__woodlands-mrt,residential-0080__woodlands-mrt__cp_005,1.435386,103.790288,340.54,840.5,0.19120279947916666,0.4568803575303819,0.15708753797743055,0.051630655924479164,0.11555311414930555,0.0240478515625,0.0027720133463541665,3,High greenery + high road exposure / low built frontage,2,-0.6522124931678586,0.503905397899199,False,,,True,not_yet_labelled,
residential-0080__woodlands-mrt,residential-0080__woodlands-mrt__cp_006,1.435347,103.789829,391.74,840.5,0.0,0.3877173529730903,0.2945488823784722,0.028691609700520832,0.21441480848524305,0.038262261284722224,0.0,3,High greenery + high road exposure / low built frontage,0,-0.1646607676077628,0.4392366620511762,False,,,True,not_yet_labelled,
residential-0080__woodlands-mrt,residential-0080__woodlands-mrt__cp_007,1.435291,103.789369,443.26,840.5,0.03735521104600695,0.4492984347873264,0.21145460340711805,0.021355523003472224,0.2127922905815972,0.006761338975694444,0.0,3,High greenery + high road exposure / low built frontage,0,-0.2542995523001544,0.8034057828127351,False,,,True,not_yet_labelled,
residential-0080__woodlands-mrt,residential-0080__woodlands-mrt__cp_008,1.435225,103.78885,501.41,840.5,0.270111083984375,0.14893934461805555,0.3298831515842014,0.042683919270833336,0.1589592827690972,0.021950615776909724,0.00011528862847222222,1,High sky exposure + high road exposure / low greenery,1,-0.259585828689248,-1.338928644711881,False,,,True,not_yet_labelled,
residential-0080__woodlands-mrt,residential-0080__woodlands-mrt__cp_009,1.435016,103.78833,563.71,840.5,0.2933892144097222,0.07537163628472222,0.19729783799913195,0.004640367296006944,0.22361585828993055,0.006201850043402778,0.010230170355902778,1,High sky exposure + high road exposure / low greenery,1,0.11744874140247041,-1.409619470876892,False,,,True,not_yet_labelled,
residential-0080__woodlands-mrt,residential-0080__woodlands-mrt__cp_010,1.434935,103.78782,621.12,840.5,0.4446580674913194,0.06662495930989583,0.1909366183810764,0.04614596896701389,0.1928626166449653,0.019677056206597224,0.0010121663411458333,1,High sky exposure + high road exposure / low greenery,1,0.03200040490253624,-1.8554068333884797,False,,,True,not_yet_labelled,
residential-0080__woodlands-mrt,residential-0080__woodlands-mrt__cp_011,1.435332,103.787739,666.17,840.5,0.5214097764756944,0.007264879014756944,0.11495123969184028,0.019183688693576388,0.2212100558810764,0.06443956163194445,0.0005238850911458334,1,High sky exposure + high road exposure / low greenery,1,0.05366659907942933,-2.410443159854333,False,,,True,not_yet_labelled,
residential-0080__woodlands-mrt,residential-0080__woodlands-mrt__cp_012,1.435822,103.787864,722.4,840.5,0.3906283908420139,9.1552734375e-05,0.231475830078125,0.050728691948784724,0.3058963351779514,0.0005917019314236111,0.0,1,High sky exposure + high road exposure / low greenery,1,0.7225715079232445,-1.923297306935018,False,,,True,not_yet_labelled,
residential-0080__woodlands-mrt,residential-0080__woodlands-mrt__cp_013,1.436081,103.787485,773.43,840.5,0.3906283908420139,9.1552734375e-05,0.231475830078125,0.050728691948784724,0.3058963351779514,0.0005917019314236111,0.0,1,High sky exposure + high road exposure / low greenery,1,0.7225715079232445,-1.923297306935018,False,,,True,not_yet_labelled,
residential-0080__woodlands-mrt,residential-0080__woodlands-mrt__cp_014,1.43621,103.787587,791.72,840.5,0.4021063910590278,0.004436916775173611,0.11785040961371528,0.07472398546006945,0.25958251953125,0.0,0.0,1,High sky exposure + high road exposure / low greenery,1,0.8651445487240357,-1.4653305269806582,False,,,True,not_yet_labelled,
residential-0081__lentor-mrt,residential-0081__lentor-mrt__cp_003,1.380706,103.8388,209.16,805.8,0.1324191623263889,0.5299546983506944,0.08950297037760417,0.006357828776041667,0.0744171142578125,0.062077840169270836,0.009662204318576388,3,High greenery + high road exposure / low built frontage,2,-1.1189243735832022,0.8344416588377005,False,,,False,not_yet_labelled,
residential-0081__lentor-mrt,residential-0081__lentor-mrt__cp_004,1.381042,103.83923,269.83,805.8,0.1905517578125,0.4735192192925347,0.17841084798177084,0.007110595703125,0.10866461859809028,0.0025380452473958335,0.0,3,High greenery + high road exposure / low built frontage,2,-1.0399152063675838,0.3465008408875893,False,,,False,not_yet_labelled,
residential-0081__lentor-mrt,residential-0081__lentor-mrt__cp_005,1.382109,103.838589,408.23,805.8,0.3358527289496528,0.2633446587456597,0.10417683919270833,0.1051449245876736,0.1848670111762153,0.003929985894097222,0.0,1,High sky exposure + high road exposure / low greenery,0,0.3061321214495012,-0.20001555561298484,False,,,False,not_yet_labelled,
residential-0081__lentor-mrt,residential-0081__lentor-mrt__cp_006,1.382598,103.838251,474.32,805.8,0.1376885308159722,0.4226057264539931,0.2566918267144097,0.0501861572265625,0.06048244900173611,0.0,0.0,3,High greenery + high road exposure / low built frontage,0,-0.8643311377699453,0.4070281709968966,False,,,False,not_yet_labelled,
residential-0081__lentor-mrt,residential-0081__lentor-mrt__cp_008,1.383476,103.83757,597.88,805.8,0.3401709662543403,0.06303575303819445,0.031155056423611112,0.004870944552951389,0.4497392442491319,0.028127034505208332,0.0,0,High built frontage + high pedestrian space / low greenery,0,1.2582881860480566,-1.2921199177495204,False,,,False,not_yet_labelled,
residential-0081__lentor-mrt,residential-0081__lentor-mrt__cp_009,1.383855,103.837278,651.07,805.8,0.06696912977430555,0.0005374484592013889,0.030602349175347224,0.0,0.7867092556423612,0.0,0.06654866536458333,0,High built frontage + high pedestrian space / low greenery,0,3.2529105240637044,-0.44424740055386475,False,,,False,not_yet_labelled,
residential-0081__lentor-mrt,residential-0081__lentor-mrt__cp_010,1.384126,103.836958,697.69,805.8,0.311737060546875,0.0022481282552083335,0.1215481228298611,0.11086866590711805,0.3017730712890625,0.0,0.0,1,High sky exposure + high road exposure / low greenery,1,1.4425525813016602,-0.9559554164840343,False,,,False,not_yet_labelled,
residential-0081__lentor-mrt,residential-0081__lentor-mrt__cp_011,1.384608,103.836602,764.31,805.8,0.5376213921440972,0.011837429470486112,0.0785251193576389,0.04110378689236111,0.2048560248480903,0.06614176432291667,0.0,1,High sky exposure + high road exposure / low greenery,1,0.16012991704063662,-2.2398193025566706,False,,,False,not_yet_labelled,
residential-0081__lentor-mrt,residential-0081__lentor-mrt__cp_012,1.384716,103.836521,779.32,805.8,0.5356072319878472,0.027988009982638888,0.0865020751953125,0.021892971462673612,0.2454715304904514,0.0643768310546875,0.0,1,High sky exposure + high road exposure / low greenery,1,0.14845146114102328,-2.3136487415972735,False,,,False,not_yet_labelled,
residential-0082__hougang-mrt,residential-0082__hougang-mrt__cp_007,1.368863,103.894879,431.47,936.8,0.056711832682291664,0.3593631320529514,0.1851128472222222,0.014063517252604166,0.2253841824001736,0.0919460720486111,0.0,3,High greenery + high road exposure / low built frontage,0,-0.11683812371855655,0.20067722416453326,False,,,False,not_yet_labelled,
residential-0082__hougang-mrt,residential-0082__hougang-mrt__cp_008,1.369145,103.89461,474.8,936.8,0.11835564507378472,0.3318413628472222,0.2845492892795139,0.047083536783854164,0.1782446967230903,0.020087348090277776,0.0003255208333333333,3,High greenery + high road exposure / low built frontage,0,-0.2281132671641049,-0.009689528535046324,False,,,False,not_yet_labelled,
residential-0082__hougang-mrt,residential-0082__hougang-mrt__cp_009,1.369557,103.894637,520.71,936.8,0.2982059054904514,0.20422193739149305,0.07503594292534722,0.10327657063802083,0.22383287217881945,0.0984225802951389,0.0,1,High sky exposure + high road exposure / low greenery,0,0.6127440078129988,-0.4858806209386434,False,,,False,not_yet_labelled,
residential-0082__hougang-mrt,residential-0082__hougang-mrt__cp_010,1.36993,103.894231,582.01,936.8,0.3151618109809028,0.2006005181206597,0.1264580620659722,0.07480875651041667,0.20747884114583334,0.046498616536458336,0.004769219292534722,1,High sky exposure + high road exposure / low greenery,0,0.290550710963037,-0.6812427392086913,False,,,False,not_yet_labelled,
residential-0083__woodlands-mrt,residential-0083__woodlands-mrt__cp_000,1.433501,103.793306,0.0,1074.1,0.2523871527777778,0.3467051188151042,0.13083394368489584,0.044087727864583336,0.1420203314887153,0.03199598524305555,0.0,1,High sky exposure + high road exposure / low greenery,2,-0.41029030752223655,-0.07283311147774316,False,,,True,not_yet_labelled,
residential-0083__woodlands-mrt,residential-0083__woodlands-mrt__cp_007,1.434268,103.790212,432.9,1074.1,0.15751817491319445,0.2189364963107639,0.2697007921006944,0.03289455837673611,0.2425299750434028,0.029127332899305556,0.00018310546875,1,High sky exposure + high road exposure / low greenery,0,0.14678235302107082,-0.5934090854072954,False,,,True,not_yet_labelled,
residential-0083__woodlands-mrt,residential-0083__woodlands-mrt__cp_008,1.434504,103.789865,479.55,1074.1,0.2580295138888889,0.10620795355902778,0.2446475558810764,0.036997477213541664,0.3139699300130208,0.015735202365451388,0.0,1,High sky exposure + high road exposure / low greenery,0,0.6093471978013151,-1.228717526087783,False,,,True,not_yet_labelled,
residential-0083__woodlands-mrt,residential-0083__woodlands-mrt__cp_009,1.434773,103.789574,523.61,1074.1,0.2576276991102431,0.012841118706597222,0.2829928927951389,0.003704494900173611,0.2876773410373264,0.07736714680989583,0.00021870930989583334,1,High sky exposure + high road exposure / low greenery,1,0.3620278724051224,-1.9939299089112776,False,,,True,not_yet_labelled,
residential-0083__woodlands-mrt,residential-0083__woodlands-mrt__cp_010,1.43491,103.7892,567.88,1074.1,0.2853003607855903,0.009882609049479166,0.3097500271267361,0.005206637912326389,0.2837982177734375,0.018257988823784724,0.00018480088975694444,1,High sky exposure + high road exposure / low greenery,1,0.32671037946979575,-1.986306974424352,False,,,True,not_yet_labelled,
residential-0083__woodlands-mrt,residential-0083__woodlands-mrt__cp_011,1.434756,103.788777,617.92,1074.1,0.21130879720052084,0.0006306966145833334,0.2409278021918403,0.0007188585069444445,0.3933529324001736,0.0009494357638888889,0.0,0,High built frontage + high pedestrian space / low greenery,0,1.030604213266336,-1.5117650733854364,False,,,True,not_yet_labelled,
residential-0083__woodlands-mrt,residential-0083__woodlands-mrt__cp_012,1.434717,103.788371,663.26,1074.1,0.1886969672309028,0.007631089952256944,0.1935797797309028,0.016693115234375,0.3951839870876736,0.16896565755208334,0.0010918511284722222,0,High built frontage + high pedestrian space / low greenery,0,1.0887475406086047,-1.748577751577315,False,,,True,not_yet_labelled,
residential-0083__woodlands-mrt,residential-0083__woodlands-mrt__cp_013,1.43505,103.788303,701.06,1074.1,0.2933892144097222,0.07537163628472222,0.19729783799913195,0.004640367296006944,0.22361585828993055,0.006201850043402778,0.010230170355902778,1,High sky exposure + high road exposure / low greenery,1,0.11744874140247041,-1.409619470876892,False,,,True,not_yet_labelled,
residential-0083__woodlands-mrt,residential-0083__woodlands-mrt__cp_014,1.434935,103.78782,756.25,1074.1,0.4446580674913194,0.06662495930989583,0.1909366183810764,0.04614596896701389,0.1928626166449653,0.019677056206597224,0.0010121663411458333,1,High sky exposure + high road exposure / low greenery,1,0.03200040490253624,-1.8554068333884797,False,,,True,not_yet_labelled,
residential-0083__woodlands-mrt,residential-0083__woodlands-mrt__cp_015,1.435332,103.787739,801.3,1074.1,0.5214097764756944,0.007264879014756944,0.11495123969184028,0.019183688693576388,0.2212100558810764,0.06443956163194445,0.0005238850911458334,1,High sky exposure + high road exposure / low greenery,1,0.05366659907942933,-2.410443159854333,False,,,True,not_yet_labelled,
residential-0083__woodlands-mrt,residential-0083__woodlands-mrt__cp_016,1.435822,103.787864,857.53,1074.1,0.3906283908420139,9.1552734375e-05,0.231475830078125,0.050728691948784724,0.3058963351779514,0.0005917019314236111,0.0,1,High sky exposure + high road exposure / low greenery,1,0.7225715079232445,-1.923297306935018,False,,,True,not_yet_labelled,
residential-0083__woodlands-mrt,residential-0083__woodlands-mrt__cp_017,1.436081,103.787485,908.56,1074.1,0.3906283908420139,9.1552734375e-05,0.231475830078125,0.050728691948784724,0.3058963351779514,0.0005917019314236111,0.0,1,High sky exposure + high road exposure / low greenery,1,0.7225715079232445,-1.923297306935018,False,,,True,not_yet_labelled,
residential-0083__woodlands-mrt,residential-0083__woodlands-mrt__cp_018,1.43621,103.787587,926.85,1074.1,0.4021063910590278,0.004436916775173611,0.11785040961371528,0.07472398546006945,0.25958251953125,0.0,0.0,1,High sky exposure + high road exposure / low greenery,1,0.8651445487240357,-1.4653305269806582,False,,,True,not_yet_labelled,
residential-0084__tanah-merah-mrt,residential-0084__tanah-merah-mrt__cp_001,1.329913,103.939293,99.04,1409.8,0.18236796061197916,0.2614491780598958,0.17342631022135416,0.03792148166232639,0.2843339708116319,0.0605010986328125,0.0,0,High built frontage + high pedestrian space / low greenery,0,0.34713949738081123,-0.367533392256833,False,,,False,not_yet_labelled,
residential-0084__tanah-merah-mrt,residential-0084__tanah-merah-mrt__cp_002,1.329757,103.939636,140.93,1409.8,0.11551072862413195,0.4457210964626736,0.11211480034722222,0.1080661349826389,0.21590169270833334,0.0006222195095486111,0.0,3,High greenery + high road exposure / low built frontage,3,0.40533251323928887,1.233358455155975,False,,,False,not_yet_labelled,
residential-0084__tanah-merah-mrt,residential-0084__tanah-merah-mrt__cp_003,1.328987,103.939772,227.88,1409.8,0.04017469618055555,0.4583740234375,0.13656446668836805,0.019456651475694444,0.3024580213758681,0.0081329345703125,0.0025380452473958335,3,High greenery + high road exposure / low built frontage,2,0.20226972679104996,0.9989743415152254,False,,,False,not_yet_labelled,
residential-0084__tanah-merah-mrt,residential-0084__tanah-merah-mrt__cp_004,1.329091,103.940311,288.9,1409.8,0.1960211859809028,0.3491143120659722,0.12906901041666666,0.06563313802083333,0.233917236328125,0.025658501519097224,0.00044928656684027775,3,High greenery + high road exposure / low built frontage,3,0.21613927898215599,0.2581444702528592,False,,,False,not_yet_labelled,
residential-0084__tanah-merah-mrt,residential-0084__tanah-merah-mrt__cp_010,1.326148,103.942217,733.55,1409.8,0.0735812717013889,0.1081424289279514,0.00029669867621527775,0.041603936089409724,0.7478908962673612,0.0,0.0026872422960069445,0,High built frontage + high pedestrian space / low greenery,0,3.1728693286924026,0.1721821538310971,False,,,False,not_yet_labelled,
residential-0084__tanah-merah-mrt,residential-0084__tanah-merah-mrt__cp_011,1.326033,103.942493,766.79,1409.8,0.054219563802083336,0.1301083034939236,1.864963107638889e-05,0.0007798936631944445,0.6566382514105903,0.0,0.005683051215277778,0,High built frontage + high pedestrian space / low greenery,0,2.5016209496432715,0.15345041129806994,False,,,False,not_yet_labelled,
residential-0084__tanah-merah-mrt,residential-0084__tanah-merah-mrt__cp_012,1.326292,103.943284,859.32,1409.8,0.11872016059027778,0.10510084364149305,0.0018751356336805555,0.012420654296875,0.5638936360677084,0.0,5.086263020833333e-06,0,High built frontage + high pedestrian space / low greenery,0,2.1441390943749146,-0.0924579710978377,False,,,False,not_yet_labelled,
residential-0084__tanah-merah-mrt,residential-0084__tanah-merah-mrt__cp_013,1.326514,103.943818,923.61,1409.8,0.3456132676866319,0.059332953559027776,0.04164462619357639,0.1653205023871528,0.3141513400607639,0.06260172526041667,0.0013834635416666667,2,High pedestrian space + high built frontage / low road exposure,0,1.7543273897046476,-0.6217306931719535,False,,,False,not_yet_labelled,
residential-0084__tanah-merah-mrt,residential-0084__tanah-merah-mrt__cp_014,1.32677,103.944292,983.5,1409.8,0.071380615234375,0.1263953314887153,0.0,0.0005950927734375,0.7223019070095487,0.0,0.0,0,High built frontage + high pedestrian space / low greenery,0,2.74805940762105,0.04441356881712563,False,,,False,not_yet_labelled,
residential-0084__tanah-merah-mrt,residential-0084__tanah-merah-mrt__cp_015,1.32724,103.945384,1115.66,1409.8,0.3312106662326389,0.025407579210069444,0.1714935302734375,0.002234564887152778,0.3124711778428819,0.0,0.0,1,High sky exposure + high road exposure / low greenery,0,0.5650476429115756,-1.6626512491289627,False,,,False,not_yet_labelled,
residential-0084__tanah-merah-mrt,residential-0084__tanah-merah-mrt__cp_016,1.327509,103.946017,1192.12,1409.8,0.2815093994140625,0.019602457682291668,0.12356736924913195,0.004635281032986111,0.5407748752170138,0.0,0.0,0,High built frontage + high pedestrian space / low greenery,0,1.6994648765740623,-1.415011636842348,False,,,False,not_yet_labelled,
residential-0084__tanah-merah-mrt,residential-0084__tanah-merah-mrt__cp_017,1.327504,103.94558,1240.7,1409.8,0.2690226236979167,0.03487820095486111,0.1278652615017361,6.442599826388889e-05,0.2940758599175347,0.0,0.0,1,High sky exposure + high road exposure / low greenery,0,0.6365558255776667,-1.2508169170866499,False,,,False,not_yet_labelled,
residential-0084__tanah-merah-mrt,residential-0084__tanah-merah-mrt__cp_018,1.326965,103.945773,1304.36,1409.8,0.2970614963107639,0.03243679470486111,0.1318596733940972,0.0004323323567708333,0.3409220377604167,0.0,0.0,1,High sky exposure + high road exposure / low greenery,0,0.7809233631698455,-1.4017515438629575,False,,,False,not_yet_labelled,
residential-0085__braddell-mrt,residential-0085__braddell-mrt__cp_009,1.338332,103.85429,539.05,1613.8,0.0855865478515625,0.2977634006076389,0.3413119845920139,0.0016191270616319445,0.24619886610243055,0.0,0.0,3,High greenery + high road exposure / low built frontage,0,-0.20556420576164405,-0.34141007447869215,False,,,False,not_yet_labelled,
residential-0085__braddell-mrt,residential-0085__braddell-mrt__cp_010,1.337916,103.853926,600.51,1613.8,0.0855865478515625,0.2977634006076389,0.3413119845920139,0.0016191270616319445,0.24619886610243055,0.0,0.0,3,High greenery + high road exposure / low built frontage,0,-0.20556420576164405,-0.34141007447869215,False,,,False,not_yet_labelled,
residential-0085__braddell-mrt,residential-0085__braddell-mrt__cp_011,1.338129,103.853624,641.6,1613.8,0.20854695638020834,0.29486083984375,0.08388773600260417,0.034537421332465276,0.2692599826388889,0.10374281141493055,0.00043572319878472225,1,High sky exposure + high road exposure / low greenery,0,0.25206127043078314,-0.25398655984807095,False,,,False,not_yet_labelled,
residential-0085__braddell-mrt,residential-0085__braddell-mrt__cp_012,1.33848,103.853176,704.87,1613.8,0.2506459554036458,0.2955474853515625,0.08532545301649305,0.009746975368923612,0.19793531629774305,0.1517333984375,0.00021701388888888888,1,High sky exposure + high road exposure / low greenery,1,-0.33494668836597435,-0.6839315811834521,False,,,False,not_yet_labelled,
residential-0085__braddell-mrt,residential-0085__braddell-mrt__cp_013,1.338847,103.85284,760.19,1613.8,0.20452372233072916,0.1301812065972222,0.3001047770182292,0.022332085503472224,0.3116268581814236,0.0007137722439236111,0.0,1,High sky exposure + high road exposure / low greenery,0,0.4553430399688219,-1.1311454826363343,False,,,False,not_yet_labelled,
residential-0085__braddell-mrt,residential-0085__braddell-mrt__cp_014,1.339109,103.852498,808.09,1613.8,0.0537261962890625,0.4075775146484375,0.2488674587673611,0.023946126302083332,0.19871351453993055,0.06411064995659722,0.0,3,High greenery + high road exposure / low built frontage,0,-0.3471766011187508,0.3178323653589084,False,,,False,not_yet_labelled,
residential-0085__braddell-mrt,residential-0085__braddell-mrt__cp_015,1.339553,103.852295,862.37,1613.8,0.1040225558810764,0.3386213514539931,0.3039177788628472,0.003965589735243056,0.1329074435763889,0.11125352647569445,0.0,3,High greenery + high road exposure / low built frontage,0,-0.8239611568095574,-0.4976772696476157,False,,,False,not_yet_labelled,
residential-0085__braddell-mrt,residential-0085__braddell-mrt__cp_016,1.340089,103.851333,984.8,1613.8,0.23705037434895834,0.17332628038194445,0.281097412109375,0.1219635009765625,0.16351826985677084,0.0,0.00017462836371527778,1,High sky exposure + high road exposure / low greenery,0,0.411794059650539,-0.5136733884983999,False,,,False,not_yet_labelled,
residential-0085__braddell-mrt,residential-0085__braddell-mrt__cp_017,1.34052,103.850494,1089.66,1613.8,0.125,0.3865814208984375,0.2621799045138889,0.09996710883246528,0.11558024088541667,0.0,0.0,3,High greenery + high road exposure / low built frontage,0,-0.20035918152882073,0.5562665963731919,False,,,False,not_yet_labelled,
residential-0085__braddell-mrt,residential-0085__braddell-mrt__cp_018,1.340789,103.849927,1159.43,1613.8,0.023191663953993056,0.12620713975694445,0.08606465657552083,0.011342366536458334,0.0,0.7529313829210069,0.0,4,High vehicle presence + high road exposure / low greenery,4,-0.9378042494513807,-2.2442528357290845,False,,,False,not_yet_labelled,
residential-0085__braddell-mrt,residential-0085__braddell-mrt__cp_019,1.340891,103.849386,1220.63,1613.8,0.2576785617404514,0.3027784559461806,0.0859408908420139,0.08047654893663195,0.1545376247829861,0.11388990614149305,0.0,1,High sky exposure + high road exposure / low greenery,0,-0.018904540092514847,-0.19345241072609243,False,,,False,not_yet_labelled,
residential-0085__braddell-mrt,residential-0085__braddell-mrt__cp_020,1.340928,103.848866,1278.58,1613.8,0.2336883544921875,0.3398640950520833,0.12639024522569445,0.0741085476345486,0.16421000162760416,0.04130215115017361,0.0,1,High sky exposure + high road exposure / low greenery,0,-0.06590526042748208,0.10378219190668111,False,,,False,not_yet_labelled,
residential-0085__braddell-mrt,residential-0085__braddell-mrt__cp_021,1.340952,103.848394,1331.12,1613.8,0.2547573513454861,0.2848154703776042,0.09354654947916667,0.1420508490668403,0.2236209445529514,0.002310858832465278,0.00011020236545138889,2,High pedestrian space + high built frontage / low road exposure,0,0.8303498895343768,0.3986516284479115,False,,,False,not_yet_labelled,
residential-0085__braddell-mrt,residential-0085__braddell-mrt__cp_022,1.34097,103.847724,1405.62,1613.8,0.3129458957248264,0.042363484700520836,0.1264580620659722,0.032297770182291664,0.3843282063802083,0.04916551378038195,0.0,1,High sky exposure + high road exposure / low greenery,0,1.088724062249454,-1.4470921104303964,False,,,False,not_yet_labelled,
residential-0085__braddell-mrt,residential-0085__braddell-mrt__cp_023,1.340995,103.84724,1459.5,1613.8,0.3998989529079861,0.053368462456597224,0.15399678548177084,0.04212782118055555,0.2868194580078125,0.0017751057942708333,6.781684027777777e-06,1,High sky exposure + high road exposure / low greenery,1,0.5790570405843357,-1.598748365914527,False,,,False,not_yet_labelled,
residential-0085__braddell-mrt,residential-0085__braddell-mrt__cp_024,1.340858,103.846761,1514.88,1613.8,0.17622884114583334,0.13765462239583334,0.07555135091145833,0.24221293131510416,0.3255106608072917,0.002032809787326389,0.0,2,High pedestrian space + high built frontage / low road exposure,3,2.4445530893378615,0.7808423744311656,False,,,False,not_yet_labelled,
residential-0086__tongkang-mrt,residential-0086__tongkang-mrt__cp_007,1.380687,103.879245,457.84,2485.5,0.22236760457356772,0.26528294881184894,0.1352055867513021,0.13757960001627603,0.24115880330403647,0.0,0.0,2,High pedestrian space + high built frontage / low road exposure,0,0.9030199815103517,0.3201610742291226,False,,,True,not_yet_labelled,
residential-0086__tongkang-mrt,residential-0086__tongkang-mrt__cp_008,1.381125,103.879205,506.75,2485.5,0.4091377258300781,0.12015914916992188,0.2637646993001302,0.029890696207682293,0.17161178588867188,0.0006815592447916666,0.0,1,High sky exposure + high road exposure / low greenery,1,-0.33604466718561804,-1.7808213965690636,False,,,True,not_yet_labelled,
residential-0086__tongkang-mrt,residential-0086__tongkang-mrt__cp_009,1.381533,103.879249,552.38,2485.5,0.48230616251627606,0.19042460123697916,0.2382939656575521,0.043560028076171875,0.04327265421549479,0.0,0.0,1,High sky exposure + high road exposure / low greenery,1,-1.0123266684842331,-1.6608720426090942,False,,,True,not_yet_labelled,
residential-0086__tongkang-mrt,residential-0086__tongkang-mrt__cp_010,1.381986,103.879342,603.8,2485.5,0.4420280456542969,0.2278289794921875,0.2662061055501302,0.03705469767252604,0.009671529134114584,0.000118255615234375,0.0004170735677083333,1,High sky exposure + high road exposure / low greenery,1,-1.2593697558982304,-1.489151094229064,False,,,True,not_yet_labelled,
residential-0086__tongkang-mrt,residential-0086__tongkang-mrt__cp_011,1.382802,103.879713,703.47,2485.5,0.4322547912597656,0.20120112101236978,0.20425033569335938,0.0668652852376302,0.0762926737467448,0.008939107259114584,0.0,1,High sky exposure + high road exposure / low greenery,1,-0.6043470825324132,-1.2492546914180622,False,,,True,not_yet_labelled,
residential-0086__tongkang-mrt,residential-0086__tongkang-mrt__cp_012,1.383394,103.880064,779.99,2485.5,0.4322547912597656,0.20120112101236978,0.20425033569335938,0.0668652852376302,0.0762926737467448,0.008939107259114584,0.0,1,High sky exposure + high road exposure / low greenery,1,-0.6043470825324132,-1.2492546914180622,False,,,True,not_yet_labelled,
residential-0086__tongkang-mrt,residential-0086__tongkang-mrt__cp_025,1.390887,103.881982,1737.34,2485.5,0.05393812391493055,0.3801371256510417,0.08286200629340278,0.0028279622395833335,0.3975779215494792,0.019726223415798612,0.0,0,High built frontage + high pedestrian space / low greenery,0,0.71557914258538,0.7093886967652581,False,,,True,not_yet_labelled,
residential-0086__tongkang-mrt,residential-0086__tongkang-mrt__cp_026,1.39161,103.881932,1817.93,2485.5,0.1561669243706597,0.0691867404513889,0.08131578233506945,0.006468031141493056,0.6592678493923612,0.006640964084201389,0.0005306667751736111,0,High built frontage + high pedestrian space / low greenery,0,2.3676425598305535,-0.690281501768552,False,,,True,not_yet_labelled,
residential-0086__tongkang-mrt,residential-0086__tongkang-mrt__cp_027,1.391387,103.882392,1874.76,2485.5,0.06966654459635417,0.3706241183810764,0.09363301595052083,0.06418863932291667,0.3279605441623264,0.031990898980034724,0.0,0,High built frontage + high pedestrian space / low greenery,0,0.8166653029291951,0.8757007605715947,False,,,True,not_yet_labelled,
residential-0086__tongkang-mrt,residential-0086__tongkang-mrt__cp_028,1.3909,103.883184,1978.12,2485.5,0.17690022786458334,0.4127977159288194,0.08235337999131945,0.005596584743923611,0.22451612684461805,0.0,0.0,3,High greenery + high road exposure / low built frontage,0,-0.2433031641720682,0.4663784086221638,False,,,True,not_yet_labelled,
residential-0086__tongkang-mrt,residential-0086__tongkang-mrt__cp_029,1.390649,103.883586,2030.81,2485.5,0.22682020399305555,0.11366780598958333,0.09255303276909722,0.050833808051215276,0.5112931993272569,0.0,0.0,0,High built frontage + high pedestrian space / low greenery,0,1.8283837247095156,-0.5706347110508618,False,,,True,not_yet_labelled,
residential-0086__tongkang-mrt,residential-0086__tongkang-mrt__cp_030,1.390345,103.884077,2095.01,2485.5,0.07931009928385417,0.4004279242621528,0.08636305067274305,0.022625393337673612,0.3832668728298611,0.0004950629340277778,0.0,0,High built frontage + high pedestrian space / low greenery,0,0.7150134791946616,0.8276359069809321,False,,,True,not_yet_labelled,
residential-0086__tongkang-mrt,residential-0086__tongkang-mrt__cp_031,1.390061,103.884562,2157.49,2485.5,0.1720513237847222,0.322357177734375,0.09771728515625,0.009775797526041666,0.3889516194661458,0.00019497341579861112,0.0,0,High built frontage + high pedestrian space / low greenery,0,0.6493361506835014,0.11522693397680157,False,,,True,not_yet_labelled,
residential-0086__tongkang-mrt,residential-0086__tongkang-mrt__cp_032,1.389643,103.885173,2239.79,2485.5,0.11684332953559028,0.4893595377604167,0.10299852159288195,0.006812201605902778,0.2527906629774306,0.0,0.0,3,High greenery + high road exposure / low built frontage,0,-0.22702311553682025,0.8722833174506227,False,,,True,not_yet_labelled,
residential-0086__tongkang-mrt,residential-0086__tongkang-mrt__cp_033,1.389621,103.885644,2292.2,2485.5,0.11115858289930555,0.3602396647135417,0.2578548855251736,0.023520575629340276,0.2433132595486111,0.0,0.0,3,High greenery + high road exposure / low built frontage,0,-0.1109246326847018,0.11237446191500373,False,,,True,not_yet_labelled,
residential-0086__tongkang-mrt,residential-0086__tongkang-mrt__cp_034,1.38935,103.886068,2348.15,2485.5,0.026787651909722224,0.011401706271701388,0.0750461154513889,0.05720689561631945,0.8319854736328125,4.4080946180555555e-05,0.0,0,High built frontage + high pedestrian space / low greenery,0,3.7999631456349734,-0.12077230632821247,False,,,True,not_yet_labelled,
residential-0087__bukit-gombak-mrt,residential-0087__bukit-gombak-mrt__cp_004,1.359857,103.750725,229.75,498.1,0.2552931043836806,0.230926513671875,0.020787556966145832,0.053538004557291664,0.17466227213541666,0.2563442654079861,0.0,1,High sky exposure + high road exposure / low greenery,1,0.021408689173865656,-0.8300521571668084,False,,,True,not_yet_labelled,
residential-0087__bukit-gombak-mrt,residential-0087__bukit-gombak-mrt__cp_005,1.359891,103.751399,304.77,498.1,0.2853207058376736,0.20077684190538195,0.17103407118055555,0.020501030815972224,0.2803870307074653,0.04104953342013889,0.0,1,High sky exposure + high road exposure / low greenery,1,0.1951634486300755,-0.9792256232472399,False,,,True,not_yet_labelled,
residential-0087__bukit-gombak-mrt,residential-0087__bukit-gombak-mrt__cp_006,1.359704,103.751714,345.49,498.1,0.07397630479600695,0.234771728515625,0.2344173855251736,0.017713758680555556,0.18443467881944445,0.2532585991753472,0.0,1,High sky exposure + high road exposure / low greenery,1,-0.2451135373849638,-0.9156281216922402,False,,,True,not_yet_labelled,
residential-0087__bukit-gombak-mrt,residential-0087__bukit-gombak-mrt__cp_007,1.359219,103.751729,399.45,498.1,0.3138020833333333,0.2400885687934028,0.10836283365885417,0.03375244140625,0.1906094021267361,0.053078545464409724,0.00021192762586805556,1,High sky exposure + high road exposure / low greenery,0,-0.12497789641358571,-0.719389464525046,False,,,True,not_yet_labelled,
residential-0087__bukit-gombak-mrt,residential-0087__bukit-gombak-mrt__cp_008,1.359016,103.751734,422.02,498.1,0.08573277791341145,0.048731486002604164,0.062121073404947914,0.34314854939778644,0.37146886189778644,0.023230234781901043,0.0,2,High pedestrian space + high built frontage / low road exposure,3,3.6925184451579485,1.3280548458432568,False,,,True,not_yet_labelled,
residential-0088__yishun-mrt,residential-0088__yishun-mrt__cp_002,1.434039,103.829203,148.64,1341.1,0.052469889322916664,0.3548227945963542,0.3185085720486111,0.017088148328993056,0.2393764919704861,0.007849799262152778,0.0,3,High greenery + high road exposure / low built frontage,0,-0.1693345206197945,0.08903660284092768,False,,,True,not_yet_labelled,
residential-0088__yishun-mrt,residential-0088__yishun-mrt__cp_003,1.433711,103.829374,189.77,1341.1,0.004572550455729167,0.2645924886067708,0.22318861219618055,0.005847507052951389,0.4964616563585069,0.0,0.0,0,High built frontage + high pedestrian space / low greenery,0,1.2704153401084164,0.16626854909889824,False,,,True,not_yet_labelled,
residential-0088__yishun-mrt,residential-0088__yishun-mrt__cp_004,1.433014,103.829422,267.46,1341.1,0.009977552625868056,0.3234948052300347,0.2613847520616319,0.028547498914930556,0.3238728841145833,0.04707675509982639,0.0,0,High built frontage + high pedestrian space / low greenery,0,0.46226525825986514,0.22953446692554796,False,,,True,not_yet_labelled,
residential-0088__yishun-mrt,residential-0088__yishun-mrt__cp_005,1.432151,103.829473,363.59,1341.1,0.1406589084201389,0.09812249077690972,0.2318047417534722,0.037775675455729164,0.3295864529079861,0.1592339409722222,1.6954210069444444e-06,0,High built frontage + high pedestrian space / low greenery,0,0.7833109819747692,-1.2319839060598075,False,,,True,not_yet_labelled,
residential-0088__yishun-mrt,residential-0088__yishun-mrt__cp_006,1.431663,103.829509,418.0,1341.1,0.04754299587673611,0.17805650499131945,0.21076456705729166,0.02276611328125,0.3717007107204861,0.11355082194010417,0.029242621527777776,0,High built frontage + high pedestrian space / low greenery,0,0.9111440674965359,-0.4837703606367943,False,,,True,not_yet_labelled,
residential-0088__yishun-mrt,residential-0088__yishun-mrt__cp_007,1.431089,103.829544,481.94,1341.1,0.1203189425998264,0.09549797905815972,0.19835408528645834,0.08818901909722222,0.3527442084418403,0.14511277940538195,0.0,0,High built frontage + high pedestrian space / low greenery,0,1.3382254299493648,-0.7654620433425012,False,,,True,not_yet_labelled,
residential-0088__yishun-mrt,residential-0088__yishun-mrt__cp_008,1.430607,103.829576,535.66,1341.1,0.20455763075086805,0.1952124701605903,0.2918056911892361,0.023040771484375,0.24157884385850695,0.005154079861111111,0.0010359022352430555,1,High sky exposure + high road exposure / low greenery,0,0.03320499651107624,-0.8905419602671408,False,,,True,not_yet_labelled,
residential-0088__yishun-mrt,residential-0088__yishun-mrt__cp_009,1.430212,103.829675,580.94,1341.1,0.4240485297309028,0.13369242350260416,0.2047119140625,0.015367296006944444,0.1870795355902778,0.028661092122395832,0.006125556098090278,1,High sky exposure + high road exposure / low greenery,1,-0.35502100438960793,-1.7920816068565082,False,,,True,not_yet_labelled,
residential-0088__yishun-mrt,residential-0088__yishun-mrt__cp_010,1.430326,103.830486,671.97,1341.1,0.0660400390625,0.3390672471788194,0.1710849338107639,0.021564059787326388,0.1588524712456597,0.006020439995659722,0.1317206488715278,3,High greenery + high road exposure / low built frontage,0,-0.1988036242861697,0.5033711460317345,False,,,True,not_yet_labelled,
residential-0088__yishun-mrt,residential-0088__yishun-mrt__cp_011,1.430392,103.831502,785.15,1341.1,0.2768741183810764,0.2587517632378472,0.13213602701822916,0.0847930908203125,0.21253797743055555,0.011449178059895834,0.0,1,High sky exposure + high road exposure / low greenery,0,0.33687906925040983,-0.200050620795177,False,,,True,not_yet_labelled,
residential-0088__yishun-mrt,residential-0088__yishun-mrt__cp_012,1.430383,103.832053,846.41,1341.1,0.025612725151909724,0.1647304958767361,0.18382771809895834,0.014550103081597222,0.3030598958333333,0.3075154622395833,0.0,0,High built frontage + high pedestrian space / low greenery,1,0.49917370111763487,-1.0273908274150658,False,,,True,not_yet_labelled,
residential-0088__yishun-mrt,residential-0088__yishun-mrt__cp_013,1.430367,103.832537,900.24,1341.1,0.039559258355034724,0.027384440104166668,0.3045586480034722,0.03139919704861111,0.542999267578125,0.04583401150173611,0.002037896050347222,0,High built frontage + high pedestrian space / low greenery,0,1.9377409471155096,-0.9957790368649623,False,,,True,not_yet_labelled,
residential-0088__yishun-mrt,residential-0088__yishun-mrt__cp_014,1.430354,103.833223,976.51,1341.1,0.018636067708333332,0.4346533881293403,0.24499003092447916,0.023264567057291668,0.2633277045355903,0.0,0.00014580620659722222,3,High greenery + high road exposure / low built frontage,0,-0.019210357840223305,0.7426175417947557,False,,,True,not_yet_labelled,
residential-0088__yishun-mrt,residential-0088__yishun-mrt__cp_015,1.43033,103.833751,1035.26,1341.1,0.13346693250868055,0.3843214246961806,0.2600606282552083,0.003757052951388889,0.1369510226779514,0.051430596245659724,0.0,3,High greenery + high road exposure / low built frontage,0,-0.8311023914396578,-0.14096752596754736,False,,,True,not_yet_labelled,
residential-0088__yishun-mrt,residential-0088__yishun-mrt__cp_016,1.430299,103.834384,1105.71,1341.1,0.10984293619791667,0.11695692274305555,0.2950727674696181,0.025917900933159724,0.3115997314453125,0.12104288736979167,0.005296495225694444,0,High built frontage + high pedestrian space / low greenery,0,0.5660968951928463,-1.1662129867360067,False,,,True,not_yet_labelled,
residential-0088__yishun-mrt,residential-0088__yishun-mrt__cp_017,1.430289,103.834947,1168.3,1341.1,0.12544759114583334,0.08610026041666667,0.2836761474609375,0.0792728000217014,0.3815714518229167,0.007605658637152778,0.003833346896701389,0,High built frontage + high pedestrian space / low greenery,0,1.394638518993735,-0.6644178806434999,False,,,True,not_yet_labelled,
residential-0088__yishun-mrt,residential-0088__yishun-mrt__cp_018,1.429451,103.835165,1264.59,1341.1,0.002204047309027778,0.022269354926215276,0.2522396511501736,0.10093180338541667,0.5885348849826388,0.0,0.019492255316840276,0,High built frontage + high pedestrian space / low greenery,0,2.8149033506328447,-0.21578341255103883,False,,,True,not_yet_labelled,
residential-0088__yishun-mrt,residential-0088__yishun-mrt__cp_019,1.429383,103.835049,1279.53,1341.1,0.007476806640625,0.03925916883680555,0.2359992133246528,0.1364864773220486,0.5310889350043403,0.0,0.04577975802951389,0,High built frontage + high pedestrian space / low greenery,0,2.804009079933147,0.06526156401139593,False,,,True,not_yet_labelled,
residential-0089__tiong-bahru-mrt,residential-0089__tiong-bahru-mrt__cp_000,1.27754,103.821706,0.0,1485.8,0.2191162109375,0.32773590087890625,0.34079869588216144,0.0,0.08225758870442708,0.016743977864583332,0.0,1,High sky exposure + high road exposure / low greenery,0,-1.2051361884831457,-0.7855685846638968,False,,,False,not_yet_labelled,
residential-0089__tiong-bahru-mrt,residential-0089__tiong-bahru-mrt__cp_001,1.277557,103.822121,46.17,1485.8,0.21060943603515625,0.37699635823567706,0.3295427958170573,0.0033238728841145835,0.05282465616861979,0.020867665608723957,0.0,3,High greenery + high road exposure / low built frontage,0,-1.3862461384619282,-0.5521116690336759,False,,,False,not_yet_labelled,
residential-0089__tiong-bahru-mrt,residential-0089__tiong-bahru-mrt__cp_002,1.277719,103.822704,113.44,1485.8,0.0985904269748264,0.4084337022569444,0.3190680609809028,0.0017479790581597222,0.03383043077256945,0.010732014973958334,0.0,3,High greenery + high road exposure / low built frontage,0,-1.3245418911772775,0.06353322736299556,False,,,False,not_yet_labelled,
residential-0089__tiong-bahru-mrt,residential-0089__tiong-bahru-mrt__cp_003,1.277672,103.823208,169.71,1485.8,0.0985904269748264,0.4084337022569444,0.3190680609809028,0.0017479790581597222,0.03383043077256945,0.010732014973958334,0.0,3,High greenery + high road exposure / low built frontage,0,-1.3245418911772775,0.06353322736299556,False,,,False,not_yet_labelled,
residential-0089__tiong-bahru-mrt,residential-0089__tiong-bahru-mrt__cp_004,1.277906,103.82351,212.19,1485.8,0.028027004665798612,0.5658077663845487,0.3570963541666667,0.005374484592013889,0.032826741536458336,0.002170138888888889,0.0,3,High greenery + high road exposure / low built frontage,0,-1.6014732736621347,0.7571792682385388,False,,,False,not_yet_labelled,
residential-0089__tiong-bahru-mrt,residential-0089__tiong-bahru-mrt__cp_005,1.278372,103.823532,264.06,1485.8,0.3290354410807292,0.2606302897135417,0.2046288384331597,0.0035688612196180555,0.0,0.08491007486979167,0.0,1,High sky exposure + high road exposure / low greenery,1,-1.3850076683128616,-1.1945985981490943,False,,,False,not_yet_labelled,
residential-0089__tiong-bahru-mrt,residential-0089__tiong-bahru-mrt__cp_006,1.27894,103.823592,327.57,1485.8,0.2877027723524306,0.4261135525173611,0.19090440538194445,0.010516696506076388,0.03649563259548611,0.023006863064236112,0.0,1,High sky exposure + high road exposure / low greenery,2,-1.4133286275972343,-0.25178194798749065,False,,,False,not_yet_labelled,
residential-0089__tiong-bahru-mrt,residential-0089__tiong-bahru-mrt__cp_007,1.279188,103.823863,368.41,1485.8,0.1270412868923611,0.4624803331163194,0.2869873046875,0.025672064887152776,0.044821845160590276,0.051903618706597224,0.0,3,High greenery + high road exposure / low built frontage,0,-1.2738519550107001,0.18508790342100198,False,,,False,not_yet_labelled,
residential-0089__tiong-bahru-mrt,residential-0089__tiong-bahru-mrt__cp_008,1.280012,103.82389,460.09,1485.8,0.018952687581380207,0.6236483256022135,0.2820231119791667,0.0012957255045572917,0.035481770833333336,0.020634969075520832,0.0,3,High greenery + high road exposure / low built frontage,2,-1.6245401768581391,1.1166722241999323,False,,,False,not_yet_labelled,
residential-0089__tiong-bahru-mrt,residential-0089__tiong-bahru-mrt__cp_009,1.281071,103.823864,577.88,1485.8,0.2276526557074653,0.3564995659722222,0.08066643608940972,0.056854248046875,0.2493930392795139,0.004981146918402778,0.0011834038628472222,3,High greenery + high road exposure / low built frontage,0,0.2510097195490845,0.3225454345346507,False,,,False,not_yet_labelled,
residential-0089__tiong-bahru-mrt,residential-0089__tiong-bahru-mrt__cp_010,1.281501,103.823936,626.36,1485.8,0.3420783148871528,0.3278418646918403,0.2045966254340278,0.016628689236111112,0.07251824273003472,0.03152804904513889,0.0,1,High sky exposure + high road exposure / low greenery,2,-1.123576637071663,-0.8262102446368855,False,,,False,not_yet_labelled,
residential-0089__tiong-bahru-mrt,residential-0089__tiong-bahru-mrt__cp_011,1.281966,103.824088,680.75,1485.8,0.1666802300347222,0.34228515625,0.3356814914279514,0.0140228271484375,0.05652025010850695,0.08480326334635417,0.0,3,High greenery + high road exposure / low built frontage,0,-1.2141457576402097,-0.6656667986530032,False,,,False,not_yet_labelled,
residential-0089__tiong-bahru-mrt,residential-0089__tiong-bahru-mrt__cp_012,1.282547,103.824297,749.41,1485.8,0.31754175821940106,0.3093147277832031,0.22857030232747397,0.030033111572265625,0.042858123779296875,0.034694671630859375,0.0,1,High sky exposure + high road exposure / low greenery,2,-1.1119577385400368,-0.7890061253872144,False,,,False,not_yet_labelled,
residential-0089__tiong-bahru-mrt,residential-0089__tiong-bahru-mrt__cp_013,1.283421,103.824731,857.91,1485.8,0.1843897501627604,0.4810791015625,0.20339202880859375,0.005457560221354167,0.04128138224283854,0.054372151692708336,0.0,3,High greenery + high road exposure / low built frontage,2,-1.4279457810736604,0.16014961265106356,False,,,False,not_yet_labelled,
residential-0089__tiong-bahru-mrt,residential-0089__tiong-bahru-mrt__cp_014,1.284156,103.825059,947.4,1485.8,0.060391743977864586,0.41353607177734375,0.2169774373372396,0.0,0.2352269490559896,0.012137095133463541,0.0,3,High greenery + high road exposure / low built frontage,0,-0.2817428082583319,0.4507409213110655,False,,,False,not_yet_labelled,
residential-0089__tiong-bahru-mrt,residential-0089__tiong-bahru-mrt__cp_015,1.284641,103.825238,1004.89,1485.8,0.11302439371744792,0.3788261413574219,0.18073399861653647,0.007536570231119792,0.057643890380859375,0.24920654296875,0.0,3,High greenery + high road exposure / low built frontage,1,-1.1379679371902427,-0.45415077139012383,False,,,False,not_yet_labelled,
residential-0089__tiong-bahru-mrt,residential-0089__tiong-bahru-mrt__cp_016,1.285296,103.825338,1078.56,1485.8,0.059923807779947914,0.3872795104980469,0.20302963256835938,0.0020090738932291665,0.009546915690104166,0.3329760233561198,0.000888824462890625,3,High greenery + high road exposure / low built frontage,1,-1.4206771979913415,-0.5761044283490125,False,,,False,not_yet_labelled,
residential-0089__tiong-bahru-mrt,residential-0089__tiong-bahru-mrt__cp_017,1.285792,103.825396,1134.09,1485.8,0.09458033243815105,0.37726593017578125,0.19390741984049478,0.0032412211100260415,0.035006205240885414,0.2879689534505208,0.00067901611328125,3,High greenery + high road exposure / low built frontage,1,-1.2852817332444002,-0.5692664500461461,False,,,False,not_yet_labelled,
residential-0089__tiong-bahru-mrt,residential-0089__tiong-bahru-mrt__cp_018,1.286012,103.825961,1201.5,1485.8,0.00021870930989583334,0.4678993225097656,0.46691004435221356,0.009127298990885416,0.045407613118489586,0.0,0.0,3,High greenery + high road exposure / low built frontage,0,-1.4376749019872173,0.25433096419216145,False,,,False,not_yet_labelled,
residential-0089__tiong-bahru-mrt,residential-0089__tiong-bahru-mrt__cp_019,1.285951,103.826567,1269.2,1485.8,0.01558685302734375,0.33074951171875,0.4358075459798177,0.054522196451822914,0.00675201416015625,0.0833905537923177,0.0,3,High greenery + high road exposure / low built frontage,0,-1.0216683047534252,-0.17162141457202545,False,,,False,not_yet_labelled,
residential-0089__tiong-bahru-mrt,residential-0089__tiong-bahru-mrt__cp_020,1.285867,103.827054,1324.14,1485.8,0.0012067159016927083,0.09726460774739583,0.6099828084309896,0.0919342041015625,0.12482070922851562,0.028006235758463543,0.041142781575520836,1,High sky exposure + high road exposure / low greenery,0,0.036041935884445084,-1.0341284009991076,False,,,False,not_yet_labelled,
residential-0089__tiong-bahru-mrt,residential-0089__tiong-bahru-mrt__cp_021,1.286003,103.827445,1370.16,1485.8,0.025857289632161457,0.4318860371907552,0.28519312540690106,0.019343058268229168,0.13434855143229166,0.005349477132161458,0.00023142496744791666,3,High greenery + high road exposure / low built frontage,0,-0.6554578245255818,0.597188707739693,False,,,False,not_yet_labelled,
residential-0089__tiong-bahru-mrt,residential-0089__tiong-bahru-mrt__cp_022,1.286073,103.827247,1393.51,1485.8,0.0614776611328125,0.37249755859375,0.1688961452907986,0.1389227973090278,0.16093953450520834,0.034184773763020836,0.006505330403645833,2,High pedestrian space + high built frontage / low road exposure,3,0.524439103263622,1.1159704187250625,False,,,False,not_yet_labelled,
residential-0090__sembawang-mrt,residential-0090__sembawang-mrt__cp_000,1.460432,103.819759,0.0,1855.4,0.3103146023220486,0.4162343343098958,0.1139797634548611,0.017884996202256944,0.04195827907986111,0.08162434895833333,0.0,1,High sky exposure + high road exposure / low greenery,1,-1.2810621801701623,-0.30190793843096664,False,,,True,not_yet_labelled,
residential-0090__sembawang-mrt,residential-0090__sembawang-mrt__cp_001,1.460037,103.820549,98.19,1855.4,0.2714335123697917,0.4840562608506944,0.15275065104166666,0.026899549696180556,0.020607842339409724,0.00732421875,0.0,3,High greenery + high road exposure / low built frontage,2,-1.3897093381544858,0.2493229317154652,False,,,True,not_yet_labelled,
residential-0090__sembawang-mrt,residential-0090__sembawang-mrt__cp_002,1.459463,103.821528,224.35,1855.4,0.2783135308159722,0.4811570909288194,0.12740580240885416,0.0018259684244791667,0.0,0.09867180718315972,0.0,3,High greenery + high road exposure / low built frontage,1,-1.6974798443871595,-0.13723065697205042,False,,,True,not_yet_labelled,
residential-0090__sembawang-mrt,residential-0090__sembawang-mrt__cp_003,1.459101,103.82223,312.15,1855.4,0.22896830240885416,0.5046946207682291,0.1549411349826389,0.022288004557291668,0.031211005316840276,0.026404486762152776,0.00041368272569444444,3,High greenery + high road exposure / low built frontage,2,-1.3742241772468644,0.38444303101075683,False,,,True,not_yet_labelled,
residential-0090__sembawang-mrt,residential-0090__sembawang-mrt__cp_004,1.458813,103.822624,366.41,1855.4,0.3366546630859375,0.29982757568359375,0.29026031494140625,0.00579071044921875,0.0057125091552734375,0.00165557861328125,0.03669548034667969,1,High sky exposure + high road exposure / low greenery,1,-1.5166906634554183,-1.0774319931107585,False,,,True,not_yet_labelled,
residential-0090__sembawang-mrt,residential-0090__sembawang-mrt__cp_005,1.458243,103.82234,437.22,1855.4,0.2661247253417969,0.3030834197998047,0.1869525909423828,0.0003681182861328125,0.02416229248046875,0.0,0.001953125,1,High sky exposure + high road exposure / low greenery,2,-1.1829406704241148,-0.49251081016829784,False,,,True,not_yet_labelled,
residential-0090__sembawang-mrt,residential-0090__sembawang-mrt__cp_006,1.457426,103.821732,550.44,1855.4,0.20289442274305555,0.4489525689019097,0.3119998508029514,0.007880316840277778,0.023841010199652776,0.0,0.0,3,High greenery + high road exposure / low built frontage,0,-1.5754513702046098,-0.14219830608595385,False,,,True,not_yet_labelled,
residential-0090__sembawang-mrt,residential-0090__sembawang-mrt__cp_007,1.45705,103.821402,606.06,1855.4,0.15430196126302084,0.4793362087673611,0.0,0.0,0.0,0.0,0.0,3,High greenery + high road exposure / low built frontage,2,-1.1732069299937038,1.080109073963291,False,,,True,not_yet_labelled,
residential-0090__sembawang-mrt,residential-0090__sembawang-mrt__cp_008,1.456345,103.820638,721.64,1855.4,0.23887803819444445,0.4419657389322917,0.2339630126953125,0.012315538194444444,0.006841023763020833,0.031834920247395836,0.0,3,High greenery + high road exposure / low built frontage,2,-1.5571853760935492,-0.14783308846390475,False,,,True,not_yet_labelled,
residential-0090__sembawang-mrt,residential-0090__sembawang-mrt__cp_009,1.455947,103.820284,780.86,1855.4,0.2695888943142361,0.3543972439236111,0.15147569444444445,0.007137722439236111,0.047342936197916664,0.0,0.0019361707899305555,1,High sky exposure + high road exposure / low greenery,2,-1.1044569385476852,-0.21732091276547771,False,,,True,not_yet_labelled,
residential-0090__sembawang-mrt,residential-0090__sembawang-mrt__cp_010,1.455559,103.820076,829.81,1855.4,0.3246493869357639,0.2469295925564236,0.2534722222222222,0.0996280246310764,0.061803181966145836,0.0,0.0,1,High sky exposure + high road exposure / low greenery,0,-0.4329614518168932,-0.6276486301398122,False,,,True,not_yet_labelled,
residential-0090__sembawang-mrt,residential-0090__sembawang-mrt__cp_011,1.455184,103.819709,888.14,1855.4,0.14617538452148438,0.5726737976074219,0.1834850311279297,0.000392913818359375,0.013792037963867188,0.0059261322021484375,0.07762908935546875,3,High greenery + high road exposure / low built frontage,2,-1.6384324016121619,0.8061865340917572,False,,,True,not_yet_labelled,
residential-0090__sembawang-mrt,residential-0090__sembawang-mrt__cp_012,1.454728,103.819329,954.14,1855.4,0.20695877075195312,0.49761009216308594,0.1823253631591797,0.0025177001953125,0.05078125,0.0003833770751953125,0.0592803955078125,3,High greenery + high road exposure / low built frontage,2,-1.3974046973195224,0.3499875235897218,False,,,True,not_yet_labelled,
residential-0090__sembawang-mrt,residential-0090__sembawang-mrt__cp_013,1.454117,103.819225,1023.05,1855.4,0.36865234375,0.2774467468261719,0.2289257049560547,0.00017547607421875,0.05762672424316406,0.003208160400390625,0.05936431884765625,1,High sky exposure + high road exposure / low greenery,1,-1.2421293851728792,-1.140505218843212,False,,,True,not_yet_labelled,
residential-0090__sembawang-mrt,residential-0090__sembawang-mrt__cp_014,1.453419,103.819495,1106.27,1855.4,0.0625491672092014,0.23035176595052084,0.3325890435112847,0.026967366536458332,0.3452487521701389,0.0,0.0016191270616319445,0,High built frontage + high pedestrian space / low greenery,0,0.5852971685264774,-0.3415454543456502,False,,,True,not_yet_labelled,
residential-0090__sembawang-mrt,residential-0090__sembawang-mrt__cp_015,1.452975,103.819777,1164.75,1855.4,0.022649129231770832,0.2547454833984375,0.3066440158420139,0.04731580946180555,0.3671586778428819,0.0,0.0010782877604166667,0,High built frontage + high pedestrian space / low greenery,0,0.8730796590577786,0.06588358507850034,False,,,True,not_yet_labelled,
residential-0090__sembawang-mrt,residential-0090__sembawang-mrt__cp_016,1.45233,103.820168,1248.61,1855.4,0.005087958441840278,0.4284651014539931,0.3167300754123264,0.002875434027777778,0.24027845594618055,0.0,0.0,3,High greenery + high road exposure / low built frontage,0,-0.3401934178994753,0.46563668904711003,False,,,True,not_yet_labelled,
residential-0090__sembawang-mrt,residential-0090__sembawang-mrt__cp_017,1.452019,103.82039,1291.1,1855.4,0.12437608506944445,0.1035732693142361,0.318267822265625,0.030183580186631944,0.369873046875,0.019595675998263888,0.03137037489149305,0,High built frontage + high pedestrian space / low greenery,0,0.8988698208715975,-0.993701803677521,False,,,True,not_yet_labelled,
residential-0090__sembawang-mrt,residential-0090__sembawang-mrt__cp_018,1.451639,103.820613,1340.09,1855.4,0.07105636596679688,0.36028289794921875,0.054996490478515625,0.1807689666748047,0.21665382385253906,0.002452850341796875,0.09260368347167969,2,High pedestrian space + high built frontage / low road exposure,3,1.2802267857883396,1.684575201136383,False,,,True,not_yet_labelled,
residential-0090__sembawang-mrt,residential-0090__sembawang-mrt__cp_019,1.451004,103.821002,1422.88,1855.4,0.0005120171440972222,0.3059455023871528,0.3153211805555556,0.0634494357638889,0.2962799072265625,0.0,0.016089545355902776,0,High built frontage + high pedestrian space / low greenery,0,0.5991491561757222,0.39393879780777574,False,,,True,not_yet_labelled,
residential-0090__sembawang-mrt,residential-0090__sembawang-mrt__cp_020,1.450557,103.821246,1479.51,1855.4,0.0,0.3441704644097222,0.17210218641493055,0.07994249131944445,0.3454149034288194,0.0,0.0,0,High built frontage + high pedestrian space / low greenery,0,1.0743535359853007,1.0153412324900903,False,,,True,not_yet_labelled,
residential-0090__sembawang-mrt,residential-0090__sembawang-mrt__cp_021,1.450087,103.821489,1538.33,1855.4,0.0819515652126736,0.3296322292751736,0.009984334309895834,0.011142306857638888,0.2794782850477431,0.0,0.0,0,High built frontage + high pedestrian space / low greenery,0,0.5022250736754956,0.8257393391788173,False,,,True,not_yet_labelled,
residential-0090__sembawang-mrt,residential-0090__sembawang-mrt__cp_022,1.44987,103.821358,1566.52,1855.4,0.1461452907986111,0.6013607449001737,0.031233045789930556,0.00021023220486111112,0.18206787109375,0.00026109483506944444,0.0,3,High greenery + high road exposure / low built frontage,0,-0.74764612268919,1.311195067705251,False,,,True,not_yet_labelled,
residential-0090__sembawang-mrt,residential-0090__sembawang-mrt__cp_023,1.449506,103.821187,1611.23,1855.4,0.06816779242621528,0.65997314453125,0.0707583957248264,0.00014241536458333334,0.20006815592447916,0.0,0.0,3,High greenery + high road exposure / low built frontage,2,-0.7420998870329816,1.675647034783364,False,,,True,not_yet_labelled,
residential-0090__sembawang-mrt,residential-0090__sembawang-mrt__cp_024,1.449197,103.820947,1654.73,1855.4,0.08331468370225695,0.5248972574869791,0.2058444552951389,0.005566067165798611,0.1841854519314236,0.0,0.0,3,High greenery + high road exposure / low built frontage,2,-0.7181925980984265,0.8210133638862345,False,,,True,not_yet_labelled,
residential-0090__sembawang-mrt,residential-0090__sembawang-mrt__cp_025,1.449067,103.820397,1717.56,1855.4,0.2863345675998264,0.1807623969184028,0.12214491102430555,0.04570176866319445,0.2732883029513889,0.053382025824652776,0.00023057725694444444,1,High sky exposure + high road exposure / low greenery,0,0.4564391862274493,-0.8072391369110843,False,,,True,not_yet_labelled,
residential-0090__sembawang-mrt,residential-0090__sembawang-mrt__cp_026,1.44894,103.820011,1762.73,1855.4,0.2863345675998264,0.1807623969184028,0.12214491102430555,0.04570176866319445,0.2732883029513889,0.053382025824652776,0.00023057725694444444,1,High sky exposure + high road exposure / low greenery,0,0.4564391862274493,-0.8072391369110843,False,,,True,not_yet_labelled,
residential-0091__commonwealth-mrt,residential-0091__commonwealth-mrt__cp_000,1.304024,103.802369,0.0,955.2,0.0975964864095052,0.7503801981608073,0.042973836263020836,0.019262949625651043,0.0038617451985677085,0.07302093505859375,0.0,3,High greenery + high road exposure / low built frontage,2,-1.6973479372212767,1.8444222151232401,False,,,False,not_yet_labelled,
residential-0091__commonwealth-mrt,residential-0091__commonwealth-mrt__cp_001,1.304405,103.802204,46.17,955.2,0.3227691650390625,0.3804206848144531,0.04897880554199219,0.18723487854003906,0.014453887939453125,0.0042552947998046875,0.029436111450195312,2,High pedestrian space + high built frontage / low road exposure,3,0.020844492975449633,0.8567436660964048,False,,,False,not_yet_labelled,
residential-0091__commonwealth-mrt,residential-0091__commonwealth-mrt__cp_002,1.30423,103.801976,78.12,955.2,0.07471466064453125,0.7787310282389323,0.04816309611002604,0.021884918212890625,0.00010426839192708333,0.06561533610026042,0.0,3,High greenery + high road exposure / low built frontage,2,-1.7220386189202512,2.0469596501744065,False,,,False,not_yet_labelled,
residential-0091__commonwealth-mrt,residential-0091__commonwealth-mrt__cp_003,1.303913,103.801803,118.27,955.2,0.07209396362304688,0.7491963704427084,0.035718282063802086,0.03967920939127604,0.011905670166015625,0.08667246500651042,0.00420379638671875,3,High greenery + high road exposure / low built frontage,2,-1.4776083523911683,2.0177694262741976,False,,,False,not_yet_labelled,
residential-0091__commonwealth-mrt,residential-0091__commonwealth-mrt__cp_004,1.3033,103.801693,187.52,955.2,0.49798583984375,0.16750208536783853,0.1813990275065104,0.009714762369791666,0.07472737630208333,0.0006891886393229166,0.0,1,High sky exposure + high road exposure / low greenery,1,-0.9930480993037771,-1.802008547882307,False,,,False,not_yet_labelled,
residential-0091__commonwealth-mrt,residential-0091__commonwealth-mrt__cp_005,1.302683,103.80166,256.23,955.2,0.45260365804036456,0.3182411193847656,0.1564178466796875,0.025929768880208332,0.025423685709635418,0.0075225830078125,0.0009002685546875,1,High sky exposure + high road exposure / low greenery,1,-1.3157423706144127,-1.0058109688321253,False,,,False,not_yet_labelled,
residential-0091__commonwealth-mrt,residential-0091__commonwealth-mrt__cp_006,1.302389,103.801128,323.8,955.2,0.19749620225694445,0.4229346381293403,0.0989956325954861,0.0,0.061823527018229164,0.07044304741753472,0.0005357530381944445,3,High greenery + high road exposure / low built frontage,1,-1.1051360829486587,0.16205760227180285,False,,,False,not_yet_labelled,
residential-0091__commonwealth-mrt,residential-0091__commonwealth-mrt__cp_007,1.302164,103.801088,349.22,955.2,0.1744605170355903,0.4465162489149306,0.1201443142361111,0.058266533745659724,0.1037445068359375,0.053761800130208336,0.0,3,High greenery + high road exposure / low built frontage,2,-0.567041656827028,0.5905009592795443,False,,,False,not_yet_labelled,
residential-0091__commonwealth-mrt,residential-0091__commonwealth-mrt__cp_008,1.301518,103.800942,422.86,955.2,0.2580718994140625,0.4139149983723958,0.14979044596354166,0.05304124620225695,0.06369527180989583,0.019266764322916668,0.0,3,High greenery + high road exposure / low built frontage,2,-0.8547973137321845,0.1705342473859263,False,,,False,not_yet_labelled,
residential-0091__commonwealth-mrt,residential-0091__commonwealth-mrt__cp_009,1.300999,103.800821,482.11,955.2,0.002509223090277778,0.7832132975260416,0.016387939453125,0.009128146701388888,0.1417728000217014,0.0009375678168402778,0.0,3,High greenery + high road exposure / low built frontage,2,-0.9960507794418371,2.5490404881767366,False,,,False,not_yet_labelled,
residential-0091__commonwealth-mrt,residential-0091__commonwealth-mrt__cp_010,1.300932,103.800385,531.15,955.2,0.1416812472873264,0.4269426133897569,0.08323160807291667,0.012485080295138888,0.3144632975260417,0.0,0.0,3,High greenery + high road exposure / low built frontage,0,0.19963710936204423,0.6456438677807081,False,,,False,not_yet_labelled,
residential-0091__commonwealth-mrt,residential-0091__commonwealth-mrt__cp_011,1.301223,103.799966,587.87,955.2,0.0840725368923611,0.3656378851996528,0.08916558159722222,0.037282307942708336,0.2542182074652778,0.0,0.0,3,High greenery + high road exposure / low built frontage,0,0.3549162175092949,0.8226108839140259,False,,,False,not_yet_labelled,
residential-0091__commonwealth-mrt,residential-0091__commonwealth-mrt__cp_012,1.301506,103.799617,637.82,955.2,0.20995585123697916,0.3718583848741319,0.2423214382595486,0.061606513129340276,0.08362664116753472,0.0,0.014172024197048612,3,High greenery + high road exposure / low built frontage,0,-0.6746929503465106,0.05200605251943824,False,,,False,not_yet_labelled,
residential-0091__commonwealth-mrt,residential-0091__commonwealth-mrt__cp_013,1.301618,103.799058,701.2,955.2,0.17814254760742188,0.05962498982747396,0.08185831705729167,0.012738545735677084,0.6023038228352865,0.020971934000651043,0.0,0,High built frontage + high pedestrian space / low greenery,0,2.146346130492042,-0.8038599597719202,False,,,False,not_yet_labelled,
residential-0091__commonwealth-mrt,residential-0091__commonwealth-mrt__cp_014,1.302286,103.798302,813.36,955.2,0.1587371826171875,0.3158760070800781,0.08262252807617188,0.037447611490885414,0.3535499572753906,0.03172175089518229,0.00011444091796875,0,High built frontage + high pedestrian space / low greenery,0,0.7281472079741108,0.24051590918787324,False,,,False,not_yet_labelled,
residential-0092__bedok-reservoir-mrt,residential-0092__bedok-reservoir-mrt__cp_002,1.33282,103.927651,99.2,1218.2,0.05180189344618055,0.3088768853081597,0.18918016221788195,0.034154256184895836,0.4114566379123264,0.0,0.0,0,High built frontage + high pedestrian space / low greenery,0,0.9915349330011174,0.39083630702476685,False,,,True,not_yet_labelled,
residential-0092__bedok-reservoir-mrt,residential-0092__bedok-reservoir-mrt__cp_003,1.333248,103.9277,147.1,1218.2,0.16935899522569445,0.3348388671875,0.1736263699001736,0.05825466579861111,0.2564171685112847,0.007503933376736111,0.0,3,High greenery + high road exposure / low built frontage,3,0.27752107623244276,0.20113480140516268,False,,,True,not_yet_labelled,
residential-0092__bedok-reservoir-mrt,residential-0092__bedok-reservoir-mrt__cp_004,1.33341,103.928223,207.97,1218.2,0.11573113335503472,0.3792453342013889,0.1802588568793403,0.018476698133680556,0.2560831705729167,0.03178744845920139,0.004106309678819444,3,High greenery + high road exposure / low built frontage,0,-0.042005784439782645,0.2519700094013325,False,,,True,not_yet_labelled,
residential-0092__bedok-reservoir-mrt,residential-0092__bedok-reservoir-mrt__cp_005,1.333559,103.928817,276.04,1218.2,0.039087931315104164,0.3702562120225694,0.19470045301649305,0.0028398301866319445,0.3700086805555556,0.0,0.0,0,High built frontage + high pedestrian space / low greenery,0,0.47720099419906425,0.4733953943947385,False,,,True,not_yet_labelled,
residential-0092__bedok-reservoir-mrt,residential-0092__bedok-reservoir-mrt__cp_006,1.333715,103.929329,335.55,1218.2,0.2119106716579861,0.19583299424913195,0.07369486490885417,0.040961371527777776,0.3945024278428819,0.08208719889322917,0.0,0,High built frontage + high pedestrian space / low greenery,0,1.0707267564047676,-0.48334344565272286,False,,,True,not_yet_labelled,
residential-0092__bedok-reservoir-mrt,residential-0092__bedok-reservoir-mrt__cp_007,1.333789,103.929785,386.9,1218.2,0.08635118272569445,0.3624538845486111,0.2822706434461806,0.0046844482421875,0.2592705620659722,0.00029839409722222225,0.0,3,High greenery + high road exposure / low built frontage,0,-0.17967767748128083,0.04283427287860459,False,,,True,not_yet_labelled,
residential-0092__bedok-reservoir-mrt,residential-0092__bedok-reservoir-mrt__cp_008,1.333888,103.930146,428.51,1218.2,0.0790829128689236,0.2835710313585069,0.3290557861328125,0.006808810763888889,0.2938825819227431,0.002905951605902778,0.0,0,High built frontage + high pedestrian space / low greenery,0,0.08788345360714452,-0.32449349844200215,False,,,True,not_yet_labelled,
residential-0092__bedok-reservoir-mrt,residential-0092__bedok-reservoir-mrt__cp_009,1.334007,103.930655,486.62,1218.2,0.0790829128689236,0.2835710313585069,0.3290557861328125,0.006808810763888889,0.2938825819227431,0.002905951605902778,0.0,0,High built frontage + high pedestrian space / low greenery,0,0.08788345360714452,-0.32449349844200215,False,,,True,not_yet_labelled,
residential-0092__bedok-reservoir-mrt,residential-0092__bedok-reservoir-mrt__cp_012,1.33486,103.931225,641.46,1218.2,0.11843702528211805,0.3219265407986111,0.1693996853298611,0.015382554796006944,0.3647867838541667,0.010067409939236112,0.0,0,High built frontage + high pedestrian space / low greenery,0,0.5495361997886269,0.11383837544256907,False,,,True,not_yet_labelled,
residential-0092__bedok-reservoir-mrt,residential-0092__bedok-reservoir-mrt__cp_013,1.33519,103.931136,679.47,1218.2,0.11843702528211805,0.3219265407986111,0.1693996853298611,0.015382554796006944,0.3647867838541667,0.010067409939236112,0.0,0,High built frontage + high pedestrian space / low greenery,0,0.5495361997886269,0.11383837544256907,False,,,True,not_yet_labelled,
residential-0092__bedok-reservoir-mrt,residential-0092__bedok-reservoir-mrt__cp_014,1.335625,103.931104,727.97,1218.2,0.18258836534288195,0.4178178575303819,0.1669955783420139,0.00994873046875,0.2041592068142361,0.0,0.0,3,High greenery + high road exposure / low built frontage,0,-0.4646299633665699,0.22759557772689026,False,,,True,not_yet_labelled,
residential-0092__bedok-reservoir-mrt,residential-0092__bedok-reservoir-mrt__cp_015,1.335772,103.931248,750.85,1218.2,0.1628943549262153,0.581451416015625,0.1413998074001736,0.0,0.008716159396701388,0.023820665147569444,5.764431423611111e-05,3,High greenery + high road exposure / low built frontage,2,-1.6559679423289901,0.8340822250703216,False,,,True,not_yet_labelled,
residential-0092__bedok-reservoir-mrt,residential-0092__bedok-reservoir-mrt__cp_016,1.335719,103.931643,795.15,1218.2,0.1265174018012153,0.64959716796875,0.15034654405381945,0.0,0.025838216145833332,0.00567626953125,0.0,3,High greenery + high road exposure / low built frontage,2,-1.6775186158969804,1.2153840478543867,False,,,True,not_yet_labelled,
residential-0092__bedok-reservoir-mrt,residential-0092__bedok-reservoir-mrt__cp_017,1.335734,103.932132,849.54,1218.2,0.109283447265625,0.3900349934895833,0.1830223931206597,0.057133992513020836,0.12389289008246528,0.002692328559027778,0.0019989013671875,3,High greenery + high road exposure / low built frontage,0,-0.3074208737008316,0.6490973222250159,False,,,True,not_yet_labelled,
residential-0092__bedok-reservoir-mrt,residential-0092__bedok-reservoir-mrt__cp_018,1.335757,103.932782,921.84,1218.2,0.10553148057725695,0.15360853407118055,0.2487606472439236,0.05053541395399305,0.1946750217013889,0.04033237033420139,0.0,0,High built frontage + high pedestrian space / low greenery,0,0.3385915874688091,-0.44751186175172003,False,,,True,not_yet_labelled,
residential-0092__bedok-reservoir-mrt,residential-0092__bedok-reservoir-mrt__cp_019,1.335764,103.933215,969.98,1218.2,0.007661183675130208,0.39823277791341144,0.07818222045898438,0.29206593831380206,0.19730631510416666,0.0017484029134114583,0.0,2,High pedestrian space + high built frontage / low road exposure,3,1.9502132415617661,2.5480993495676425,False,,,True,not_yet_labelled,
residential-0092__bedok-reservoir-mrt,residential-0092__bedok-reservoir-mrt__cp_020,1.335982,103.933372,999.85,1218.2,0.2784339057074653,0.08892822265625,0.24468994140625,0.0,0.14758470323350695,0.1573978000217014,0.0,1,High sky exposure + high road exposure / low greenery,1,-0.4610802054462615,-1.962141041965877,False,,,True,not_yet_labelled,
residential-0092__bedok-reservoir-mrt,residential-0092__bedok-reservoir-mrt__cp_021,1.336394,103.933152,1051.78,1218.2,0.12213643391927083,0.26770273844401044,0.018192291259765625,0.19815953572591147,0.33896636962890625,0.03669611612955729,0.0036214192708333335,2,High pedestrian space + high built frontage / low road exposure,3,2.0558320469452167,1.228563514023057,False,,,True,not_yet_labelled,
residential-0092__bedok-reservoir-mrt,residential-0092__bedok-reservoir-mrt__cp_022,1.336442,103.933142,1057.23,1218.2,0.011858622233072916,0.03472010294596354,0.055816650390625,0.37677892049153644,0.18716303507486978,0.005237579345703125,0.013860066731770834,2,High pedestrian space + high built frontage / low road exposure,3,3.3583732049174833,1.9094856438367942,False,,,True,not_yet_labelled,
residential-0093__sembawang-mrt,residential-0093__sembawang-mrt__cp_001,1.451658,103.823869,71.74,898.4,0.28291893005371094,0.21828651428222656,0.18991661071777344,0.16342926025390625,0.08043861389160156,0.001766204833984375,0.000614166259765625,2,High pedestrian space + high built frontage / low road exposure,0,0.3293390745788222,-0.04661743932855821,False,,,True,not_yet_labelled,
residential-0093__sembawang-mrt,residential-0093__sembawang-mrt__cp_002,1.451855,103.824277,122.1,898.4,0.28291893005371094,0.21828651428222656,0.18991661071777344,0.16342926025390625,0.08043861389160156,0.001766204833984375,0.000614166259765625,2,High pedestrian space + high built frontage / low road exposure,0,0.3293390745788222,-0.04661743932855821,False,,,True,not_yet_labelled,
residential-0093__sembawang-mrt,residential-0093__sembawang-mrt__cp_003,1.451303,103.824451,186.46,898.4,0.2663898468017578,0.32672119140625,0.26551246643066406,0.010225296020507812,0.0482940673828125,0.0006923675537109375,0.0017719268798828125,1,High sky exposure + high road exposure / low greenery,1,-1.2078336513644305,-0.6277012996867024,False,,,True,not_yet_labelled,
residential-0093__sembawang-mrt,residential-0093__sembawang-mrt__cp_004,1.450782,103.824252,248.47,898.4,0.32964515686035156,0.2759971618652344,0.191741943359375,0.11329269409179688,0.027990341186523438,0.003170013427734375,0.03643989562988281,1,High sky exposure + high road exposure / low greenery,0,-0.44949622617313784,-0.2979231398896301,False,,,True,not_yet_labelled,
residential-0093__sembawang-mrt,residential-0093__sembawang-mrt__cp_005,1.450349,103.824092,299.8,898.4,0.025904337565104168,0.12364366319444445,0.2248653835720486,0.13299051920572916,0.4205847846137153,0.0,0.004977756076388889,0,High built frontage + high pedestrian space / low greenery,0,2.119823273515631,0.3101999343515964,False,,,True,not_yet_labelled,
residential-0093__sembawang-mrt,residential-0093__sembawang-mrt__cp_006,1.449871,103.823916,356.43,898.4,0.025904337565104168,0.12364366319444445,0.2248653835720486,0.13299051920572916,0.4205847846137153,0.0,0.004977756076388889,0,High built frontage + high pedestrian space / low greenery,0,2.119823273515631,0.3101999343515964,False,,,True,not_yet_labelled,
residential-0093__sembawang-mrt,residential-0093__sembawang-mrt__cp_007,1.449927,103.823345,420.21,898.4,0.00036451551649305556,0.5139923095703125,0.021197848849826388,0.029412163628472224,0.2525448269314236,1.864963107638889e-05,0.0,3,High greenery + high road exposure / low built frontage,0,0.21475966838783295,1.7829274253696532,False,,,True,not_yet_labelled,
residential-0093__sembawang-mrt,residential-0093__sembawang-mrt__cp_008,1.449949,103.8229,469.74,898.4,0.0007392035590277778,0.2903849283854167,0.21385362413194445,0.06554328070746528,0.3676384819878472,0.0,0.0,0,High built frontage + high pedestrian space / low greenery,0,1.1168785565418824,0.6393753605693575,False,,,True,not_yet_labelled,
residential-0093__sembawang-mrt,residential-0093__sembawang-mrt__cp_009,1.449959,103.822385,527.0,898.4,0.007841322157118056,0.5104234483506944,0.0017835828993055555,0.22299024793836805,0.24916585286458334,0.004862467447916667,0.0,2,High pedestrian space + high built frontage / low road exposure,3,1.557193199770922,2.748258052529459,False,,,True,not_yet_labelled,
residential-0093__sembawang-mrt,residential-0093__sembawang-mrt__cp_010,1.449915,103.821869,584.56,898.4,0.04072401258680555,0.4155341254340278,0.003317938910590278,0.162261962890625,0.3644883897569444,0.0,0.0,2,High pedestrian space + high built frontage / low road exposure,3,1.7754748167833474,1.9890474241519156,False,,,True,not_yet_labelled,
residential-0093__sembawang-mrt,residential-0093__sembawang-mrt__cp_011,1.44988,103.821413,635.4,898.4,0.1461452907986111,0.6013607449001737,0.031233045789930556,0.00021023220486111112,0.18206787109375,0.00026109483506944444,0.0,3,High greenery + high road exposure / low built frontage,0,-0.74764612268919,1.311195067705251,False,,,True,not_yet_labelled,
residential-0093__sembawang-mrt,residential-0093__sembawang-mrt__cp_012,1.449531,103.821289,676.58,898.4,0.10769483778211805,0.6178215874565972,0.025141398111979168,0.0,0.19207763671875,1.6954210069444445e-05,0.0,3,High greenery + high road exposure / low built frontage,0,-0.6684138692684181,1.5311012868644163,False,,,True,not_yet_labelled,
residential-0093__sembawang-mrt,residential-0093__sembawang-mrt__cp_013,1.449197,103.820947,729.73,898.4,0.08331468370225695,0.5248972574869791,0.2058444552951389,0.005566067165798611,0.1841854519314236,0.0,0.0,3,High greenery + high road exposure / low built frontage,2,-0.7181925980984265,0.8210133638862345,False,,,True,not_yet_labelled,
residential-0093__sembawang-mrt,residential-0093__sembawang-mrt__cp_014,1.449067,103.820397,792.55,898.4,0.2863345675998264,0.1807623969184028,0.12214491102430555,0.04570176866319445,0.2732883029513889,0.053382025824652776,0.00023057725694444444,1,High sky exposure + high road exposure / low greenery,0,0.4564391862274493,-0.8072391369110843,False,,,True,not_yet_labelled,
residential-0093__sembawang-mrt,residential-0093__sembawang-mrt__cp_015,1.44894,103.820011,837.72,898.4,0.2863345675998264,0.1807623969184028,0.12214491102430555,0.04570176866319445,0.2732883029513889,0.053382025824652776,0.00023057725694444444,1,High sky exposure + high road exposure / low greenery,0,0.4564391862274493,-0.8072391369110843,False,,,True,not_yet_labelled,
residential-0094__mayflower-mrt,residential-0094__mayflower-mrt__cp_000,1.366344,103.838616,0.0,1082.2,0.07236395941840278,0.2602369520399306,0.0,0.016749064127604168,0.4907955593532986,0.0,0.0,0,High built frontage + high pedestrian space / low greenery,0,1.6004427468773659,0.6240028306451118,False,98.26,0.21487603305785125,False,not_yet_labelled,
residential-0094__mayflower-mrt,residential-0094__mayflower-mrt__cp_001,1.36592,103.838373,54.34,1082.2,0.036092122395833336,0.13016255696614584,0.03135850694444445,0.06282212999131945,0.6523607042100694,0.005808512369791667,0.001651340060763889,0,High built frontage + high pedestrian space / low greenery,0,2.882584010921399,0.42039058263437873,False,43.92,0.13429752066115702,False,not_yet_labelled,
residential-0094__mayflower-mrt,residential-0094__mayflower-mrt__cp_002,1.365879,103.83798,98.26,1082.2,0.058252970377604164,0.2514156765407986,0.0011613633897569445,0.042929755316840276,0.6428120930989584,0.0,0.00036790635850694444,0,High built frontage + high pedestrian space / low greenery,0,2.4461751112245076,0.7171349382288055,True,0.0,0.06508264462809918,False,not_yet_labelled,
residential-0094__mayflower-mrt,residential-0094__mayflower-mrt__cp_003,1.366054,103.837531,151.83,1082.2,0.08818223741319445,0.5239885118272569,5.425347222222222e-05,0.004545423719618056,0.2845713297526042,0.0,0.006968180338541667,3,High greenery + high road exposure / low built frontage,0,0.035584161429473835,1.3864307825456974,False,53.57000000000001,0.1590909090909091,False,not_yet_labelled,
residential-0094__mayflower-mrt,residential-0094__mayflower-mrt__cp_004,1.366219,103.837109,202.2,1082.2,0.178009033203125,0.17371961805555555,0.3182695176866319,0.000995212131076389,0.23586018880208334,0.014443291558159722,0.0009850396050347222,1,High sky exposure + high road exposure / low greenery,0,-0.10103145424255483,-1.0689413493603543,False,103.93999999999998,0.2190082644628099,False,not_yet_labelled,
residential-0094__mayflower-mrt,residential-0094__mayflower-mrt__cp_005,1.366364,103.836653,255.4,1082.2,0.056233723958333336,0.3238796657986111,0.0006900363498263889,0.0,0.5141245524088541,0.0,0.0,0,High built frontage + high pedestrian space / low greenery,0,1.4607527017994668,0.7873975501420245,False,157.14,0.27479338842975204,False,not_yet_labelled,
residential-0094__mayflower-mrt,residential-0094__mayflower-mrt__cp_006,1.366578,103.836268,304.37,1082.2,0.08079698350694445,0.5050777859157987,0.0,0.0,0.3997955322265625,0.0,0.0,0,High built frontage + high pedestrian space / low greenery,0,0.5328401460849279,1.2882342576370813,False,206.11,0.32231404958677684,False,not_yet_labelled,
residential-0094__mayflower-mrt,residential-0094__mayflower-mrt__cp_007,1.366905,103.836055,347.76,1082.2,0.022242228190104168,0.42425537109375,0.2417076958550347,0.032735188802083336,0.2641143798828125,0.0,0.0,3,High greenery + high road exposure / low built frontage,0,0.07258528281146617,0.7533035889044682,False,249.5,0.36363636363636365,False,not_yet_labelled,
residential-0094__mayflower-mrt,residential-0094__mayflower-mrt__cp_008,1.36737,103.836221,402.66,1082.2,0.4293145073784722,0.20524766710069445,0.03602939181857639,0.004611545138888889,0.11251661512586805,0.1585845947265625,8.816189236111111e-05,1,High sky exposure + high road exposure / low greenery,1,-0.7440301111348403,-1.5418875578186693,False,304.40000000000003,0.3987603305785124,False,not_yet_labelled,
residential-0094__mayflower-mrt,residential-0094__mayflower-mrt__cp_009,1.367821,103.836371,455.5,1082.2,0.4648929172092014,0.13649156358506945,0.03248426649305555,0.028123643663194444,0.18732198079427084,0.12750074598524305,0.0,1,High sky exposure + high road exposure / low greenery,1,-0.1425152214424969,-1.6919162058757484,False,357.24,0.4380165289256198,False,not_yet_labelled,
residential-0094__mayflower-mrt,residential-0094__mayflower-mrt__cp_010,1.368317,103.836611,516.77,1082.2,0.4841579861111111,0.2177581787109375,0.03580898708767361,0.014855278862847222,0.04947068956163195,0.13239542643229166,0.0,1,High sky exposure + high road exposure / low greenery,1,-1.0300324067020359,-1.5582714743794288,False,418.51,0.4855371900826446,False,not_yet_labelled,
residential-0094__mayflower-mrt,residential-0094__mayflower-mrt__cp_011,1.368752,103.837009,582.32,1082.2,0.0447540283203125,0.4146864149305556,0.3980814615885417,0.007083468967013889,0.11336602105034722,0.008984035915798612,0.0008138020833333334,3,High greenery + high road exposure / low built frontage,0,-1.0177935554295081,0.05567370444660682,False,484.06000000000006,0.5392561983471075,False,not_yet_labelled,
residential-0094__mayflower-mrt,residential-0094__mayflower-mrt__cp_012,1.369066,103.83728,628.44,1082.2,0.025914510091145832,0.2560492621527778,0.5707499186197916,0.018071492513020832,0.1151309543185764,0.006995307074652778,0.001507229275173611,3,High greenery + high road exposure / low built frontage,0,-0.8328918715109345,-0.8219394489000549,False,530.1800000000001,0.5619834710743802,False,not_yet_labelled,
residential-0094__mayflower-mrt,residential-0094__mayflower-mrt__cp_013,1.369509,103.837057,683.58,1082.2,0.16874186197916666,0.5555013020833334,0.060233222113715276,0.022806803385416668,0.1656714545355903,0.003323025173611111,0.0,3,High greenery + high road exposure / low built frontage,0,-0.6459520836001358,1.0997176371514459,False,585.32,0.5991735537190083,False,not_yet_labelled,
residential-0094__mayflower-mrt,residential-0094__mayflower-mrt__cp_014,1.369912,103.836822,735.45,1082.2,0.12538655598958334,0.3988477918836806,0.030280219184027776,0.06458875868055555,0.3808051215277778,0.0,0.0,0,High built frontage + high pedestrian space / low greenery,0,1.0147182416435498,1.0206912748473942,False,637.19,0.6342975206611571,False,not_yet_labelled,
residential-0094__mayflower-mrt,residential-0094__mayflower-mrt__cp_015,1.370358,103.836575,792.14,1082.2,0.4073215060763889,0.0003238254123263889,0.10544501410590278,0.08375718858506945,0.3662770589192708,0.036673651801215276,0.0,1,High sky exposure + high road exposure / low greenery,1,1.3503363379923525,-1.5857624003818198,False,693.88,0.6632231404958677,False,not_yet_labelled,
residential-0094__mayflower-mrt,residential-0094__mayflower-mrt__cp_016,1.370839,103.836451,847.37,1082.2,0.1852959526909722,0.002795749240451389,0.0031636555989583335,0.0,0.4556732177734375,0.0,0.0,0,High built frontage + high pedestrian space / low greenery,0,1.7334006404941364,-0.6927732635342487,False,749.11,0.7004132231404959,False,not_yet_labelled,
residential-0094__mayflower-mrt,residential-0094__mayflower-mrt__cp_017,1.371462,103.836448,916.65,1082.2,0.2532619900173611,0.016282823350694444,0.2531280517578125,0.0013631184895833333,0.4584808349609375,0.0,0.0,0,High built frontage + high pedestrian space / low greenery,0,1.1725397279039214,-1.6923950510930115,False,818.39,0.731404958677686,False,not_yet_labelled,
residential-0094__mayflower-mrt,residential-0094__mayflower-mrt__cp_018,1.371851,103.836644,965.08,1082.2,0.1242557101779514,0.04874844021267361,0.2167697482638889,0.0,0.4137420654296875,0.022272745768229168,0.0008578830295138889,0,High built frontage + high pedestrian space / low greenery,0,1.1705015527383391,-1.0239783039889674,False,866.82,0.7479338842975206,False,not_yet_labelled,
residential-0094__mayflower-mrt,residential-0094__mayflower-mrt__cp_019,1.372032,103.836787,990.73,1082.2,0.1393398708767361,0.007734510633680556,0.22024705674913195,0.0014055040147569445,0.5027211507161459,0.019351535373263888,0.0,0,High built frontage + high pedestrian space / low greenery,0,1.6098740194159928,-1.2405408376996652,False,892.47,0.7665289256198347,False,not_yet_labelled,
residential-0095__ang-mo-kio-mrt,residential-0095__ang-mo-kio-mrt__cp_006,1.368987,103.855157,352.49,1111.0,0.14702351888020834,0.3975830078125,0.23035812377929688,0.0088043212890625,0.16574223836263022,0.003360748291015625,2.9246012369791668e-05,3,High greenery + high road exposure / low built frontage,0,-0.6342075046841082,0.11341680633607441,False,,,True,not_yet_labelled,
residential-0095__ang-mo-kio-mrt,residential-0095__ang-mo-kio-mrt__cp_007,1.36946,103.854976,408.81,1111.0,0.19288762410481772,0.39153798421223956,0.2103118896484375,0.021475474039713543,0.1277592976888021,0.003787994384765625,0.0,3,High greenery + high road exposure / low built frontage,0,-0.7341564838984429,0.04878489839654411,False,,,True,not_yet_labelled,
residential-0095__ang-mo-kio-mrt,residential-0095__ang-mo-kio-mrt__cp_008,1.369635,103.854373,478.6,1111.0,0.03558985392252604,0.5844141642252604,0.23331451416015625,0.005621592203776042,0.09950002034505208,0.00324249267578125,0.0,3,High greenery + high road exposure / low built frontage,2,-1.1696873171294664,1.1346633649693467,False,,,True,not_yet_labelled,
residential-0095__ang-mo-kio-mrt,residential-0095__ang-mo-kio-mrt__cp_009,1.369698,103.853887,533.08,1111.0,0.09554799397786458,0.4459826151529948,0.3273200988769531,0.0007921854654947916,0.09171168009440105,0.0323028564453125,0.0,3,High greenery + high road exposure / low built frontage,0,-1.210758516323437,0.061696386753431795,False,,,True,not_yet_labelled,
residential-0095__ang-mo-kio-mrt,residential-0095__ang-mo-kio-mrt__cp_010,1.369736,103.85324,605.13,1111.0,0.10760879516601562,0.524987538655599,0.2626177469889323,0.007403055826822917,0.034100850423177086,0.024862925211588543,0.0004590352376302083,3,High greenery + high road exposure / low built frontage,2,-1.4853046161519203,0.5348295639145267,False,,,True,not_yet_labelled,
residential-0095__ang-mo-kio-mrt,residential-0095__ang-mo-kio-mrt__cp_011,1.369599,103.852769,659.66,1111.0,0.10760879516601562,0.524987538655599,0.2626177469889323,0.007403055826822917,0.034100850423177086,0.024862925211588543,0.0004590352376302083,3,High greenery + high road exposure / low built frontage,2,-1.4853046161519203,0.5348295639145267,False,,,True,not_yet_labelled,
residential-0095__ang-mo-kio-mrt,residential-0095__ang-mo-kio-mrt__cp_013,1.369111,103.85103,860.65,1111.0,0.118804931640625,0.24269994099934897,0.0,0.040560404459635414,0.54425048828125,0.0,0.023932139078776043,0,High built frontage + high pedestrian space / low greenery,0,1.942947906936397,0.47881556407873355,False,,,True,not_yet_labelled,
residential-0095__ang-mo-kio-mrt,residential-0095__ang-mo-kio-mrt__cp_014,1.368978,103.850193,954.86,1111.0,0.0,0.15936787923177084,0.018044789632161457,0.015729268391927082,0.48422876993815106,0.0,0.0,0,High built frontage + high pedestrian space / low greenery,0,1.893922515959616,0.5524266402115954,False,,,True,not_yet_labelled,
residential-0095__ang-mo-kio-mrt,residential-0095__ang-mo-kio-mrt__cp_015,1.36917,103.849854,998.17,1111.0,0.1363135443793403,0.010125054253472222,0.2990061442057292,0.019794040256076388,0.4234839545355903,0.09785970052083333,0.007914225260416666,0,High built frontage + high pedestrian space / low greenery,0,1.1985640712297216,-1.6078393986548407,False,,,True,not_yet_labelled,
residential-0095__ang-mo-kio-mrt,residential-0095__ang-mo-kio-mrt__cp_016,1.369602,103.84956,1056.27,1111.0,0.06201171875,0.2148674858940972,0.2699500189887153,0.05956692165798611,0.3596140543619792,0.0011766221788194445,0.0,0,High built frontage + high pedestrian space / low greenery,0,1.0123543577074252,-0.04120690081505489,False,,,True,not_yet_labelled,
residential-0095__ang-mo-kio-mrt,residential-0095__ang-mo-kio-mrt__cp_017,1.369624,103.849605,1061.84,1111.0,0.06201171875,0.2148674858940972,0.2699500189887153,0.05956692165798611,0.3596140543619792,0.0011766221788194445,0.0,0,High built frontage + high pedestrian space / low greenery,0,1.0123543577074252,-0.04120690081505489,False,,,True,not_yet_labelled,
residential-0096__pioneer-mrt,residential-0096__pioneer-mrt__cp_001,1.34627,103.694887,20.94,1433.6,0.07394239637586805,0.1091732449001736,0.24838087293836805,0.0318603515625,0.5272810194227431,0.003329806857638889,0.00026787651909722225,0,High built frontage + high pedestrian space / low greenery,0,1.7667733395948304,-0.5590376461013622,False,,,True,not_yet_labelled,
residential-0096__pioneer-mrt,residential-0096__pioneer-mrt__cp_005,1.345265,103.694277,196.64,1433.6,0.016489664713541668,0.3093431260850694,0.2226596408420139,0.023764716254340276,0.4278632269965278,0.0,0.0,0,High built frontage + high pedestrian space / low greenery,0,0.9896702610604072,0.37330578052783,False,,,True,not_yet_labelled,
residential-0096__pioneer-mrt,residential-0096__pioneer-mrt__cp_006,1.344918,103.694092,240.36,1433.6,0.016489664713541668,0.3093431260850694,0.2226596408420139,0.023764716254340276,0.4278632269965278,0.0,0.0,0,High built frontage + high pedestrian space / low greenery,0,0.9896702610604072,0.37330578052783,False,,,True,not_yet_labelled,
residential-0096__pioneer-mrt,residential-0096__pioneer-mrt__cp_007,1.344577,103.694111,278.34,1433.6,0.2816094292534722,0.1089748806423611,0.1460333930121528,0.015577528211805556,0.3956095377604167,0.05070834689670139,0.0,1,High sky exposure + high road exposure / low greenery,0,0.885307223442697,-1.2715317566885163,False,,,True,not_yet_labelled,
residential-0096__pioneer-mrt,residential-0096__pioneer-mrt__cp_008,1.344165,103.694337,330.58,1433.6,0.009050157335069444,0.4720865885416667,0.09375,0.030832926432291668,0.3939802381727431,0.0,0.0,0,High built frontage + high pedestrian space / low greenery,0,0.7599600501351691,1.344607655664153,False,,,True,not_yet_labelled,
residential-0096__pioneer-mrt,residential-0096__pioneer-mrt__cp_009,1.343577,103.69469,406.84,1433.6,0.2946607801649306,0.23579915364583334,0.10820176866319445,0.017401801215277776,0.21822102864583334,0.1263003879123264,0.0,1,High sky exposure + high road exposure / low greenery,1,-0.1525684374494,-0.9975199718492732,False,,,True,not_yet_labelled,
residential-0096__pioneer-mrt,residential-0096__pioneer-mrt__cp_010,1.343227,103.694941,454.73,1433.6,0.17103746202256945,0.3216688368055556,0.0912051730685764,0.047171698676215276,0.2659691704644097,0.07139417860243055,2.2040473090277777e-05,0,High built frontage + high pedestrian space / low greenery,0,0.3479116253160227,0.13125557196669121,False,,,True,not_yet_labelled,
residential-0096__pioneer-mrt,residential-0096__pioneer-mrt__cp_011,1.342698,103.695358,529.62,1433.6,0.3135414123535156,0.0,0.00982666015625,0.0048274993896484375,0.45403099060058594,0.0030612945556640625,0.014616012573242188,0,High built frontage + high pedestrian space / low greenery,0,1.5287502856522246,-1.2263527523277875,False,,,True,not_yet_labelled,
residential-0096__pioneer-mrt,residential-0096__pioneer-mrt__cp_012,1.342299,103.695676,586.35,1433.6,0.30898475646972656,0.005435943603515625,0.0015621185302734375,0.0,0.5185470581054688,0.0004482269287109375,0.023427963256835938,0,High built frontage + high pedestrian space / low greenery,0,1.7720251050586344,-1.2079739399863771,False,,,True,not_yet_labelled,
residential-0096__pioneer-mrt,residential-0096__pioneer-mrt__cp_013,1.341806,103.696074,656.79,1433.6,0.3516349792480469,0.12416648864746094,0.010711669921875,0.0,0.3347663879394531,0.0,0.0215301513671875,1,High sky exposure + high road exposure / low greenery,0,0.6557239675918073,-0.9697331678731669,False,,,True,not_yet_labelled,
residential-0096__pioneer-mrt,residential-0096__pioneer-mrt__cp_014,1.341222,103.695804,728.33,1433.6,0.2490319146050347,0.1409064398871528,0.0491485595703125,0.025555080837673612,0.3718041314019097,0.16167704264322916,1.864963107638889e-05,0,High built frontage + high pedestrian space / low greenery,0,0.8984862099385358,-1.0635803243695123,False,,,True,not_yet_labelled,
residential-0096__pioneer-mrt,residential-0096__pioneer-mrt__cp_015,1.340742,103.69545,794.64,1433.6,0.004962497287326389,0.1395416259765625,0.20051066080729166,0.10130140516493055,0.5342898898654513,0.0013936360677083333,0.0012885199652777778,0,High built frontage + high pedestrian space / low greenery,0,2.4079934356786885,0.3085422482745953,False,,,True,not_yet_labelled,
residential-0096__pioneer-mrt,residential-0096__pioneer-mrt__cp_016,1.340353,103.695136,850.23,1433.6,0.4779595269097222,0.07526652018229167,0.17240736219618055,0.0035807291666666665,0.1810523139105903,0.04261610243055555,0.0,1,High sky exposure + high road exposure / low greenery,1,-0.37756254613498363,-2.1916024149981554,False,,,True,not_yet_labelled,
residential-0096__pioneer-mrt,residential-0096__pioneer-mrt__cp_017,1.340017,103.695014,889.97,1433.6,0.1696929931640625,0.2659081353081597,0.2886369493272569,0.039543999565972224,0.226806640625,0.0,0.0,1,High sky exposure + high road exposure / low greenery,0,-0.005676375864595151,-0.4192931490584824,False,,,True,not_yet_labelled,
residential-0096__pioneer-mrt,residential-0096__pioneer-mrt__cp_018,1.33966,103.695237,936.77,1433.6,0.004311455620659722,0.1678500705295139,0.16646830240885416,0.019002278645833332,0.06450059678819445,0.5768313937717013,0.0,4,High vehicle presence + high road exposure / low greenery,4,-0.6509348896801446,-1.6766282521936806,False,,,True,not_yet_labelled,
residential-0096__pioneer-mrt,residential-0096__pioneer-mrt__cp_019,1.339195,103.695467,994.46,1433.6,0.0011766221788194445,0.5933380126953125,0.2485385470920139,0.0038808186848958335,0.14503987630208334,0.0,0.0,3,High greenery + high road exposure / low built frontage,2,-0.9790268407711216,1.2373553683415321,False,,,True,not_yet_labelled,
residential-0096__pioneer-mrt,residential-0096__pioneer-mrt__cp_020,1.338685,103.695723,1057.9,1433.6,0.376220703125,0.08917405870225695,0.028352525499131944,0.013707478841145834,0.2835981580946181,0.18715413411458334,0.0,1,High sky exposure + high road exposure / low greenery,1,0.36482887512807055,-1.7799663939846788,False,,,True,not_yet_labelled,
residential-0096__pioneer-mrt,residential-0096__pioneer-mrt__cp_021,1.337861,103.696018,1155.22,1433.6,0.049689398871527776,0.5976477728949653,0.2352532280815972,0.011928982204861112,0.09449598524305555,0.0,0.0,3,High greenery + high road exposure / low built frontage,2,-1.202017808757661,1.1563438082271156,False,,,True,not_yet_labelled,
residential-0096__pioneer-mrt,residential-0096__pioneer-mrt__cp_022,1.337705,103.696844,1248.67,1433.6,0.040595160590277776,0.21268208821614584,0.3585171169704861,0.007832845052083334,0.3683573404947917,0.009467230902777778,0.0,0,High built frontage + high pedestrian space / low greenery,0,0.5731115628750278,-0.5234818606883914,False,,,True,not_yet_labelled,
residential-0097__bukit-batok-mrt,residential-0097__bukit-batok-mrt__cp_001,1.352968,103.745373,52.73,958.1,0.23533121744791666,0.4020271301269531,0.06118901570638021,0.06422932942708333,0.1157086690266927,0.0,0.0,3,High greenery + high road exposure / low built frontage,2,-0.32565020131830236,0.5994494796748725,False,,,True,not_yet_labelled,
residential-0097__bukit-batok-mrt,residential-0097__bukit-batok-mrt__cp_002,1.352392,103.745487,118.02,958.1,0.17053604125976562,0.3873647054036458,0.26479466756184894,0.0293731689453125,0.044338226318359375,0.0688641866048177,0.0,3,High greenery + high road exposure / low built frontage,0,-1.1309062318623655,-0.18983175647982345,False,,,True,not_yet_labelled,
residential-0097__bukit-batok-mrt,residential-0097__bukit-batok-mrt__cp_003,1.352333,103.745938,168.58,958.1,0.14490127563476562,0.4865061442057292,0.2531776428222656,0.006282806396484375,0.05443572998046875,0.011300404866536459,0.0,3,High greenery + high road exposure / low built frontage,2,-1.3562022333038046,0.32853851723309174,False,,,True,not_yet_labelled,
residential-0097__bukit-batok-mrt,residential-0097__bukit-batok-mrt__cp_004,1.352378,103.746458,226.61,958.1,0.08272806803385417,0.543023427327474,0.23647435506184897,0.017363230387369793,0.0745404561360677,0.007180531819661458,0.005537668863932292,3,High greenery + high road exposure / low built frontage,2,-1.186928767438462,0.8638820469712968,False,,,True,not_yet_labelled,
residential-0097__bukit-batok-mrt,residential-0097__bukit-batok-mrt__cp_005,1.352208,103.746893,278.53,958.1,0.0010007222493489583,0.18257522583007812,0.0015843709309895833,0.006008148193359375,0.3160820007324219,0.000240325927734375,0.0,0,High built frontage + high pedestrian space / low greenery,0,1.1112355016910127,0.690909799313281,False,,,True,not_yet_labelled,
residential-0097__bukit-batok-mrt,residential-0097__bukit-batok-mrt__cp_006,1.352243,103.747661,363.99,958.1,0.04381688435872396,0.4135386149088542,0.04065577189127604,0.2886085510253906,0.20514933268229166,0.007349650065104167,0.0,2,High pedestrian space + high built frontage / low road exposure,3,1.9197736266564283,2.52451444887973,False,,,True,not_yet_labelled,
residential-0097__bukit-batok-mrt,residential-0097__bukit-batok-mrt__cp_007,1.352238,103.748132,416.35,958.1,0.14387130737304688,0.5964024861653646,0.013979593912760416,0.038118998209635414,0.18364334106445312,0.015336354573567709,0.00043487548828125,3,High greenery + high road exposure / low built frontage,0,-0.44981267923691237,1.4947130252955436,False,,,True,not_yet_labelled,
residential-0097__bukit-batok-mrt,residential-0097__bukit-batok-mrt__cp_008,1.352141,103.748509,459.62,958.1,0.037685394287109375,0.49095408121744794,0.07265726725260417,0.25124486287434894,0.11499913533528645,0.0006802876790364584,0.0,2,High pedestrian space + high built frontage / low road exposure,3,1.0765880138466108,2.560563910167622,False,,,True,not_yet_labelled,
residential-0097__bukit-batok-mrt,residential-0097__bukit-batok-mrt__cp_009,1.351637,103.74848,515.76,958.1,0.009343465169270834,0.3205583360460069,0.2544725206163194,0.017201741536458332,0.3892534044053819,0.0,0.00016954210069444444,0,High built frontage + high pedestrian space / low greenery,0,0.7178781867596752,0.32166780860869765,False,,,True,not_yet_labelled,
residential-0097__bukit-batok-mrt,residential-0097__bukit-batok-mrt__cp_010,1.35121,103.748415,563.79,958.1,0.11395433213975695,0.3126305474175347,0.2993910047743056,0.03426954481336805,0.20113966200086805,0.028464423285590276,0.0,3,High greenery + high road exposure / low built frontage,0,-0.2044080050375686,-0.19788375970093297,False,,,True,not_yet_labelled,
residential-0097__bukit-batok-mrt,residential-0097__bukit-batok-mrt__cp_011,1.351039,103.748841,614.82,958.1,0.016061147054036457,0.22641118367513022,0.1216112772623698,0.3582598368326823,0.2723681131998698,0.004208882649739583,0.00011189778645833333,2,High pedestrian space + high built frontage / low road exposure,3,3.0175187163720953,2.147395516522073,False,,,True,not_yet_labelled,
residential-0097__bukit-batok-mrt,residential-0097__bukit-batok-mrt__cp_012,1.350744,103.749267,672.42,958.1,0.0839983622233073,0.5532251993815104,0.07039133707682292,0.1424560546875,0.15764363606770834,0.001953125,0.0,2,High pedestrian space + high built frontage / low road exposure,3,0.28101591546791965,2.0066720873274337,False,,,True,not_yet_labelled,
residential-0097__bukit-batok-mrt,residential-0097__bukit-batok-mrt__cp_013,1.350368,103.749784,743.49,958.1,0.07953770955403645,0.3840891520182292,0.06746546427408855,0.25044886271158856,0.16338221232096353,0.034840901692708336,0.008710225423177084,2,High pedestrian space + high built frontage / low road exposure,3,1.418621829497677,1.9418468220086311,False,,,True,not_yet_labelled,
residential-0097__bukit-batok-mrt,residential-0097__bukit-batok-mrt__cp_014,1.350037,103.74964,783.63,958.1,0.07953770955403645,0.3840891520182292,0.06746546427408855,0.25044886271158856,0.16338221232096353,0.034840901692708336,0.008710225423177084,2,High pedestrian space + high built frontage / low road exposure,3,1.418621829497677,1.9418468220086311,False,,,True,not_yet_labelled,
residential-0098__pasir-ris-mrt,residential-0098__pasir-ris-mrt__cp_004,1.371063,103.962043,197.7,2457.3,0.002399020724826389,0.181427001953125,0.2121209038628472,0.043541802300347224,0.4778018527560764,0.0712466769748264,0.0,0,High built frontage + high pedestrian space / low greenery,0,1.5985077226400186,-0.09174631879848935,False,1448.99,0.8966942148760331,True,not_yet_labelled,
residential-0098__pasir-ris-mrt,residential-0098__pasir-ris-mrt__cp_008,1.373123,103.961247,485.57,2457.3,0.1097751193576389,0.3941599527994792,0.1891818576388889,0.050298055013020836,0.118438720703125,0.0024125840928819445,0.0,3,High greenery + high road exposure / low built frontage,0,-0.3975602835576621,0.6099090795553689,False,1161.1200000000001,0.8326446280991735,True,not_yet_labelled,
residential-0098__pasir-ris-mrt,residential-0098__pasir-ris-mrt__cp_009,1.373364,103.961023,522.15,2457.3,0.1097751193576389,0.3941599527994792,0.1891818576388889,0.050298055013020836,0.118438720703125,0.0024125840928819445,0.0,3,High greenery + high road exposure / low built frontage,0,-0.3975602835576621,0.6099090795553689,False,1124.54,0.8223140495867769,True,not_yet_labelled,
residential-0098__pasir-ris-mrt,residential-0098__pasir-ris-mrt__cp_010,1.373819,103.961102,573.5,2457.3,0.1275414360894097,0.3850589328342014,0.1691504584418403,0.033377753363715276,0.13017442491319445,0.027131822374131944,0.0,3,High greenery + high road exposure / low built frontage,0,-0.46537243063947054,0.39876843889496,False,1073.19,0.8099173553719008,True,not_yet_labelled,
residential-0098__pasir-ris-mrt,residential-0098__pasir-ris-mrt__cp_011,1.374879,103.961374,695.19,2457.3,0.0,0.18322245279947916,0.2717217339409722,0.068206787109375,0.3662177191840278,0.019519382052951388,0.0,0,High built frontage + high pedestrian space / low greenery,0,1.2587338937650376,0.0855358570899632,False,951.5,0.7851239669421488,True,not_yet_labelled,
residential-0098__pasir-ris-mrt,residential-0098__pasir-ris-mrt__cp_013,1.375306,103.959496,910.71,2457.3,0.12308247884114583,0.3303256564670139,0.3201005723741319,0.009667290581597222,0.1660122341579861,0.008600870768229166,0.0,3,High greenery + high road exposure / low built frontage,0,-0.5907013211306646,-0.284601534237638,False,735.98,0.6880165289256198,True,not_yet_labelled,
residential-0098__pasir-ris-mrt,residential-0098__pasir-ris-mrt__cp_014,1.375357,103.958984,967.91,2457.3,0.10733879937065972,0.3779313829210069,0.2831844753689236,0.000762939453125,0.08135477701822917,0.018985324435763888,0.0,3,High greenery + high road exposure / low built frontage,0,-1.0274988902847126,-0.006749142774846383,False,678.7800000000001,0.6528925619834711,True,not_yet_labelled,
residential-0098__pasir-ris-mrt,residential-0098__pasir-ris-mrt__cp_015,1.375397,103.958418,1030.98,2457.3,0.1153683132595486,0.20852152506510416,0.2945302327473958,0.025824652777777776,0.15855577256944445,0.1773308648003472,0.0013563368055555555,1,High sky exposure + high road exposure / low greenery,0,-0.3364307033270695,-1.0376219306648926,False,615.71,0.6198347107438017,True,not_yet_labelled,
residential-0098__pasir-ris-mrt,residential-0098__pasir-ris-mrt__cp_016,1.375401,103.957851,1094.02,2457.3,0.18433634440104166,0.2683173285590278,0.2757737901475694,0.025687323676215276,0.1487392849392361,0.016969468858506944,0.0,1,High sky exposure + high road exposure / low greenery,0,-0.44618628328627485,-0.5256712530467339,False,552.6700000000001,0.5816115702479339,True,not_yet_labelled,
residential-0098__pasir-ris-mrt,residential-0098__pasir-ris-mrt__cp_017,1.375394,103.957017,1186.73,2457.3,0.24612596299913195,0.18264940049913195,0.2930213080512153,0.022176106770833332,0.1796179877387153,0.006517198350694444,0.0,1,High sky exposure + high road exposure / low greenery,0,-0.27329577408869693,-1.0835961686021263,False,459.96000000000004,0.515495867768595,True,not_yet_labelled,
residential-0098__pasir-ris-mrt,residential-0098__pasir-ris-mrt__cp_018,1.37535,103.956512,1243.08,2457.3,0.2944878472222222,0.1490546332465278,0.2463802761501736,0.021570841471354168,0.1144748263888889,0.1386837429470486,0.0,1,High sky exposure + high road exposure / low greenery,1,-0.5995212189468164,-1.664744589493254,False,403.6100000000001,0.48140495867768596,True,not_yet_labelled,
residential-0098__pasir-ris-mrt,residential-0098__pasir-ris-mrt__cp_019,1.375554,103.95629,1276.6,2457.3,0.0,0.27642822265625,0.1528388129340278,0.1296963161892361,0.2986619737413194,0.010477701822916666,0.0,2,High pedestrian space + high built frontage / low road exposure,3,1.4046309028464945,1.100007166596212,False,370.09000000000015,0.4524793388429752,True,not_yet_labelled,
residential-0098__pasir-ris-mrt,residential-0098__pasir-ris-mrt__cp_020,1.375594,103.955932,1316.64,2457.3,0.1184726291232639,0.1940985785590278,0.05759853786892361,0.21772935655381945,0.3036549886067708,0.06199306911892361,0.008955213758680556,2,High pedestrian space + high built frontage / low road exposure,3,2.1291597206486315,0.9238441055154862,False,330.04999999999995,0.4152892561983471,True,not_yet_labelled,
residential-0098__pasir-ris-mrt,residential-0098__pasir-ris-mrt__cp_021,1.3755,103.95525,1393.17,2457.3,0.16797892252604166,0.4396820068359375,0.0889739990234375,0.028449164496527776,0.04382493760850695,0.0,0.004263983832465278,3,High greenery + high road exposure / low built frontage,2,-0.8841178172547737,0.7528349490298079,False,253.51999999999998,0.37086776859504134,True,not_yet_labelled,
residential-0098__pasir-ris-mrt,residential-0098__pasir-ris-mrt__cp_022,1.375434,103.954776,1446.37,2457.3,0.2197604709201389,0.2508884006076389,0.21733262803819445,0.0789794921875,0.2160458034939236,0.00014411078559027778,0.0,1,High sky exposure + high road exposure / low greenery,0,0.2924109318161183,-0.2474929305072063,False,200.32000000000016,0.31714876033057854,True,not_yet_labelled,
residential-0098__pasir-ris-mrt,residential-0098__pasir-ris-mrt__cp_023,1.375353,103.954333,1496.43,2457.3,0.09774102105034722,0.4887169731987847,0.07638719346788195,0.039147271050347224,0.13278706868489584,0.03387620713975695,0.005793253580729167,3,High greenery + high road exposure / low built frontage,2,-0.44843347904633185,1.1247992050644942,False,150.26,0.2706611570247934,True,not_yet_labelled,
residential-0098__pasir-ris-mrt,residential-0098__pasir-ris-mrt__cp_024,1.375286,103.953687,1568.63,2457.3,0.1595831976996528,0.4536539713541667,0.2149776882595486,0.017859564887152776,0.1157989501953125,0.0008070203993055555,0.004691229926215278,3,High greenery + high road exposure / low built frontage,0,-0.8985762179336529,0.35494686630038613,False,78.05999999999995,0.1890495867768595,True,not_yet_labelled,
residential-0098__pasir-ris-mrt,residential-0098__pasir-ris-mrt__cp_025,1.375193,103.952991,1646.69,2457.3,0.4541609022352431,0.2213897705078125,0.2082858615451389,0.0003204345703125,0.04929945203993055,0.006756252712673611,0.0,1,High sky exposure + high road exposure / low greenery,1,-1.2624044177214355,-1.6008301901192823,True,0.0,0.06508264462809918,True,not_yet_labelled,
residential-0098__pasir-ris-mrt,residential-0098__pasir-ris-mrt__cp_026,1.375144,103.952476,1704.2,2457.3,0.3811577690972222,0.2884131537543403,0.20649210611979166,0.006235758463541667,0.051962958441840276,0.004096137152777778,0.0,1,High sky exposure + high road exposure / low greenery,1,-1.2327393620045886,-1.0591288317292624,True,0.0,0.06508264462809918,True,not_yet_labelled,
residential-0099__chinese-garden-mrt,residential-0099__chinese-garden-mrt__cp_000,1.340155,103.737937,0.0,847.0,0.13129170735677084,0.3047650655110677,0.12784957885742188,0.07831064860026042,0.29476292928059894,0.06063206990559896,0.0,0,High built frontage + high pedestrian space / low greenery,0,0.7354277787157275,0.30704766906944014,False,,,True,not_yet_labelled,
residential-0099__chinese-garden-mrt,residential-0099__chinese-garden-mrt__cp_001,1.34038,103.738323,49.67,847.0,0.06111907958984375,0.01113128662109375,0.15422185262044272,0.00547027587890625,0.590582529703776,0.17348480224609375,0.0,0,High built frontage + high pedestrian space / low greenery,0,2.0893755218321433,-1.2534660135717774,False,,,True,not_yet_labelled,
residential-0099__chinese-garden-mrt,residential-0099__chinese-garden-mrt__cp_002,1.340799,103.737605,142.09,847.0,0.2902336120605469,0.14148585001627603,0.15209070841471353,0.002422332763671875,0.2777417500813802,0.13445154825846353,0.0,1,High sky exposure + high road exposure / low greenery,0,0.12955936368337798,-1.5285981971188538,False,,,True,not_yet_labelled,
residential-0099__chinese-garden-mrt,residential-0099__chinese-garden-mrt__cp_003,1.341048,103.737133,201.42,847.0,0.18120702107747397,0.0695482889811198,0.21392822265625,0.03824742635091146,0.4638722737630208,0.027973175048828125,3.4332275390625e-05,0,High built frontage + high pedestrian space / low greenery,0,1.4913381882035703,-1.0328773900542567,False,,,True,not_yet_labelled,
residential-0099__chinese-garden-mrt,residential-0099__chinese-garden-mrt__cp_004,1.341169,103.736497,273.39,847.0,0.039998372395833336,0.025616963704427082,0.12928644816080728,0.0905443827311198,0.6804796854654948,0.029635111490885418,0.00021870930989583334,0,High built frontage + high pedestrian space / low greenery,0,3.2302597090756495,-0.1704966366145447,False,,,True,not_yet_labelled,
residential-0099__chinese-garden-mrt,residential-0099__chinese-garden-mrt__cp_005,1.341178,103.735844,345.98,847.0,0.12114842732747395,0.1172625223795573,0.18643315633138022,0.06616465250651042,0.4672508239746094,0.004010518391927083,0.0,0,High built frontage + high pedestrian space / low greenery,0,1.7626850499956102,-0.34106241372199486,False,,,True,not_yet_labelled,
residential-0099__chinese-garden-mrt,residential-0099__chinese-garden-mrt__cp_006,1.340922,103.73558,386.87,847.0,0.1828180948893229,0.4209149678548177,0.0,0.035364786783854164,0.3572069803873698,0.0,0.0,0,High built frontage + high pedestrian space / low greenery,0,0.6185052019290538,0.8135229810607069,False,,,True,not_yet_labelled,
residential-0099__chinese-garden-mrt,residential-0099__chinese-garden-mrt__cp_007,1.341156,103.735267,430.32,847.0,0.31690724690755206,0.36110178629557294,0.19043095906575522,0.009904225667317709,0.1055132548014323,0.007405598958333333,0.0,1,High sky exposure + high road exposure / low greenery,2,-1.0195583230699075,-0.5444720159534291,False,,,True,not_yet_labelled,
residential-0099__chinese-garden-mrt,residential-0099__chinese-garden-mrt__cp_008,1.341258,103.734825,480.74,847.0,0.08142852783203125,0.37116114298502606,0.2809003194173177,0.015820821126302082,0.13149642944335938,0.026888529459635418,0.0,3,High greenery + high road exposure / low built frontage,0,-0.6615781521033749,0.11134914644276075,False,,,True,not_yet_labelled,
residential-0099__chinese-garden-mrt,residential-0099__chinese-garden-mrt__cp_009,1.341014,103.734467,528.91,847.0,0.030139923095703125,0.13187408447265625,0.3563194274902344,0.008056640625,0.0801989237467448,0.08295694986979167,0.0003687540690104167,3,High greenery + high road exposure / low built frontage,0,-0.46911951595184676,-0.8492031744471162,False,,,True,not_yet_labelled,
residential-0099__chinese-garden-mrt,residential-0099__chinese-garden-mrt__cp_012,1.341968,103.732764,760.96,847.0,0.0,0.0,0.0,0.0,0.144561767578125,0.0,0.042626274956597224,0,High built frontage + high pedestrian space / low greenery,0,0.7933079542684478,0.18823475688737362,False,,,True,not_yet_labelled,
residential-0100__ang-mo-kio-mrt,residential-0100__ang-mo-kio-mrt__cp_000,1.363119,103.855504,0.0,1504.6,0.2839711507161458,0.3054063585069444,0.1175723605685764,0.0585784912109375,0.1727328830295139,0.052469889322916664,0.0005747477213541666,1,High sky exposure + high road exposure / low greenery,0,-0.14150403710826998,-0.2959131596039951,False,,,True,not_yet_labelled,
residential-0100__ang-mo-kio-mrt,residential-0100__ang-mo-kio-mrt__cp_005,1.363992,103.855549,338.41,1504.6,0.14412943522135416,0.4505733913845486,0.2018551296657986,0.0178680419921875,0.10802205403645833,0.07721794976128472,0.0,3,High greenery + high road exposure / low built frontage,0,-0.9484389503126013,0.1907464778087351,False,,,True,not_yet_labelled,
residential-0100__ang-mo-kio-mrt,residential-0100__ang-mo-kio-mrt__cp_006,1.36425,103.85572,372.82,1504.6,0.11065673828125,0.6442972819010416,0.015935262044270832,0.022944132486979168,0.1557193332248264,0.0,0.003044976128472222,3,High greenery + high road exposure / low built frontage,0,-0.7097365414257205,1.7571774277265158,False,,,True,not_yet_labelled,
residential-0100__ang-mo-kio-mrt,residential-0100__ang-mo-kio-mrt__cp_007,1.364905,103.855814,446.4,1504.6,0.091033935546875,0.4721611870659722,0.10694715711805555,0.08697340223524305,0.1486053466796875,0.011177910698784722,0.0,3,High greenery + high road exposure / low built frontage,3,-0.035293962543620924,1.3159060218628291,False,,,True,not_yet_labelled,
residential-0100__ang-mo-kio-mrt,residential-0100__ang-mo-kio-mrt__cp_008,1.365231,103.855168,526.85,1504.6,0.11073811848958333,0.4274444580078125,0.13678995768229166,0.1123470730251736,0.19899495442708334,0.008705986870659722,0.0,3,High greenery + high road exposure / low built frontage,3,0.36542191189353723,1.1217491051750397,False,,,True,not_yet_labelled,
residential-0100__ang-mo-kio-mrt,residential-0100__ang-mo-kio-mrt__cp_012,1.365326,103.852252,870.35,1504.6,0.1399264865451389,0.14965650770399305,0.3691948784722222,0.013409084743923612,0.07514444986979167,0.004241943359375,0.0017564561631944445,1,High sky exposure + high road exposure / low greenery,0,-0.630248175007387,-0.9812868672667846,False,,,True,not_yet_labelled,
residential-0100__ang-mo-kio-mrt,residential-0100__ang-mo-kio-mrt__cp_013,1.366232,103.851501,1001.19,1504.6,0.3559248182508681,0.20818583170572916,0.11505126953125,0.040283203125,0.20631239149305555,0.0745391845703125,0.0003000895182291667,1,High sky exposure + high road exposure / low greenery,0,-0.04793913784848465,-1.0547542339066216,False,,,True,not_yet_labelled,
residential-0100__ang-mo-kio-mrt,residential-0100__ang-mo-kio-mrt__cp_014,1.366641,103.851334,1050.31,1504.6,0.2996436225043403,0.2556932237413194,0.1000179714626736,0.020355224609375,0.19174024793836805,0.12340630425347222,0.0,1,High sky exposure + high road exposure / low greenery,1,-0.27829099352505676,-0.8963685106494046,False,,,True,not_yet_labelled,
residential-0100__ang-mo-kio-mrt,residential-0100__ang-mo-kio-mrt__cp_015,1.367139,103.851057,1113.67,1504.6,0.2461480034722222,0.4282294379340278,0.1168670654296875,0.03713650173611111,0.0865478515625,0.05370924207899305,0.0016462537977430555,3,High greenery + high road exposure / low built frontage,2,-0.8596789793246382,0.15752681937821117,False,,,True,not_yet_labelled,
residential-0100__ang-mo-kio-mrt,residential-0100__ang-mo-kio-mrt__cp_016,1.367553,103.850825,1166.44,1504.6,0.24048360188802084,0.3975948757595486,0.1080169677734375,0.011844211154513888,0.08380635579427083,0.07450018988715278,0.0,3,High greenery + high road exposure / low built frontage,1,-0.9694637868540229,-0.08082913525063401,False,,,True,not_yet_labelled,
residential-0100__ang-mo-kio-mrt,residential-0100__ang-mo-kio-mrt__cp_017,1.368109,103.850511,1237.43,1504.6,0.0985531277126736,0.0,0.3135443793402778,0.057164510091145836,0.2743581136067708,0.0,1.0172526041666666e-05,0,High built frontage + high pedestrian space / low greenery,0,1.0045542484228458,-0.9481865762577775,False,,,True,not_yet_labelled,
residential-0100__ang-mo-kio-mrt,residential-0100__ang-mo-kio-mrt__cp_018,1.368677,103.850213,1308.75,1504.6,0.3146531846788194,0.18562486436631945,0.000732421875,0.0006256103515625,0.2408938937717014,0.2476569281684028,0.0,1,High sky exposure + high road exposure / low greenery,1,-0.026982033232340833,-1.4067262444522204,False,,,True,not_yet_labelled,
residential-0100__ang-mo-kio-mrt,residential-0100__ang-mo-kio-mrt__cp_019,1.36905,103.849922,1361.35,1504.6,0.0,0.03988520304361979,0.008486429850260416,0.5153058369954427,0.3780466715494792,0.03258387247721354,0.028680165608723957,2,High pedestrian space + high built frontage / low road exposure,3,5.1574117168107,2.6339750087809093,False,,,True,not_yet_labelled,
residential-0100__ang-mo-kio-mrt,residential-0100__ang-mo-kio-mrt__cp_020,1.369464,103.849637,1417.23,1504.6,0.07990858289930555,0.164215087890625,0.2924719916449653,0.004241943359375,0.3706631130642361,0.0,0.003867255316840278,0,High built frontage + high pedestrian space / low greenery,0,0.7247988459239758,-0.6123381957991214,False,,,True,not_yet_labelled,
residential-0100__ang-mo-kio-mrt,residential-0100__ang-mo-kio-mrt__cp_021,1.369624,103.849605,1435.38,1504.6,0.06201171875,0.2148674858940972,0.2699500189887153,0.05956692165798611,0.3596140543619792,0.0011766221788194445,0.0,0,High built frontage + high pedestrian space / low greenery,0,1.0123543577074252,-0.04120690081505489,False,,,True,not_yet_labelled,
residential-0101__bedok-mrt,residential-0101__bedok-mrt__cp_007,1.32374,103.923413,395.11,1204.6,0.08675977918836805,0.23066202799479166,0.001583523220486111,0.0016699896918402778,0.6780412462022569,0.0,0.0,0,High built frontage + high pedestrian space / low greenery,0,2.3040956850141283,0.3177919215840168,False,,,True,not_yet_labelled,
residential-0101__bedok-mrt,residential-0101__bedok-mrt__cp_008,1.323575,103.923721,433.95,1204.6,0.08123101128472222,0.23352220323350695,0.0,0.0,0.6820153130425347,0.0,0.0,0,High built frontage + high pedestrian space / low greenery,0,2.3146377434180447,0.34376626753864353,False,,,True,not_yet_labelled,
residential-0101__bedok-mrt,residential-0101__bedok-mrt__cp_009,1.323455,103.924118,480.06,1204.6,0.004998101128472222,0.2286953396267361,0.041649712456597224,0.04172092013888889,0.5456882052951388,0.0,0.0,0,High built frontage + high pedestrian space / low greenery,0,2.115050047921402,0.7732816441771402,False,,,True,not_yet_labelled,
residential-0101__bedok-mrt,residential-0101__bedok-mrt__cp_010,1.323197,103.924486,530.02,1204.6,0.05277845594618055,0.11378309461805555,0.0,0.036005655924479164,0.7152981228298612,0.009691026475694444,0.009836832682291666,0,High built frontage + high pedestrian space / low greenery,0,3.0150431663320814,0.22708320572536086,False,,,True,not_yet_labelled,
residential-0101__bedok-mrt,residential-0101__bedok-mrt__cp_011,1.323317,103.925158,605.91,1204.6,0.025909423828125,0.1612006293402778,0.2774929470486111,0.0026380750868055555,0.058083428276909724,0.4457041422526042,0.0,4,High vehicle presence + high road exposure / low greenery,4,-0.8758333927124261,-1.7572099227033455,False,,,True,not_yet_labelled,
residential-0101__bedok-mrt,residential-0101__bedok-mrt__cp_012,1.323586,103.926755,785.94,1204.6,0.1073337131076389,0.5557183159722222,0.002175225151909722,0.0011647542317708333,0.3336944580078125,0.0,0.0,3,High greenery + high road exposure / low built frontage,0,0.10333656910939015,1.3614101157445835,False,,,True,not_yet_labelled,
residential-0101__bedok-mrt,residential-0101__bedok-mrt__cp_013,1.323685,103.927123,828.31,1204.6,0.16929796006944445,0.4506259494357639,0.022593180338541668,0.012997097439236112,0.3152787950303819,0.0023057725694444445,0.0005459255642361111,3,High greenery + high road exposure / low built frontage,0,0.20645752422358288,0.7872709202198296,False,,,True,not_yet_labelled,
residential-0101__bedok-mrt,residential-0101__bedok-mrt__cp_014,1.323853,103.927511,875.31,1204.6,0.1853722466362847,0.2995181613498264,0.007590399848090278,0.07204352484809028,0.4385833740234375,0.0,0.0,0,High built frontage + high pedestrian space / low greenery,0,1.4667777127876989,0.5592990421381924,False,,,True,not_yet_labelled,
residential-0101__bedok-mrt,residential-0101__bedok-mrt__cp_015,1.323977,103.928719,1010.3,1204.6,0.1559109157986111,0.13919236924913195,0.036539713541666664,0.07924736870659722,0.5846574571397569,0.0002865261501736111,0.0,0,High built frontage + high pedestrian space / low greenery,0,2.4854926762106815,0.07597877930271665,False,,,True,not_yet_labelled,
residential-0101__bedok-mrt,residential-0101__bedok-mrt__cp_016,1.323962,103.929113,1054.13,1204.6,0.22339036729600695,0.0003628200954861111,0.086090087890625,0.007337782118055556,0.6641998291015625,0.005940755208333333,0.009716457790798612,0,High built frontage + high pedestrian space / low greenery,0,2.4281232566121953,-1.1812570519211367,False,,,True,not_yet_labelled,
residential-0101__bedok-mrt,residential-0101__bedok-mrt__cp_017,1.324027,103.929399,1086.74,1204.6,0.2428131103515625,0.0031636555989583335,0.062530517578125,0.03321668836805555,0.6583828396267362,0.0015343560112847222,0.0,0,High built frontage + high pedestrian space / low greenery,0,2.5872127126130695,-1.0325686851965117,False,,,True,not_yet_labelled,
residential-0102__kovan-mrt,residential-0102__kovan-mrt__cp_001,1.367336,103.873514,48.61,2147.7,0.001964992947048611,0.10185919867621528,0.00013054741753472222,0.1221737331814236,0.5506642659505209,0.0,0.0,0,High built frontage + high pedestrian space / low greenery,0,3.0588560606903257,0.926107590594446,False,1466.5500000000002,0.8987603305785123,False,not_yet_labelled,
residential-0102__kovan-mrt,residential-0102__kovan-mrt__cp_002,1.367186,103.872967,111.66,2147.7,0.033837212456597224,0.5393948025173612,0.0,0.023245917426215276,0.3733045789930556,0.0,0.0037706163194444445,3,High greenery + high road exposure / low built frontage,0,0.5868134208487672,1.7089535619744325,False,1403.5,0.8842975206611571,False,not_yet_labelled,
residential-0102__kovan-mrt,residential-0102__kovan-mrt__cp_003,1.366532,103.87315,187.18,2147.7,0.060099283854166664,0.5614437527126737,0.0018547905815972222,0.05769687228732639,0.3067135281032986,0.0062408447265625,0.0,3,High greenery + high road exposure / low built frontage,0,0.445274154453094,1.8416453791635994,False,1327.98,0.8677685950413223,False,not_yet_labelled,
residential-0102__kovan-mrt,residential-0102__kovan-mrt__cp_004,1.366335,103.872563,256.01,2147.7,0.0822177463107639,0.45245361328125,0.062461005316840276,0.001819186740451389,0.2966223822699653,0.09331427680121528,0.0,3,High greenery + high road exposure / low built frontage,2,0.0423663417749275,0.663289927530845,False,1259.15,0.8533057851239669,False,not_yet_labelled,
residential-0102__kovan-mrt,residential-0102__kovan-mrt__cp_005,1.365989,103.872288,305.15,2147.7,0.021892971462673612,0.277374267578125,0.16107347276475695,0.1123318142361111,0.4256523980034722,0.001675075954861111,0.0,0,High built frontage + high pedestrian space / low greenery,0,1.759390825086079,0.8795793207835112,False,1210.0100000000002,0.8429752066115702,False,not_yet_labelled,
residential-0102__kovan-mrt,residential-0102__kovan-mrt__cp_006,1.365112,103.872327,402.76,2147.7,0.1364373101128472,0.6921641031901041,0.001964992947048611,0.041468302408854164,0.08054436577690972,0.002315945095486111,0.0,3,High greenery + high road exposure / low built frontage,2,-1.023561562154518,1.956926623782805,False,1112.4,0.8202479338842975,False,not_yet_labelled,
residential-0102__kovan-mrt,residential-0102__kovan-mrt__cp_007,1.364607,103.87243,460.07,2147.7,0.0840420193142361,0.6121266682942709,0.1298031277126736,0.010872734917534722,0.0824856228298611,0.00439453125,0.0,3,High greenery + high road exposure / low built frontage,2,-1.1735309534868674,1.3714803176794534,False,1055.0900000000001,0.8037190082644629,False,not_yet_labelled,
residential-0102__kovan-mrt,residential-0102__kovan-mrt__cp_008,1.364051,103.87312,558.59,2147.7,0.1574435763888889,0.5564168294270834,0.018117268880208332,0.0,0.23225572374131945,0.00013902452256944444,0.0,3,High greenery + high road exposure / low built frontage,0,-0.43666596624498755,1.147855493392791,False,956.57,0.7892561983471075,False,not_yet_labelled,
residential-0102__kovan-mrt,residential-0102__kovan-mrt__cp_009,1.363771,103.873534,614.15,2147.7,0.3529069688585069,0.5238749186197916,0.034232245551215276,0.004262288411458333,0.06911553276909722,0.009102715386284722,0.0,3,High greenery + high road exposure / low built frontage,2,-1.3771231551799,0.2675242598199555,False,901.0100000000001,0.768595041322314,False,not_yet_labelled,
residential-0102__kovan-mrt,residential-0102__kovan-mrt__cp_010,1.363575,103.873915,661.78,2147.7,0.4693213568793403,0.03447299533420139,0.0970272488064236,0.017344156901041668,0.2854105631510417,0.0898708767361111,0.0,1,High sky exposure + high road exposure / low greenery,1,0.33792819413288244,-2.184757815850769,False,853.3800000000001,0.7417355371900827,False,not_yet_labelled,
residential-0102__kovan-mrt,residential-0102__kovan-mrt__cp_011,1.36371,103.874397,717.43,2147.7,0.117706298828125,0.5139973958333334,0.047278510199652776,0.11385430230034722,0.19345601399739584,0.011766221788194444,0.0,2,High pedestrian space + high built frontage / low road exposure,3,0.2931276889738387,1.6319115843996084,False,797.7300000000001,0.7210743801652892,False,not_yet_labelled,
residential-0102__kovan-mrt,residential-0102__kovan-mrt__cp_012,1.363666,103.875332,821.48,2147.7,0.3073221842447917,0.35223388671875,0.09030829535590278,0.04170396592881945,0.1085205078125,0.09171210394965278,3.2212999131944445e-05,1,High sky exposure + high road exposure / low greenery,1,-0.660544739330008,-0.35511513931427163,False,693.6800000000001,0.6611570247933884,False,not_yet_labelled,
residential-0102__kovan-mrt,residential-0102__kovan-mrt__cp_014,1.363555,103.877291,1039.6,2147.7,0.2958323160807292,0.3353474934895833,0.1042514377170139,0.08605787489149305,0.1636742485894097,0.014867146809895834,2.8822157118055555e-05,1,High sky exposure + high road exposure / low greenery,0,-0.019380653913321014,0.056940411490649816,False,475.5600000000002,0.5268595041322314,False,not_yet_labelled,
residential-0102__kovan-mrt,residential-0102__kovan-mrt__cp_015,1.363492,103.878332,1155.53,2147.7,0.3750288221571181,0.2486487494574653,0.06363593207465278,0.10585869683159722,0.1351962619357639,0.026085747612847224,0.0,1,High sky exposure + high road exposure / low greenery,0,0.1218075219447367,-0.32939584366798624,False,359.6300000000001,0.44008264462809915,False,not_yet_labelled,
residential-0102__kovan-mrt,residential-0102__kovan-mrt__cp_020,1.363086,103.880945,1515.16,2147.7,0.24786885579427084,0.1463809543185764,0.1386176215277778,0.08006964789496528,0.2713690863715278,0.0,0.0,1,High sky exposure + high road exposure / low greenery,0,0.8550652621369642,-0.4529012049436492,True,0.0,0.06508264462809918,False,not_yet_labelled,
residential-0102__kovan-mrt,residential-0102__kovan-mrt__cp_021,1.362603,103.881362,1586.11,2147.7,0.2644704182942708,0.24104817708333334,0.08805168999565972,0.11093987358940972,0.16104295518663195,0.008826361762152778,0.0,1,High sky exposure + high road exposure / low greenery,0,0.447142887586876,0.09279583877389978,False,70.94999999999982,0.18388429752066116,False,not_yet_labelled,
residential-0102__kovan-mrt,residential-0102__kovan-mrt__cp_022,1.362523,103.882025,1660.34,2147.7,0.08668348524305555,0.1981777615017361,0.2109747992621528,0.054160224066840276,0.3912879096137153,0.0,0.0,0,High built frontage + high pedestrian space / low greenery,0,1.2036457552686837,-0.045810425868326426,False,145.17999999999984,0.2644628099173554,False,not_yet_labelled,
residential-0102__kovan-mrt,residential-0102__kovan-mrt__cp_023,1.36218,103.882403,1717.09,2147.7,0.3801608615451389,0.2134857177734375,0.06108432345920139,0.022011650933159724,0.1530032687717014,0.1683230929904514,0.000274658203125,1,High sky exposure + high road exposure / low greenery,1,-0.44482383910396417,-1.3591488342169153,False,201.92999999999984,0.3202479338842975,False,not_yet_labelled,
residential-0103__pasir-ris-mrt,residential-0103__pasir-ris-mrt__cp_000,1.366522,103.955096,0.0,1391.0,0.1622772216796875,0.2112036810980903,0.1626163058810764,0.1499243842230903,0.2297549777560764,0.07512071397569445,0.00045945909288194444,2,High pedestrian space + high built frontage / low road exposure,0,1.049658698732729,0.12380196038385534,False,,,True,not_yet_labelled,
residential-0103__pasir-ris-mrt,residential-0103__pasir-ris-mrt__cp_001,1.36765,103.955345,128.45,1391.0,0.0,0.17598978678385416,0.1672295464409722,0.0983920627170139,0.4633280436197917,0.09430948893229167,0.0,0,High built frontage + high pedestrian space / low greenery,0,1.9885108930527495,0.23968011160041183,False,,,True,not_yet_labelled,
residential-0103__pasir-ris-mrt,residential-0103__pasir-ris-mrt__cp_002,1.367875,103.954278,249.67,1391.0,0.0,0.22334798177083334,0.2607489691840278,0.021260579427083332,0.3826989067925347,0.1073184543185764,0.0,0,High built frontage + high pedestrian space / low greenery,0,0.8436608353742159,-0.2989460079304714,False,,,True,not_yet_labelled,
residential-0103__pasir-ris-mrt,residential-0103__pasir-ris-mrt__cp_003,1.36845,103.954307,313.69,1391.0,0.0,0.2434302435980903,0.2752872043185764,0.055884467230902776,0.3805609809027778,0.044837103949652776,0.0,0,High built frontage + high pedestrian space / low greenery,0,1.0628271271264,0.10361011851844,False,,,True,not_yet_labelled,
residential-0103__pasir-ris-mrt,residential-0103__pasir-ris-mrt__cp_004,1.368919,103.954394,366.72,1391.0,0.10955980088975695,0.2155371771918403,0.177947998046875,0.022181193033854168,0.1369781494140625,0.3379364013671875,0.0,1,High sky exposure + high road exposure / low greenery,1,-0.4114283377036298,-1.191066297690485,False,,,True,not_yet_labelled,
residential-0103__pasir-ris-mrt,residential-0103__pasir-ris-mrt__cp_005,1.369058,103.953954,418.02,1391.0,0.033574422200520836,0.4496578640407986,0.2783593071831597,0.012705485026041666,0.15645345052083334,0.038706461588541664,0.0,3,High greenery + high road exposure / low built frontage,0,-0.6858363157927664,0.48479512657132434,False,,,True,not_yet_labelled,
residential-0103__pasir-ris-mrt,residential-0103__pasir-ris-mrt__cp_006,1.369048,103.953379,481.95,1391.0,0.007819281684027778,0.4617123074001736,0.24376932779947916,0.0004238552517361111,0.2947709825303819,0.0,0.0,3,High greenery + high road exposure / low built frontage,0,-0.08911309992653009,0.7456710570823909,False,,,True,not_yet_labelled,
residential-0103__pasir-ris-mrt,residential-0103__pasir-ris-mrt__cp_007,1.369081,103.952707,556.74,1391.0,0.08722093370225695,0.5986277262369791,0.14607069227430555,0.031411064995659724,0.0804256863064236,0.04489474826388889,0.0,3,High greenery + high road exposure / low built frontage,2,-1.0827704762169146,1.2319179235798354,False,,,True,not_yet_labelled,
residential-0103__pasir-ris-mrt,residential-0103__pasir-ris-mrt__cp_008,1.369176,103.95206,629.43,1391.0,0.0,0.0024617513020833335,0.2707010904947917,0.027843899197048612,0.6396857367621528,0.0,0.0,0,High built frontage + high pedestrian space / low greenery,0,2.5390313895466594,-0.7084705766506237,False,,,True,not_yet_labelled,
residential-0103__pasir-ris-mrt,residential-0103__pasir-ris-mrt__cp_009,1.369212,103.951812,657.29,1391.0,0.22659810384114584,0.2766537136501736,0.1723361545138889,0.020180596245659724,0.2351464165581597,0.05912950303819445,0.0,1,High sky exposure + high road exposure / low greenery,0,-0.08521771084464722,-0.5597619846160482,False,,,True,not_yet_labelled,
residential-0103__pasir-ris-mrt,residential-0103__pasir-ris-mrt__cp_010,1.369438,103.951047,745.97,1391.0,0.005703396267361111,0.2884080674913194,0.2737189398871528,0.0721774631076389,0.3576236300998264,1.6954210069444444e-06,0.00016615125868055556,0,High built frontage + high pedestrian space / low greenery,0,1.0138804291341799,0.465724257789134,False,,,True,not_yet_labelled,
residential-0103__pasir-ris-mrt,residential-0103__pasir-ris-mrt__cp_011,1.369773,103.950239,843.21,1391.0,0.1506466335720486,0.4165378146701389,0.06468370225694445,1.3563368055555555e-05,0.2427147759331597,0.12333170572916667,0.0,3,High greenery + high road exposure / low built frontage,2,-0.26023941511860343,0.18159584287031103,False,,,True,not_yet_labelled,
residential-0103__pasir-ris-mrt,residential-0103__pasir-ris-mrt__cp_012,1.369874,103.949848,888.1,1391.0,0.3875139024522569,0.17617967393663195,0.0894436306423611,0.010262383355034722,0.19408162434895834,0.13191392686631945,8.307562934027778e-05,1,High sky exposure + high road exposure / low greenery,1,-0.2975730973871882,-1.5408030337780492,False,,,True,not_yet_labelled,
residential-0103__pasir-ris-mrt,residential-0103__pasir-ris-mrt__cp_013,1.370272,103.949328,960.9,1391.0,0.208038330078125,0.18157958984375,0.2710639105902778,0.011505126953125,0.2698754204644097,0.06283399793836805,0.002017550998263889,1,High sky exposure + high road exposure / low greenery,0,0.07457196909181278,-1.1482971240436997,False,,,True,not_yet_labelled,
residential-0103__pasir-ris-mrt,residential-0103__pasir-ris-mrt__cp_014,1.370459,103.948921,1010.69,1391.0,0.3134070502387153,0.052605523003472224,0.2508121066623264,0.004158867730034722,0.2651265462239583,0.1185879177517361,0.0,1,High sky exposure + high road exposure / low greenery,1,0.09935127432951167,-2.128693684148509,False,,,True,not_yet_labelled,
residential-0103__pasir-ris-mrt,residential-0103__pasir-ris-mrt__cp_015,1.370792,103.94892,1047.72,1391.0,0.3099738226996528,0.010603162977430556,0.1250542534722222,0.004957411024305556,0.2474602593315972,0.2955101860894097,0.0013105604383680555,1,High sky exposure + high road exposure / low greenery,1,0.17982221991040048,-2.447611473269675,False,,,True,not_yet_labelled,
residential-0103__pasir-ris-mrt,residential-0103__pasir-ris-mrt__cp_016,1.371321,103.948986,1107.0,1391.0,0.0005788803100585938,0.031627655029296875,0.24678897857666016,0.2249469757080078,0.3158235549926758,0.06934070587158203,0.0,2,High pedestrian space + high built frontage / low road exposure,3,2.474158174643356,0.32928184893236684,False,,,True,not_yet_labelled,
residential-0103__pasir-ris-mrt,residential-0103__pasir-ris-mrt__cp_017,1.371969,103.949183,1182.31,1391.0,0.016913414001464844,0.09458732604980469,0.44203948974609375,0.023179054260253906,0.32993125915527344,0.061530113220214844,0.01742076873779297,0,High built frontage + high pedestrian space / low greenery,0,0.6395886241746332,-1.1295975537680156,False,,,True,not_yet_labelled,
residential-0103__pasir-ris-mrt,residential-0103__pasir-ris-mrt__cp_018,1.372768,103.949341,1272.87,1391.0,0.0,0.033385276794433594,0.24973773956298828,0.10171127319335938,0.1554126739501953,0.14449310302734375,0.0,0,High built frontage + high pedestrian space / low greenery,0,0.8873280097972664,-0.4740335997036738,False,,,True,not_yet_labelled,
residential-0103__pasir-ris-mrt,residential-0103__pasir-ris-mrt__cp_019,1.372773,103.949317,1275.6,1391.0,0.0,0.033385276794433594,0.24973773956298828,0.10171127319335938,0.1554126739501953,0.14449310302734375,0.0,0,High built frontage + high pedestrian space / low greenery,0,0.8873280097972664,-0.4740335997036738,False,,,True,not_yet_labelled,
residential-0104__kranji-mrt,residential-0104__kranji-mrt__cp_000,1.419401,103.755679,0.0,1156.5,0.158843994140625,0.5932871500651041,0.1962856716579861,0.0,0.021035088433159724,0.0,0.0,3,High greenery + high road exposure / low built frontage,2,-1.69741189820826,0.7933087059321511,False,,,False,not_yet_labelled,
residential-0104__kranji-mrt,residential-0104__kranji-mrt__cp_002,1.420525,103.755812,148.65,1156.5,0.24226548936631945,0.5595906575520834,0.1980065239800347,0.0,0.0,0.0,0.0,3,High greenery + high road exposure / low built frontage,2,-1.853908191279835,0.35705511519285793,False,,,False,not_yet_labelled,
residential-0104__kranji-mrt,residential-0104__kranji-mrt__cp_003,1.421006,103.755661,204.7,1156.5,0.149383544921875,0.6259494357638888,0.2180328369140625,0.0017683241102430555,0.0045013427734375,0.0,0.0,3,High greenery + high road exposure / low built frontage,2,-1.8494910429798364,0.8793591761014031,False,,,False,not_yet_labelled,
residential-0104__kranji-mrt,residential-0104__kranji-mrt__cp_004,1.421763,103.755898,292.9,1156.5,0.034968058268229164,0.4609459771050347,0.2175937228732639,0.009529961480034722,0.0032670762803819445,0.2669542100694444,0.0,3,High greenery + high road exposure / low built frontage,1,-1.4818063595860276,-0.030784819217764537,False,,,False,not_yet_labelled,
residential-0104__kranji-mrt,residential-0104__kranji-mrt__cp_005,1.422189,103.756155,348.22,1156.5,0.15339830186631945,0.4962005615234375,0.21926371256510416,0.010019938151041666,0.07209269205729167,0.015436808268229166,0.0,3,High greenery + high road exposure / low built frontage,2,-1.2406887428621207,0.4252832952184282,False,,,False,not_yet_labelled,
residential-0104__kranji-mrt,residential-0104__kranji-mrt__cp_006,1.422487,103.756457,395.39,1156.5,0.3146955702039931,0.4998118082682292,0.1351097954644097,0.003085666232638889,0.0,0.0010087754991319445,0.0,3,High greenery + high road exposure / low built frontage,2,-1.7129173624229201,0.08851306493776512,False,,,False,not_yet_labelled,
residential-0104__kranji-mrt,residential-0104__kranji-mrt__cp_007,1.422848,103.756783,449.47,1156.5,0.11925421820746528,0.6745808919270834,0.18438212076822916,0.010784573025173612,0.004796346028645833,0.00022718641493055556,0.0024702284071180555,3,High greenery + high road exposure / low built frontage,2,-1.7880447909294908,1.2966159914922204,False,,,False,not_yet_labelled,
residential-0104__kranji-mrt,residential-0104__kranji-mrt__cp_008,1.423096,103.757055,490.39,1156.5,0.1172824435763889,0.3216840955946181,0.2585873074001736,0.0749172634548611,0.20813496907552084,0.006459554036458333,0.0,3,High greenery + high road exposure / low built frontage,0,0.16941551907932295,0.21624693363505038,False,,,False,not_yet_labelled,
residential-0104__kranji-mrt,residential-0104__kranji-mrt__cp_009,1.423276,103.757435,537.13,1156.5,0.2540045844184028,0.14856974283854166,0.26226806640625,0.09151543511284722,0.07531568739149305,0.041861640082465276,0.004621717664930556,1,High sky exposure + high road exposure / low greenery,0,-0.13978368440387406,-0.8567290013388522,False,,,False,not_yet_labelled,
residential-0104__kranji-mrt,residential-0104__kranji-mrt__cp_010,1.423577,103.758011,609.38,1156.5,0.3272332085503472,0.3312598334418403,0.2143792046440972,0.005074395073784722,0.056738959418402776,0.005138821072048611,0.0002560085720486111,1,High sky exposure + high road exposure / low greenery,2,-1.2408947431494306,-0.7465743813824535,False,,,False,not_yet_labelled,
residential-0104__kranji-mrt,residential-0104__kranji-mrt__cp_011,1.423726,103.758446,660.5,1156.5,0.3781704372829861,0.3744455973307292,0.19321187337239584,0.003772311740451389,0.0388336181640625,5.425347222222222e-05,0.0,1,High sky exposure + high road exposure / low greenery,2,-1.4698522714640538,-0.7377622865405618,False,,,False,not_yet_labelled,
residential-0104__kranji-mrt,residential-0104__kranji-mrt__cp_012,1.423888,103.759153,741.13,1156.5,0.3690219455295139,0.3790232340494792,0.16099717881944445,0.00011020236545138889,0.05974155002170139,0.004894680447048611,0.0,1,High sky exposure + high road exposure / low greenery,2,-1.3530727420255926,-0.630947803054651,False,,,False,not_yet_labelled,
residential-0104__kranji-mrt,residential-0104__kranji-mrt__cp_013,1.424046,103.759661,800.27,1156.5,0.1436733669704861,0.4407162136501736,0.2584075927734375,0.016279432508680556,0.08247545030381945,0.0019429524739583333,8.985731336805556e-05,3,High greenery + high road exposure / low built frontage,2,-1.0646578879943738,0.24823141329330317,False,,,False,not_yet_labelled,
residential-0104__kranji-mrt,residential-0104__kranji-mrt__cp_014,1.424417,103.760461,898.3,1156.5,0.4035390218098958,0.2639990912543403,0.07958306206597222,0.005420260959201389,0.07816569010416667,0.1278110080295139,0.0,1,High sky exposure + high road exposure / low greenery,1,-1.0151252440911331,-1.2700455675206688,False,,,False,not_yet_labelled,
residential-0104__kranji-mrt,residential-0104__kranji-mrt__cp_015,1.424749,103.760969,965.76,1156.5,0.2509494357638889,0.3587426079644097,0.2252349853515625,0.000823974609375,0.0772213406032986,0.040735880533854164,0.0,1,High sky exposure + high road exposure / low greenery,0,-1.1705737500647433,-0.5394047621825201,False,,,False,not_yet_labelled,
residential-0104__kranji-mrt,residential-0104__kranji-mrt__cp_016,1.425136,103.761584,1046.54,1156.5,0.052790323893229164,0.09716288248697917,0.2782050238715278,0.031546698676215276,0.3908860948350694,0.0,0.0,0,High built frontage + high pedestrian space / low greenery,0,1.2221053160638091,-0.535052418190057,False,,,False,not_yet_labelled,
residential-0104__kranji-mrt,residential-0104__kranji-mrt__cp_017,1.425292,103.761916,1087.32,1156.5,0.2581142849392361,0.014673868815104166,0.3023885091145833,0.00010002983940972222,0.2914462619357639,0.1337771945529514,0.0,1,High sky exposure + high road exposure / low greenery,1,0.2588453227754419,-2.262448117459709,False,,,False,not_yet_labelled,
residential-0105__south-view-mrt,residential-0105__south-view-mrt__cp_003,1.381235,103.74277,166.07,560.4,0.3779262966579861,0.05750698513454861,0.0822330050998264,0.008650037977430556,0.17745463053385416,0.2835405137803819,0.0,1,High sky exposure + high road exposure / low greenery,1,-0.22214930770466382,-2.3593693236990756,False,,,False,not_yet_labelled,
residential-0105__south-view-mrt,residential-0105__south-view-mrt__cp_004,1.381509,103.743148,217.98,560.4,0.3779262966579861,0.05750698513454861,0.0822330050998264,0.008650037977430556,0.17745463053385416,0.2835405137803819,0.0,1,High sky exposure + high road exposure / low greenery,1,-0.22214930770466382,-2.3593693236990756,False,,,False,not_yet_labelled,
residential-0105__south-view-mrt,residential-0105__south-view-mrt__cp_005,1.381442,103.743538,261.97,560.4,0.1431003146701389,0.2726796468098958,0.3113471137152778,0.025958591037326388,0.21101209852430555,0.013180202907986112,0.0,1,High sky exposure + high road exposure / low greenery,0,-0.1854133106823812,-0.46716037343328015,False,,,False,not_yet_labelled,
residential-0105__south-view-mrt,residential-0105__south-view-mrt__cp_006,1.381054,103.743891,320.29,560.4,0.0970730251736111,0.3383416069878472,0.23032124837239584,0.00011189778645833333,0.2622968885633681,0.0,8.138020833333333e-05,3,High greenery + high road exposure / low built frontage,0,-0.07160887376887026,0.06357483473504962,False,,,False,not_yet_labelled,
residential-0105__south-view-mrt,residential-0105__south-view-mrt__cp_007,1.380755,103.744231,370.62,560.4,0.11344061957465278,0.07326592339409722,0.3100433349609375,0.04303148057725695,0.4459957546657986,0.0,0.01397705078125,0,High built frontage + high pedestrian space / low greenery,0,1.421439957311976,-0.9171906226699655,False,,,False,not_yet_labelled,
residential-0105__south-view-mrt,residential-0105__south-view-mrt__cp_008,1.380547,103.744735,431.23,560.4,0.021901448567708332,0.3060658772786458,0.07189093695746528,0.022291395399305556,0.5463019476996528,0.0,0.0,0,High built frontage + high pedestrian space / low greenery,0,1.7236166513654063,0.749757205148401,False,,,False,not_yet_labelled,
residential-0105__south-view-mrt,residential-0105__south-view-mrt__cp_009,1.380356,103.745149,481.92,560.4,0.01220703125,0.2636973063151042,0.049092610677083336,0.015947129991319444,0.5125257703993056,0.0,0.008775499131944444,0,High built frontage + high pedestrian space / low greenery,0,1.6956649657010578,0.7132845190514554,False,,,False,not_yet_labelled,
residential-0105__south-view-mrt,residential-0105__south-view-mrt__cp_010,1.380306,103.745125,488.09,560.4,0.01220703125,0.2636973063151042,0.049092610677083336,0.015947129991319444,0.5125257703993056,0.0,0.008775499131944444,0,High built frontage + high pedestrian space / low greenery,0,1.6956649657010578,0.7132845190514554,False,,,False,not_yet_labelled,
residential-0106__keat-hong-mrt,residential-0106__keat-hong-mrt__cp_000,1.378415,103.750929,0.0,343.4,0.009823269314236112,0.2957051595052083,0.1909552680121528,0.03994411892361111,0.4472215440538194,0.0,0.015150282118055556,0,High built frontage + high pedestrian space / low greenery,0,1.2782158811253048,0.5289536310725406,False,,,False,not_yet_labelled,
residential-0106__keat-hong-mrt,residential-0106__keat-hong-mrt__cp_001,1.378219,103.750659,37.09,343.4,0.0,0.4462873670789931,0.015280829535590278,0.051874796549479164,0.4878675672743056,0.0,0.0,0,High built frontage + high pedestrian space / low greenery,0,1.5003459375477772,1.610218282639701,False,,,False,not_yet_labelled,
residential-0106__keat-hong-mrt,residential-0106__keat-hong-mrt__cp_002,1.378012,103.751019,83.26,343.4,0.007314046223958333,0.06364949544270833,0.2890997992621528,0.07025824652777778,0.5685865614149306,0.0,0.0004238552517361111,0,High built frontage + high pedestrian space / low greenery,0,2.3539710659983197,-0.368561652845339,False,,,False,not_yet_labelled,
residential-0106__keat-hong-mrt,residential-0106__keat-hong-mrt__cp_003,1.3778,103.75076,120.47,343.4,0.009823269314236112,0.2957051595052083,0.1909552680121528,0.03994411892361111,0.4472215440538194,0.0,0.015150282118055556,0,High built frontage + high pedestrian space / low greenery,0,1.2782158811253048,0.5289536310725406,False,,,False,not_yet_labelled,
residential-0106__keat-hong-mrt,residential-0106__keat-hong-mrt__cp_004,1.378142,103.749983,214.84,343.4,0.0,0.3645816379123264,0.12447950575086805,0.008736504448784722,0.5051981608072916,0.0,0.00012715657552083334,0,High built frontage + high pedestrian space / low greenery,0,1.274080674263347,0.8036369259287454,False,,,False,not_yet_labelled,
residential-0106__keat-hong-mrt,residential-0106__keat-hong-mrt__cp_005,1.378388,103.749349,290.44,343.4,0.0,0.3483988444010417,0.012929280598958334,0.05006069607204861,0.5606604682074653,0.0121917724609375,0.0,0,High built frontage + high pedestrian space / low greenery,0,2.0040252116885076,1.239087187494982,False,,,False,not_yet_labelled,
residential-0106__keat-hong-mrt,residential-0106__keat-hong-mrt__cp_006,1.378468,103.749214,307.89,343.4,0.0,0.2227410210503472,0.04208713107638889,0.059326171875,0.6764187282986112,0.0,0.0,0,High built frontage + high pedestrian space / low greenery,0,2.793363761686402,0.8068021403515958,False,,,False,not_yet_labelled,
residential-0107__woodlands-north-mrt,residential-0107__woodlands-north-mrt__cp_005,1.452241,103.779527,271.67,1281.2,0.09469858805338542,0.562402089436849,0.028635660807291668,0.0007108052571614584,0.018442789713541668,0.29528045654296875,0.0,3,High greenery + high road exposure / low built frontage,1,-1.5191733362345734,0.471732541440109,True,0.0,0.06508264462809918,True,not_yet_labelled,
residential-0107__woodlands-north-mrt,residential-0107__woodlands-north-mrt__cp_006,1.451867,103.779218,325.61,1281.2,0.14475631713867188,0.4728139241536458,0.050633748372395836,0.005237579345703125,0.03248469034830729,0.29415130615234375,0.0,3,High greenery + high road exposure / low built frontage,1,-1.3478165818848942,-0.05018348127958107,True,0.0,0.06508264462809918,True,not_yet_labelled,
residential-0107__woodlands-north-mrt,residential-0107__woodlands-north-mrt__cp_007,1.451584,103.779041,362.72,1281.2,0.2552350362141927,0.3513628641764323,0.05670801798502604,0.001796722412109375,0.04518000284830729,0.2844645182291667,0.0,1,High sky exposure + high road exposure / low greenery,1,-1.2324718345826422,-0.8738853442961141,False,37.110000000000014,0.13016528925619836,True,not_yet_labelled,
residential-0107__woodlands-north-mrt,residential-0107__woodlands-north-mrt__cp_008,1.451661,103.779713,437.91,1281.2,0.09469858805338542,0.562402089436849,0.028635660807291668,0.0007108052571614584,0.018442789713541668,0.29528045654296875,0.0,3,High greenery + high road exposure / low built frontage,1,-1.5191733362345734,0.471732541440109,False,112.30000000000001,0.22933884297520662,True,not_yet_labelled,
residential-0107__woodlands-north-mrt,residential-0107__woodlands-north-mrt__cp_009,1.451646,103.780184,490.29,1281.2,0.2075525919596354,0.4412396748860677,0.040011088053385414,0.002475738525390625,0.020526885986328125,0.2902018229166667,0.0,3,High greenery + high road exposure / low built frontage,1,-1.4299427163295215,-0.3625029419371986,False,164.68,0.2892561983471074,True,not_yet_labelled,
residential-0107__woodlands-north-mrt,residential-0107__woodlands-north-mrt__cp_010,1.451638,103.780878,567.44,1281.2,0.2557118733723958,0.40286509195963544,0.059749603271484375,5.2134195963541664e-05,0.004914601643880208,0.27667872111002606,0.0,1,High sky exposure + high road exposure / low greenery,1,-1.526713160398179,-0.6940159028015604,False,241.83000000000004,0.35330578512396693,True,not_yet_labelled,
residential-0107__woodlands-north-mrt,residential-0107__woodlands-north-mrt__cp_011,1.451508,103.781708,660.83,1281.2,0.4751739501953125,0.06668980916341145,0.14433797200520834,0.005696614583333333,0.04445775349934896,0.2513313293457031,0.0022722880045572915,1,High sky exposure + high road exposure / low greenery,1,-1.0535022900106927,-2.7653847169172923,False,335.22,0.4194214876033058,True,not_yet_labelled,
residential-0107__woodlands-north-mrt,residential-0107__woodlands-north-mrt__cp_012,1.451226,103.782021,707.67,1281.2,0.4171312120225694,0.3729756673177083,0.05142381456163195,0.028286404079861112,0.0275421142578125,0.09644402398003472,0.000823974609375,1,High sky exposure + high road exposure / low greenery,1,-1.2608060041345661,-0.6652505783489274,False,382.05999999999995,0.45867768595041325,True,not_yet_labelled,
residential-0107__woodlands-north-mrt,residential-0107__woodlands-north-mrt__cp_013,1.450897,103.781933,745.53,1281.2,0.508294423421224,0.048160552978515625,0.08338292439778645,0.006902058919270833,0.0760815938313802,0.2689857482910156,0.0,1,High sky exposure + high road exposure / low greenery,1,-0.8423610751541287,-2.8351278466657863,False,419.91999999999996,0.48760330578512395,True,not_yet_labelled,
residential-0107__woodlands-north-mrt,residential-0107__woodlands-north-mrt__cp_014,1.450665,103.782402,803.7,1281.2,0.5659090677897135,0.059513092041015625,0.030216217041015625,0.00048828125,0.05391565958658854,0.2746391296386719,0.0,1,High sky exposure + high road exposure / low greenery,1,-1.017265674073572,-2.9115612261301114,False,478.09000000000003,0.5330578512396694,True,not_yet_labelled,
residential-0107__woodlands-north-mrt,residential-0107__woodlands-north-mrt__cp_015,1.450525,103.782881,859.18,1281.2,0.5333023071289062,0.07465616861979167,0.031888326009114586,0.0010579427083333333,0.06809361775716145,0.28895314534505206,0.0,1,High sky exposure + high road exposure / low greenery,1,-0.9503901944380185,-2.790872709051736,False,533.5699999999999,0.5681818181818182,True,not_yet_labelled,
residential-0107__woodlands-north-mrt,residential-0107__woodlands-north-mrt__cp_016,1.450282,103.783287,911.78,1281.2,0.4096107482910156,0.18814214070638022,0.008670806884765625,0.026723225911458332,0.2578837076822917,0.10031509399414062,0.0,1,High sky exposure + high road exposure / low greenery,1,0.18164781569422625,-1.181579580365244,False,586.17,0.6012396694214877,True,not_yet_labelled,
residential-0107__woodlands-north-mrt,residential-0107__woodlands-north-mrt__cp_017,1.449846,103.783559,968.91,1281.2,0.32985814412434894,0.29651769002278644,0.046976725260416664,0.014868418375651041,0.031667073567708336,0.27250417073567706,0.0,1,High sky exposure + high road exposure / low greenery,1,-1.1725850806747338,-1.2007689906600407,False,643.3,0.6384297520661157,True,not_yet_labelled,
residential-0107__woodlands-north-mrt,residential-0107__woodlands-north-mrt__cp_018,1.449103,103.783922,1060.86,1281.2,0.22926203409830728,0.4284350077311198,0.030240376790364582,0.016231536865234375,0.026692708333333332,0.2649383544921875,0.0,3,High greenery + high road exposure / low built frontage,1,-1.2766201217743594,-0.30695445944106586,False,735.2499999999999,0.6859504132231405,True,not_yet_labelled,
residential-0107__woodlands-north-mrt,residential-0107__woodlands-north-mrt__cp_019,1.448756,103.784331,1120.49,1281.2,0.2846336364746094,0.3076438903808594,0.07149887084960938,0.0003229777018229167,0.020041147867838543,0.3057085673014323,0.0,1,High sky exposure + high road exposure / low greenery,1,-1.342217437749935,-1.2405892619359857,False,794.88,0.71900826446281,True,not_yet_labelled,
residential-0107__woodlands-north-mrt,residential-0107__woodlands-north-mrt__cp_020,1.448476,103.784951,1196.11,1281.2,0.38118235270182294,0.14833450317382812,0.055707295735677086,0.0016377766927083333,0.08668009440104167,0.3106740315755208,0.0004526774088541667,1,High sky exposure + high road exposure / low greenery,1,-0.8381169283667196,-2.104467384337885,False,870.4999999999999,0.75,True,not_yet_labelled,
residential-0107__woodlands-north-mrt,residential-0107__woodlands-north-mrt__cp_021,1.448338,103.785086,1217.58,1281.2,0.2827402750651042,0.2725969950358073,0.034289042154947914,0.0014928181966145833,0.11668141682942708,0.2850341796875,0.005533854166666667,1,High sky exposure + high road exposure / low greenery,1,-0.7695715822912175,-1.1885266538024102,False,891.9699999999999,0.7644628099173554,True,not_yet_labelled,
residential-0108__khatib-mrt,residential-0108__khatib-mrt__cp_001,1.420257,103.835187,66.18,541.9,0.08846367730034722,0.13641866048177084,0.2811635335286458,0.02777099609375,0.3546074761284722,0.0506744384765625,0.005091349283854167,0,High built frontage + high pedestrian space / low greenery,0,0.8402000643616769,-0.7460313171789204,False,,,True,not_yet_labelled,
residential-0108__khatib-mrt,residential-0108__khatib-mrt__cp_002,1.419963,103.834968,106.94,541.9,0.06352742513020833,0.359130859375,0.2822282579210069,0.015575832790798612,0.2723558213975694,0.0,6.442599826388889e-05,3,High greenery + high road exposure / low built frontage,0,-0.0033922518118938714,0.1748422324938832,False,,,True,not_yet_labelled,
residential-0108__khatib-mrt,residential-0108__khatib-mrt__cp_003,1.419773,103.834674,145.85,541.9,0.07621934678819445,0.2642856174045139,0.2688632541232639,0.04687669542100695,0.2978702121310764,0.0,0.0,0,High built frontage + high pedestrian space / low greenery,0,0.5364087053729767,0.021560917035928908,False,,,True,not_yet_labelled,
residential-0108__khatib-mrt,residential-0108__khatib-mrt__cp_004,1.419306,103.83445,203.44,541.9,0.1536712646484375,0.4321933322482639,0.11792500813802083,0.06935628255208333,0.15804036458333334,0.03569369845920139,0.0014326307508680555,3,High greenery + high road exposure / low built frontage,2,-0.17759855568697064,0.7320594491946271,False,,,True,not_yet_labelled,
residential-0108__khatib-mrt,residential-0108__khatib-mrt__cp_005,1.418723,103.834161,275.79,541.9,0.0009206136067708334,0.04678175184461805,0.07460869683159722,0.0,4.238552517361111e-05,0.8776465521918403,0.0,4,High vehicle presence + high road exposure / low greenery,4,-0.8958854236523754,-2.8425854802881525,False,,,True,not_yet_labelled,
residential-0108__khatib-mrt,residential-0108__khatib-mrt__cp_006,1.418313,103.833968,326.18,541.9,0.16029527452256945,0.3022783067491319,0.2282867431640625,0.026287502712673612,0.06452772352430555,0.1813540988498264,0.005403306749131944,1,High sky exposure + high road exposure / low greenery,0,-0.9022092443098951,-0.7023536869842497,False,,,True,not_yet_labelled,
residential-0108__khatib-mrt,residential-0108__khatib-mrt__cp_007,1.418119,103.833649,367.68,541.9,0.16432952880859375,0.30187098185221356,0.3187675476074219,0.008045196533203125,0.11118189493815105,0.058261871337890625,0.0005811055501302084,1,High sky exposure + high road exposure / low greenery,0,-0.8788245483979513,-0.6885573159627275,False,,,True,not_yet_labelled,
residential-0108__khatib-mrt,residential-0108__khatib-mrt__cp_008,1.417585,103.833279,439.92,541.9,0.15451939900716147,0.17188390096028647,0.061487833658854164,0.017018636067708332,0.5580622355143229,0.001590728759765625,6.357828776041667e-05,0,High built frontage + high pedestrian space / low greenery,0,1.8308587844794184,-0.19856326572168553,False,,,True,not_yet_labelled,
residential-0108__khatib-mrt,residential-0108__khatib-mrt__cp_009,1.417278,103.833078,480.72,541.9,0.2784411112467448,0.28369140625,0.1028149922688802,0.041051228841145836,0.14545059204101562,0.038799285888671875,0.0,1,High sky exposure + high road exposure / low greenery,0,-0.27525100729345037,-0.3228782595685696,False,,,True,not_yet_labelled,
residential-0109__yew-tee-mrt,residential-0109__yew-tee-mrt__cp_000,1.403202,103.745173,0.0,970.7,0.1331549750434028,0.4180840386284722,0.0474395751953125,0.011513604058159722,0.2140570746527778,0.1361423068576389,0.0,3,High greenery + high road exposure / low built frontage,2,-0.2543249987232367,0.3355931422215705,False,,,False,not_yet_labelled,
residential-0109__yew-tee-mrt,residential-0109__yew-tee-mrt__cp_001,1.402871,103.745427,46.39,970.7,0.14944966634114584,0.3112877739800347,0.04764133029513889,0.026950412326388888,0.3050333658854167,0.121490478515625,0.0,0,High built frontage + high pedestrian space / low greenery,0,0.45660919991194715,0.03345265739429599,False,,,False,not_yet_labelled,
residential-0109__yew-tee-mrt,residential-0109__yew-tee-mrt__cp_002,1.402714,103.745863,97.9,970.7,0.13121202256944445,0.4238552517361111,0.07073296440972222,0.04774644639756945,0.20069376627604166,0.09935506184895833,0.0,3,High greenery + high road exposure / low built frontage,2,-0.07394829022611862,0.6004192170616174,False,,,False,not_yet_labelled,
residential-0109__yew-tee-mrt,residential-0109__yew-tee-mrt__cp_003,1.402396,103.74601,136.86,970.7,0.052771674262152776,0.3467373318142361,0.0,0.1992645263671875,0.2523142496744792,0.0,0.0,2,High pedestrian space + high built frontage / low road exposure,3,1.7141741026847364,1.9724300861669246,False,,,False,not_yet_labelled,
residential-0109__yew-tee-mrt,residential-0109__yew-tee-mrt__cp_004,1.40176,103.745892,208.78,970.7,0.0674014621310764,0.5809054904513888,0.0612030029296875,0.037068684895833336,0.21243794759114584,0.0,0.0,3,High greenery + high road exposure / low built frontage,0,-0.23701002797568477,1.6464048314383544,False,,,False,not_yet_labelled,
residential-0109__yew-tee-mrt,residential-0109__yew-tee-mrt__cp_005,1.401305,103.745806,260.27,970.7,0.009504530164930556,0.3598293728298611,0.21392652723524305,0.04173109266493055,0.3503790961371528,0.0,0.0,0,High built frontage + high pedestrian space / low greenery,0,0.7067047279584512,0.7034940578805642,False,,,False,not_yet_labelled,
residential-0109__yew-tee-mrt,residential-0109__yew-tee-mrt__cp_006,1.400869,103.74607,316.94,970.7,0.1583641899956597,0.4650455050998264,0.2202792697482639,0.0112762451171875,0.13556925455729166,0.0034044053819444445,0.006154378255208333,3,High greenery + high road exposure / low built frontage,0,-0.898777840446226,0.3282527698058758,False,,,False,not_yet_labelled,
residential-0109__yew-tee-mrt,residential-0109__yew-tee-mrt__cp_007,1.400741,103.746742,392.99,970.7,0.020297580295138888,0.2595265706380208,0.22491624620225695,0.006476508246527778,0.4606950547960069,0.0,0.00016615125868055556,0,High built frontage + high pedestrian space / low greenery,0,1.1095895663287467,0.1000463819260387,False,,,False,not_yet_labelled,
residential-0109__yew-tee-mrt,residential-0109__yew-tee-mrt__cp_008,1.400619,103.747381,465.3,970.7,0.1681891547309028,0.5398830837673612,0.1560177273220486,0.005723741319444444,0.11779106987847222,0.0004967583550347222,0.0004018147786458333,3,High greenery + high road exposure / low built frontage,2,-1.0855675482304898,0.7038270373181384,False,,,False,not_yet_labelled,
residential-0109__yew-tee-mrt,residential-0109__yew-tee-mrt__cp_009,1.400516,103.747926,526.96,970.7,0.18373277452256945,0.509979248046875,0.1548190646701389,0.014200846354166666,0.13153245713975695,0.0017140706380208333,9.1552734375e-05,3,High greenery + high road exposure / low built frontage,2,-0.9280998713988348,0.5860504939095562,False,,,False,not_yet_labelled,
residential-0109__yew-tee-mrt,residential-0109__yew-tee-mrt__cp_010,1.400064,103.747845,578.02,970.7,0.10958014594184028,0.3748135036892361,0.171234130859375,0.04984876844618055,0.2933434380425347,0.0,0.0,3,High greenery + high road exposure / low built frontage,0,0.3941511826169408,0.5401262871388235,False,,,False,not_yet_labelled,
residential-0109__yew-tee-mrt,residential-0109__yew-tee-mrt__cp_011,1.399324,103.747718,661.51,970.7,0.0991787380642361,0.35552978515625,0.18699815538194445,0.018446180555555556,0.3423868815104167,0.001034206814236111,0.0011189778645833333,0,High built frontage + high pedestrian space / low greenery,0,0.4132290283942113,0.29494009491781215,False,,,False,not_yet_labelled,
residential-0109__yew-tee-mrt,residential-0109__yew-tee-mrt__cp_012,1.398743,103.747459,732.24,970.7,0.11785719129774305,0.1430121527777778,0.029300265842013888,0.10063340928819445,0.4910922580295139,0.00015767415364583334,0.0,0,High built frontage + high pedestrian space / low greenery,0,2.3194512277290973,0.40968583647491974,False,,,False,not_yet_labelled,
residential-0109__yew-tee-mrt,residential-0109__yew-tee-mrt__cp_013,1.397956,103.747397,820.02,970.7,0.1696862114800347,0.18971421983506945,0.1049923366970486,0.0012647840711805555,0.2595180935329861,0.2760603162977431,0.0,1,High sky exposure + high road exposure / low greenery,1,0.08828788880957247,-1.231316115389114,False,,,False,not_yet_labelled,
residential-0109__yew-tee-mrt,residential-0109__yew-tee-mrt__cp_014,1.397598,103.747211,864.87,970.7,0.16107686360677084,0.031117757161458332,0.3505978054470486,0.013527764214409722,0.4425930447048611,0.0,7.62939453125e-05,0,High built frontage + high pedestrian space / low greenery,0,1.148693994162971,-1.508128095778355,False,,,False,not_yet_labelled,
residential-0109__yew-tee-mrt,residential-0109__yew-tee-mrt__cp_015,1.39747,103.747258,880.04,970.7,0.16107686360677084,0.031117757161458332,0.3505978054470486,0.013527764214409722,0.4425930447048611,0.0,7.62939453125e-05,0,High built frontage + high pedestrian space / low greenery,0,1.148693994162971,-1.508128095778355,False,,,False,not_yet_labelled,
residential-0110__harbourfront-mrt,residential-0110__harbourfront-mrt__cp_002,1.272291,103.8252,102.7,1484.5,0.04463534884982639,0.4506005181206597,0.3115115695529514,0.037556966145833336,0.12682596842447916,0.012539333767361112,0.001617431640625,3,High greenery + high road exposure / low built frontage,0,-0.6893276522838616,0.565914186163894,False,,,False,not_yet_labelled,
residential-0110__harbourfront-mrt,residential-0110__harbourfront-mrt__cp_003,1.272244,103.824856,141.29,1484.5,0.0710110134548611,0.4364980061848958,0.3512607150607639,0.020085652669270832,0.09216478135850695,0.012195163302951388,0.005143907335069444,3,High greenery + high road exposure / low built frontage,0,-1.0333020721329147,0.2226535599575069,False,,,False,not_yet_labelled,
residential-0110__harbourfront-mrt,residential-0110__harbourfront-mrt__cp_004,1.27203,103.824592,179.08,1484.5,0.06064012315538195,0.4962378607855903,0.3200174967447917,0.011111789279513888,0.05555555555555555,0.037648518880208336,0.0,3,High greenery + high road exposure / low built frontage,0,-1.3356686125006807,0.42615696016327115,False,,,False,not_yet_labelled,
residential-0110__harbourfront-mrt,residential-0110__harbourfront-mrt__cp_005,1.271656,103.824948,236.48,1484.5,0.22622172037760416,0.5142364501953125,0.04987759060329861,0.004660712348090278,0.058386908637152776,0.015769110785590276,0.0,3,High greenery + high road exposure / low built frontage,2,-1.2093108471315555,0.6860993376828732,False,,,False,not_yet_labelled,
residential-0110__harbourfront-mrt,residential-0110__harbourfront-mrt__cp_006,1.27121,103.825225,294.86,1484.5,0.22622172037760416,0.5142364501953125,0.04987759060329861,0.004660712348090278,0.058386908637152776,0.015769110785590276,0.0,3,High greenery + high road exposure / low built frontage,2,-1.2093108471315555,0.6860993376828732,False,,,False,not_yet_labelled,
residential-0110__harbourfront-mrt,residential-0110__harbourfront-mrt__cp_008,1.270437,103.825365,391.28,1484.5,0.05514865451388889,0.4639875623914931,0.2482791476779514,0.05261060926649305,0.10182020399305555,0.0,1.3563368055555555e-05,3,High greenery + high road exposure / low built frontage,0,-0.6156793066490842,0.8872446715872064,False,,,False,not_yet_labelled,
residential-0110__harbourfront-mrt,residential-0110__harbourfront-mrt__cp_009,1.270205,103.825079,432.23,1484.5,0.05514865451388889,0.4639875623914931,0.2482791476779514,0.05261060926649305,0.10182020399305555,0.0,1.3563368055555555e-05,3,High greenery + high road exposure / low built frontage,0,-0.6156793066490842,0.8872446715872064,False,,,False,not_yet_labelled,
residential-0110__harbourfront-mrt,residential-0110__harbourfront-mrt__cp_010,1.269756,103.82504,482.34,1484.5,0.043084038628472224,0.5417005750868056,0.2554473876953125,0.041051228841145836,0.042807685004340276,0.0,0.0,3,High greenery + high road exposure / low built frontage,0,-1.1076720501302855,1.1171802790729966,False,,,False,not_yet_labelled,
residential-0110__harbourfront-mrt,residential-0110__harbourfront-mrt__cp_011,1.269786,103.82457,534.7,1484.5,0.0776333279079861,0.3814951578776042,0.1643218994140625,0.11919148763020833,0.23893907335069445,0.0,0.0,2,High pedestrian space + high built frontage / low road exposure,3,0.7006333669636363,1.0782154238425614,False,,,False,not_yet_labelled,
residential-0110__harbourfront-mrt,residential-0110__harbourfront-mrt__cp_012,1.269449,103.824211,589.44,1484.5,0.1359032524956597,0.642242431640625,0.09460279676649305,0.0047760009765625,0.0007120768229166666,0.05793931749131945,0.0,3,High greenery + high road exposure / low built frontage,2,-1.7016273567778868,1.1827120976899073,False,,,False,not_yet_labelled,
residential-0110__harbourfront-mrt,residential-0110__harbourfront-mrt__cp_013,1.269,103.82429,640.13,1484.5,0.1511450873480903,0.3389265272352431,0.015782674153645832,0.1473880343967014,0.14767625596788195,0.0,0.0,2,High pedestrian space + high built frontage / low road exposure,3,0.7481636777083962,1.2881990923076707,False,,,False,not_yet_labelled,
residential-0110__harbourfront-mrt,residential-0110__harbourfront-mrt__cp_014,1.268345,103.824327,713.08,1484.5,0.14155748155381945,0.3610907660590278,0.0,0.15344407823350695,0.2590399848090278,0.0,0.0,2,High pedestrian space + high built frontage / low road exposure,3,1.2388315265474992,1.4264450435612965,False,,,False,not_yet_labelled,
residential-0110__harbourfront-mrt,residential-0110__harbourfront-mrt__cp_015,1.26787,103.82434,765.92,1484.5,0.0985226101345486,0.4517720540364583,0.0,0.1735076904296875,0.000979953342013889,0.0,0.032034979926215276,2,High pedestrian space + high built frontage / low road exposure,3,0.1855077593191461,2.0835654921705644,False,,,False,not_yet_labelled,
residential-0110__harbourfront-mrt,residential-0110__harbourfront-mrt__cp_016,1.267416,103.824068,824.77,1484.5,0.022494845920138888,0.7323879665798612,0.021223280164930556,0.002795749240451389,0.0,0.0,0.0,3,High greenery + high road exposure / low built frontage,2,-1.5452796408067462,2.3300454183285875,False,,,False,not_yet_labelled,
residential-0110__harbourfront-mrt,residential-0110__harbourfront-mrt__cp_017,1.266917,103.824012,880.6,1484.5,0.04493882921006945,0.7287072075737847,0.003582424587673611,0.046805487738715276,0.046179877387152776,0.0,0.0,3,High greenery + high road exposure / low built frontage,2,-1.0532819012740353,2.4818138131860175,False,,,False,not_yet_labelled,
residential-0110__harbourfront-mrt,residential-0110__harbourfront-mrt__cp_018,1.266479,103.823727,938.7,1484.5,0.006295522054036458,0.699804941813151,0.04474512736002604,0.025740305582682293,0.19284439086914062,0.000530242919921875,0.0205535888671875,3,High greenery + high road exposure / low built frontage,2,-0.5353256827867178,2.2555007159692404,False,,,False,not_yet_labelled,
residential-0110__harbourfront-mrt,residential-0110__harbourfront-mrt__cp_019,1.266322,103.823267,992.74,1484.5,0.023270924886067707,0.5235926310221354,0.03339258829752604,0.07823435465494792,0.2747179667154948,7.62939453125e-06,0.0,3,High greenery + high road exposure / low built frontage,0,0.5584955161181513,1.9150905870838062,False,,,False,not_yet_labelled,
residential-0110__harbourfront-mrt,residential-0110__harbourfront-mrt__cp_020,1.265977,103.823529,1040.9,1484.5,0.12148157755533855,0.022205352783203125,0.0023320515950520835,0.0,0.8379427591959635,0.0,0.0025800069173177085,0,High built frontage + high pedestrian space / low greenery,0,3.3668525016771027,-0.5331699757365911,False,,,False,not_yet_labelled,
residential-0110__harbourfront-mrt,residential-0110__harbourfront-mrt__cp_021,1.26566,103.823651,1078.67,1484.5,0.1202884250217014,0.021075778537326388,0.186126708984375,0.031022813585069444,0.5411648220486112,0.0,0.0,0,High built frontage + high pedestrian space / low greenery,0,2.0514785388529497,-0.8205179074325214,False,,,False,not_yet_labelled,
residential-0110__harbourfront-mrt,residential-0110__harbourfront-mrt__cp_022,1.265587,103.823241,1124.97,1484.5,0.31778717041015625,0.09627278645833333,0.00251007080078125,0.0,0.2750434875488281,0.0,0.0,1,High sky exposure + high road exposure / low greenery,0,0.5485195746394859,-0.8672148166472906,False,,,False,not_yet_labelled,
residential-0110__harbourfront-mrt,residential-0110__harbourfront-mrt__cp_023,1.265584,103.822752,1179.33,1484.5,0.4109954833984375,0.07871500651041667,0.0,0.0,0.1814295450846354,0.0,0.0,1,High sky exposure + high road exposure / low greenery,1,0.047794556959283314,-1.2506136207852214,False,,,False,not_yet_labelled,
residential-0110__harbourfront-mrt,residential-0110__harbourfront-mrt__cp_024,1.265541,103.821843,1280.49,1484.5,0.2634620666503906,0.2892723083496094,0.000980377197265625,0.16220982869466147,0.19183476765950522,0.0,0.050098419189453125,2,High pedestrian space + high built frontage / low road exposure,3,0.9758469086539451,0.7839330997255137,False,,,False,not_yet_labelled,
residential-0110__harbourfront-mrt,residential-0110__harbourfront-mrt__cp_025,1.26553,103.821495,1319.2,1484.5,0.14486863878038195,0.06331719292534722,0.06141493055555555,0.014636569552951388,0.4466010199652778,0.2671593560112847,0.0,0,High built frontage + high pedestrian space / low greenery,0,1.3655111324777942,-1.3617440657643634,False,,,False,not_yet_labelled,
residential-0111__eunos-mrt,residential-0111__eunos-mrt__cp_003,1.322765,103.902219,139.67,615.8,0.1551293267144097,0.5320163302951388,0.050679524739583336,0.026043362087673612,0.2112545437282986,0.005452473958333333,0.0,3,High greenery + high road exposure / low built frontage,0,-0.3446587221591744,1.1026641542305673,False,,,False,not_yet_labelled,
residential-0111__eunos-mrt,residential-0111__eunos-mrt__cp_004,1.322162,103.902158,207.06,615.8,0.17104932996961805,0.429290771484375,0.07272847493489583,0.0822109646267361,0.2254553900824653,0.0007442898220486111,3.390842013888889e-05,3,High greenery + high road exposure / low built frontage,3,0.2758466020696289,0.9474871491792096,False,,,False,not_yet_labelled,
residential-0111__eunos-mrt,residential-0111__eunos-mrt__cp_005,1.32154,103.902222,276.59,615.8,0.4100409613715278,0.2953304714626736,0.13592359754774305,0.004426744249131944,0.105316162109375,0.04606797960069445,0.0,1,High sky exposure + high road exposure / low greenery,1,-1.0118426274434782,-1.1119810410311837,False,,,False,not_yet_labelled,
residential-0111__eunos-mrt,residential-0111__eunos-mrt__cp_006,1.320984,103.902285,338.81,615.8,0.23351033528645834,0.3684217664930556,0.17391459147135416,0.012912326388888888,0.17301771375868055,0.03335740831163195,0.0,1,High sky exposure + high road exposure / low greenery,2,-0.5909986805226978,-0.23596038920568094,False,,,False,not_yet_labelled,
residential-0111__eunos-mrt,residential-0111__eunos-mrt__cp_007,1.320367,103.902352,407.82,615.8,0.19314535321122045,0.11208948119942884,0.0020599509706079543,0.0023439938994743925,0.6322232628599797,0.002633154718951037,0.0,0,High built frontage + high pedestrian space / low greenery,0,2.2061938814713953,-0.46050992689450876,False,,,False,not_yet_labelled,
residential-0111__eunos-mrt,residential-0111__eunos-mrt__cp_008,1.319875,103.902422,463.08,615.8,0.19314535321122045,0.11208948119942884,0.0020599509706079543,0.0023439938994743925,0.6322232628599797,0.002633154718951037,0.0,0,High built frontage + high pedestrian space / low greenery,0,2.2061938814713953,-0.46050992689450876,False,,,False,not_yet_labelled,
residential-0111__eunos-mrt,residential-0111__eunos-mrt__cp_009,1.319706,103.902527,485.2,615.8,0.393668145737053,0.07261391145025667,0.0,0.0,0.5088641865368769,0.0,0.0,0,High built frontage + high pedestrian space / low greenery,0,1.4332009054790953,-1.3361194578409534,False,,,False,not_yet_labelled,
residential-0111__eunos-mrt,residential-0111__eunos-mrt__cp_010,1.319575,103.902887,527.79,615.8,0.11784871419270833,0.4971911112467448,0.0,0.038120269775390625,0.03561528523763021,0.0,0.0,3,High greenery + high road exposure / low built frontage,2,-0.742770497983954,1.4562376465722746,False,,,False,not_yet_labelled,
residential-0111__eunos-mrt,residential-0111__eunos-mrt__cp_011,1.319536,103.902894,532.19,615.8,0.09385827537322217,0.48280644649501264,0.0,0.05187365975239645,0.24459806646092747,0.0,2.558945305103049e-06,3,High greenery + high road exposure / low built frontage,0,0.28280441871511425,1.4904389248330219,False,,,False,not_yet_labelled,
residential-0112__pasir-ris-mrt,residential-0112__pasir-ris-mrt__cp_006,1.377522,103.941133,419.59,1930.7,0.1271887885199653,0.2822180853949653,0.2037692599826389,0.08463202582465278,0.1973487006293403,0.046485053168402776,0.0,3,High greenery + high road exposure / low built frontage,0,0.32158879823967385,0.14146300822563693,False,,,False,not_yet_labelled,
residential-0112__pasir-ris-mrt,residential-0112__pasir-ris-mrt__cp_007,1.376885,103.941169,490.53,1930.7,0.07155524359809028,0.4305826822916667,0.3586035834418403,0.006020439995659722,0.10820515950520833,0.0024973551432291665,3.0517578125e-05,3,High greenery + high road exposure / low built frontage,0,-1.0549087880741925,0.1363903635511733,False,,,False,not_yet_labelled,
residential-0112__pasir-ris-mrt,residential-0112__pasir-ris-mrt__cp_008,1.376656,103.941536,538.62,1930.7,0.07157389322916667,0.4314303927951389,0.3712175157335069,0.007020738389756944,0.06731499565972222,0.014244927300347222,0.0,3,High greenery + high road exposure / low built frontage,0,-1.250814549680049,0.08190690586409632,False,,,False,not_yet_labelled,
residential-0112__pasir-ris-mrt,residential-0112__pasir-ris-mrt__cp_009,1.376343,103.942004,601.22,1930.7,0.005557590060763889,0.3908572726779514,0.043528238932291664,0.16075303819444445,0.3580644395616319,0.0007205539279513889,4.7471788194444445e-05,2,High pedestrian space + high built frontage / low road exposure,3,1.7866226157289191,1.9250241754909372,False,,,False,not_yet_labelled,
residential-0112__pasir-ris-mrt,residential-0112__pasir-ris-mrt__cp_010,1.376597,103.942359,649.74,1930.7,0.07265557183159722,0.3542022705078125,0.21217854817708334,0.12565443250868055,0.21266682942708334,0.00042894151475694444,0.0,2,High pedestrian space + high built frontage / low road exposure,3,0.6259264989837131,0.9094538367295495,False,,,False,not_yet_labelled,
residential-0112__pasir-ris-mrt,residential-0112__pasir-ris-mrt__cp_011,1.376319,103.942894,716.77,1930.7,0.0,0.22559102376302084,0.1498379177517361,0.1410437689887153,0.4754536946614583,0.0,0.0,0,High built frontage + high pedestrian space / low greenery,0,2.3396113216806387,0.9730735343029833,False,,,False,not_yet_labelled,
residential-0112__pasir-ris-mrt,residential-0112__pasir-ris-mrt__cp_012,1.37597,103.943371,782.48,1930.7,0.0,0.1450263129340278,0.18571641710069445,0.1237979465060764,0.5182935926649306,0.0,0.0,0,High built frontage + high pedestrian space / low greenery,0,2.5202247490967618,0.5141325771268112,False,,,False,not_yet_labelled,
residential-0112__pasir-ris-mrt,residential-0112__pasir-ris-mrt__cp_013,1.375298,103.944532,931.61,1930.7,0.0,0.019934760199652776,0.04661220974392361,0.1372714572482639,0.7636990017361112,0.0,0.013063218858506944,0,High built frontage + high pedestrian space / low greenery,0,4.147397407809781,0.5276999468167097,False,,,False,not_yet_labelled,
residential-0112__pasir-ris-mrt,residential-0112__pasir-ris-mrt__cp_014,1.375803,103.944939,1003.72,1930.7,0.0,0.09821912977430555,0.07153150770399305,0.0956149631076389,0.7346818712022569,0.0,0.0,0,High built frontage + high pedestrian space / low greenery,0,3.5181289914585236,0.4937288130898446,False,,,False,not_yet_labelled,
residential-0112__pasir-ris-mrt,residential-0112__pasir-ris-mrt__cp_015,1.37512,103.946223,1165.4,1930.7,0.015160454644097222,0.1532321506076389,0.1952735053168403,0.028696695963541668,0.4429456922743056,0.1353522406684028,0.0,0,High built frontage + high pedestrian space / low greenery,0,1.3628548674388683,-0.4552386552946432,False,,,False,not_yet_labelled,
residential-0112__pasir-ris-mrt,residential-0112__pasir-ris-mrt__cp_016,1.374765,103.946146,1205.79,1930.7,0.12023756239149305,0.3799235026041667,0.10810173882378472,0.030763414171006944,0.24869791666666666,0.0007341172960069445,0.0,3,High greenery + high road exposure / low built frontage,0,0.15809845358203234,0.6286961365844933,False,,,False,not_yet_labelled,
residential-0112__pasir-ris-mrt,residential-0112__pasir-ris-mrt__cp_017,1.374441,103.94639,1250.89,1930.7,0.11899820963541667,0.5080312093098959,0.15757921006944445,0.049458821614583336,0.1526268853081597,0.0037367078993055555,0.0,3,High greenery + high road exposure / low built frontage,2,-0.4887077112202818,0.9928731972336409,False,,,False,not_yet_labelled,
residential-0112__pasir-ris-mrt,residential-0112__pasir-ris-mrt__cp_018,1.374157,103.946835,1309.58,1930.7,0.06681145562065972,0.5238376193576388,0.1335720486111111,0.0946044921875,0.15020751953125,0.0,0.0,3,High greenery + high road exposure / low built frontage,3,-0.08843596464644717,1.564087783392737,False,,,False,not_yet_labelled,
residential-0112__pasir-ris-mrt,residential-0112__pasir-ris-mrt__cp_019,1.37376,103.94717,1367.33,1930.7,0.025967068142361112,0.4336157904730903,0.3412628173828125,0.015796237521701388,0.0945553249782986,0.0,0.0,3,High greenery + high road exposure / low built frontage,0,-0.9388024295353415,0.44631644719449015,False,,,False,not_yet_labelled,
residential-0112__pasir-ris-mrt,residential-0112__pasir-ris-mrt__cp_020,1.37354,103.947664,1427.45,1930.7,0.025967068142361112,0.4336157904730903,0.3412628173828125,0.015796237521701388,0.0945553249782986,0.0,0.0,3,High greenery + high road exposure / low built frontage,0,-0.9388024295353415,0.44631644719449015,False,,,False,not_yet_labelled,
residential-0113__admiralty-mrt,residential-0113__admiralty-mrt__cp_000,1.445533,103.795142,0.0,1407.1,0.03826565212673611,0.18954298231336805,0.23832533094618055,0.052515665690104164,0.4640587700737847,0.0020243326822916665,0.002621120876736111,0,High built frontage + high pedestrian space / low greenery,0,1.5452519529941708,-0.0061246822614169465,False,,,True,not_yet_labelled,
residential-0113__admiralty-mrt,residential-0113__admiralty-mrt__cp_001,1.444775,103.795469,91.79,1407.1,0.0894317626953125,0.5180206298828125,0.1712375217013889,0.025031195746527776,0.18137953016493055,0.0025804307725694445,0.00035264756944444444,3,High greenery + high road exposure / low built frontage,2,-0.533160846624291,0.971221823602378,False,,,True,not_yet_labelled,
residential-0113__admiralty-mrt,residential-0113__admiralty-mrt__cp_002,1.444392,103.795394,135.19,1407.1,0.029468112521701388,0.5132666693793403,0.2457851833767361,0.015324910481770834,0.1908026801215278,0.00022718641493055556,0.0,3,High greenery + high road exposure / low built frontage,0,-0.5727427108615525,0.9251981708665044,False,,,True,not_yet_labelled,
residential-0113__admiralty-mrt,residential-0113__admiralty-mrt__cp_003,1.443937,103.795528,187.93,1407.1,0.036799112955729164,0.4413011338975694,0.1711798773871528,0.03730604383680555,0.2508324517144097,0.003958808051215278,6.781684027777777e-06,3,High greenery + high road exposure / low built frontage,2,0.10311653404956443,0.9785299295741977,False,,,True,not_yet_labelled,
residential-0113__admiralty-mrt,residential-0113__admiralty-mrt__cp_004,1.443371,103.79594,265.76,1407.1,0.1177639431423611,0.4076199001736111,0.12253655327690972,0.036187065972222224,0.2843594021267361,0.0,0.004643758138020833,3,High greenery + high road exposure / low built frontage,0,0.25764167240506447,0.6927871060529668,False,,,True,not_yet_labelled,
residential-0113__admiralty-mrt,residential-0113__admiralty-mrt__cp_005,1.442818,103.796326,340.74,1407.1,0.0464630126953125,0.4524451361762153,0.2555050320095486,0.03582594129774305,0.18079121907552084,0.0,0.0,3,High greenery + high road exposure / low built frontage,0,-0.3784810447644419,0.7485935348336163,False,,,True,not_yet_labelled,
residential-0113__admiralty-mrt,residential-0113__admiralty-mrt__cp_006,1.442357,103.796701,406.81,1407.1,0.061594645182291664,0.6257476806640625,0.10934278700086805,0.006507025824652778,0.18518235948350695,0.0020582411024305555,0.003151787651909722,3,High greenery + high road exposure / low built frontage,2,-0.7376276690772611,1.510073966769385,False,,,True,not_yet_labelled,
residential-0113__admiralty-mrt,residential-0113__admiralty-mrt__cp_007,1.442246,103.797186,462.12,1407.1,0.0,0.5706770155164931,0.038964165581597224,0.08254326714409722,0.2891320122612847,0.00016106499565972222,0.0,3,High greenery + high road exposure / low built frontage,0,0.5692417317007927,2.1498460987408943,False,,,True,not_yet_labelled,
residential-0113__admiralty-mrt,residential-0113__admiralty-mrt__cp_008,1.442286,103.797915,543.28,1407.1,0.030573527018229168,0.3491261800130208,0.102325439453125,0.041178385416666664,0.4377678765190972,0.0,0.0,0,High built frontage + high pedestrian space / low greenery,0,1.2419498358895649,0.8907859578414203,False,,,True,not_yet_labelled,
residential-0113__admiralty-mrt,residential-0113__admiralty-mrt__cp_009,1.441889,103.7982,597.61,1407.1,0.04848904079861111,0.4517008463541667,0.2167934841579861,0.00026618109809027775,0.2788628472222222,0.0,0.0,3,High greenery + high road exposure / low built frontage,0,-0.15633797337121783,0.639875771740566,False,,,True,not_yet_labelled,
residential-0113__admiralty-mrt,residential-0113__admiralty-mrt__cp_010,1.441289,103.798233,664.43,1407.1,0.003833346896701389,0.140838623046875,0.24395751953125,0.05108473036024305,0.4924231635199653,0.0,0.0,0,High built frontage + high pedestrian space / low greenery,0,1.8160937144418292,-0.0441812020939365,False,,,True,not_yet_labelled,
residential-0113__admiralty-mrt,residential-0113__admiralty-mrt__cp_011,1.440718,103.798275,728.1,1407.1,8.477105034722222e-05,0.179962158203125,0.1459418402777778,0.013093736436631944,0.6585116916232638,0.00010850694444444444,0.0,0,High built frontage + high pedestrian space / low greenery,0,2.3206433839368685,0.13357611729629648,False,,,True,not_yet_labelled,
residential-0113__admiralty-mrt,residential-0113__admiralty-mrt__cp_012,1.440209,103.798394,786.22,1407.1,0.3020765516493056,0.4024692111545139,0.16297743055555555,0.002265082465277778,0.0787319607204861,0.027377658420138888,0.0,1,High sky exposure + high road exposure / low greenery,2,-1.2235279912248882,-0.3691602656853391,False,,,True,not_yet_labelled,
residential-0113__admiralty-mrt,residential-0113__admiralty-mrt__cp_013,1.43988,103.797973,845.62,1407.1,0.3020765516493056,0.4024692111545139,0.16297743055555555,0.002265082465277778,0.0787319607204861,0.027377658420138888,0.0,1,High sky exposure + high road exposure / low greenery,2,-1.2235279912248882,-0.3691602656853391,False,,,True,not_yet_labelled,
residential-0113__admiralty-mrt,residential-0113__admiralty-mrt__cp_014,1.439723,103.797538,897.03,1407.1,0.04786343044704861,0.5146806504991319,0.2632175021701389,0.0020345052083333335,0.16847398546006945,0.0015818277994791667,0.0,3,High greenery + high road exposure / low built frontage,2,-0.8224071711865973,0.739991795672429,False,,,True,not_yet_labelled,
residential-0113__admiralty-mrt,residential-0113__admiralty-mrt__cp_015,1.43944,103.797689,932.69,1407.1,0.04786343044704861,0.5146806504991319,0.2632175021701389,0.0020345052083333335,0.16847398546006945,0.0015818277994791667,0.0,3,High greenery + high road exposure / low built frontage,2,-0.8224071711865973,0.739991795672429,False,,,True,not_yet_labelled,
residential-0113__admiralty-mrt,residential-0113__admiralty-mrt__cp_016,1.439683,103.798316,1007.45,1407.1,0.3020765516493056,0.4024692111545139,0.16297743055555555,0.002265082465277778,0.0787319607204861,0.027377658420138888,0.0,1,High sky exposure + high road exposure / low greenery,2,-1.2235279912248882,-0.3691602656853391,False,,,True,not_yet_labelled,
residential-0113__admiralty-mrt,residential-0113__admiralty-mrt__cp_017,1.44013,103.799317,1129.31,1407.1,0.23846944173177084,0.44140625,0.16205003526475695,0.011656019422743056,0.073150634765625,0.026263766818576388,5.9339735243055555e-05,3,High greenery + high road exposure / low built frontage,2,-1.1582661775502157,0.062011494611665705,False,,,True,not_yet_labelled,
residential-0113__admiralty-mrt,residential-0113__admiralty-mrt__cp_018,1.440281,103.799767,1182.08,1407.1,0.2940165201822917,0.3192240397135417,0.1303948296440972,0.016016642252604168,0.1494021945529514,0.046547783745659724,0.0,1,High sky exposure + high road exposure / low greenery,2,-0.5957197630987255,-0.5155826664544241,False,,,True,not_yet_labelled,
residential-0113__admiralty-mrt,residential-0113__admiralty-mrt__cp_019,1.44008,103.8001,1225.32,1407.1,0.24013519287109375,0.16228103637695312,0.0040149688720703125,0.157318115234375,0.33243370056152344,0.007976531982421875,0.059871673583984375,2,High pedestrian space + high built frontage / low road exposure,0,1.83861508281414,0.37290098605950805,False,,,True,not_yet_labelled,
residential-0113__admiralty-mrt,residential-0113__admiralty-mrt__cp_020,1.44031,103.800749,1301.86,1407.1,0.10743331909179688,0.4105987548828125,0.002071380615234375,0.017240524291992188,0.24356460571289062,0.000885009765625,0.14270401000976562,3,High greenery + high road exposure / low built frontage,0,0.1787710413656751,1.0352402868896822,False,,,True,not_yet_labelled,
residential-0114__yishun-mrt,residential-0114__yishun-mrt__cp_006,1.431396,103.833434,357.88,798.9,0.174713134765625,0.2414669460720486,0.2647179497612847,0.011440700954861112,0.2718149820963542,0.020189073350694444,0.009702894422743056,1,High sky exposure + high road exposure / low greenery,0,0.05455971897635632,-0.6674622603472239,False,,,True,not_yet_labelled,
residential-0114__yishun-mrt,residential-0114__yishun-mrt__cp_007,1.43064,103.833435,441.95,798.9,0.08776346842447917,0.3532206217447917,0.2995334201388889,0.050603230794270836,0.15788438585069445,0.0009053548177083334,0.004353841145833333,3,High greenery + high road exposure / low built frontage,0,-0.29055685369670053,0.2243014391391034,False,,,True,not_yet_labelled,
residential-0114__yishun-mrt,residential-0114__yishun-mrt__cp_008,1.43033,103.833751,491.16,798.9,0.13346693250868055,0.3843214246961806,0.2600606282552083,0.003757052951388889,0.1369510226779514,0.051430596245659724,0.0,3,High greenery + high road exposure / low built frontage,0,-0.8311023914396578,-0.14096752596754736,False,,,True,not_yet_labelled,
residential-0114__yishun-mrt,residential-0114__yishun-mrt__cp_009,1.430299,103.834384,561.61,798.9,0.10984293619791667,0.11695692274305555,0.2950727674696181,0.025917900933159724,0.3115997314453125,0.12104288736979167,0.005296495225694444,0,High built frontage + high pedestrian space / low greenery,0,0.5660968951928463,-1.1662129867360067,False,,,True,not_yet_labelled,
residential-0114__yishun-mrt,residential-0114__yishun-mrt__cp_010,1.430289,103.834947,624.2,798.9,0.12544759114583334,0.08610026041666667,0.2836761474609375,0.0792728000217014,0.3815714518229167,0.007605658637152778,0.003833346896701389,0,High built frontage + high pedestrian space / low greenery,0,1.394638518993735,-0.6644178806434999,False,,,True,not_yet_labelled,
residential-0114__yishun-mrt,residential-0114__yishun-mrt__cp_011,1.429451,103.835165,720.48,798.9,0.002204047309027778,0.022269354926215276,0.2522396511501736,0.10093180338541667,0.5885348849826388,0.0,0.019492255316840276,0,High built frontage + high pedestrian space / low greenery,0,2.8149033506328447,-0.21578341255103883,False,,,True,not_yet_labelled,
residential-0114__yishun-mrt,residential-0114__yishun-mrt__cp_012,1.429383,103.835049,735.43,798.9,0.007476806640625,0.03925916883680555,0.2359992133246528,0.1364864773220486,0.5310889350043403,0.0,0.04577975802951389,0,High built frontage + high pedestrian space / low greenery,0,2.804009079933147,0.06526156401139593,False,,,True,not_yet_labelled,
residential-0115__petir-mrt,residential-0115__petir-mrt__cp_000,1.376613,103.768474,0.0,217.9,0.23280843098958334,0.2496185302734375,0.06019253200954861,0.00016954210069444444,0.4078776041666667,0.049599541558159724,0.0,0,High built frontage + high pedestrian space / low greenery,0,0.739473369594264,-0.46010595400003784,False,,,False,not_yet_labelled,
residential-0115__petir-mrt,residential-0115__petir-mrt__cp_001,1.377054,103.76776,93.3,217.9,0.03593105740017361,0.10843404134114583,0.21753946940104166,0.05122714572482639,0.4467061360677083,0.00020345052083333334,0.00015428331163194444,0,High built frontage + high pedestrian space / low greenery,0,1.6942500872185537,-0.17174702842689035,False,,,False,not_yet_labelled,
residential-0115__petir-mrt,residential-0115__petir-mrt__cp_002,1.377334,103.767292,153.93,217.9,0.0,0.20072428385416666,0.013490464952256944,0.15838114420572916,0.6274041069878472,0.0,0.0,0,High built frontage + high pedestrian space / low greenery,3,3.3745589926479242,1.340781335612808,False,,,False,not_yet_labelled,
residential-0115__petir-mrt,residential-0115__petir-mrt__cp_003,1.377588,103.766909,205.02,217.9,0.033459981282552086,0.26486968994140625,0.0005340576171875,0.22611236572265625,0.43182373046875,0.0,0.007207234700520833,2,High pedestrian space + high built frontage / low road exposure,3,2.8557831729266714,1.8585357316000182,False,,,False,not_yet_labelled,
residential-0115__petir-mrt,residential-0115__petir-mrt__cp_004,1.377602,103.766793,218.01,217.9,0.008352915445963541,0.2802174886067708,0.25458017985026044,0.030344645182291668,0.09292221069335938,0.006160736083984375,0.0010528564453125,3,High greenery + high road exposure / low built frontage,0,-0.31687169769394624,0.37113094886819575,False,,,False,not_yet_labelled,
residential-0116__hougang-mrt,residential-0116__hougang-mrt__cp_005,1.372764,103.894937,306.19,891.5,0.2005123562282986,0.1810234917534722,0.1500159369574653,0.003165351019965278,0.4356960720486111,0.028423733181423612,0.0,0,High built frontage + high pedestrian space / low greenery,0,0.9538208401241591,-0.7392983422856227,False,,,False,not_yet_labelled,
residential-0116__hougang-mrt,residential-0116__hougang-mrt__cp_006,1.372975,103.894585,351.82,891.5,0.029932657877604168,0.3189188639322917,0.017461140950520832,0.0797542995876736,0.4250946044921875,0.006523980034722222,0.053095499674479164,0,High built frontage + high pedestrian space / low greenery,0,1.6667502429384715,1.238144496818932,False,,,False,not_yet_labelled,
residential-0116__hougang-mrt,residential-0116__hougang-mrt__cp_007,1.372487,103.894359,411.61,891.5,0.2005123562282986,0.1810234917534722,0.1500159369574653,0.003165351019965278,0.4356960720486111,0.028423733181423612,0.0,0,High built frontage + high pedestrian space / low greenery,0,0.9538208401241591,-0.7392983422856227,False,,,False,not_yet_labelled,
residential-0116__hougang-mrt,residential-0116__hougang-mrt__cp_008,1.371937,103.894537,475.89,891.5,0.18513997395833334,0.2683444552951389,0.04374864366319445,0.12879774305555555,0.16814676920572916,0.009545220269097222,0.0,2,High pedestrian space + high built frontage / low road exposure,3,0.7500819258056475,0.7165417644773674,False,,,False,not_yet_labelled,
residential-0116__hougang-mrt,residential-0116__hougang-mrt__cp_009,1.371596,103.894561,513.9,891.5,0.06056552463107639,0.245697021484375,0.2614525689019097,0.08431328667534722,0.3218265109592014,0.008900960286458334,0.0002543131510416667,0,High built frontage + high pedestrian space / low greenery,0,0.9664028270490472,0.19682793114783345,False,,,False,not_yet_labelled,
residential-0116__hougang-mrt,residential-0116__hougang-mrt__cp_010,1.371226,103.894491,555.78,891.5,0.16247049967447916,0.20569017198350695,0.3331587049696181,0.023142496744791668,0.2329949273003472,0.0345001220703125,0.001437717013888889,1,High sky exposure + high road exposure / low greenery,0,-0.05246669804152932,-0.912276383430492,False,,,False,not_yet_labelled,
residential-0116__hougang-mrt,residential-0116__hougang-mrt__cp_011,1.37095,103.894124,606.83,891.5,0.16247049967447916,0.20569017198350695,0.3331587049696181,0.023142496744791668,0.2329949273003472,0.0345001220703125,0.001437717013888889,1,High sky exposure + high road exposure / low greenery,0,-0.05246669804152932,-0.912276383430492,False,,,False,not_yet_labelled,
residential-0117__lakeside-mrt,residential-0117__lakeside-mrt__cp_001,1.347901,103.714405,71.21,1388.5,0.0776824951171875,0.8413798014322916,0.00024074978298611112,0.03666347927517361,0.020177205403645832,0.0,0.0,3,High greenery + high road exposure / low built frontage,2,-1.5407343659191768,2.662309736855321,False,,,False,not_yet_labelled,
residential-0117__lakeside-mrt,residential-0117__lakeside-mrt__cp_002,1.347777,103.714819,119.25,1388.5,0.1469489203559028,0.1907772488064236,0.21537950303819445,0.1545647515190972,0.2884589301215278,0.0,0.0009782579210069445,2,High pedestrian space + high built frontage / low road exposure,0,1.378062092674756,0.21619045187729463,False,,,False,not_yet_labelled,
residential-0117__lakeside-mrt,residential-0117__lakeside-mrt__cp_003,1.347457,103.715125,168.47,1388.5,0.031239827473958332,0.6315138075086806,0.008521185980902778,0.03747897677951389,0.2293362087673611,0.0007408989800347222,0.0,3,High greenery + high road exposure / low built frontage,2,-0.1284320828364982,2.1013259396538038,False,,,False,not_yet_labelled,
residential-0117__lakeside-mrt,residential-0117__lakeside-mrt__cp_004,1.347121,103.715407,217.25,1388.5,0.005969577365451389,0.7465481228298612,0.026936848958333332,0.009294297960069444,0.19655354817708334,0.0,0.0,3,High greenery + high road exposure / low built frontage,2,-0.7092740760389911,2.372260352647606,False,,,False,not_yet_labelled,
residential-0117__lakeside-mrt,residential-0117__lakeside-mrt__cp_005,1.346643,103.715641,276.42,1388.5,0.04188198513454861,0.6755421956380209,0.0313262939453125,0.0145721435546875,0.23297288682725695,0.0,0.0,3,High greenery + high road exposure / low built frontage,2,-0.43000392735630255,2.008820747573186,False,,,False,not_yet_labelled,
residential-0117__lakeside-mrt,residential-0117__lakeside-mrt__cp_006,1.34605,103.715774,344.0,1388.5,0.09589470757378472,0.5827128092447916,0.1918979220920139,0.030524359809027776,0.07937113444010417,0.015250311957465278,0.0005137125651041666,3,High greenery + high road exposure / low built frontage,2,-1.1218308721492705,1.1044591634740608,False,,,False,not_yet_labelled,
residential-0117__lakeside-mrt,residential-0117__lakeside-mrt__cp_007,1.345845,103.71607,384.03,1388.5,0.3766937255859375,0.23959181043836805,0.22637430826822916,0.009316338433159722,0.13061692979600695,0.006849500868055556,0.0007002088758680555,1,High sky exposure + high road exposure / low greenery,1,-0.8060435324683136,-1.2776946399542157,False,,,False,not_yet_labelled,
residential-0117__lakeside-mrt,residential-0117__lakeside-mrt__cp_008,1.345325,103.716236,444.72,1388.5,0.14795430501302084,0.6105838351779513,0.053639729817708336,0.007353040907118056,0.004019843207465278,0.10390557183159722,5.425347222222222e-05,3,High greenery + high road exposure / low built frontage,2,-1.592369657833048,1.0185496184253973,False,,,False,not_yet_labelled,
residential-0117__lakeside-mrt,residential-0117__lakeside-mrt__cp_013,1.344796,103.718922,771.86,1388.5,0.2169681125217014,0.2425910101996528,0.0653110080295139,0.03816392686631945,0.3027835422092014,0.04176500108506945,0.0,0,High built frontage + high pedestrian space / low greenery,0,0.6130579704663816,-0.17365004036894013,False,,,False,not_yet_labelled,
residential-0117__lakeside-mrt,residential-0117__lakeside-mrt__cp_014,1.344742,103.719323,816.84,1388.5,0.16280619303385416,0.1325649685329861,0.24252149793836805,0.016937255859375,0.4156748453776042,0.005501641167534722,0.0,0,High built frontage + high pedestrian space / low greenery,0,1.0063932142667182,-0.8642119152955589,False,,,False,not_yet_labelled,
residential-0117__lakeside-mrt,residential-0117__lakeside-mrt__cp_015,1.344569,103.719743,867.34,1388.5,0.043206108940972224,0.13023206922743055,0.2086944580078125,0.024744669596354168,0.4562360975477431,0.004906548394097222,0.010301378038194444,0,High built frontage + high pedestrian space / low greenery,0,1.4987831662567324,-0.25931462339045147,False,,,False,not_yet_labelled,
residential-0117__lakeside-mrt,residential-0117__lakeside-mrt__cp_016,1.344769,103.72052,956.53,1388.5,0.18925645616319445,0.2005428738064236,0.2416415744357639,0.002349853515625,0.2376013861762153,0.05021837022569445,0.0033891465928819445,1,High sky exposure + high road exposure / low greenery,0,-0.06847645450648876,-0.912819128254074,False,,,False,not_yet_labelled,
residential-0117__lakeside-mrt,residential-0117__lakeside-mrt__cp_017,1.344968,103.72121,1036.36,1388.5,0.2738104926215278,0.12338765462239583,0.2219051784939236,0.0026804606119791665,0.22312757703993055,0.0599822998046875,0.002081976996527778,1,High sky exposure + high road exposure / low greenery,1,-0.06995362571029379,-1.4538830482847207,False,,,False,not_yet_labelled,
residential-0117__lakeside-mrt,residential-0117__lakeside-mrt__cp_018,1.345086,103.721652,1087.22,1388.5,0.21631368001302084,0.19595845540364584,0.2985721164279514,0.005430433485243056,0.24148390028211805,0.03303188747829861,0.0019395616319444445,1,High sky exposure + high road exposure / low greenery,0,-0.14952678234666392,-1.139425470293384,False,,,False,not_yet_labelled,
residential-0117__lakeside-mrt,residential-0117__lakeside-mrt__cp_019,1.344665,103.721672,1134.08,1388.5,0.24296696980794272,0.0963605244954427,0.4819590250651042,0.025277455647786457,0.10338973999023438,0.019947052001953125,0.00021107991536458334,1,High sky exposure + high road exposure / low greenery,1,-0.6995680386613896,-1.914374475110376,False,,,False,not_yet_labelled,
residential-0117__lakeside-mrt,residential-0117__lakeside-mrt__cp_020,1.34414,103.721115,1219.18,1388.5,0.15652592976888022,0.17577107747395834,0.0,0.10629908243815105,0.24935150146484375,0.0,0.007391611735026042,2,High pedestrian space + high built frontage / low road exposure,0,1.2762512678337636,0.5730311616662939,False,,,False,not_yet_labelled,
residential-0118__coral-edge-mrt,residential-0118__coral-edge-mrt__cp_000,1.39021,103.913233,0.0,550.0,0.2792307535807292,0.3199055989583333,0.3439822726779514,2.712673611111111e-05,0.0,0.0011732313368055555,0.0,1,High sky exposure + high road exposure / low greenery,1,-1.6186535949296044,-0.9745415618297388,False,,,False,not_yet_labelled,
residential-0118__coral-edge-mrt,residential-0118__coral-edge-mrt__cp_001,1.390796,103.913673,81.48,550.0,0.17277357313368055,0.5843895806206597,0.2066769070095486,0.0003848605685763889,0.0165863037109375,0.0,0.010091145833333334,3,High greenery + high road exposure / low built frontage,2,-1.73466119707156,0.6816602248584432,False,,,False,not_yet_labelled,
residential-0118__coral-edge-mrt,residential-0118__coral-edge-mrt__cp_002,1.391139,103.913532,122.71,550.0,0.374359130859375,0.20373365614149305,0.2215389675564236,0.009901258680555556,0.15143839518229166,0.015321519639756944,0.003760443793402778,1,High sky exposure + high road exposure / low greenery,1,-0.6298592369075675,-1.3969789628134885,False,,,False,not_yet_labelled,
residential-0118__coral-edge-mrt,residential-0118__coral-edge-mrt__cp_003,1.391735,103.913942,203.14,550.0,0.3028428819444444,0.2791731092664931,0.10804578993055555,0.0023752848307291665,0.15253194173177084,0.1337958441840278,1.52587890625e-05,1,High sky exposure + high road exposure / low greenery,1,-0.6464196794374211,-0.9711967483358718,False,,,False,not_yet_labelled,
residential-0118__coral-edge-mrt,residential-0118__coral-edge-mrt__cp_004,1.392184,103.91421,261.28,550.0,0.06581624348958333,0.5737796359592013,0.24400160047743055,0.003192477756076389,0.10616048177083333,3.390842013888889e-05,0.0,3,High greenery + high road exposure / low built frontage,2,-1.2025107175659226,0.9432450865870018,False,,,False,not_yet_labelled,
residential-0118__coral-edge-mrt,residential-0118__coral-edge-mrt__cp_005,1.39283,103.913632,357.66,550.0,0.09754265679253472,0.21674940321180555,0.11519368489583333,0.006613837348090278,0.4967837863498264,0.053064982096354164,0.0,0,High built frontage + high pedestrian space / low greenery,0,1.36058064001709,-0.19952799687193845,False,,,False,not_yet_labelled,
residential-0118__coral-edge-mrt,residential-0118__coral-edge-mrt__cp_006,1.393192,103.913343,409.16,550.0,0.011240641276041666,0.2093471950954861,0.21737162272135416,0.07052442762586805,0.3839213053385417,0.0,0.002666897243923611,0,High built frontage + high pedestrian space / low greenery,0,1.3804817280956923,0.3579032009295515,False,,,False,not_yet_labelled,
residential-0118__coral-edge-mrt,residential-0118__coral-edge-mrt__cp_007,1.393773,103.912635,510.98,550.0,0.1291995578342014,0.1536136203342014,0.0031331380208333335,0.012442694769965278,0.5325775146484375,0.15633138020833334,0.004209730360243056,0,High built frontage + high pedestrian space / low greenery,0,1.7307350345374053,-0.512478587642834,False,,,False,not_yet_labelled,
residential-0119__bukit-gombak-mrt,residential-0119__bukit-gombak-mrt__cp_002,1.367628,103.749057,145.75,1312.7,0.1901618109809028,0.3014746771918403,0.20977783203125,0.06106397840711805,0.1486172146267361,0.0136566162109375,0.0,1,High sky exposure + high road exposure / low greenery,0,-0.17245878707504622,-0.05780934227430038,False,234.29000000000002,0.3450413223140496,True,not_yet_labelled,
residential-0119__bukit-gombak-mrt,residential-0119__bukit-gombak-mrt__cp_003,1.368081,103.749518,217.61,1312.7,0.1901618109809028,0.3014746771918403,0.20977783203125,0.06106397840711805,0.1486172146267361,0.0136566162109375,0.0,1,High sky exposure + high road exposure / low greenery,0,-0.17245878707504622,-0.05780934227430038,False,162.43,0.2809917355371901,True,not_yet_labelled,
residential-0119__bukit-gombak-mrt,residential-0119__bukit-gombak-mrt__cp_004,1.367761,103.749875,270.91,1312.7,0.2818942599826389,0.3924662272135417,0.0088043212890625,0.019844902886284724,0.2935774061414931,0.0,4.238552517361111e-05,1,High sky exposure + high road exposure / low greenery,0,0.12914017153908317,0.24875837086138122,False,109.13,0.22520661157024793,True,not_yet_labelled,
residential-0119__bukit-gombak-mrt,residential-0119__bukit-gombak-mrt__cp_005,1.367453,103.750213,321.75,1312.7,0.3307308620876736,0.16679890950520834,0.0258941650390625,0.04516432020399305,0.06749471028645833,0.004964192708333333,0.009240044487847222,1,High sky exposure + high road exposure / low greenery,0,-0.22133978756406203,-0.4832889981384167,False,58.29000000000002,0.16942148760330578,True,not_yet_labelled,
residential-0119__bukit-gombak-mrt,residential-0119__bukit-gombak-mrt__cp_006,1.367053,103.750552,380.04,1312.7,0.3013203938802083,0.068603515625,0.23160298665364584,0.1284094916449653,0.1775427924262153,0.03651258680555555,0.0,1,High sky exposure + high road exposure / low greenery,0,0.693331272041895,-1.0375477103513133,True,0.0,0.06508264462809918,True,not_yet_labelled,
residential-0119__bukit-gombak-mrt,residential-0119__bukit-gombak-mrt__cp_007,1.366564,103.750849,443.66,1312.7,0.20947774251302084,0.2400580512152778,0.14761861165364584,0.1261257595486111,0.24334716796875,0.0,0.0,2,High pedestrian space + high built frontage / low road exposure,0,0.8923091052363605,0.19958844486247762,False,63.620000000000005,0.1797520661157025,True,not_yet_labelled,
residential-0119__bukit-gombak-mrt,residential-0119__bukit-gombak-mrt__cp_008,1.365882,103.751112,524.93,1312.7,0.21640184190538195,0.14028761121961805,0.2138519287109375,0.05821567111545139,0.2947743733723958,0.0,0.0,1,High sky exposure + high road exposure / low greenery,0,0.7391867433884804,-0.6946184649309284,False,144.88999999999993,0.26239669421487605,True,not_yet_labelled,
residential-0119__bukit-gombak-mrt,residential-0119__bukit-gombak-mrt__cp_009,1.365404,103.751213,579.25,1312.7,0.2247806125217014,0.2486029730902778,0.3494601779513889,0.020502726236979168,0.14230516221788195,0.008722941080729166,0.0,1,High sky exposure + high road exposure / low greenery,0,-0.6524825771618415,-0.9713618877399675,False,199.20999999999998,0.3140495867768595,True,not_yet_labelled,
residential-0119__bukit-gombak-mrt,residential-0119__bukit-gombak-mrt__cp_010,1.364878,103.751259,637.97,1312.7,0.026623196072048612,0.3433736165364583,0.2617543538411458,0.028923882378472224,0.2742156982421875,0.0,0.0,3,High greenery + high road exposure / low built frontage,0,0.2320535396308586,0.4049720018927081,False,257.93,0.3739669421487603,True,not_yet_labelled,
residential-0119__bukit-gombak-mrt,residential-0119__bukit-gombak-mrt__cp_011,1.36412,103.751311,722.45,1312.7,0.008580525716145834,0.4615597195095486,0.23378499348958334,0.024707370334201388,0.2048865424262153,0.00016106499565972222,0.0,3,High greenery + high road exposure / low built frontage,0,-0.27402407547368757,0.9306453774087897,False,342.41,0.4256198347107438,True,not_yet_labelled,
residential-0119__bukit-gombak-mrt,residential-0119__bukit-gombak-mrt__cp_012,1.363705,103.75152,774.11,1312.7,0.055196126302083336,0.3931070963541667,0.2655622694227431,0.061426798502604164,0.2164984809027778,0.0,0.0015190972222222222,3,High greenery + high road exposure / low built frontage,0,0.0482859152225951,0.6142904741566025,False,394.07,0.4731404958677686,True,not_yet_labelled,
residential-0119__bukit-gombak-mrt,residential-0119__bukit-gombak-mrt__cp_013,1.362683,103.751569,887.89,1312.7,0.17540147569444445,0.3449181450737847,0.11129591200086805,0.023096720377604168,0.2534857855902778,0.07713148328993055,0.0,3,High greenery + high road exposure / low built frontage,0,0.029494114737075285,-0.011770292582444284,False,507.84999999999997,0.5454545454545454,True,not_yet_labelled,
residential-0119__bukit-gombak-mrt,residential-0119__bukit-gombak-mrt__cp_014,1.361829,103.751628,983.07,1312.7,0.05792066786024305,0.20792134602864584,0.0754055447048611,0.015413072374131944,0.3192274305555556,0.3182593451605903,0.0,0,High built frontage + high pedestrian space / low greenery,1,0.5925250485401525,-0.7315912405336121,False,603.03,0.6115702479338843,True,not_yet_labelled,
residential-0119__bukit-gombak-mrt,residential-0119__bukit-gombak-mrt__cp_015,1.361029,103.751656,1072.08,1312.7,0.1879509819878472,0.3206549750434028,0.12671915690104166,0.021587795681423612,0.2626953125,0.07587348090277778,0.0,1,High sky exposure + high road exposure / low greenery,0,0.06553705526334909,-0.19084593176623454,False,692.04,0.6590909090909091,True,not_yet_labelled,
residential-0119__bukit-gombak-mrt,residential-0119__bukit-gombak-mrt__cp_016,1.359913,103.751704,1196.29,1312.7,0.0718502468532986,0.3150736490885417,0.2962256537543403,0.07716200086805555,0.21822950575086805,0.010045369466145834,0.0032670762803819445,3,High greenery + high road exposure / low built frontage,0,0.2518741941365511,0.25848169260517156,False,816.25,0.7293388429752066,True,not_yet_labelled,
residential-0119__bukit-gombak-mrt,residential-0119__bukit-gombak-mrt__cp_017,1.359403,103.751728,1253.06,1312.7,0.24455091688368055,0.3138580322265625,0.11229621039496528,0.015984429253472224,0.1427544487847222,0.1701473659939236,0.0008375379774305555,1,High sky exposure + high road exposure / low greenery,1,-0.6143608843657843,-0.6957417361543323,False,873.02,0.7520661157024794,True,not_yet_labelled,
residential-0119__bukit-gombak-mrt,residential-0119__bukit-gombak-mrt__cp_018,1.359016,103.751734,1296.1,1312.7,0.08573277791341145,0.048731486002604164,0.062121073404947914,0.34314854939778644,0.37146886189778644,0.023230234781901043,0.0,2,High pedestrian space + high built frontage / low road exposure,3,3.6925184451579485,1.3280548458432568,False,916.06,0.7706611570247934,True,not_yet_labelled,
residential-0120__tampines-east-mrt,residential-0120__tampines-east-mrt__cp_008,1.358732,103.955564,529.48,901.7,0.13428243001302084,0.1960601806640625,0.2221442328559028,0.04049343532986111,0.3890770806206597,0.000823974609375,0.0,0,High built frontage + high pedestrian space / low greenery,0,1.0024981149116272,-0.3490195653685676,False,,,False,not_yet_labelled,
residential-0120__tampines-east-mrt,residential-0120__tampines-east-mrt__cp_009,1.35822,103.955568,586.42,901.7,0.17428758409288195,0.3824785020616319,0.2062191433376736,0.0309906005859375,0.0676150851779514,0.009390936957465278,0.0,3,High greenery + high road exposure / low built frontage,0,-0.8601721975278057,0.1624362321720032,False,,,False,not_yet_labelled,
residential-0120__tampines-east-mrt,residential-0120__tampines-east-mrt__cp_010,1.35768,103.955571,646.46,901.7,0.2407463921440972,0.12256876627604167,0.3102925618489583,0.06281534830729167,0.244171142578125,0.002434624565972222,0.0,1,High sky exposure + high road exposure / low greenery,1,0.39289594909344494,-1.1087440248358367,False,,,False,not_yet_labelled,
residential-0120__tampines-east-mrt,residential-0120__tampines-east-mrt__cp_011,1.357162,103.955572,704.06,901.7,0.2369537353515625,0.1165924072265625,0.2734290228949653,0.038080851236979164,0.3173624674479167,0.0020429823133680555,0.0,1,High sky exposure + high road exposure / low greenery,0,0.6070069860399513,-1.1499840479909726,False,,,False,not_yet_labelled,
residential-0120__tampines-east-mrt,residential-0120__tampines-east-mrt__cp_012,1.356717,103.955615,753.77,901.7,0.20140584309895834,0.041771782769097224,0.3541531032986111,0.010981241861979166,0.3631642659505208,0.013580322265625,0.0,0,High built frontage + high pedestrian space / low greenery,0,0.691655922690819,-1.675686365337718,False,,,False,not_yet_labelled,
residential-0120__tampines-east-mrt,residential-0120__tampines-east-mrt__cp_013,1.356366,103.955562,793.24,901.7,0.4108768039279514,0.030081854926215276,0.3686726888020833,0.00017293294270833334,0.15660603841145834,0.028973049587673612,5.086263020833333e-06,1,High sky exposure + high road exposure / low greenery,1,-0.6063669070603004,-2.6231012263368534,False,,,False,not_yet_labelled,
residential-0120__tampines-east-mrt,residential-0120__tampines-east-mrt__cp_014,1.356144,103.955342,827.99,901.7,0.3431294759114583,0.014010959201388888,0.3303714328342014,0.017452663845486112,0.2010837131076389,0.0815277099609375,0.000152587890625,1,High sky exposure + high road exposure / low greenery,1,-0.13550247002718976,-2.3920805319460423,False,,,False,not_yet_labelled,
