station,image_id,mapillary_id,original,segmentation,greenery,sky,road,pedestrian_space,built_frontage,vehicle,human
ADMIRALTY MRT,ADMIRALTY__IMG0001__M184894576860921,184894576860921,./data/generated/street_images/184894576860921.jpg,./data/generated/segmentation_images/184894576860921_segformer-b2-ade512-master-v1.png,0.027677536010742188,0.0131988525390625,0.0,0.15511703491210938,0.5420818328857422,0.13025474548339844,0.08588027954101562
ADMIRALTY MRT,ADMIRALTY__IMG0002__M216874533367760,216874533367760,./data/generated/street_images/216874533367760.jpg,./data/generated/segmentation_images/216874533367760_segformer-b2-ade512-master-v1.png,0.08435630798339844,0.03950691223144531,2.09808349609375e-05,0.17090606689453125,0.4276447296142578,0.03740882873535156,0.09130287170410156
ADMIRALTY MRT,ADMIRALTY__IMG0003__M1162303767597446,1162303767597446,./data/generated/street_images/1162303767597446.jpg,./data/generated/segmentation_images/1162303767597446_segformer-b2-ade512-master-v1.png,0.4335174560546875,0.20731163024902344,0.0,0.10430908203125,0.164215087890625,0.0,0.08276939392089844
ADMIRALTY MRT,ADMIRALTY__IMG0004__M767082927504531,767082927504531,./data/generated/street_images/767082927504531.jpg,./data/generated/segmentation_images/767082927504531_segformer-b2-ade512-master-v1.png,0.23387718200683594,0.13150787353515625,2.86102294921875e-05,0.14846229553222656,0.30762672424316406,0.0,0.08234405517578125
ADMIRALTY MRT,ADMIRALTY__IMG0005__M1962495733897613,1962495733897613,./data/generated/street_images/1962495733897613.jpg,./data/generated/segmentation_images/1962495733897613_segformer-b2-ade512-master-v1.png,0.43842124938964844,0.16299057006835938,0.0,0.06621932983398438,0.2366199493408203,0.0,0.09111595153808594
ADMIRALTY MRT,ADMIRALTY__IMG0006__M390068322212349,390068322212349,./data/generated/street_images/390068322212349.jpg,./data/generated/segmentation_images/390068322212349_segformer-b2-ade512-master-v1.png,0.3236579895019531,0.2160053253173828,0.0,0.09478569030761719,0.24670791625976562,0.0,0.11072921752929688
ADMIRALTY MRT,ADMIRALTY__IMG0007__M332477851616177,332477851616177,./data/generated/street_images/332477851616177.jpg,./data/generated/segmentation_images/332477851616177_segformer-b2-ade512-master-v1.png,0.34207916259765625,0.16430282592773438,7.62939453125e-06,0.13163375854492188,0.26545143127441406,0.0,0.09339714050292969
ADMIRALTY MRT,ADMIRALTY__IMG0008__M336737841136444,336737841136444,./data/generated/street_images/336737841136444.jpg,./data/generated/segmentation_images/336737841136444_segformer-b2-ade512-master-v1.png,0.17207908630371094,0.26949310302734375,0.15332603454589844,0.11244010925292969,0.1760234832763672,0.009540557861328125,0.102294921875
ALJUNIED MRT,ALJUNIED__IMG0001__M1614422486594353,1614422486594353,./data/generated/street_images/1614422486594353.jpg,./data/generated/segmentation_images/1614422486594353_segformer-b2-ade512-master-v1.png,0.25910313924153644,0.4577624003092448,0.032562255859375,0.0009256998697916666,0.17373911539713544,0.001720428466796875,0.001354217529296875
ALJUNIED MRT,ALJUNIED__IMG0002__M2259696187859328,2259696187859328,./data/generated/street_images/2259696187859328.jpg,./data/generated/segmentation_images/2259696187859328_segformer-b2-ade512-master-v1.png,0.15688069661458337,0.26653289794921875,0.02010981241861979,0.028180440266927082,0.5190722147623698,0.002353668212890625,0.0
ALJUNIED MRT,ALJUNIED__IMG0003__M1430147237331503,1430147237331503,./data/generated/street_images/1430147237331503.jpg,./data/generated/segmentation_images/1430147237331503_segformer-b2-ade512-master-v1.png,0.39490539579207035,0.14635887672536887,5.885574201737012e-05,0.0,0.4586743127952383,0.0,0.0
ALJUNIED MRT,ALJUNIED__IMG0004__M267501325056102,267501325056102,./data/generated/street_images/267501325056102.jpg,./data/generated/segmentation_images/267501325056102_segformer-b2-ade512-master-v1.png,0.545564580102665,0.09520939849431659,0.1537299186767182,0.005217689477105116,0.12138485002021566,0.019016802034873305,0.0
ANG MO KIO MRT,ANG_MO_KIO__IMG0001__M158793462746071,158793462746071,./data/generated/street_images/158793462746071.jpg,./data/generated/segmentation_images/158793462746071_segformer-b2-ade512-master-v1.png,0.32614898681640625,5.4677327473958336e-05,0.1960004170735677,0.009579976399739584,0.09435780843098958,0.26172129313151044,0.009129842122395834
ANG MO KIO MRT,ANG_MO_KIO__IMG0002__M520352495793422,520352495793422,./data/generated/street_images/520352495793422.jpg,./data/generated/segmentation_images/520352495793422_segformer-b2-ade512-master-v1.png,0.35066986083984375,0.000598907470703125,0.24344635009765625,0.017060597737630207,0.13823827107747394,0.12564849853515625,0.004369099934895833
ANG MO KIO MRT,ANG_MO_KIO__IMG0003__M1220097305055047,1220097305055047,./data/generated/street_images/1220097305055047.jpg,./data/generated/segmentation_images/1220097305055047_segformer-b2-ade512-master-v1.png,0.05612564086914062,0.06365585327148438,0.08423487345377605,0.15474065144856772,0.3451805114746094,0.2144495646158854,0.0012982686360677083
ANG MO KIO MRT,ANG_MO_KIO__IMG0004__M196679782119921,196679782119921,./data/generated/street_images/196679782119921.jpg,./data/generated/segmentation_images/196679782119921_segformer-b2-ade512-master-v1.png,0.18305714925130206,0.0,0.054316202799479164,0.21624755859375,0.28626124064127606,0.15500259399414062,0.07123438517252605
ANG MO KIO MRT,ANG_MO_KIO__IMG0005__M172700664766709,172700664766709,./data/generated/street_images/172700664766709.jpg,./data/generated/segmentation_images/172700664766709_segformer-b2-ade512-master-v1.png,0.40842013888888884,0.03327772352430555,0.2504967583550347,0.011800130208333334,0.28278266059027773,0.008619520399305556,0.0011918809678819445
ANG MO KIO MRT,ANG_MO_KIO__IMG0006__M278765087308304,278765087308304,./data/generated/street_images/278765087308304.jpg,./data/generated/segmentation_images/278765087308304_segformer-b2-ade512-master-v1.png,0.3967098659939236,0.021982828776041668,0.16510179307725695,0.01776123046875,0.3849572075737847,0.0006188286675347222,0.0012139214409722222
ANG MO KIO MRT,ANG_MO_KIO__IMG0007__M258759429317470,258759429317470,./data/generated/street_images/258759429317470.jpg,./data/generated/segmentation_images/258759429317470_segformer-b2-ade512-master-v1.png,0.5566423204210069,0.0861019558376736,0.0136260986328125,0.003931681315104167,0.2995639377170139,0.021645439995659724,0.017466227213541668
ANG MO KIO MRT,ANG_MO_KIO__IMG0008__M502098037602749,502098037602749,./data/generated/street_images/502098037602749.jpg,./data/generated/segmentation_images/502098037602749_segformer-b2-ade512-master-v1.png,0.3829820421006944,0.1434326171875,0.004647148980034722,0.053751627604166664,0.3741912841796875,0.005669487847222223,0.007783677842881944
ANG MO KIO MRT,ANG_MO_KIO__IMG0009__M197399692099641,197399692099641,./data/generated/street_images/197399692099641.jpg,./data/generated/segmentation_images/197399692099641_segformer-b2-ade512-master-v1.png,0.22104051378038192,0.11637708875868055,0.1944122314453125,0.009636773003472222,0.4443986680772569,0.003833346896701389,0.0
ANG MO KIO MRT,ANG_MO_KIO__IMG0010__M496554158198795,496554158198795,./data/generated/street_images/496554158198795.jpg,./data/generated/segmentation_images/496554158198795_segformer-b2-ade512-master-v1.png,0.6662173800998263,0.03496975368923611,0.0,0.0,0.2963324652777778,0.0,0.0012885199652777778
BEAUTY WORLD MRT,BEAUTY_WORLD__IMG0001__M1378471907025279,1378471907025279,./data/generated/street_images/1378471907025279.jpg,./data/generated/segmentation_images/1378471907025279_segformer-b2-ade512-master-v1.png,0.10895411173502603,0.042133331298828125,0.00018819173177083334,0.48128509521484375,0.19814046223958334,0.0,0.004847208658854167
BEAUTY WORLD MRT,BEAUTY_WORLD__IMG0002__M2112574632605477,2112574632605477,./data/generated/street_images/2112574632605477.jpg,./data/generated/segmentation_images/2112574632605477_segformer-b2-ade512-master-v1.png,0.16845703125,0.09801610310872395,0.3121910095214844,0.0896161397298177,0.26594289143880206,0.006498972574869791,2.288818359375e-05
BEAUTY WORLD MRT,BEAUTY_WORLD__IMG0003__M1545198296700997,1545198296700997,./data/generated/street_images/1545198296700997.jpg,./data/generated/segmentation_images/1545198296700997_segformer-b2-ade512-master-v1.png,0.12212626139322917,0.25179290771484375,0.3038495381673177,0.056836446126302086,0.15471649169921875,0.012140909830729166,0.0
BEAUTY WORLD MRT,BEAUTY_WORLD__IMG0004__M1634700604891617,1634700604891617,./data/generated/street_images/1634700604891617.jpg,./data/generated/segmentation_images/1634700604891617_segformer-b2-ade512-master-v1.png,0.053769429524739586,0.3333282470703125,0.20191446940104166,0.17837397257486978,0.12423070271809895,0.07027689615885417,0.0
BEAUTY WORLD MRT,BEAUTY_WORLD__IMG0005__M1209318619815594,1209318619815594,./data/generated/street_images/1209318619815594.jpg,./data/generated/segmentation_images/1209318619815594_segformer-b2-ade512-master-v1.png,0.11455154418945312,0.325592041015625,0.3960418701171875,0.010142008463541666,0.15236536661783856,0.0007222493489583334,0.0
BEAUTY WORLD MRT,BEAUTY_WORLD__IMG0006__M327888466196566,327888466196566,./data/generated/street_images/327888466196566.jpg,./data/generated/segmentation_images/327888466196566_segformer-b2-ade512-master-v1.png,0.11412302652994791,0.2797991434733073,0.3942286173502604,0.013989766438802084,0.19758733113606772,0.0,0.0
BEAUTY WORLD MRT,BEAUTY_WORLD__IMG0007__M1083994498775338,1083994498775338,./data/generated/street_images/1083994498775338.jpg,./data/generated/segmentation_images/1083994498775338_segformer-b2-ade512-master-v1.png,0.1905695597330729,0.23008855183919272,0.3099708557128906,0.06136957804361979,0.13993072509765625,0.005624135335286458,0.0
BEAUTY WORLD MRT,BEAUTY_WORLD__IMG0008__M1303674833723199,1303674833723199,./data/generated/street_images/1303674833723199.jpg,./data/generated/segmentation_images/1303674833723199_segformer-b2-ade512-master-v1.png,0.6799138387044271,0.2309748331705729,0.0,0.0,0.07912699381510417,0.009984334309895834,0.0
BEAUTY WORLD MRT,BEAUTY_WORLD__IMG0009__M1405156546518172,1405156546518172,./data/generated/street_images/1405156546518172.jpg,./data/generated/segmentation_images/1405156546518172_segformer-b2-ade512-master-v1.png,0.13433837890625,0.2335205078125,0.17102728949652776,0.060826619466145836,0.3753763834635417,0.00892300075954861,0.0
BEAUTY WORLD MRT,BEAUTY_WORLD__IMG0010__M144665274352921,144665274352921,./data/generated/street_images/144665274352921.jpg,./data/generated/segmentation_images/144665274352921_segformer-b2-ade512-master-v1.png,0.16286214192708334,0.2690616183810764,0.24715508355034724,0.010196261935763888,0.2535010443793403,0.04204644097222222,0.0
BEAUTY WORLD MRT,BEAUTY_WORLD__IMG0011__M163639845722645,163639845722645,./data/generated/street_images/163639845722645.jpg,./data/generated/segmentation_images/163639845722645_segformer-b2-ade512-master-v1.png,0.2527126736111111,0.2976396348741319,0.09594048394097222,0.07518683539496528,0.2652859157986111,0.0,0.0
BEAUTY WORLD MRT,BEAUTY_WORLD__IMG0012__M174068311258725,174068311258725,./data/generated/street_images/174068311258725.jpg,./data/generated/segmentation_images/174068311258725_segformer-b2-ade512-master-v1.png,0.418554941813151,0.03835169474283854,0.04961649576822917,0.0271148681640625,0.3040962219238281,0.009535471598307291,0.0
BEAUTY WORLD MRT,BEAUTY_WORLD__IMG0013__M208908854395237,208908854395237,./data/generated/street_images/208908854395237.jpg,./data/generated/segmentation_images/208908854395237_segformer-b2-ade512-master-v1.png,0.4826795789930556,0.1336296929253472,0.1901482476128472,0.002811008029513889,0.19020928276909724,0.0,0.0
BEAUTY WORLD MRT,BEAUTY_WORLD__IMG0014__M2814839802113473,2814839802113473,./data/generated/street_images/2814839802113473.jpg,./data/generated/segmentation_images/2814839802113473_segformer-b2-ade512-master-v1.png,0.5497199164496528,0.08056131998697917,0.1387820773654514,0.03704664442274305,0.1494869656032986,0.02625359429253472,0.00042046440972222225
BEAUTY WORLD MRT,BEAUTY_WORLD__IMG0015__M285911603219149,285911603219149,./data/generated/street_images/285911603219149.jpg,./data/generated/segmentation_images/285911603219149_segformer-b2-ade512-master-v1.png,0.22925313313802084,0.47206963433159727,0.05291748046875,0.028901841905381944,0.11736721462673612,0.10202874077690972,0.0
BEAUTY WORLD MRT,BEAUTY_WORLD__IMG0016__M2961264874161881,2961264874161881,./data/generated/street_images/2961264874161881.jpg,./data/generated/segmentation_images/2961264874161881_segformer-b2-ade512-master-v1.png,0.6383683946397569,0.1175994873046875,0.17567952473958334,0.0411834716796875,0.021672566731770832,0.0007697211371527778,2.8822157118055555e-05
BEAUTY WORLD MRT,BEAUTY_WORLD__IMG0017__M296742195245885,296742195245885,./data/generated/street_images/296742195245885.jpg,./data/generated/segmentation_images/296742195245885_segformer-b2-ade512-master-v1.png,0.06880866156684028,0.1380191379123264,0.09679667154947917,0.1144375271267361,0.5567220052083334,9.833441840277778e-05,2.2040473090277777e-05
BEAUTY WORLD MRT,BEAUTY_WORLD__IMG0018__M2983308331962221,2983308331962221,./data/generated/street_images/2983308331962221.jpg,./data/generated/segmentation_images/2983308331962221_segformer-b2-ade512-master-v1.png,0.04414240519205729,0.23352940877278647,0.29586156209309894,0.05731836954752604,0.35375086466471356,0.0,0.00728607177734375
BEAUTY WORLD MRT,BEAUTY_WORLD__IMG0019__M302075334718287,302075334718287,./data/generated/street_images/302075334718287.jpg,./data/generated/segmentation_images/302075334718287_segformer-b2-ade512-master-v1.png,0.2535451253255208,0.2334018283420139,0.09284634060329862,0.03760952419704861,0.2866923014322917,0.06054517957899305,8.646647135416667e-05
BEAUTY WORLD MRT,BEAUTY_WORLD__IMG0020__M303565904586160,303565904586160,./data/generated/street_images/303565904586160.jpg,./data/generated/segmentation_images/303565904586160_segformer-b2-ade512-master-v1.png,0.015443589952256944,0.17589314778645834,0.06967671712239584,0.1062045627170139,0.5368872748480903,0.0022125244140625,0.001056247287326389
BEAUTY WORLD MRT,BEAUTY_WORLD__IMG0021__M309091100774269,309091100774269,./data/generated/street_images/309091100774269.jpg,./data/generated/segmentation_images/309091100774269_segformer-b2-ade512-master-v1.png,0.10963948567708333,0.4006330702039931,0.091522216796875,0.03352525499131945,0.2360415988498264,0.05648464626736111,8.477105034722223e-06
BEAUTY WORLD MRT,BEAUTY_WORLD__IMG0022__M310327600549468,310327600549468,./data/generated/street_images/310327600549468.jpg,./data/generated/segmentation_images/310327600549468_segformer-b2-ade512-master-v1.png,0.7252383761935763,0.11620076497395833,0.10004848904079862,0.013973659939236112,0.0007985432942708334,0.015591091579861112,0.0
BEAUTY WORLD MRT,BEAUTY_WORLD__IMG0023__M369906617796966,369906617796966,./data/generated/street_images/369906617796966.jpg,./data/generated/segmentation_images/369906617796966_segformer-b2-ade512-master-v1.png,0.11940511067708333,0.0037384033203125,0.00017462836371527778,0.036068386501736105,0.805601331922743,0.0,0.0
BEAUTY WORLD MRT,BEAUTY_WORLD__IMG0024__M466009038038025,466009038038025,./data/generated/street_images/466009038038025.jpg,./data/generated/segmentation_images/466009038038025_segformer-b2-ade512-master-v1.png,0.6247439914279513,0.10933770073784722,0.11808946397569445,0.007854885525173612,0.11525641547309028,0.013456556532118056,0.0
BEAUTY WORLD MRT,BEAUTY_WORLD__IMG0025__M469998770878240,469998770878240,./data/generated/street_images/469998770878240.jpg,./data/generated/segmentation_images/469998770878240_segformer-b2-ade512-master-v1.png,0.5178154839409722,0.10488722059461805,0.13139512803819442,0.002297295464409722,0.1894107394748264,0.011325412326388888,0.0
BEAUTY WORLD MRT,BEAUTY_WORLD__IMG0026__M481828433069377,481828433069377,./data/generated/street_images/481828433069377.jpg,./data/generated/segmentation_images/481828433069377_segformer-b2-ade512-master-v1.png,0.2182990180121528,0.338531494140625,0.010660807291666666,0.0395355224609375,0.153289794921875,0.0003390842013888889,0.006725735134548611
BEAUTY WORLD MRT,BEAUTY_WORLD__IMG0027__M500051281037266,500051281037266,./data/generated/street_images/500051281037266.jpg,./data/generated/segmentation_images/500051281037266_segformer-b2-ade512-master-v1.png,0.22388373480902776,0.23474629720052084,0.2652197943793403,0.008636474609375,0.2383948432074653,0.002022637261284722,0.0
BEAUTY WORLD MRT,BEAUTY_WORLD__IMG0028__M500839237705953,500839237705953,./data/generated/street_images/500839237705953.jpg,./data/generated/segmentation_images/500839237705953_segformer-b2-ade512-master-v1.png,0.27354092068142366,0.3543124728732639,0.1632876925998264,0.018861558702256944,0.13712395562065974,0.0028703477647569445,0.0
BEAUTY WORLD MRT,BEAUTY_WORLD__IMG0029__M512460863275219,512460863275219,./data/generated/street_images/512460863275219.jpg,./data/generated/segmentation_images/512460863275219_segformer-b2-ade512-master-v1.png,0.6988610161675347,0.0713840060763889,0.12969462076822916,0.045678032769097224,0.023691813151041664,0.0038621690538194445,0.0
BEAUTY WORLD MRT,BEAUTY_WORLD__IMG0030__M518847315791861,518847315791861,./data/generated/street_images/518847315791861.jpg,./data/generated/segmentation_images/518847315791861_segformer-b2-ade512-master-v1.png,0.09868876139322916,0.4650048149956597,0.1657375759548611,0.021733601888020832,0.22861565483940974,0.01910400390625,0.0
BEAUTY WORLD MRT,BEAUTY_WORLD__IMG0031__M537143937447704,537143937447704,./data/generated/street_images/537143937447704.jpg,./data/generated/segmentation_images/537143937447704_segformer-b2-ade512-master-v1.png,0.2502466837565104,0.06561660766601562,0.0629119873046875,0.21399052937825522,0.2319488525390625,0.0010007222493489583,0.0
BEAUTY WORLD MRT,BEAUTY_WORLD__IMG0032__M642486824142279,642486824142279,./data/generated/street_images/642486824142279.jpg,./data/generated/segmentation_images/642486824142279_segformer-b2-ade512-master-v1.png,0.6336021423339844,0.16237386067708334,0.0013567606608072917,0.1333465576171875,0.06601587931315105,0.0,0.0
BEAUTY WORLD MRT,BEAUTY_WORLD__IMG0033__M783378479204866,783378479204866,./data/generated/street_images/783378479204866.jpg,./data/generated/segmentation_images/783378479204866_segformer-b2-ade512-master-v1.png,0.12781948513454863,0.4905531141493056,0.1424780951605903,0.017108493381076388,0.09947713216145833,0.08929612901475693,0.0
BEAUTY WORLD MRT,BEAUTY_WORLD__IMG0034__M788498331808679,788498331808679,./data/generated/street_images/788498331808679.jpg,./data/generated/segmentation_images/788498331808679_segformer-b2-ade512-master-v1.png,0.6172298855251735,0.14701334635416666,0.18481614854600692,0.024380154079861112,0.020965576171875,0.00027635362413194444,0.0008307562934027778
BEAUTY WORLD MRT,BEAUTY_WORLD__IMG0035__M813837459555183,813837459555183,./data/generated/street_images/813837459555183.jpg,./data/generated/segmentation_images/813837459555183_segformer-b2-ade512-master-v1.png,0.635006374782986,0.11599561903211805,0.12335544162326388,0.0067291259765625,0.08972507052951388,0.006883409288194445,4.238552517361111e-05
BEAUTY WORLD MRT,BEAUTY_WORLD__IMG0036__M816040895699867,816040895699867,./data/generated/street_images/816040895699867.jpg,./data/generated/segmentation_images/816040895699867_segformer-b2-ade512-master-v1.png,0.6771053738064237,0.10887824164496528,0.12094624837239583,0.016121758355034724,0.0272979736328125,0.008324517144097222,0.0
BEAUTY WORLD MRT,BEAUTY_WORLD__IMG0037__M817237915571763,817237915571763,./data/generated/street_images/817237915571763.jpg,./data/generated/segmentation_images/817237915571763_segformer-b2-ade512-master-v1.png,0.40837944878472227,0.1850501166449653,0.155548095703125,0.057734171549479164,0.1603207058376736,0.027876112196180556,0.0
BEAUTY WORLD MRT,BEAUTY_WORLD__IMG0038__M921100255409066,921100255409066,./data/generated/street_images/921100255409066.jpg,./data/generated/segmentation_images/921100255409066_segformer-b2-ade512-master-v1.png,0.28631591796875,0.2077823215060764,0.07510206434461805,0.11830308702256945,0.2926415337456597,0.004199557834201389,0.0
BEAUTY WORLD MRT,BEAUTY_WORLD__IMG0039__M972226516649977,972226516649977,./data/generated/street_images/972226516649977.jpg,./data/generated/segmentation_images/972226516649977_segformer-b2-ade512-master-v1.png,0.4448784722222222,0.1317664252387153,0.13455369737413195,0.058280097113715276,0.16598002115885416,0.06360202365451388,0.00012885199652777778
BEDOK MRT,BEDOK__IMG0001__M492100401914598,492100401914598,./data/generated/street_images/492100401914598.jpg,./data/generated/segmentation_images/492100401914598_segformer-b2-ade512-master-v1.png,0.008122092398397077,0.18251933283178004,0.0,0.12134774531329168,0.5700805555982047,0.0,0.0
BEDOK MRT,BEDOK__IMG0002__M844108166180242,844108166180242,./data/generated/street_images/844108166180242.jpg,./data/generated/segmentation_images/844108166180242_segformer-b2-ade512-master-v1.png,0.0027381049262152775,0.2784542507595486,0.0663604736328125,0.052817450629340276,0.5899776882595487,0.0006764729817708334,0.008068508572048612
BEDOK MRT,BEDOK__IMG0003__M4470466732972123,4470466732972123,./data/generated/street_images/4470466732972123.jpg,./data/generated/segmentation_images/4470466732972123_segformer-b2-ade512-master-v1.png,0.18398878309461805,0.0002543131510416667,0.0598907470703125,0.018374972873263888,0.4620886908637153,0.2753465440538195,1.0172526041666666e-05
BEDOK MRT,BEDOK__IMG0004__M958894978201483,958894978201483,./data/generated/street_images/958894978201483.jpg,./data/generated/segmentation_images/958894978201483_segformer-b2-ade512-master-v1.png,0.0003628200954861111,0.22339036729600695,0.086090087890625,0.007337782118055556,0.6641998291015625,0.005940755208333333,0.009716457790798612
BEDOK MRT,BEDOK__IMG0005__M1124495671382177,1124495671382177,./data/generated/street_images/1124495671382177.jpg,./data/generated/segmentation_images/1124495671382177_segformer-b2-ade512-master-v1.png,0.28373379177517355,0.21115620930989584,0.019632975260416664,0.022732204861111112,0.4597303602430556,0.0,0.0004899766710069445
BEDOK MRT,BEDOK__IMG0006__M501813591019101,501813591019101,./data/generated/street_images/501813591019101.jpg,./data/generated/segmentation_images/501813591019101_segformer-b2-ade512-master-v1.png,0.2871653238932292,0.20516798231336805,0.0005747477213541666,0.030634562174479168,0.4669443766276042,0.0009019639756944445,0.0
BEDOK MRT,BEDOK__IMG0007__M196683742286702,196683742286702,./data/generated/street_images/196683742286702.jpg,./data/generated/segmentation_images/196683742286702_segformer-b2-ade512-master-v1.png,0.3375684950086805,0.08716837565104167,0.030510796440972224,0.11349656846788195,0.4302147759331597,0.0,0.00010511610243055556
BEDOK MRT,BEDOK__IMG0008__M908820843018498,908820843018498,./data/generated/street_images/908820843018498.jpg,./data/generated/segmentation_images/908820843018498_segformer-b2-ade512-master-v1.png,0.3081749810112847,0.2659352620442708,0.006864759657118055,0.001568264431423611,0.4164903428819445,0.000823974609375,0.0
BEDOK MRT,BEDOK__IMG0009__M309490630587568,309490630587568,./data/generated/street_images/309490630587568.jpg,./data/generated/segmentation_images/309490630587568_segformer-b2-ade512-master-v1.png,0.4180501302083333,0.3040686713324653,0.1436682807074653,0.012135823567708334,0.103179931640625,0.017396714952256944,0.0
BEDOK MRT,BEDOK__IMG0010__M994770737722423,994770737722423,./data/generated/street_images/994770737722423.jpg,./data/generated/segmentation_images/994770737722423_segformer-b2-ade512-master-v1.png,0.4869656032986111,0.2095913357204861,0.1030544704861111,0.004723442925347222,0.1276007758246528,0.0662350124782986,0.001614040798611111
BEDOK MRT,BEDOK__IMG0011__M160009896129519,160009896129519,./data/generated/street_images/160009896129519.jpg,./data/generated/segmentation_images/160009896129519_segformer-b2-ade512-master-v1.png,0.3766191270616319,0.2649434407552083,0.1137813991970486,0.008433024088541666,0.1692962646484375,0.058771769205729164,0.0
BEDOK MRT,BEDOK__IMG0012__M5411692762234100,5411692762234100,./data/generated/street_images/5411692762234100.jpg,./data/generated/segmentation_images/5411692762234100_segformer-b2-ade512-master-v1.png,0.4267476399739583,0.2472347683376736,0.1004909939236111,0.005042182074652778,0.13132222493489584,0.061820136176215276,0.0
BEDOK MRT,BEDOK__IMG0013__M200840715012969,200840715012969,./data/generated/street_images/200840715012969.jpg,./data/generated/segmentation_images/200840715012969_segformer-b2-ade512-master-v1.png,0.23349634806315103,0.18497848510742188,0.051670074462890625,0.12405649820963542,0.297760009765625,0.0008303324381510416,0.02152252197265625
BEDOK MRT,BEDOK__IMG0014__M285560093240218,285560093240218,./data/generated/street_images/285560093240218.jpg,./data/generated/segmentation_images/285560093240218_segformer-b2-ade512-master-v1.png,0.16673405965169272,0.08429463704427083,0.07242965698242188,0.09064865112304688,0.4249560038248698,0.010743459065755209,0.00311279296875
BEDOK MRT,BEDOK__IMG0015__M154948103248614,154948103248614,./data/generated/street_images/154948103248614.jpg,./data/generated/segmentation_images/154948103248614_segformer-b2-ade512-master-v1.png,0.44616953531901044,0.0023943583170572915,0.027783711751302086,0.00078582763671875,0.34084320068359375,0.07218043009440103,0.0024325052897135415
BEDOK MRT,BEDOK__IMG0016__M284573926581942,284573926581942,./data/generated/street_images/284573926581942.jpg,./data/generated/segmentation_images/284573926581942_segformer-b2-ade512-master-v1.png,0.4333839416503906,0.002960205078125,0.004655202229817708,0.0,0.22333399454752603,0.11513010660807291,0.12025705973307292
BEDOK MRT,BEDOK__IMG0017__M1152427511837393,1152427511837393,./data/generated/street_images/1152427511837393.jpg,./data/generated/segmentation_images/1152427511837393_segformer-b2-ade512-master-v1.png,0.4870325724283854,0.019476572672526043,0.009647369384765625,0.021378835042317707,0.16748809814453125,0.14717864990234372,0.015234629313151041
BEDOK MRT,BEDOK__IMG0018__M535454294289576,535454294289576,./data/generated/street_images/535454294289576.jpg,./data/generated/segmentation_images/535454294289576_segformer-b2-ade512-master-v1.png,0.507195790608724,0.011927286783854166,0.0030606587727864585,0.00013860066731770834,0.3424949645996094,0.08132425944010417,0.0003293355305989583
BEDOK MRT,BEDOK__IMG0019__M336583351401372,336583351401372,./data/generated/street_images/336583351401372.jpg,./data/generated/segmentation_images/336583351401372_segformer-b2-ade512-master-v1.png,0.5922037760416666,0.006285349527994792,0.004904429117838542,0.012236277262369793,0.21084976196289062,0.002493540445963542,0.023220062255859375
BEDOK MRT,BEDOK__IMG0020__M787253945259835,787253945259835,./data/generated/street_images/787253945259835.jpg,./data/generated/segmentation_images/787253945259835_segformer-b2-ade512-master-v1.png,0.4798075358072917,0.0037625630696614585,0.0003801981608072917,0.012112935384114584,0.21260833740234375,0.043949127197265625,0.017251332600911457
BEDOK MRT,BEDOK__IMG0021__M1189597884826604,1189597884826604,./data/generated/street_images/1189597884826604.jpg,./data/generated/segmentation_images/1189597884826604_segformer-b2-ade512-master-v1.png,0.41265996297200525,0.036486307779947914,0.0007387797037760416,0.0,0.41187032063802087,0.008794148763020832,0.0010350545247395833
BEDOK MRT,BEDOK__IMG0022__M514719986219905,514719986219905,./data/generated/street_images/514719986219905.jpg,./data/generated/segmentation_images/514719986219905_segformer-b2-ade512-master-v1.png,0.48139190673828125,0.033167521158854164,0.0020891825358072915,0.0,0.317938486735026,0.00885009765625,0.0010744730631510417
BEDOK MRT,BEDOK__IMG0023__M784012975653996,784012975653996,./data/generated/street_images/784012975653996.jpg,./data/generated/segmentation_images/784012975653996_segformer-b2-ade512-master-v1.png,0.6194725036621094,0.0004755655924479167,0.007222493489583333,5.086263020833333e-06,0.2801475524902344,0.027081807454427082,0.0005747477213541666
BEDOK MRT,BEDOK__IMG0024__M792250901687702,792250901687702,./data/generated/street_images/792250901687702.jpg,./data/generated/segmentation_images/792250901687702_segformer-b2-ade512-master-v1.png,0.6132914225260416,0.016320546468098957,0.0,0.0,0.27061589558919275,0.008448282877604168,0.0
BEDOK MRT,BEDOK__IMG0025__M467631497833725,467631497833725,./data/generated/street_images/467631497833725.jpg,./data/generated/segmentation_images/467631497833725_segformer-b2-ade512-master-v1.png,0.4056752522786458,0.16471354166666666,0.1144748263888889,0.06724378797743055,0.2009209526909722,0.0226593017578125,0.0
BEDOK MRT,BEDOK__IMG0026__M492390408745386,492390408745386,./data/generated/street_images/492390408745386.jpg,./data/generated/segmentation_images/492390408745386_segformer-b2-ade512-master-v1.png,0.4716033935546875,0.09367879231770833,0.0792575412326389,0.09996541341145833,0.1968773735894097,0.05889723036024305,0.0
BEDOK MRT,BEDOK__IMG0027__M196072785694185,196072785694185,./data/generated/street_images/196072785694185.jpg,./data/generated/segmentation_images/196072785694185_segformer-b2-ade512-master-v1.png,0.13979085286458334,0.3665228949652778,0.1056060791015625,0.05859205457899305,0.23009745279947916,0.07436286078559028,0.005594889322916667
BEDOK MRT,BEDOK__IMG0028__M539935950329916,539935950329916,./data/generated/street_images/539935950329916.jpg,./data/generated/segmentation_images/539935950329916_segformer-b2-ade512-master-v1.png,0.1639929877387153,0.3589494493272569,0.1118587917751736,0.031926472981770836,0.2162814670138889,0.10159471299913195,0.005204942491319444
BEDOK MRT,BEDOK__IMG0029__M319867572896754,319867572896754,./data/generated/street_images/319867572896754.jpg,./data/generated/segmentation_images/319867572896754_segformer-b2-ade512-master-v1.png,0.17158677842881945,0.4426456027560764,0.11502414279513888,0.008938259548611112,0.19630940755208334,0.05852932400173611,0.0015784369574652778
BEDOK MRT,BEDOK__IMG0030__M357334339150165,357334339150165,./data/generated/street_images/357334339150165.jpg,./data/generated/segmentation_images/357334339150165_segformer-b2-ade512-master-v1.png,0.5223507351345485,0.12001885308159722,0.1039767795138889,0.03479512532552083,0.18467881944444442,0.0022176106770833335,0.018171522352430556
BEDOK MRT,BEDOK__IMG0031__M215922650045140,215922650045140,./data/generated/street_images/215922650045140.jpg,./data/generated/segmentation_images/215922650045140_segformer-b2-ade512-master-v1.png,0.1896209716796875,0.2249823676215278,0.2708774142795139,0.047932942708333336,0.2554355197482639,0.004906548394097223,0.0003865559895833333
BEDOK MRT,BEDOK__IMG0032__M845492879400351,845492879400351,./data/generated/street_images/845492879400351.jpg,./data/generated/segmentation_images/845492879400351_segformer-b2-ade512-master-v1.png,0.1318851047092014,0.2416839599609375,0.3439721001519097,0.014989217122395834,0.2506086561414931,0.002773708767361111,0.0003763834635416667
BEDOK MRT,BEDOK__IMG0033__M1075400802989705,1075400802989705,./data/generated/street_images/1075400802989705.jpg,./data/generated/segmentation_images/1075400802989705_segformer-b2-ade512-master-v1.png,0.5349663628472223,0.05428738064236111,0.003719753689236111,0.0002899169921875,0.3402811686197917,0.0,0.0006374782986111111
BEDOK MRT,BEDOK__IMG0034__M197226235559100,197226235559100,./data/generated/street_images/197226235559100.jpg,./data/generated/segmentation_images/197226235559100_segformer-b2-ade512-master-v1.png,0.5175001356336806,0.08749559190538195,0.005466037326388889,0.002582126193576389,0.3104061550564236,3.899468315972222e-05,0.0
BEDOK NORTH MRT,BEDOK_NORTH__IMG0001__M227590679130499,227590679130499,./data/generated/street_images/227590679130499.jpg,./data/generated/segmentation_images/227590679130499_segformer-b2-ade512-master-v1.png,0.16130744086371526,0.2595130072699653,0.1710120307074653,0.023747762044270832,0.323484632703993,0.05573018391927083,0.0006001790364583334
BEDOK NORTH MRT,BEDOK_NORTH__IMG0002__M3980226808759402,3980226808759402,./data/generated/street_images/3980226808759402.jpg,./data/generated/segmentation_images/3980226808759402_segformer-b2-ade512-master-v1.png,0.2773399353027344,0.19638697306315103,0.11201985677083333,0.20366287231445312,0.1279894510904948,0.027169545491536457,0.0
BEDOK NORTH MRT,BEDOK_NORTH__IMG0003__M273608201176668,273608201176668,./data/generated/street_images/273608201176668.jpg,./data/generated/segmentation_images/273608201176668_segformer-b2-ade512-master-v1.png,0.3843180338541667,0.03786341349283854,0.034915924072265625,0.17984771728515625,0.34538014729817706,0.005764007568359375,0.0
BEDOK NORTH MRT,BEDOK_NORTH__IMG0004__M232684731956765,232684731956765,./data/generated/street_images/232684731956765.jpg,./data/generated/segmentation_images/232684731956765_segformer-b2-ade512-master-v1.png,0.24732971191406253,0.3161023457845052,0.14508438110351562,0.00023396809895833334,0.027662913004557293,0.23581822713216147,0.0
BEDOK NORTH MRT,BEDOK_NORTH__IMG0005__M753428205345581,753428205345581,./data/generated/street_images/753428205345581.jpg,./data/generated/segmentation_images/753428205345581_segformer-b2-ade512-master-v1.png,0.6359240214029949,0.0012753804524739583,0.10356903076171875,0.0,0.013790130615234375,0.2383855183919271,0.0
BEDOK NORTH MRT,BEDOK_NORTH__IMG0006__M241797521053278,241797521053278,./data/generated/street_images/241797521053278.jpg,./data/generated/segmentation_images/241797521053278_segformer-b2-ade512-master-v1.png,0.36285909016927087,0.1613684760199653,0.24020724826388887,0.020083957248263888,0.18560960557725692,0.015107896592881944,0.00018649631076388888
BEDOK NORTH MRT,BEDOK_NORTH__IMG0007__M495841615017303,495841615017303,./data/generated/street_images/495841615017303.jpg,./data/generated/segmentation_images/495841615017303_segformer-b2-ade512-master-v1.png,0.3628709581163195,0.1613837348090278,0.24020555284288195,0.020055135091145832,0.18560791015625,0.015082465277777778,0.00020345052083333334
BEDOK NORTH MRT,BEDOK_NORTH__IMG0008__M169297598465056,169297598465056,./data/generated/street_images/169297598465056.jpg,./data/generated/segmentation_images/169297598465056_segformer-b2-ade512-master-v1.png,0.42883639865451384,0.14105394151475695,0.1991848415798611,0.0014105902777777778,0.1569366455078125,0.05566745334201389,0.0042724609375
BEDOK NORTH MRT,BEDOK_NORTH__IMG0009__M521187269020166,521187269020166,./data/generated/street_images/521187269020166.jpg,./data/generated/segmentation_images/521187269020166_segformer-b2-ade512-master-v1.png,0.3922882080078125,0.1350436740451389,0.20347086588541666,0.007605658637152778,0.16203138563368055,0.050384521484375,0.013349745008680556
BEDOK NORTH MRT,BEDOK_NORTH__IMG0010__M294370969012473,294370969012473,./data/generated/street_images/294370969012473.jpg,./data/generated/segmentation_images/294370969012473_segformer-b2-ade512-master-v1.png,0.3697831895616319,0.1183742947048611,0.24245707194010416,0.015287611219618056,0.1901635064019097,0.046513875325520836,4.4080946180555555e-05
BEDOK NORTH MRT,BEDOK_NORTH__IMG0011__M792887998267872,792887998267872,./data/generated/street_images/792887998267872.jpg,./data/generated/segmentation_images/792887998267872_segformer-b2-ade512-master-v1.png,0.3615383572048611,0.1408606635199653,0.23427327473958331,0.014063517252604166,0.22296312120225695,0.005881415473090278,0.0
BEDOK NORTH MRT,BEDOK_NORTH__IMG0012__M2615683545403428,2615683545403428,./data/generated/street_images/2615683545403428.jpg,./data/generated/segmentation_images/2615683545403428_segformer-b2-ade512-master-v1.png,0.398679945203993,0.12003411187065972,0.24046664767795137,0.010976155598958334,0.2127346462673611,0.006006876627604167,0.0003848605685763889
BEDOK NORTH MRT,BEDOK_NORTH__IMG0013__M669646767217975,669646767217975,./data/generated/street_images/669646767217975.jpg,./data/generated/segmentation_images/669646767217975_segformer-b2-ade512-master-v1.png,0.3986714680989583,0.12002733018663195,0.24044291178385419,0.010979546440972222,0.21275838216145834,0.005984836154513889,0.00037468804253472225
BEDOK RESERVOIR MRT,BEDOK_RESERVOIR__IMG0001__M749069739102373,749069739102373,./data/generated/street_images/749069739102373.jpg,./data/generated/segmentation_images/749069739102373_segformer-b2-ade512-master-v1.png,0.0414276123046875,0.16824510362413195,0.23273722330729166,0.047646416558159724,0.46025594075520837,0.03598192003038195,0.001003689236111111
BEDOK RESERVOIR MRT,BEDOK_RESERVOIR__IMG0002__M828878117982500,828878117982500,./data/generated/street_images/828878117982500.jpg,./data/generated/segmentation_images/828878117982500_segformer-b2-ade512-master-v1.png,0.04138692220052083,0.1682467990451389,0.2327694363064236,0.04774644639756945,0.4603610568576389,0.03582594129774306,0.0009511311848958334
BEDOK RESERVOIR MRT,BEDOK_RESERVOIR__IMG0003__M2837654729819602,2837654729819602,./data/generated/street_images/2837654729819602.jpg,./data/generated/segmentation_images/2837654729819602_segformer-b2-ade512-master-v1.png,0.1720428466796875,0.16853162977430555,0.24769761827256945,0.0644073486328125,0.3109046088324653,0.004392835828993056,0.004853990342881944
BEDOK RESERVOIR MRT,BEDOK_RESERVOIR__IMG0004__M316650896539399,316650896539399,./data/generated/street_images/316650896539399.jpg,./data/generated/segmentation_images/316650896539399_segformer-b2-ade512-master-v1.png,0.17200215657552081,0.1685299343532986,0.24757554796006945,0.06452433268229167,0.31099785698784727,0.004503038194444444,0.004706488715277778
BEDOK RESERVOIR MRT,BEDOK_RESERVOIR__IMG0005__M176028121104842,176028121104842,./data/generated/street_images/176028121104842.jpg,./data/generated/segmentation_images/176028121104842_segformer-b2-ade512-master-v1.png,0.34289550781250006,0.171783447265625,0.2161865234375,0.05763075086805555,0.053917778862847224,0.028603447808159724,0.0
BEDOK RESERVOIR MRT,BEDOK_RESERVOIR__IMG0006__M929265527912902,929265527912902,./data/generated/street_images/929265527912902.jpg,./data/generated/segmentation_images/929265527912902_segformer-b2-ade512-master-v1.png,0.3428921169704861,0.17178175184461805,0.21618991427951387,0.057625664605034724,0.053961859809027776,0.028615315755208332,0.0
BEDOK RESERVOIR MRT,BEDOK_RESERVOIR__IMG0007__M1158747637881702,1158747637881702,./data/generated/street_images/1158747637881702.jpg,./data/generated/segmentation_images/1158747637881702_segformer-b2-ade512-master-v1.png,0.7295494079589844,0.14172999064127603,0.002829233805338542,0.029088338216145832,0.007410685221354166,0.000431060791015625,0.0
BEDOK RESERVOIR MRT,BEDOK_RESERVOIR__IMG0008__M256102625941097,256102625941097,./data/generated/street_images/256102625941097.jpg,./data/generated/segmentation_images/256102625941097_segformer-b2-ade512-master-v1.png,0.7302932739257814,0.14141337076822916,0.002621968587239583,0.029079437255859375,0.007556915283203125,0.0004717508951822917,0.0
BEDOK RESERVOIR MRT,BEDOK_RESERVOIR__IMG0009__M213788633508268,213788633508268,./data/generated/street_images/213788633508268.jpg,./data/generated/segmentation_images/213788633508268_segformer-b2-ade512-master-v1.png,0.8025410970052084,0.02667236328125,0.011971791585286457,0.15606180826822916,0.0006993611653645834,0.005301157633463542,0.0001068115234375
BEDOK RESERVOIR MRT,BEDOK_RESERVOIR__IMG0010__M2963761130614389,2963761130614389,./data/generated/street_images/2963761130614389.jpg,./data/generated/segmentation_images/2963761130614389_segformer-b2-ade512-master-v1.png,0.8825581868489583,0.00016657511393229166,0.08204142252604167,0.0,0.011219024658203125,0.0,0.0
BISHAN MRT,BISHAN__IMG0001__M1715866662657562,1715866662657562,./data/generated/street_images/1715866662657562.jpg,./data/generated/segmentation_images/1715866662657562_segformer-b2-ade512-master-v1.png,0.0,0.0,0.10574849446614583,0.029844919840494793,0.6722526550292969,0.0,0.0
BISHAN MRT,BISHAN__IMG0002__M1957140045182527,1957140045182527,./data/generated/street_images/1957140045182527.jpg,./data/generated/segmentation_images/1957140045182527_segformer-b2-ade512-master-v1.png,0.0,0.0,0.021615346272786457,0.11992772420247395,0.6558303833007812,0.0,0.0
BOON KENG MRT,BOON_KENG__IMG0001__M2921754668143139,2921754668143139,./data/generated/street_images/2921754668143139.jpg,./data/generated/segmentation_images/2921754668143139_segformer-b2-ade512-master-v1.png,0.1584625244140625,0.05278354220920139,0.04513380262586805,0.054499308268229164,0.594757080078125,0.06720479329427083,0.025195651584201388
BOON KENG MRT,BOON_KENG__IMG0002__M507541416960309,507541416960309,./data/generated/street_images/507541416960309.jpg,./data/generated/segmentation_images/507541416960309_segformer-b2-ade512-master-v1.png,0.085662841796875,0.027830335828993056,0.078277587890625,0.083770751953125,0.6357218424479166,0.06884765625,0.014875623914930556
BOON KENG MRT,BOON_KENG__IMG0003__M4009234222523442,4009234222523442,./data/generated/street_images/4009234222523442.jpg,./data/generated/segmentation_images/4009234222523442_segformer-b2-ade512-master-v1.png,0.2611270480685764,0.008366902669270834,0.10265265570746528,0.036675347222222224,0.4916551378038194,0.09780036078559028,0.0
BOON KENG MRT,BOON_KENG__IMG0004__M4038475776236440,4038475776236440,./data/generated/street_images/4038475776236440.jpg,./data/generated/segmentation_images/4038475776236440_segformer-b2-ade512-master-v1.png,0.19941541883680555,0.015491061740451388,0.16531541612413195,0.051905314127604164,0.4032440185546875,0.16462877061631945,0.0
BOON KENG MRT,BOON_KENG__IMG0005__M468605907543855,468605907543855,./data/generated/street_images/468605907543855.jpg,./data/generated/segmentation_images/468605907543855_segformer-b2-ade512-master-v1.png,0.3348473442925347,0.1067013210720486,0.3305545383029514,0.002933078342013889,0.21901448567708334,0.006150987413194444,0.0
BOON KENG MRT,BOON_KENG__IMG0006__M853624372168966,853624372168966,./data/generated/street_images/853624372168966.jpg,./data/generated/segmentation_images/853624372168966_segformer-b2-ade512-master-v1.png,0.0,0.0,0.042716132269965276,0.07382371690538195,0.8510453965928819,0.0,0.007280137803819444
BOON KENG MRT,BOON_KENG__IMG0007__M938675586965264,938675586965264,./data/generated/street_images/938675586965264.jpg,./data/generated/segmentation_images/938675586965264_segformer-b2-ade512-master-v1.png,0.17419094509548613,0.1074371337890625,0.07731458875868055,0.1035122341579861,0.5195109049479166,0.01287841796875,0.004491170247395833
BOON KENG MRT,BOON_KENG__IMG0008__M142010641296806,142010641296806,./data/generated/street_images/142010641296806.jpg,./data/generated/segmentation_images/142010641296806_segformer-b2-ade512-master-v1.png,0.2893252902560764,0.003714667426215278,0.12869093153211805,0.019443088107638888,0.4808773464626736,0.03946092393663195,2.2040473090277777e-05
BOON KENG MRT,BOON_KENG__IMG0009__M559930691644303,559930691644303,./data/generated/street_images/559930691644303.jpg,./data/generated/segmentation_images/559930691644303_segformer-b2-ade512-master-v1.png,0.3074832492404514,0.00958251953125,0.1295844184027778,0.020146687825520832,0.5075870090060763,0.009679158528645834,0.0
BOON KENG MRT,BOON_KENG__IMG0010__M157800042974460,157800042974460,./data/generated/street_images/157800042974460.jpg,./data/generated/segmentation_images/157800042974460_segformer-b2-ade512-master-v1.png,0.107421875,0.019122653537326388,0.1902838812934028,0.039299858940972224,0.5740085177951388,0.06970893012152778,0.0
BOON KENG MRT,BOON_KENG__IMG0011__M3960489587364931,3960489587364931,./data/generated/street_images/3960489587364931.jpg,./data/generated/segmentation_images/3960489587364931_segformer-b2-ade512-master-v1.png,0.12556966145833334,0.014833238389756944,0.1764153374565972,0.006413777669270833,0.5360124376085069,0.1407555474175347,0.0
BOON KENG MRT,BOON_KENG__IMG0012__M1190576261391538,1190576261391538,./data/generated/street_images/1190576261391538.jpg,./data/generated/segmentation_images/1190576261391538_segformer-b2-ade512-master-v1.png,0.47683207194010413,0.1256374782986111,0.1577911376953125,0.044576009114583336,0.10463968912760417,0.003343370225694444,0.0
BOON KENG MRT,BOON_KENG__IMG0013__M965010081000782,965010081000782,./data/generated/street_images/965010081000782.jpg,./data/generated/segmentation_images/965010081000782_segformer-b2-ade512-master-v1.png,0.4711981879340278,0.1022152370876736,0.2256656222873264,0.03251987033420139,0.15363057454427081,0.008375379774305556,0.0
BOON KENG MRT,BOON_KENG__IMG0014__M375267513864141,375267513864141,./data/generated/street_images/375267513864141.jpg,./data/generated/segmentation_images/375267513864141_segformer-b2-ade512-master-v1.png,0.8533342149522569,0.026350233289930556,0.018120659722222224,0.0,0.0,0.00017293294270833334,0.0017445882161458333
BOON KENG MRT,BOON_KENG__IMG0015__M835820867040382,835820867040382,./data/generated/street_images/835820867040382.jpg,./data/generated/segmentation_images/835820867040382_segformer-b2-ade512-master-v1.png,0.5266435411241319,0.21093580457899305,0.13606770833333334,0.004782782660590278,0.09200880262586805,0.021038479275173612,0.0
BOON KENG MRT,BOON_KENG__IMG0016__M1510162202487486,1510162202487486,./data/generated/street_images/1510162202487486.jpg,./data/generated/segmentation_images/1510162202487486_segformer-b2-ade512-master-v1.png,0.2460962931315104,0.47211456298828125,0.13260523478190103,0.00482940673828125,0.06348292032877605,0.07368087768554688,0.0
BOON KENG MRT,BOON_KENG__IMG0017__M808289773402781,808289773402781,./data/generated/street_images/808289773402781.jpg,./data/generated/segmentation_images/808289773402781_segformer-b2-ade512-master-v1.png,0.2358309427897135,0.49407196044921875,0.124664306640625,8.265177408854167e-05,0.0675048828125,0.0767962137858073,0.0
BOON KENG MRT,BOON_KENG__IMG0018__M529631761408792,529631761408792,./data/generated/street_images/529631761408792.jpg,./data/generated/segmentation_images/529631761408792_segformer-b2-ade512-master-v1.png,0.5254533555772569,0.016496446397569444,0.2653893364800347,0.048272026909722224,0.07462395562065972,0.06218126085069445,0.0010613335503472222
BOON KENG MRT,BOON_KENG__IMG0019__M820822725539720,820822725539720,./data/generated/street_images/820822725539720.jpg,./data/generated/segmentation_images/820822725539720_segformer-b2-ade512-master-v1.png,0.5471360948350694,0.004396226671006944,0.20813157823350695,0.0493621826171875,0.0791897243923611,0.11107889811197917,0.0
BOON KENG MRT,BOON_KENG__IMG0020__M777111659607440,777111659607440,./data/generated/street_images/777111659607440.jpg,./data/generated/segmentation_images/777111659607440_segformer-b2-ade512-master-v1.png,0.2439303927951389,0.1066402859157986,0.111785888671875,0.09365336100260417,0.3741438123914931,0.03389146592881945,0.0
BOON KENG MRT,BOON_KENG__IMG0021__M789980451904203,789980451904203,./data/generated/street_images/789980451904203.jpg,./data/generated/segmentation_images/789980451904203_segformer-b2-ade512-master-v1.png,0.362486097547743,0.06774054633246528,0.025316026475694444,0.1165347629123264,0.3454182942708333,0.00016615125868055556,0.025368584526909724
BOON KENG MRT,BOON_KENG__IMG0022__M174294004605722,174294004605722,./data/generated/street_images/174294004605722.jpg,./data/generated/segmentation_images/174294004605722_segformer-b2-ade512-master-v1.png,0.18751186794704863,0.2186347113715278,0.054736667209201395,0.1792755126953125,0.2566121419270833,0.0,0.00042046440972222225
BOON KENG MRT,BOON_KENG__IMG0023__M184314270145521,184314270145521,./data/generated/street_images/184314270145521.jpg,./data/generated/segmentation_images/184314270145521_segformer-b2-ade512-master-v1.png,0.3966810438368055,0.0521087646484375,0.20571729871961805,0.0737728542751736,0.0954318576388889,0.0628085666232639,0.001712375217013889
BOON KENG MRT,BOON_KENG__IMG0024__M221821852810323,221821852810323,./data/generated/street_images/221821852810323.jpg,./data/generated/segmentation_images/221821852810323_segformer-b2-ade512-master-v1.png,0.4143405490451389,0.058037651909722224,0.2628292507595486,0.002480400933159722,0.08070882161458333,0.0756954616970486,0.0005984836154513889
BOON KENG MRT,BOON_KENG__IMG0025__M524433842249304,524433842249304,./data/generated/street_images/524433842249304.jpg,./data/generated/segmentation_images/524433842249304_segformer-b2-ade512-master-v1.png,0.2484825981987847,0.2204165988498264,0.05998569064670139,0.035257975260416664,0.3527899848090278,0.07352532280815972,0.0
BOON KENG MRT,BOON_KENG__IMG0026__M920821888475524,920821888475524,./data/generated/street_images/920821888475524.jpg,./data/generated/segmentation_images/920821888475524_segformer-b2-ade512-master-v1.png,0.23969014485677084,0.19607374403211805,0.03599209255642361,0.12112257215711805,0.3892093234592014,0.017742580837673612,0.0
BOON LAY MRT,BOON_LAY__IMG0001__M266677648533094,266677648533094,./data/generated/street_images/266677648533094.jpg,./data/generated/segmentation_images/266677648533094_segformer-b2-ade512-master-v1.png,0.280580308702257,0.3814273410373264,0.03688388400607639,0.023817274305555556,0.08347066243489583,0.17182413736979166,0.0
BOON LAY MRT,BOON_LAY__IMG0002__M209667910742512,209667910742512,./data/generated/street_images/209667910742512.jpg,./data/generated/segmentation_images/209667910742512_segformer-b2-ade512-master-v1.png,0.566006130642361,0.0903659396701389,8.307562934027778e-05,0.017901950412326388,0.2574852837456597,1.52587890625e-05,0.001476711697048611
BOON LAY MRT,BOON_LAY__IMG0003__M923379235062268,923379235062268,./data/generated/street_images/923379235062268.jpg,./data/generated/segmentation_images/923379235062268_segformer-b2-ade512-master-v1.png,0.6284010145399306,0.026568942599826388,0.012273152669270834,0.029261271158854164,0.2679256863064236,0.0,0.0
BOTANIC GARDENS MRT,BOTANIC_GARDENS__IMG0001__M825999276234398,825999276234398,./data/generated/street_images/825999276234398.jpg,./data/generated/segmentation_images/825999276234398_segformer-b2-ade512-master-v1.png,0.1993738810221354,0.1650212605794271,0.0015462239583333333,0.39306259155273443,0.1980870564778646,0.0,0.007399241129557292
BOTANIC GARDENS MRT,BOTANIC_GARDENS__IMG0002__M950881569767531,950881569767531,./data/generated/street_images/950881569767531.jpg,./data/generated/segmentation_images/950881569767531_segformer-b2-ade512-master-v1.png,0.2214635213216146,0.14129638671875,0.00013097127278645834,0.42768859863281256,0.18993886311848956,0.0,0.005555470784505208
BOTANIC GARDENS MRT,BOTANIC_GARDENS__IMG0003__M474698007441668,474698007441668,./data/generated/street_images/474698007441668.jpg,./data/generated/segmentation_images/474698007441668_segformer-b2-ade512-master-v1.png,0.2989997863769531,0.017803192138671875,0.15874862670898438,0.21000035603841147,0.1349817911783854,0.0,0.0
BOTANIC GARDENS MRT,BOTANIC_GARDENS__IMG0004__M475035577335717,475035577335717,./data/generated/street_images/475035577335717.jpg,./data/generated/segmentation_images/475035577335717_segformer-b2-ade512-master-v1.png,0.24101511637369794,0.039867401123046875,0.003421783447265625,0.41931406656901044,0.20071919759114584,0.0,0.0
BOTANIC GARDENS MRT,BOTANIC_GARDENS__IMG0005__M1625414884474851,1625414884474851,./data/generated/street_images/1625414884474851.jpg,./data/generated/segmentation_images/1625414884474851_segformer-b2-ade512-master-v1.png,0.12954076131184894,0.19295247395833334,0.2693748474121094,0.15435409545898438,0.18014399210611978,0.0397796630859375,0.020933787027994793
BOTANIC GARDENS MRT,BOTANIC_GARDENS__IMG0006__M175236361136841,175236361136841,./data/generated/street_images/175236361136841.jpg,./data/generated/segmentation_images/175236361136841_segformer-b2-ade512-master-v1.png,0.1220868428548177,0.5273793538411459,0.14490127563476562,0.0,0.08274332682291667,0.10723114013671875,0.0
BOTANIC GARDENS MRT,BOTANIC_GARDENS__IMG0007__M209624867466452,209624867466452,./data/generated/street_images/209624867466452.jpg,./data/generated/segmentation_images/209624867466452_segformer-b2-ade512-master-v1.png,0.2854156494140625,0.12396748860677083,0.4504360622829861,0.009223090277777778,0.10878329806857638,0.012322319878472222,0.0016377766927083333
BOTANIC GARDENS MRT,BOTANIC_GARDENS__IMG0008__M2970880623123799,2970880623123799,./data/generated/street_images/2970880623123799.jpg,./data/generated/segmentation_images/2970880623123799_segformer-b2-ade512-master-v1.png,0.285491943359375,0.31519826253255206,0.2854957580566406,0.0021082560221354165,0.08548482259114583,0.01528167724609375,0.0031496683756510415
BOTANIC GARDENS MRT,BOTANIC_GARDENS__IMG0009__M337978528194351,337978528194351,./data/generated/street_images/337978528194351.jpg,./data/generated/segmentation_images/337978528194351_segformer-b2-ade512-master-v1.png,0.04588572184244792,0.12084070841471355,0.0005289713541666666,0.3189798990885417,0.36193084716796875,0.006595611572265625,0.058300018310546875
BOTANIC GARDENS MRT,BOTANIC_GARDENS__IMG0010__M508502900522263,508502900522263,./data/generated/street_images/508502900522263.jpg,./data/generated/segmentation_images/508502900522263_segformer-b2-ade512-master-v1.png,0.20746485392252606,0.42633819580078125,0.16161600748697916,7.502237955729167e-05,0.0718981424967448,0.11760203043619792,0.0
BOTANIC GARDENS MRT,BOTANIC_GARDENS__IMG0011__M813219836066352,813219836066352,./data/generated/street_images/813219836066352.jpg,./data/generated/segmentation_images/813219836066352_segformer-b2-ade512-master-v1.png,0.2559594048394097,0.12412007649739583,0.4642062717013889,0.015401204427083334,0.1273125542534722,0.006700303819444445,0.0016259087456597222
BRADDELL MRT,BRADDELL__IMG0001__M184511836856949,184511836856949,./data/generated/street_images/184511836856949.jpg,./data/generated/segmentation_images/184511836856949_segformer-b2-ade512-master-v1.png,0.05543348524305556,0.037039862738715276,0.0006798638237847222,0.13517252604166669,0.7528330485026042,0.0003255208333333333,0.0
BRADDELL MRT,BRADDELL__IMG0002__M5444493228925722,5444493228925722,./data/generated/street_images/5444493228925722.jpg,./data/generated/segmentation_images/5444493228925722_segformer-b2-ade512-master-v1.png,0.03653971354166667,0.3830295138888889,0.1414371066623264,0.03648546006944445,0.3262091742621528,0.005430433485243056,0.0
BRADDELL MRT,BRADDELL__IMG0003__M282019186926403,282019186926403,./data/generated/street_images/282019186926403.jpg,./data/generated/segmentation_images/282019186926403_segformer-b2-ade512-master-v1.png,0.263702392578125,0.007534450954861111,0.24783494737413192,0.0920071072048611,0.3631913926866319,0.0,0.0030839708116319445
BRADDELL MRT,BRADDELL__IMG0004__M2879638842366288,2879638842366288,./data/generated/street_images/2879638842366288.jpg,./data/generated/segmentation_images/2879638842366288_segformer-b2-ade512-master-v1.png,0.26151699490017366,0.2688022189670139,0.1150546603732639,0.0904812282986111,0.2382236056857639,0.003968980577256944,0.0
BRADDELL MRT,BRADDELL__IMG0005__M1584354928433074,1584354928433074,./data/generated/street_images/1584354928433074.jpg,./data/generated/segmentation_images/1584354928433074_segformer-b2-ade512-master-v1.png,0.1969417995876736,0.2997300889756944,0.1344790988498264,0.004077487521701389,0.2289666069878472,0.13532850477430555,0.0
BRADDELL MRT,BRADDELL__IMG0006__M753146895348683,753146895348683,./data/generated/street_images/753146895348683.jpg,./data/generated/segmentation_images/753146895348683_segformer-b2-ade512-master-v1.png,0.24910990397135416,0.2801971435546875,0.16248914930555555,0.03184170193142361,0.20604112413194445,0.0626712375217014,0.0
BRADDELL MRT,BRADDELL__IMG0007__M828938058032812,828938058032812,./data/generated/street_images/828938058032812.jpg,./data/generated/segmentation_images/828938058032812_segformer-b2-ade512-master-v1.png,0.2453342013888889,0.2536909315321181,0.18558586968315974,0.017128838433159724,0.248687744140625,0.0025482177734375,0.0
BRADDELL MRT,BRADDELL__IMG0008__M857179121677832,857179121677832,./data/generated/street_images/857179121677832.jpg,./data/generated/segmentation_images/857179121677832_segformer-b2-ade512-master-v1.png,0.28716023763020837,0.2696516248914931,0.13694593641493055,0.06930033365885417,0.19014146592881945,0.0016699896918402778,0.0
BRADDELL MRT,BRADDELL__IMG0009__M2892718147712717,2892718147712717,./data/generated/street_images/2892718147712717.jpg,./data/generated/segmentation_images/2892718147712717_segformer-b2-ade512-master-v1.png,0.2163509792751736,0.1364983452690972,0.29719204372829866,0.016062418619791668,0.21632724338107637,0.08281622992621529,0.0
BRADDELL MRT,BRADDELL__IMG0010__M539039227505179,539039227505179,./data/generated/street_images/539039227505179.jpg,./data/generated/segmentation_images/539039227505179_segformer-b2-ade512-master-v1.png,0.23119099934895834,0.13834126790364584,0.2803259955512153,0.0355072021484375,0.1820526123046875,0.09534200032552083,0.0
BRADDELL MRT,BRADDELL__IMG0011__M297107251964849,297107251964849,./data/generated/street_images/297107251964849.jpg,./data/generated/segmentation_images/297107251964849_segformer-b2-ade512-master-v1.png,0.15165879991319445,0.3966115315755208,0.06412590874565972,0.06305101182725695,0.2483367919921875,0.07678392198350695,0.0
BRADDELL MRT,BRADDELL__IMG0012__M852000462190387,852000462190387,./data/generated/street_images/852000462190387.jpg,./data/generated/segmentation_images/852000462190387_segformer-b2-ade512-master-v1.png,0.1697845458984375,0.3921457926432292,0.10568915473090278,0.021218193901909724,0.2525007459852431,0.05820888943142361,0.0
BRIGHT HILL MRT,BRIGHT_HILL__IMG0001__M314685956916347,314685956916347,./data/generated/street_images/314685956916347.jpg,./data/generated/segmentation_images/314685956916347_segformer-b2-ade512-master-v1.png,0.030665079752604168,0.4395955403645833,0.07270982530381945,0.05128818088107639,0.3310224745008681,0.036402384440104164,0.0
BRIGHT HILL MRT,BRIGHT_HILL__IMG0002__M600727210885353,600727210885353,./data/generated/street_images/600727210885353.jpg,./data/generated/segmentation_images/600727210885353_segformer-b2-ade512-master-v1.png,0.009799533420138888,0.24176194932725695,0.224853515625,0.0003153483072916667,0.28062947591145837,0.07146199544270833,0.06848822699652778
BRIGHT HILL MRT,BRIGHT_HILL__IMG0003__M289673702837533,289673702837533,./data/generated/street_images/289673702837533.jpg,./data/generated/segmentation_images/289673702837533_segformer-b2-ade512-master-v1.png,0.2052222357855903,0.2536570231119792,0.3120235866970486,0.012854682074652778,0.16265190972222224,0.0,0.0
BRIGHT HILL MRT,BRIGHT_HILL__IMG0004__M766295710917456,766295710917456,./data/generated/street_images/766295710917456.jpg,./data/generated/segmentation_images/766295710917456_segformer-b2-ade512-master-v1.png,0.2897694905598958,0.2973802354600694,0.005888197157118056,0.0546417236328125,0.2369232177734375,0.05096096462673611,0.0
BRIGHT HILL MRT,BRIGHT_HILL__IMG0005__M297078068588647,297078068588647,./data/generated/street_images/297078068588647.jpg,./data/generated/segmentation_images/297078068588647_segformer-b2-ade512-master-v1.png,0.4487830268012153,0.1336330837673611,0.08230082194010417,0.030663384331597224,0.19652811686197919,0.07661607530381945,0.0
BRIGHT HILL MRT,BRIGHT_HILL__IMG0006__M811855293089608,811855293089608,./data/generated/street_images/811855293089608.jpg,./data/generated/segmentation_images/811855293089608_segformer-b2-ade512-master-v1.png,0.45036994086371523,0.1345486111111111,0.08198716905381945,0.030119154188368056,0.1933627658420139,0.07541402180989583,0.0
BRIGHT HILL MRT,BRIGHT_HILL__IMG0007__M2782008022048516,2782008022048516,./data/generated/street_images/2782008022048516.jpg,./data/generated/segmentation_images/2782008022048516_segformer-b2-ade512-master-v1.png,0.5271182590060763,0.1106109619140625,0.053002251519097224,0.11652967664930555,0.1617652045355903,0.02762179904513889,0.0
BRIGHT HILL MRT,BRIGHT_HILL__IMG0008__M768911913992594,768911913992594,./data/generated/street_images/768911913992594.jpg,./data/generated/segmentation_images/768911913992594_segformer-b2-ade512-master-v1.png,0.5400153266059028,0.09429423014322917,0.09896002875434028,0.055823432074652776,0.13113911946614584,0.07976786295572917,0.0
BRIGHT HILL MRT,BRIGHT_HILL__IMG0009__M170266108338342,170266108338342,./data/generated/street_images/170266108338342.jpg,./data/generated/segmentation_images/170266108338342_segformer-b2-ade512-master-v1.png,0.469511244032118,0.2339511447482639,0.1460605197482639,0.0019005669487847222,0.09303453233506945,0.05418565538194445,0.0
BRIGHT HILL MRT,BRIGHT_HILL__IMG0010__M1222928864889095,1222928864889095,./data/generated/street_images/1222928864889095.jpg,./data/generated/segmentation_images/1222928864889095_segformer-b2-ade512-master-v1.png,0.5803799099392362,0.037607828776041664,0.323091295030382,0.021887885199652776,0.002051459418402778,0.0,0.0
BRIGHT HILL MRT,BRIGHT_HILL__IMG0011__M307929510903775,307929510903775,./data/generated/street_images/307929510903775.jpg,./data/generated/segmentation_images/307929510903775_segformer-b2-ade512-master-v1.png,0.5828416612413194,0.05039638943142361,0.3228759765625,0.023072984483506944,0.0,0.0,0.002037896050347222
BRIGHT HILL MRT,BRIGHT_HILL__IMG0012__M575010080142016,575010080142016,./data/generated/street_images/575010080142016.jpg,./data/generated/segmentation_images/575010080142016_segformer-b2-ade512-master-v1.png,0.4107377794053819,0.0,0.0013749864366319445,0.5044674343532985,0.00031195746527777775,0.0,0.0
BRIGHT HILL MRT,BRIGHT_HILL__IMG0013__M798873037692176,798873037692176,./data/generated/street_images/798873037692176.jpg,./data/generated/segmentation_images/798873037692176_segformer-b2-ade512-master-v1.png,0.6186862521701388,0.0003458658854166667,8.646647135416667e-05,0.20682610405815974,0.12015279134114583,0.0,0.008614434136284722
BRIGHT HILL MRT,BRIGHT_HILL__IMG0014__M266385941891745,266385941891745,./data/generated/street_images/266385941891745.jpg,./data/generated/segmentation_images/266385941891745_segformer-b2-ade512-master-v1.png,0.6447821723090278,0.0,0.11789788140190972,0.20634290907118055,0.030804104275173612,0.0,0.0
BRIGHT HILL MRT,BRIGHT_HILL__IMG0015__M807195576886222,807195576886222,./data/generated/street_images/807195576886222.jpg,./data/generated/segmentation_images/807195576886222_segformer-b2-ade512-master-v1.png,0.8543701171875,0.0963253445095486,0.011688232421875,0.049290974934895836,0.0,0.0,0.0
BUANGKOK MRT,BUANGKOK__IMG0001__M321150739522142,321150739522142,./data/generated/street_images/321150739522142.jpg,./data/generated/segmentation_images/321150739522142_segformer-b2-ade512-master-v1.png,0.047299702962239586,0.012147267659505209,0.0010172526041666667,0.276458740234375,0.45744578043619794,0.0017153422037760417,0.016016642252604168
BUANGKOK MRT,BUANGKOK__IMG0002__M468048547591148,468048547591148,./data/generated/street_images/468048547591148.jpg,./data/generated/segmentation_images/468048547591148_segformer-b2-ade512-master-v1.png,0.073211669921875,0.03763580322265625,0.00086212158203125,0.3224627176920573,0.46409734090169275,0.009352366129557293,0.015505472819010416
BUANGKOK MRT,BUANGKOK__IMG0003__M474649133815373,474649133815373,./data/generated/street_images/474649133815373.jpg,./data/generated/segmentation_images/474649133815373_segformer-b2-ade512-master-v1.png,0.4359652201334635,0.2752545674641927,0.06491470336914062,0.1349652608235677,0.0743700663248698,0.0037701924641927085,0.00299072265625
BUANGKOK MRT,BUANGKOK__IMG0004__M515637062940963,515637062940963,./data/generated/street_images/515637062940963.jpg,./data/generated/segmentation_images/515637062940963_segformer-b2-ade512-master-v1.png,0.4608662923177083,0.1424433390299479,0.027951558430989582,0.1267522176106771,0.1998265584309896,0.009465535481770832,0.006308237711588542
BUANGKOK MRT,BUANGKOK__IMG0005__M153489003392037,153489003392037,./data/generated/street_images/153489003392037.jpg,./data/generated/segmentation_images/153489003392037_segformer-b2-ade512-master-v1.png,0.15492121378580728,0.22254308064778647,0.3245557149251302,0.0290985107421875,0.22541427612304688,0.02448272705078125,0.0003674825032552083
BUANGKOK MRT,BUANGKOK__IMG0006__M907804050052464,907804050052464,./data/generated/street_images/907804050052464.jpg,./data/generated/segmentation_images/907804050052464_segformer-b2-ade512-master-v1.png,0.09943517049153647,0.13365809122721353,0.30275090535481775,0.015716552734375,0.2371368408203125,0.049144744873046875,0.16111246744791666
BUANGKOK MRT,BUANGKOK__IMG0007__M253725729775649,253725729775649,./data/generated/street_images/253725729775649.jpg,./data/generated/segmentation_images/253725729775649_segformer-b2-ade512-master-v1.png,0.44355646769205725,0.09413909912109375,0.13190333048502603,0.03032048543294271,0.25827662150065106,0.01056671142578125,0.018260955810546875
BUGIS MRT,BUGIS__IMG0001__M1189486088157488,1189486088157488,./data/generated/street_images/1189486088157488.jpg,./data/generated/segmentation_images/1189486088157488_segformer-b2-ade512-master-v1.png,0.1617160373263889,0.12326727973090278,0.1924048529730903,0.042236328125,0.3866424560546875,0.0811581081814236,0.0
BUGIS MRT,BUGIS__IMG0002__M2935723110023245,2935723110023245,./data/generated/street_images/2935723110023245.jpg,./data/generated/segmentation_images/2935723110023245_segformer-b2-ade512-master-v1.png,0.15626695421006945,0.10498894585503472,0.12884182400173613,0.06233045789930555,0.381591796875,0.08292134602864583,0.0004238552517361111
BUGIS MRT,BUGIS__IMG0003__M3010398509280316,3010398509280316,./data/generated/street_images/3010398509280316.jpg,./data/generated/segmentation_images/3010398509280316_segformer-b2-ade512-master-v1.png,0.16705322265624997,0.05153656005859375,0.3165931701660156,0.0007832845052083334,0.44429906209309894,0.0031369527180989585,0.0
BUGIS MRT,BUGIS__IMG0004__M4062658080438908,4062658080438908,./data/generated/street_images/4062658080438908.jpg,./data/generated/segmentation_images/4062658080438908_segformer-b2-ade512-master-v1.png,0.2370745340983073,0.29241053263346356,0.2001775105794271,0.005846659342447917,0.17669169108072916,0.08716074625651042,0.0
BUGIS MRT,BUGIS__IMG0005__M2654822264809434,2654822264809434,./data/generated/street_images/2654822264809434.jpg,./data/generated/segmentation_images/2654822264809434_segformer-b2-ade512-master-v1.png,0.2412228054470486,0.13357035319010416,0.22754075792100695,0.006991916232638889,0.3465864393446181,0.028605143229166664,0.00016276041666666666
BUGIS MRT,BUGIS__IMG0006__M473219777068866,473219777068866,./data/generated/street_images/473219777068866.jpg,./data/generated/segmentation_images/473219777068866_segformer-b2-ade512-master-v1.png,0.2820926242404514,0.12875874837239584,0.2537044949001736,0.015409681532118056,0.2791849772135417,0.03486972384982639,0.0
BUGIS MRT,BUGIS__IMG0007__M509158827072912,509158827072912,./data/generated/street_images/509158827072912.jpg,./data/generated/segmentation_images/509158827072912_segformer-b2-ade512-master-v1.png,0.2190789116753472,0.062189737955729164,0.049172295464409724,0.004904852973090278,0.5941263834635416,0.03759426540798611,0.008187188042534722
BUGIS MRT,BUGIS__IMG0008__M943158249834320,943158249834320,./data/generated/street_images/943158249834320.jpg,./data/generated/segmentation_images/943158249834320_segformer-b2-ade512-master-v1.png,0.1645575629340278,0.06418355305989583,0.1590610080295139,0.029629177517361112,0.4627092149522569,0.11190117730034722,0.0
BUGIS MRT,BUGIS__IMG0009__M1100736773765223,1100736773765223,./data/generated/street_images/1100736773765223.jpg,./data/generated/segmentation_images/1100736773765223_segformer-b2-ade512-master-v1.png,0.1940472920735677,0.09989547729492188,0.13280232747395834,0.00762176513671875,0.49295806884765625,0.06238555908203125,0.0
BUGIS MRT,BUGIS__IMG0010__M297678818569818,297678818569818,./data/generated/street_images/297678818569818.jpg,./data/generated/segmentation_images/297678818569818_segformer-b2-ade512-master-v1.png,0.3733673095703125,0.015145195855034722,0.1290317111545139,0.0112152099609375,0.4430101182725694,0.018671671549479168,0.0
BUGIS MRT,BUGIS__IMG0011__M2003429447243126,2003429447243126,./data/generated/street_images/2003429447243126.jpg,./data/generated/segmentation_images/2003429447243126_segformer-b2-ade512-master-v1.png,0.015336354573567707,0.13969039916992188,0.005036671956380209,0.380340576171875,0.4572474161783854,0.0,0.0
BUGIS MRT,BUGIS__IMG0012__M509665833776722,509665833776722,./data/generated/street_images/509665833776722.jpg,./data/generated/segmentation_images/509665833776722_segformer-b2-ade512-master-v1.png,0.5597042507595487,0.044036865234375,0.19774881998697916,0.0314483642578125,0.12556966145833334,0.04071044921875,1.6954210069444444e-06
BUGIS MRT,BUGIS__IMG0013__M165003718796753,165003718796753,./data/generated/street_images/165003718796753.jpg,./data/generated/segmentation_images/165003718796753_segformer-b2-ade512-master-v1.png,0.14833577473958331,0.0286102294921875,0.3413831922743055,0.013117472330729166,0.4672393798828125,0.000701904296875,0.0
BUGIS MRT,BUGIS__IMG0014__M382921326216256,382921326216256,./data/generated/street_images/382921326216256.jpg,./data/generated/segmentation_images/382921326216256_segformer-b2-ade512-master-v1.png,0.2247441609700521,1.9073486328125e-05,0.029719034830729168,0.09373219807942708,0.5885213216145833,0.0,0.0
BUGIS MRT,BUGIS__IMG0015__M3004437246441944,3004437246441944,./data/generated/street_images/3004437246441944.jpg,./data/generated/segmentation_images/3004437246441944_segformer-b2-ade512-master-v1.png,0.23270670572916669,0.009184095594618056,0.284637451171875,0.0153350830078125,0.4568464491102431,0.00010172526041666667,0.0
BUKIT BATOK MRT,BUKIT_BATOK__IMG0001__M306870357645564,306870357645564,./data/generated/street_images/306870357645564.jpg,./data/generated/segmentation_images/306870357645564_segformer-b2-ade512-master-v1.png,0.4714406331380208,0.10296630859375,0.04234568277994792,0.12476476033528647,0.1299158732096354,0.05785497029622396,0.0011126200358072917
BUKIT BATOK MRT,BUKIT_BATOK__IMG0002__M509089043571521,509089043571521,./data/generated/street_images/509089043571521.jpg,./data/generated/segmentation_images/509089043571521_segformer-b2-ade512-master-v1.png,0.38408915201822913,0.07953770955403645,0.06746546427408853,0.25044886271158856,0.16338221232096353,0.03484090169270833,0.008710225423177084
BUKIT BATOK MRT,BUKIT_BATOK__IMG0003__M1527118624293192,1527118624293192,./data/generated/street_images/1527118624293192.jpg,./data/generated/segmentation_images/1527118624293192_segformer-b2-ade512-master-v1.png,0.3861910502115885,0.05306116739908854,0.15041732788085938,0.13408279418945312,0.25832875569661456,0.001338958740234375,0.0011393229166666667
BUKIT BATOK MRT,BUKIT_BATOK__IMG0004__M288332609682271,288332609682271,./data/generated/street_images/288332609682271.jpg,./data/generated/segmentation_images/288332609682271_segformer-b2-ade512-master-v1.png,0.4482218424479167,0.04922612508138021,0.05974451700846354,0.12402725219726562,0.2987263997395833,0.0010821024576822915,0.0014979044596354167
BUKIT BATOK MRT,BUKIT_BATOK__IMG0005__M463700368036738,463700368036738,./data/generated/street_images/463700368036738.jpg,./data/generated/segmentation_images/463700368036738_segformer-b2-ade512-master-v1.png,0.41071234809027773,0.019178602430555556,0.2265811496310764,0.006512112087673611,0.3286251491970486,0.0033721923828125,0.0
BUKIT BATOK MRT,BUKIT_BATOK__IMG0006__M477988803429601,477988803429601,./data/generated/street_images/477988803429601.jpg,./data/generated/segmentation_images/477988803429601_segformer-b2-ade512-master-v1.png,0.29102410210503477,0.11395433213975695,0.2993910047743056,0.03426954481336805,0.20113966200086805,0.028464423285590276,0.0
BUKIT BATOK MRT,BUKIT_BATOK__IMG0007__M2939051199754449,2939051199754449,./data/generated/street_images/2939051199754449.jpg,./data/generated/segmentation_images/2939051199754449_segformer-b2-ade512-master-v1.png,0.714581807454427,0.022127787272135418,0.020261128743489582,0.16778945922851562,0.06723912556966145,0.005696614583333333,5.5948893229166664e-05
BUKIT BATOK MRT,BUKIT_BATOK__IMG0008__M462672254819554,462672254819554,./data/generated/street_images/462672254819554.jpg,./data/generated/segmentation_images/462672254819554_segformer-b2-ade512-master-v1.png,0.4161173502604167,0.011227077907986112,0.19498697916666666,0.013838026258680556,0.3581475151909722,0.0018293592664930555,0.0037180582682291665
BUKIT BATOK MRT,BUKIT_BATOK__IMG0009__M518186862535032,518186862535032,./data/generated/street_images/518186862535032.jpg,./data/generated/segmentation_images/518186862535032_segformer-b2-ade512-master-v1.png,0.4731123182508681,0.16013081868489584,0.1951361762152778,0.032416449652777776,0.024442884657118052,0.08055962456597222,0.001678466796875
BUKIT BATOK MRT,BUKIT_BATOK__IMG0010__M817571569177536,817571569177536,./data/generated/street_images/817571569177536.jpg,./data/generated/segmentation_images/817571569177536_segformer-b2-ade512-master-v1.png,0.4622226291232639,0.07364908854166667,0.17754448784722224,0.048670450846354164,5.764431423611111e-05,0.2051815456814236,0.0
BUKIT BATOK MRT,BUKIT_BATOK__IMG0011__M156112536473412,156112536473412,./data/generated/street_images/156112536473412.jpg,./data/generated/segmentation_images/156112536473412_segformer-b2-ade512-master-v1.png,0.5230933295355903,0.11491563585069445,0.2744123670789931,0.013036092122395834,0.07447136773003472,0.0,0.0
BUKIT BATOK MRT,BUKIT_BATOK__IMG0012__M513246666374057,513246666374057,./data/generated/street_images/513246666374057.jpg,./data/generated/segmentation_images/513246666374057_segformer-b2-ade512-master-v1.png,0.3715091281467014,0.2788102891710069,0.2152523464626736,0.007756551106770833,0.07796732584635416,0.047576904296875,0.0
BUKIT BATOK MRT,BUKIT_BATOK__IMG0013__M220202069870897,220202069870897,./data/generated/street_images/220202069870897.jpg,./data/generated/segmentation_images/220202069870897_segformer-b2-ade512-master-v1.png,0.7953067355685763,0.021325005425347224,0.1570281982421875,0.002682156032986111,0.001553005642361111,0.0,0.0
BUKIT BATOK MRT,BUKIT_BATOK__IMG0014__M566714934306241,566714934306241,./data/generated/street_images/566714934306241.jpg,./data/generated/segmentation_images/566714934306241_segformer-b2-ade512-master-v1.png,0.6063520643446181,0.17857530381944445,0.1689453125,0.0,0.006406995985243056,0.03972032335069445,0.0
BUKIT BATOK MRT,BUKIT_BATOK__IMG0015__M209890237406260,209890237406260,./data/generated/street_images/209890237406260.jpg,./data/generated/segmentation_images/209890237406260_segformer-b2-ade512-master-v1.png,0.5932362874348959,0.19713846842447916,0.10955641004774305,0.0,0.0,0.10006883409288195,0.0
BUKIT BATOK MRT,BUKIT_BATOK__IMG0016__M338430367617629,338430367617629,./data/generated/street_images/338430367617629.jpg,./data/generated/segmentation_images/338430367617629_segformer-b2-ade512-master-v1.png,0.8369734022352431,0.040427313910590276,0.06170484754774305,0.009633382161458332,0.04547458224826389,0.0,0.0
BUKIT BATOK MRT,BUKIT_BATOK__IMG0017__M788224235389534,788224235389534,./data/generated/street_images/788224235389534.jpg,./data/generated/segmentation_images/788224235389534_segformer-b2-ade512-master-v1.png,0.5803409152560765,0.22109815809461805,0.10140482584635417,0.0,0.00015936957465277778,0.0969967312282986,0.0
BUKIT BATOK MRT,BUKIT_BATOK__IMG0018__M930895974138137,930895974138137,./data/generated/street_images/930895974138137.jpg,./data/generated/segmentation_images/930895974138137_segformer-b2-ade512-master-v1.png,0.7393086751302083,0.032736884223090276,0.21685621473524305,0.009312947591145832,0.0017852783203125,0.0,0.0
BUKIT BATOK MRT,BUKIT_BATOK__IMG0019__M1181728338920490,1181728338920490,./data/generated/street_images/1181728338920490.jpg,./data/generated/segmentation_images/1181728338920490_segformer-b2-ade512-master-v1.png,0.5779961480034722,0.20140245225694445,0.1686621771918403,0.0009087456597222222,0.0,0.040659586588541664,0.0082855224609375
BUKIT BATOK MRT,BUKIT_BATOK__IMG0020__M487393789174091,487393789174091,./data/generated/street_images/487393789174091.jpg,./data/generated/segmentation_images/487393789174091_segformer-b2-ade512-master-v1.png,0.7316538492838541,0.009774102105034722,0.2319488525390625,0.004762437608506944,0.0024990505642361114,0.019361707899305556,0.0
BUKIT BATOK MRT,BUKIT_BATOK__IMG0021__M179208107444248,179208107444248,./data/generated/street_images/179208107444248.jpg,./data/generated/segmentation_images/179208107444248_segformer-b2-ade512-master-v1.png,0.7033220926920573,0.0013402303059895833,0.036106109619140625,0.24386469523111978,0.0,0.00013478597005208334,0.0
BUKIT BATOK MRT,BUKIT_BATOK__IMG0022__M504590184006342,504590184006342,./data/generated/street_images/504590184006342.jpg,./data/generated/segmentation_images/504590184006342_segformer-b2-ade512-master-v1.png,0.48150380452473956,1.0172526041666666e-05,0.0171356201171875,0.20599110921223956,0.14252853393554688,0.0,0.0
BUKIT BATOK MRT,BUKIT_BATOK__IMG0023__M1198256247269929,1198256247269929,./data/generated/street_images/1198256247269929.jpg,./data/generated/segmentation_images/1198256247269929_segformer-b2-ade512-master-v1.png,0.3017934163411458,0.05104955037434896,0.372314453125,0.03734715779622396,0.1660893758138021,0.045244852701822914,0.0
BUKIT BATOK MRT,BUKIT_BATOK__IMG0024__M484928279442112,484928279442112,./data/generated/street_images/484928279442112.jpg,./data/generated/segmentation_images/484928279442112_segformer-b2-ade512-master-v1.png,0.5827738444010417,0.051975250244140625,0.047443389892578125,0.11145401000976562,0.16419728597005206,0.03295008341471354,0.0009091695149739584
BUKIT BATOK MRT,BUKIT_BATOK__IMG0025__M157495343058541,157495343058541,./data/generated/street_images/157495343058541.jpg,./data/generated/segmentation_images/157495343058541_segformer-b2-ade512-master-v1.png,0.3615201314290365,0.004582722981770833,0.0912946065266927,0.2953987121582031,0.17928949991861978,0.0007642110188802084,0.0
BUKIT BATOK MRT,BUKIT_BATOK__IMG0026__M524838268535143,524838268535143,./data/generated/street_images/524838268535143.jpg,./data/generated/segmentation_images/524838268535143_segformer-b2-ade512-master-v1.png,0.23852157592773438,0.008202870686848959,0.019903818766276043,0.31545130411783856,0.38715489705403644,0.00577545166015625,0.0
BUKIT BATOK MRT,BUKIT_BATOK__IMG0027__M191843699477751,191843699477751,./data/generated/street_images/191843699477751.jpg,./data/generated/segmentation_images/191843699477751_segformer-b2-ade512-master-v1.png,0.2891731262207031,9.409586588541667e-05,0.012830098470052084,0.2762578328450521,0.32161585489908856,0.017827351888020836,2.7974446614583332e-05
BUKIT BATOK MRT,BUKIT_BATOK__IMG0028__M829304817725566,829304817725566,./data/generated/street_images/829304817725566.jpg,./data/generated/segmentation_images/829304817725566_segformer-b2-ade512-master-v1.png,0.34377161661783856,0.03305180867513021,0.0332489013671875,0.17504374186197916,0.38478851318359375,0.0,0.00015385945638020834
BUKIT BATOK MRT,BUKIT_BATOK__IMG0029__M245587360674314,245587360674314,./data/generated/street_images/245587360674314.jpg,./data/generated/segmentation_images/245587360674314_segformer-b2-ade512-master-v1.png,0.28019968668619794,0.0034281412760416665,0.05942662556966146,0.2712745666503906,0.20804595947265625,0.057392120361328125,0.0009969075520833333
BUKIT BATOK MRT,BUKIT_BATOK__IMG0030__M505086254180042,505086254180042,./data/generated/street_images/505086254180042.jpg,./data/generated/segmentation_images/505086254180042_segformer-b2-ade512-master-v1.png,0.23033014933268228,0.000774383544921875,0.04293950398763021,0.2957318623860677,0.3455924987792969,0.0006841023763020833,0.0003255208333333333
BUKIT BATOK MRT,BUKIT_BATOK__IMG0031__M480475336508131,480475336508131,./data/generated/street_images/480475336508131.jpg,./data/generated/segmentation_images/480475336508131_segformer-b2-ade512-master-v1.png,0.23114649454752606,0.0005327860514322916,0.09614181518554688,0.26491038004557294,0.3397013346354167,0.051654815673828125,0.0
BUKIT GOMBAK MRT,BUKIT_GOMBAK__IMG0001__M376963660412786,376963660412786,./data/generated/street_images/376963660412786.jpg,./data/generated/segmentation_images/376963660412786_segformer-b2-ade512-master-v1.png,0.05095926920572917,0.0317840576171875,0.009892781575520832,0.3546918233235677,0.3978258768717448,0.0,0.007527669270833333
BUKIT GOMBAK MRT,BUKIT_GOMBAK__IMG0002__M616660803061177,616660803061177,./data/generated/street_images/616660803061177.jpg,./data/generated/segmentation_images/616660803061177_segformer-b2-ade512-master-v1.png,0.07251485188802084,0.09257337782118055,0.2619255913628472,0.0219879150390625,0.4323984781901042,0.11066521538628472,0.0
BUKIT PANJANG MRT,BUKIT_PANJANG__IMG0001__M1218907825543839,1218907825543839,./data/generated/street_images/1218907825543839.jpg,./data/generated/segmentation_images/1218907825543839_segformer-b2-ade512-master-v1.png,0.025736490885416664,0.02062225341796875,0.0,0.38487497965494794,0.15015284220377606,0.0,0.00820159912109375
BUKIT PANJANG MRT,BUKIT_PANJANG__IMG0002__M749330556247072,749330556247072,./data/generated/street_images/749330556247072.jpg,./data/generated/segmentation_images/749330556247072_segformer-b2-ade512-master-v1.png,0.001422882080078125,0.000125885009765625,0.007756551106770833,0.3985761006673177,0.19068145751953125,7.2479248046875e-05,0.015276590983072916
BUKIT PANJANG MRT,BUKIT_PANJANG__IMG0003__M2555506624637916,2555506624637916,./data/generated/street_images/2555506624637916.jpg,./data/generated/segmentation_images/2555506624637916_segformer-b2-ade512-master-v1.png,0.0,0.0,0.32261403401692706,0.049182891845703125,0.6216901143391927,0.0,0.00351715087890625
BUKIT PANJANG MRT,BUKIT_PANJANG__IMG0004__M651753049553374,651753049553374,./data/generated/street_images/651753049553374.jpg,./data/generated/segmentation_images/651753049553374_segformer-b2-ade512-master-v1.png,0.10247124565972222,0.2210761176215278,0.07832166883680555,0.029147677951388888,0.4435577392578125,0.005628797743055556,0.0
BUKIT PANJANG MRT,BUKIT_PANJANG__IMG0005__M121198883759082,121198883759082,./data/generated/street_images/121198883759082.jpg,./data/generated/segmentation_images/121198883759082_segformer-b2-ade512-master-v1.png,0.03483835856119792,0.26572545369466144,0.16172663370768228,0.22993342081705728,0.2642974853515625,0.036855061848958336,0.0021311442057291665
BUKIT PANJANG MRT,BUKIT_PANJANG__IMG0006__M483482280018638,483482280018638,./data/generated/street_images/483482280018638.jpg,./data/generated/segmentation_images/483482280018638_segformer-b2-ade512-master-v1.png,0.012813568115234375,0.2570203145345052,0.12670516967773438,0.27601877848307294,0.26211293538411456,0.042249043782552086,0.019496917724609375
BUKIT PANJANG MRT,BUKIT_PANJANG__IMG0007__M1102491353818686,1102491353818686,./data/generated/street_images/1102491353818686.jpg,./data/generated/segmentation_images/1102491353818686_segformer-b2-ade512-master-v1.png,0.022153218587239586,0.0,0.3551470438639323,0.06478500366210938,0.5252558390299479,0.016157786051432293,0.0
BUKIT PANJANG MRT,BUKIT_PANJANG__IMG0008__M608449973726546,608449973726546,./data/generated/street_images/608449973726546.jpg,./data/generated/segmentation_images/608449973726546_segformer-b2-ade512-master-v1.png,0.011416117350260416,0.007177988688151042,0.3544667561848958,0.03988011678059896,0.4975446065266927,0.031772613525390625,0.05411402384440104
BUKIT PANJANG MRT,BUKIT_PANJANG__IMG0009__M1702678856599749,1702678856599749,./data/generated/street_images/1702678856599749.jpg,./data/generated/segmentation_images/1702678856599749_segformer-b2-ade512-master-v1.png,0.053080240885416664,0.08392715454101562,0.4363225301106771,0.040323893229166664,0.28243891398111975,0.004521687825520833,0.00013478597005208334
BUKIT PANJANG MRT,BUKIT_PANJANG__IMG0010__M331566322312411,331566322312411,./data/generated/street_images/331566322312411.jpg,./data/generated/segmentation_images/331566322312411_segformer-b2-ade512-master-v1.png,0.09193293253580728,0.09716415405273438,0.506292978922526,0.0605316162109375,0.17196146647135419,0.00150299072265625,0.0016047159830729167
BUKIT PANJANG MRT,BUKIT_PANJANG__IMG0011__M389103865744539,389103865744539,./data/generated/street_images/389103865744539.jpg,./data/generated/segmentation_images/389103865744539_segformer-b2-ade512-master-v1.png,0.04659864637586806,0.2759162055121528,0.043487548828125,0.029307047526041668,0.5165879991319444,0.06852891710069445,0.0
BUKIT PANJANG MRT,BUKIT_PANJANG__IMG0012__M483966489610821,483966489610821,./data/generated/street_images/483966489610821.jpg,./data/generated/segmentation_images/483966489610821_segformer-b2-ade512-master-v1.png,0.04393344455295138,0.24406263563368055,0.021558973524305556,0.05008273654513889,0.5348069932725694,0.10395812988281251,0.0
BUKIT PANJANG MRT,BUKIT_PANJANG__IMG0013__M274063567753670,274063567753670,./data/generated/street_images/274063567753670.jpg,./data/generated/segmentation_images/274063567753670_segformer-b2-ade512-master-v1.png,0.04411485460069444,0.2646026611328125,0.06461249457465278,0.021070692274305556,0.5179155137803819,0.07717386881510417,0.0031534830729166665
BUKIT PANJANG MRT,BUKIT_PANJANG__IMG0014__M510228026788475,510228026788475,./data/generated/street_images/510228026788475.jpg,./data/generated/segmentation_images/510228026788475_segformer-b2-ade512-master-v1.png,0.062186347113715276,0.2988145616319444,0.059424506293402776,0.0086669921875,0.4706759982638889,0.0899844699435764,0.009753757052951388
CALDECOTT MRT,CALDECOTT__IMG0001__M1841256419855364,1841256419855364,./data/generated/street_images/1841256419855364.jpg,./data/generated/segmentation_images/1841256419855364_segformer-b2-ade512-master-v1.png,0.0,0.0,0.0,0.37722015380859375,0.45615514119466144,0.0,0.002437591552734375
CALDECOTT MRT,CALDECOTT__IMG0002__M857755620349988,857755620349988,./data/generated/street_images/857755620349988.jpg,./data/generated/segmentation_images/857755620349988_segformer-b2-ade512-master-v1.png,0.0,0.0,0.0,0.07217152913411458,0.7965965270996094,0.0,2.9246012369791668e-05
CASHEW MRT,CASHEW__IMG0001__M291401376373099,291401376373099,./data/generated/street_images/291401376373099.jpg,./data/generated/segmentation_images/291401376373099_segformer-b2-ade512-master-v1.png,0.5247573852539062,0.10816065470377605,0.3280843098958333,0.0,0.002780914306640625,0.029833475748697918,0.0
CASHEW MRT,CASHEW__IMG0002__M371722998087466,371722998087466,./data/generated/street_images/371722998087466.jpg,./data/generated/segmentation_images/371722998087466_segformer-b2-ade512-master-v1.png,0.5022659301757812,0.13020833333333334,0.3277740478515625,0.012849171956380207,0.0,0.024861653645833332,0.0
CASHEW MRT,CASHEW__IMG0003__M136730642110125,136730642110125,./data/generated/street_images/136730642110125.jpg,./data/generated/segmentation_images/136730642110125_segformer-b2-ade512-master-v1.png,0.3800710042317708,0.21481196085611978,0.37933095296223956,0.0,0.0,0.007353464762369792,0.0
CASHEW MRT,CASHEW__IMG0004__M4709482579144370,4709482579144370,./data/generated/street_images/4709482579144370.jpg,./data/generated/segmentation_images/4709482579144370_segformer-b2-ade512-master-v1.png,0.3067919413248698,0.21866480509440103,0.41306432088216144,0.0,0.0006777445475260416,0.034824371337890625,0.0
CASHEW MRT,CASHEW__IMG0005__M107557972038787,107557972038787,./data/generated/street_images/107557972038787.jpg,./data/generated/segmentation_images/107557972038787_segformer-b2-ade512-master-v1.png,0.5880165100097656,0.005845387776692708,0.3621050516764323,0.0,0.040957132975260414,0.000347137451171875,0.0
CASHEW MRT,CASHEW__IMG0006__M906743028022792,906743028022792,./data/generated/street_images/906743028022792.jpg,./data/generated/segmentation_images/906743028022792_segformer-b2-ade512-master-v1.png,0.5783678690592448,0.0786883036295573,0.1414362589518229,0.012217203776041666,0.14561843872070312,0.0,0.0
CASHEW MRT,CASHEW__IMG0007__M916649169179912,916649169179912,./data/generated/street_images/916649169179912.jpg,./data/generated/segmentation_images/916649169179912_segformer-b2-ade512-master-v1.png,0.4906243218315972,0.3953348795572917,0.07401021321614583,0.00041876898871527775,0.010384453667534722,0.008829752604166666,0.004341973198784722
CASHEW MRT,CASHEW__IMG0008__M432348941900606,432348941900606,./data/generated/street_images/432348941900606.jpg,./data/generated/segmentation_images/432348941900606_segformer-b2-ade512-master-v1.png,0.19141387939453125,0.2802327473958333,0.4145113627115885,0.03022003173828125,0.049265543619791664,0.030813852945963543,0.0
CASHEW MRT,CASHEW__IMG0009__M513403567193567,513403567193567,./data/generated/street_images/513403567193567.jpg,./data/generated/segmentation_images/513403567193567_segformer-b2-ade512-master-v1.png,0.19937006632486978,0.34432729085286456,0.3961575826009115,0.010561625162760416,0.04443995157877604,0.0019404093424479167,0.00023396809895833334
CASHEW MRT,CASHEW__IMG0010__M954471475174217,954471475174217,./data/generated/street_images/954471475174217.jpg,./data/generated/segmentation_images/954471475174217_segformer-b2-ade512-master-v1.png,0.30682881673177087,0.25444920857747394,0.28939056396484375,0.05672327677408854,0.05509312947591146,0.013310750325520832,0.005335489908854167
CASHEW MRT,CASHEW__IMG0011__M1439337524924647,1439337524924647,./data/generated/street_images/1439337524924647.jpg,./data/generated/segmentation_images/1439337524924647_segformer-b2-ade512-master-v1.png,0.2438176472981771,0.22431564331054688,0.27877553304036456,0.0433502197265625,0.09282430013020833,0.11544291178385417,1.1444091796875e-05
CASHEW MRT,CASHEW__IMG0012__M1636779131129036,1636779131129036,./data/generated/street_images/1636779131129036.jpg,./data/generated/segmentation_images/1636779131129036_segformer-b2-ade512-master-v1.png,0.2333691914876302,0.2511456807454427,0.22783406575520831,0.043673197428385414,0.058026631673177086,0.1784845987955729,0.0
CASHEW MRT,CASHEW__IMG0013__M1719969919917285,1719969919917285,./data/generated/street_images/1719969919917285.jpg,./data/generated/segmentation_images/1719969919917285_segformer-b2-ade512-master-v1.png,0.2297503153483073,0.23943710327148438,0.25404103597005206,0.043224334716796875,0.07730611165364583,0.13704935709635416,2.288818359375e-05
CASHEW MRT,CASHEW__IMG0014__M1832359054589231,1832359054589231,./data/generated/street_images/1832359054589231.jpg,./data/generated/segmentation_images/1832359054589231_segformer-b2-ade512-master-v1.png,0.21433893839518228,0.15612411499023438,0.05031458536783854,0.005817413330078125,0.10798899332682292,0.46049245198567706,0.0
CASHEW MRT,CASHEW__IMG0015__M316869533706818,316869533706818,./data/generated/street_images/316869533706818.jpg,./data/generated/segmentation_images/316869533706818_segformer-b2-ade512-master-v1.png,0.17877197265625,0.10861968994140625,0.3111076354980469,0.021148681640625,0.3598620096842448,0.003070831298828125,0.0
CASHEW MRT,CASHEW__IMG0016__M638575833889330,638575833889330,./data/generated/street_images/638575833889330.jpg,./data/generated/segmentation_images/638575833889330_segformer-b2-ade512-master-v1.png,0.4137179056803385,0.13772455851236978,0.2027435302734375,0.010990142822265625,0.21384684244791666,0.0006739298502604166,0.00023015340169270834
CASHEW MRT,CASHEW__IMG0017__M247537110681551,247537110681551,./data/generated/street_images/247537110681551.jpg,./data/generated/segmentation_images/247537110681551_segformer-b2-ade512-master-v1.png,0.4572893778483073,0.173553466796875,0.32323455810546875,0.0,0.00247955322265625,0.013814290364583334,0.0
CHINATOWN MRT,CHINATOWN__IMG0001__M311958856955938,311958856955938,./data/generated/street_images/311958856955938.jpg,./data/generated/segmentation_images/311958856955938_segformer-b2-ade512-master-v1.png,8.0108642578125e-05,0.0634473164876302,0.0,0.011826833089192709,0.34405263264973956,0.0,0.35843658447265625
CHINATOWN MRT,CHINATOWN__IMG0002__M850937625460484,850937625460484,./data/generated/street_images/850937625460484.jpg,./data/generated/segmentation_images/850937625460484_segformer-b2-ade512-master-v1.png,0.0,0.0025545756022135415,0.0,0.08967971801757812,0.19509506225585938,0.0,0.4935620625813802
CHINATOWN MRT,CHINATOWN__IMG0003__M216667886623397,216667886623397,./data/generated/street_images/216667886623397.jpg,./data/generated/segmentation_images/216667886623397_segformer-b2-ade512-master-v1.png,0.05214606391059028,0.11620246039496528,0.1452416314019097,0.019961886935763888,0.4317457411024306,0.06894938151041667,0.0
CHINATOWN MRT,CHINATOWN__IMG0004__M490200972185178,490200972185178,./data/generated/street_images/490200972185178.jpg,./data/generated/segmentation_images/490200972185178_segformer-b2-ade512-master-v1.png,0.10108184814453125,0.0,0.714544932047526,0.016536712646484375,0.10021336873372395,0.041027069091796875,0.0005785624186197916
CHINATOWN MRT,CHINATOWN__IMG0005__M1133040357214971,1133040357214971,./data/generated/street_images/1133040357214971.jpg,./data/generated/segmentation_images/1133040357214971_segformer-b2-ade512-master-v1.png,0.09477064344618055,0.012001885308159722,0.17057969835069445,0.008500840928819444,0.4616885715060764,0.2329796685112847,0.005945841471354167
CHINATOWN MRT,CHINATOWN__IMG0006__M196000565678623,196000565678623,./data/generated/street_images/196000565678623.jpg,./data/generated/segmentation_images/196000565678623_segformer-b2-ade512-master-v1.png,0.0,0.0,0.0,0.39726003011067706,0.5962142944335938,0.006525675455729167,0.0
CHOA CHU KANG MRT,CHOA_CHU_KANG__IMG0001__M280063597136393,280063597136393,./data/generated/street_images/280063597136393.jpg,./data/generated/segmentation_images/280063597136393_segformer-b2-ade512-master-v1.png,0.08979288736979166,0.0153350830078125,0.0652431911892361,0.014485677083333334,0.7757687038845487,0.004496256510416667,0.0004001193576388889
CHOA CHU KANG MRT,CHOA_CHU_KANG__IMG0002__M551825709555267,551825709555267,./data/generated/street_images/551825709555267.jpg,./data/generated/segmentation_images/551825709555267_segformer-b2-ade512-master-v1.png,0.042514377170138895,0.1575995551215278,0.06384616427951388,0.019927978515625,0.6343926323784722,0.003094143337673611,0.0
CHOA CHU KANG MRT,CHOA_CHU_KANG__IMG0003__M1120061188491330,1120061188491330,./data/generated/street_images/1120061188491330.jpg,./data/generated/segmentation_images/1120061188491330_segformer-b2-ade512-master-v1.png,0.08049689398871528,0.0020039876302083335,0.013407389322916666,0.018369886610243056,0.7067548963758681,0.17778523763020831,0.0011817084418402778
CHOA CHU KANG MRT,CHOA_CHU_KANG__IMG0004__M2977822739118486,2977822739118486,./data/generated/street_images/2977822739118486.jpg,./data/generated/segmentation_images/2977822739118486_segformer-b2-ade512-master-v1.png,0.188140869140625,0.062713623046875,0.0005510118272569445,0.010226779513888888,0.6609090169270833,0.06933424207899305,0.008126152886284722
CHOA CHU KANG MRT,CHOA_CHU_KANG__IMG0005__M770493090311758,770493090311758,./data/generated/street_images/770493090311758.jpg,./data/generated/segmentation_images/770493090311758_segformer-b2-ade512-master-v1.png,0.19491068522135416,0.1970553927951389,0.1050448947482639,0.004360622829861111,0.3665805392795139,1.6954210069444444e-06,0.0
CHOA CHU KANG MRT,CHOA_CHU_KANG__IMG0006__M836914040578374,836914040578374,./data/generated/street_images/836914040578374.jpg,./data/generated/segmentation_images/836914040578374_segformer-b2-ade512-master-v1.png,0.4257710774739583,0.22044203016493055,0.050223456488715276,0.03755357530381945,0.1706966824001736,0.034311930338541664,0.0
CHOA CHU KANG MRT,CHOA_CHU_KANG__IMG0007__M1098320713988589,1098320713988589,./data/generated/street_images/1098320713988589.jpg,./data/generated/segmentation_images/1098320713988589_segformer-b2-ade512-master-v1.png,0.487611558702257,0.2403411865234375,0.054953681098090276,5.255805121527778e-05,0.018390231662326388,0.0822906494140625,0.00039842393663194444
CHOA CHU KANG MRT,CHOA_CHU_KANG__IMG0008__M382686403070992,382686403070992,./data/generated/street_images/382686403070992.jpg,./data/generated/segmentation_images/382686403070992_segformer-b2-ade512-master-v1.png,0.505399915907118,0.2528160942925347,0.07596333821614584,0.005901760525173611,0.00021531846788194444,0.06114027235243056,0.0025736490885416665
CHOA CHU KANG MRT,CHOA_CHU_KANG__IMG0009__M150616937029829,150616937029829,./data/generated/street_images/150616937029829.jpg,./data/generated/segmentation_images/150616937029829_segformer-b2-ade512-master-v1.png,0.3911115858289931,0.2579939100477431,0.1734737820095486,0.033315022786458336,0.12019856770833333,0.012337578667534724,0.0014394124348958333
CHOA CHU KANG MRT,CHOA_CHU_KANG__IMG0010__M292811939166639,292811939166639,./data/generated/street_images/292811939166639.jpg,./data/generated/segmentation_images/292811939166639_segformer-b2-ade512-master-v1.png,0.2243279351128472,0.3495432535807292,0.1542477077907986,0.027659098307291668,0.14565870496961805,0.09821912977430557,0.00034417046440972225
CHOA CHU KANG MRT,CHOA_CHU_KANG__IMG0011__M481617236382352,481617236382352,./data/generated/street_images/481617236382352.jpg,./data/generated/segmentation_images/481617236382352_segformer-b2-ade512-master-v1.png,0.2840796576605903,0.2950575086805556,0.07088724772135417,0.023754543728298612,0.19719102647569445,0.12507459852430555,0.0
CHOA CHU KANG MRT,CHOA_CHU_KANG__IMG0012__M949845285751705,949845285751705,./data/generated/street_images/949845285751705.jpg,./data/generated/segmentation_images/949845285751705_segformer-b2-ade512-master-v1.png,0.2819468180338542,0.2614661322699653,0.11696539984809029,0.03538343641493055,0.21607801649305555,0.0812259250217014,0.0
CHOA CHU KANG MRT,CHOA_CHU_KANG__IMG0013__M134350685353326,134350685353326,./data/generated/street_images/134350685353326.jpg,./data/generated/segmentation_images/134350685353326_segformer-b2-ade512-master-v1.png,0.6360456678602431,0.2003055148654514,0.14225260416666666,0.0006663004557291666,0.0003577338324652778,0.013075086805555556,0.0
CHOA CHU KANG MRT,CHOA_CHU_KANG__IMG0014__M859971681224187,859971681224187,./data/generated/street_images/859971681224187.jpg,./data/generated/segmentation_images/859971681224187_segformer-b2-ade512-master-v1.png,0.5622914632161459,0.2023383246527778,0.14063178168402776,0.0,0.04670376247829861,0.027872721354166668,0.0
CLEMENTI MRT,CLEMENTI__IMG0001__M208695634402502,208695634402502,./data/generated/street_images/208695634402502.jpg,./data/generated/segmentation_images/208695634402502_segformer-b2-ade512-master-v1.png,0.08763970269097222,0.08665296766493055,0.3521508110894097,0.0098724365234375,0.31656731499565977,0.09886847601996526,0.0
CLEMENTI MRT,CLEMENTI__IMG0002__M811028822861491,811028822861491,./data/generated/street_images/811028822861491.jpg,./data/generated/segmentation_images/811028822861491_segformer-b2-ade512-master-v1.png,0.0648074679904514,0.08347235785590278,0.3488498263888889,0.019283718532986112,0.35662841796875,0.08527119954427084,0.0
CLEMENTI MRT,CLEMENTI__IMG0003__M341725324247370,341725324247370,./data/generated/street_images/341725324247370.jpg,./data/generated/segmentation_images/341725324247370_segformer-b2-ade512-master-v1.png,0.027769300672743056,0.08796183268229167,0.297821044921875,0.0076751708984375,0.3604193793402778,0.2047695583767361,0.0002644856770833333
CLEMENTI MRT,CLEMENTI__IMG0004__M857068091819676,857068091819676,./data/generated/street_images/857068091819676.jpg,./data/generated/segmentation_images/857068091819676_segformer-b2-ade512-master-v1.png,0.012137518988715276,0.08776007758246528,0.2531873914930556,0.011201646592881944,0.3201090494791667,0.3099789089626736,0.001803927951388889
CLEMENTI MRT,CLEMENTI__IMG0005__M519665015735472,519665015735472,./data/generated/street_images/519665015735472.jpg,./data/generated/segmentation_images/519665015735472_segformer-b2-ade512-master-v1.png,0.41753133138020826,0.0703464084201389,0.2959442138671875,0.02032470703125,0.1386294894748264,0.006503634982638889,0.0
CLEMENTI MRT,CLEMENTI__IMG0006__M815233046055445,815233046055445,./data/generated/street_images/815233046055445.jpg,./data/generated/segmentation_images/815233046055445_segformer-b2-ade512-master-v1.png,0.289793226453993,0.08111741807725695,0.319456312391493,0.021494547526041668,0.19736226399739584,0.04136318630642361,0.0
COMMONWEALTH MRT,COMMONWEALTH__IMG0001__M214643063514612,214643063514612,./data/generated/street_images/214643063514612.jpg,./data/generated/segmentation_images/214643063514612_segformer-b2-ade512-master-v1.png,0.36318715413411456,0.18971125284830728,0.10090128580729167,0.011585235595703125,0.32868321736653644,0.005931854248046875,0.0
COMMONWEALTH MRT,COMMONWEALTH__IMG0002__M808160826782616,808160826782616,./data/generated/street_images/808160826782616.jpg,./data/generated/segmentation_images/808160826782616_segformer-b2-ade512-master-v1.png,0.22397613525390625,0.13163630167643228,0.16633097330729166,0.0154876708984375,0.3594970703125,0.0877240498860677,0.00020472208658854166
COMMONWEALTH MRT,COMMONWEALTH__IMG0003__M169185885123967,169185885123967,./data/generated/street_images/169185885123967.jpg,./data/generated/segmentation_images/169185885123967_segformer-b2-ade512-master-v1.png,0.01824951171875,0.013064914279513888,0.3180050320095486,0.084136962890625,0.5630137125651041,0.00019666883680555556,0.003333197699652778
COMMONWEALTH MRT,COMMONWEALTH__IMG0004__M923067815149369,923067815149369,./data/generated/street_images/923067815149369.jpg,./data/generated/segmentation_images/923067815149369_segformer-b2-ade512-master-v1.png,0.10500081380208334,0.1835479736328125,0.10457695855034722,0.03771803114149305,0.5130462646484375,0.054677327473958336,0.0
COMMONWEALTH MRT,COMMONWEALTH__IMG0005__M164032035722646,164032035722646,./data/generated/street_images/164032035722646.jpg,./data/generated/segmentation_images/164032035722646_segformer-b2-ade512-master-v1.png,0.290802001953125,0.16953277587890625,0.0854047139485677,0.009235382080078125,0.38820521036783856,0.056209564208984375,0.0006103515625
COMMONWEALTH MRT,COMMONWEALTH__IMG0006__M424287658677678,424287658677678,./data/generated/street_images/424287658677678.jpg,./data/generated/segmentation_images/424287658677678_segformer-b2-ade512-master-v1.png,0.1706415812174479,0.24450174967447916,0.16090520222981772,0.01104736328125,0.261749267578125,0.15029398600260419,0.0
COMMONWEALTH MRT,COMMONWEALTH__IMG0007__M1446190155723718,1446190155723718,./data/generated/street_images/1446190155723718.jpg,./data/generated/segmentation_images/1446190155723718_segformer-b2-ade512-master-v1.png,0.18009270562065974,0.17793104383680555,0.283660888671875,0.11260308159722222,0.1154208713107639,0.001129150390625,0.015996297200520832
COMMONWEALTH MRT,COMMONWEALTH__IMG0008__M311487700550048,311487700550048,./data/generated/street_images/311487700550048.jpg,./data/generated/segmentation_images/311487700550048_segformer-b2-ade512-master-v1.png,0.08337783813476562,0.3304239908854167,0.055318196614583336,0.00365447998046875,0.42715199788411456,0.09403483072916667,0.0
DAKOTA MRT,DAKOTA__IMG0001__M822016825379375,822016825379375,./data/generated/street_images/822016825379375.jpg,./data/generated/segmentation_images/822016825379375_segformer-b2-ade512-master-v1.png,0.04185485839843751,0.05887476603190104,0.3979835510253906,0.10323206583658855,0.39157867431640625,0.0011075337727864583,0.000469207763671875
DAKOTA MRT,DAKOTA__IMG0002__M971532023684228,971532023684228,./data/generated/street_images/971532023684228.jpg,./data/generated/segmentation_images/971532023684228_segformer-b2-ade512-master-v1.png,0.10617955525716145,0.049059549967447914,0.05681610107421875,0.4188499450683594,0.18595377604166666,0.0019989013671875,0.004453023274739583
DAKOTA MRT,DAKOTA__IMG0003__M456823332053667,456823332053667,./data/generated/street_images/456823332053667.jpg,./data/generated/segmentation_images/456823332053667_segformer-b2-ade512-master-v1.png,0.18535359700520831,0.00848388671875,0.00213623046875,0.28790156046549475,0.25545501708984375,0.0,0.008101145426432291
DAKOTA MRT,DAKOTA__IMG0004__M805873033696432,805873033696432,./data/generated/street_images/805873033696432.jpg,./data/generated/segmentation_images/805873033696432_segformer-b2-ade512-master-v1.png,0.2566095987955729,0.021741231282552082,0.020296732584635418,0.29812367757161456,0.1868413289388021,0.0,0.0026461283365885415
DAKOTA MRT,DAKOTA__IMG0005__M1632325570292021,1632325570292021,./data/generated/street_images/1632325570292021.jpg,./data/generated/segmentation_images/1632325570292021_segformer-b2-ade512-master-v1.png,0.32537333170572913,0.12131415473090278,0.2940233018663194,0.0167083740234375,0.1432579888237847,0.009397718641493056,0.0
DAKOTA MRT,DAKOTA__IMG0006__M477090540187106,477090540187106,./data/generated/street_images/477090540187106.jpg,./data/generated/segmentation_images/477090540187106_segformer-b2-ade512-master-v1.png,0.22147962782118055,0.07982042100694445,0.29937235514322913,0.04311964246961805,0.2562984890407986,0.014268663194444444,0.0
DAKOTA MRT,DAKOTA__IMG0007__M3995538620515581,3995538620515581,./data/generated/street_images/3995538620515581.jpg,./data/generated/segmentation_images/3995538620515581_segformer-b2-ade512-master-v1.png,0.2158169216579861,0.15452067057291666,0.2961290147569444,0.027732001410590276,0.1727261013454861,0.11315239800347222,0.0021531846788194445
DAKOTA MRT,DAKOTA__IMG0008__M505737597136744,505737597136744,./data/generated/street_images/505737597136744.jpg,./data/generated/segmentation_images/505737597136744_segformer-b2-ade512-master-v1.png,0.2271694607204861,0.1449008517795139,0.2792290581597222,0.040625678168402776,0.1838294135199653,0.09901597764756943,0.0
DAKOTA MRT,DAKOTA__IMG0009__M318143116496521,318143116496521,./data/generated/street_images/318143116496521.jpg,./data/generated/segmentation_images/318143116496521_segformer-b2-ade512-master-v1.png,0.38432312011718744,0.0907474093967014,0.22667609320746526,0.014623006184895834,0.07893541124131945,0.1765967475043403,0.003701104058159722
DAKOTA MRT,DAKOTA__IMG0010__M848456759081743,848456759081743,./data/generated/street_images/848456759081743.jpg,./data/generated/segmentation_images/848456759081743_segformer-b2-ade512-master-v1.png,0.4026099310980903,0.08669196234809028,0.2352939181857639,0.002483791775173611,0.08273654513888888,0.1739044189453125,0.0002475314670138889
EUNOS MRT,EUNOS__IMG0001__M1374432056269699,1374432056269699,./data/generated/street_images/1374432056269699.jpg,./data/generated/segmentation_images/1374432056269699_segformer-b2-ade512-master-v1.png,0.48280644649501264,0.09385827537322217,0.0,0.10196501409978864,0.24459806646092747,0.0,2.558945305103049e-06
EUNOS MRT,EUNOS__IMG0002__M1462933344052523,1462933344052523,./data/generated/street_images/1462933344052523.jpg,./data/generated/segmentation_images/1462933344052523_segformer-b2-ade512-master-v1.png,0.3826544451438895,0.11696171306034504,0.0,0.10045651584243039,0.05450553499869494,0.0,0.0
EUNOS MRT,EUNOS__IMG0003__M1224041859785646,1224041859785646,./data/generated/street_images/1224041859785646.jpg,./data/generated/segmentation_images/1224041859785646_segformer-b2-ade512-master-v1.png,0.5018196105957031,0.1504974365234375,0.0,0.21013641357421875,0.03626378377278646,0.0,0.0
EUNOS MRT,EUNOS__IMG0004__M1312197767376452,1312197767376452,./data/generated/street_images/1312197767376452.jpg,./data/generated/segmentation_images/1312197767376452_segformer-b2-ade512-master-v1.png,0.47816085815429693,0.1472015380859375,0.0,0.19883855183919272,0.055124918619791664,0.0,0.0
FARRER ROAD MRT,FARRER_ROAD__IMG0001__M1257904976504081,1257904976504081,./data/generated/street_images/1257904976504081.jpg,./data/generated/segmentation_images/1257904976504081_segformer-b2-ade512-master-v1.png,0.24671427408854166,0.11567433675130208,0.369354248046875,0.004269917805989583,0.2612266540527344,0.0,0.0
FARRER ROAD MRT,FARRER_ROAD__IMG0002__M765110050809079,765110050809079,./data/generated/street_images/765110050809079.jpg,./data/generated/segmentation_images/765110050809079_segformer-b2-ade512-master-v1.png,0.10145187377929686,0.3550465901692708,0.2941780090332031,0.03723907470703125,0.16561126708984375,0.03527704874674479,0.008698781331380209
FARRER ROAD MRT,FARRER_ROAD__IMG0003__M1736753173517934,1736753173517934,./data/generated/street_images/1736753173517934.jpg,./data/generated/segmentation_images/1736753173517934_segformer-b2-ade512-master-v1.png,0.6711947123209635,0.0943603515625,0.14630889892578125,0.041210174560546875,0.04638544718424479,0.0,0.0
FARRER ROAD MRT,FARRER_ROAD__IMG0004__M215296397067855,215296397067855,./data/generated/street_images/215296397067855.jpg,./data/generated/segmentation_images/215296397067855_segformer-b2-ade512-master-v1.png,0.42332839965820307,0.19170761108398438,0.22908274332682294,0.0025698343912760415,0.10473251342773438,0.034578959147135414,0.0
FARRER ROAD MRT,FARRER_ROAD__IMG0005__M306010837828653,306010837828653,./data/generated/street_images/306010837828653.jpg,./data/generated/segmentation_images/306010837828653_segformer-b2-ade512-master-v1.png,0.7548183865017362,0.0013275146484375,0.09507921006944445,5.764431423611111e-05,0.043848673502604164,0.0,0.0
FARRER ROAD MRT,FARRER_ROAD__IMG0006__M626280758768323,626280758768323,./data/generated/street_images/626280758768323.jpg,./data/generated/segmentation_images/626280758768323_segformer-b2-ade512-master-v1.png,0.5685628255208333,0.0,0.0,4.7471788194444445e-05,0.3629913330078125,0.0,0.0
FARRER ROAD MRT,FARRER_ROAD__IMG0007__M747402692625009,747402692625009,./data/generated/street_images/747402692625009.jpg,./data/generated/segmentation_images/747402692625009_segformer-b2-ade512-master-v1.png,0.06003146701388889,0.18282911512586805,0.2949032253689236,0.0660247802734375,0.3635423448350694,0.004621717664930556,0.005705091688368056
FARRER ROAD MRT,FARRER_ROAD__IMG0008__M881482929068898,881482929068898,./data/generated/street_images/881482929068898.jpg,./data/generated/segmentation_images/881482929068898_segformer-b2-ade512-master-v1.png,0.3471476236979167,0.08464898003472222,0.14818827311197916,0.06608751085069445,0.2642652723524305,0.0,0.0015207926432291667
FARRER ROAD MRT,FARRER_ROAD__IMG0009__M1018162195677695,1018162195677695,./data/generated/street_images/1018162195677695.jpg,./data/generated/segmentation_images/1018162195677695_segformer-b2-ade512-master-v1.png,0.32168070475260413,0.020105997721354168,0.17457071940104166,0.03328111436631945,0.4034881591796875,0.005835639105902778,0.015452067057291666
FARRER ROAD MRT,FARRER_ROAD__IMG0010__M1041397927777782,1041397927777782,./data/generated/street_images/1041397927777782.jpg,./data/generated/segmentation_images/1041397927777782_segformer-b2-ade512-master-v1.png,0.1115570068359375,0.3834400177001953,0.052318572998046875,0.008655548095703125,0.27349090576171875,0.0035076141357421875,0.0152740478515625
FARRER ROAD MRT,FARRER_ROAD__IMG0011__M1068057961719189,1068057961719189,./data/generated/street_images/1068057961719189.jpg,./data/generated/segmentation_images/1068057961719189_segformer-b2-ade512-master-v1.png,0.10662460327148438,0.3210105895996094,0.10662269592285156,0.018688201904296875,0.19798851013183594,0.0088653564453125,0.0064868927001953125
FARRER ROAD MRT,FARRER_ROAD__IMG0012__M1082991543443169,1082991543443169,./data/generated/street_images/1082991543443169.jpg,./data/generated/segmentation_images/1082991543443169_segformer-b2-ade512-master-v1.png,0.0438385009765625,0.32633018493652344,0.1490154266357422,0.012948989868164062,0.25100135803222656,0.033878326416015625,0.003200531005859375
FARRER ROAD MRT,FARRER_ROAD__IMG0013__M1091160849091151,1091160849091151,./data/generated/street_images/1091160849091151.jpg,./data/generated/segmentation_images/1091160849091151_segformer-b2-ade512-master-v1.png,0.11070823669433594,0.2885780334472656,0.046966552734375,0.11831474304199219,0.35298919677734375,0.019771575927734375,0.012094497680664062
FARRER ROAD MRT,FARRER_ROAD__IMG0014__M1103811144915223,1103811144915223,./data/generated/street_images/1103811144915223.jpg,./data/generated/segmentation_images/1103811144915223_segformer-b2-ade512-master-v1.png,0.4043769836425781,0.1002515157063802,0.3432566324869792,0.016401926676432293,0.12937545776367188,0.001857757568359375,0.0
FARRER ROAD MRT,FARRER_ROAD__IMG0015__M1105880513243258,1105880513243258,./data/generated/street_images/1105880513243258.jpg,./data/generated/segmentation_images/1105880513243258_segformer-b2-ade512-master-v1.png,0.4435615539550781,0.23696390787760416,0.20730463663736978,0.00531005859375,0.05292510986328125,0.028603871663411457,0.00481414794921875
FARRER ROAD MRT,FARRER_ROAD__IMG0016__M1113897682451437,1113897682451437,./data/generated/street_images/1113897682451437.jpg,./data/generated/segmentation_images/1113897682451437_segformer-b2-ade512-master-v1.png,0.2632310655381944,0.08248731825086805,0.1264275444878472,0.051177978515625,0.3884701199001736,0.0,0.0
FARRER ROAD MRT,FARRER_ROAD__IMG0017__M112421990910174,112421990910174,./data/generated/street_images/112421990910174.jpg,./data/generated/segmentation_images/112421990910174_segformer-b2-ade512-master-v1.png,0.3261939154730903,0.1397332085503472,0.023505316840277776,0.039738972981770836,0.44072977701822913,0.0,0.0
FARRER ROAD MRT,FARRER_ROAD__IMG0018__M1161650054248757,1161650054248757,./data/generated/street_images/1161650054248757.jpg,./data/generated/segmentation_images/1161650054248757_segformer-b2-ade512-master-v1.png,0.6427205403645834,0.1574122111002604,0.076873779296875,0.005788167317708333,0.04383722941080729,0.013446807861328125,0.0
FARRER ROAD MRT,FARRER_ROAD__IMG0019__M1189114832316269,1189114832316269,./data/generated/street_images/1189114832316269.jpg,./data/generated/segmentation_images/1189114832316269_segformer-b2-ade512-master-v1.png,0.2837486267089844,0.21309661865234375,0.02050018310546875,0.10442543029785156,0.08569526672363281,0.14106369018554688,1.9073486328125e-06
FARRER ROAD MRT,FARRER_ROAD__IMG0020__M1203411520964178,1203411520964178,./data/generated/street_images/1203411520964178.jpg,./data/generated/segmentation_images/1203411520964178_segformer-b2-ade512-master-v1.png,0.07734298706054688,0.3149089813232422,0.13246536254882812,0.009311676025390625,0.3085517883300781,0.00353240966796875,0.0032787322998046875
FARRER ROAD MRT,FARRER_ROAD__IMG0021__M1208528690418907,1208528690418907,./data/generated/street_images/1208528690418907.jpg,./data/generated/segmentation_images/1208528690418907_segformer-b2-ade512-master-v1.png,0.10694503784179688,0.2786426544189453,0.1487274169921875,0.14414024353027344,0.19229698181152344,0.05353546142578125,0.010660171508789062
FARRER ROAD MRT,FARRER_ROAD__IMG0022__M1225900812097008,1225900812097008,./data/generated/street_images/1225900812097008.jpg,./data/generated/segmentation_images/1225900812097008_segformer-b2-ade512-master-v1.png,0.0006764729817708334,0.441375732421875,0.4673627217610677,0.0,0.07395426432291667,0.00018056233723958334,0.0
FARRER ROAD MRT,FARRER_ROAD__IMG0023__M1233252614586591,1233252614586591,./data/generated/street_images/1233252614586591.jpg,./data/generated/segmentation_images/1233252614586591_segformer-b2-ade512-master-v1.png,0.14653778076171875,0.26279258728027344,0.14619064331054688,0.19471359252929688,0.1847705841064453,0.0484619140625,0.0010833740234375
FARRER ROAD MRT,FARRER_ROAD__IMG0024__M1262843868294116,1262843868294116,./data/generated/street_images/1262843868294116.jpg,./data/generated/segmentation_images/1262843868294116_segformer-b2-ade512-master-v1.png,0.08293342590332031,0.37434959411621094,0.27374267578125,0.009366989135742188,0.15655136108398438,0.09652519226074219,1.1444091796875e-05
FARRER ROAD MRT,FARRER_ROAD__IMG0025__M1266883331171921,1266883331171921,./data/generated/street_images/1266883331171921.jpg,./data/generated/segmentation_images/1266883331171921_segformer-b2-ade512-master-v1.png,0.12896156311035156,0.2703895568847656,0.11011314392089844,0.00818634033203125,0.23060989379882812,0.000141143798828125,0.09653663635253906
FARRER ROAD MRT,FARRER_ROAD__IMG0026__M1315406899444002,1315406899444002,./data/generated/street_images/1315406899444002.jpg,./data/generated/segmentation_images/1315406899444002_segformer-b2-ade512-master-v1.png,0.12878799438476562,0.24573135375976562,0.08142471313476562,0.02655792236328125,0.31967926025390625,0.0,0.11385917663574219
FARRER ROAD MRT,FARRER_ROAD__IMG0027__M1353857864972884,1353857864972884,./data/generated/street_images/1353857864972884.jpg,./data/generated/segmentation_images/1353857864972884_segformer-b2-ade512-master-v1.png,0.5355072021484375,0.05325656467013889,0.0579071044921875,0.009045071072048612,0.3175947401258681,0.003655327690972222,0.0
FARRER ROAD MRT,FARRER_ROAD__IMG0028__M1373111716390457,1373111716390457,./data/generated/street_images/1373111716390457.jpg,./data/generated/segmentation_images/1373111716390457_segformer-b2-ade512-master-v1.png,0.13420444064670137,0.12331475151909722,0.2765740288628472,0.047554863823784724,0.3594767252604167,0.009268866644965278,0.00038994683159722225
FARRER ROAD MRT,FARRER_ROAD__IMG0029__M1415547282127194,1415547282127194,./data/generated/street_images/1415547282127194.jpg,./data/generated/segmentation_images/1415547282127194_segformer-b2-ade512-master-v1.png,0.7076034545898438,0.1731847127278646,0.07004419962565105,0.0,1.6530354817708332e-05,0.008858998616536459,0.0
FARRER ROAD MRT,FARRER_ROAD__IMG0030__M145836831102486,145836831102486,./data/generated/street_images/145836831102486.jpg,./data/generated/segmentation_images/145836831102486_segformer-b2-ade512-master-v1.png,0.39525095621744794,0.0,0.052806854248046875,0.010964711507161459,0.45977783203125,0.06773885091145834,0.0
FARRER ROAD MRT,FARRER_ROAD__IMG0031__M147307157376207,147307157376207,./data/generated/street_images/147307157376207.jpg,./data/generated/segmentation_images/147307157376207_segformer-b2-ade512-master-v1.png,0.08666483561197917,0.3047231038411458,0.038718329535590276,0.0,0.098358154296875,0.4678056504991319,0.0
FARRER ROAD MRT,FARRER_ROAD__IMG0032__M1515422729943394,1515422729943394,./data/generated/street_images/1515422729943394.jpg,./data/generated/segmentation_images/1515422729943394_segformer-b2-ade512-master-v1.png,0.4416389465332031,0.09261449178059895,0.3801930745442708,0.007573445638020833,0.029034932454427082,0.0,0.0
FARRER ROAD MRT,FARRER_ROAD__IMG0033__M152592983504741,152592983504741,./data/generated/street_images/152592983504741.jpg,./data/generated/segmentation_images/152592983504741_segformer-b2-ade512-master-v1.png,0.19153001573350695,0.3555467393663194,0.1355743408203125,0.0012427435980902778,0.2467041015625,0.06367323133680555,0.0
FARRER ROAD MRT,FARRER_ROAD__IMG0034__M1534124524132929,1534124524132929,./data/generated/street_images/1534124524132929.jpg,./data/generated/segmentation_images/1534124524132929_segformer-b2-ade512-master-v1.png,0.14805984497070312,0.3351173400878906,0.16041946411132812,0.08394813537597656,0.23941421508789062,0.01775360107421875,7.62939453125e-05
FARRER ROAD MRT,FARRER_ROAD__IMG0035__M153996593350750,153996593350750,./data/generated/street_images/153996593350750.jpg,./data/generated/segmentation_images/153996593350750_segformer-b2-ade512-master-v1.png,0.2730628119574653,0.11551411946614583,0.2911868625217014,0.016426934136284724,0.19159105088975695,0.03647020128038195,0.0
FARRER ROAD MRT,FARRER_ROAD__IMG0036__M156959623038713,156959623038713,./data/generated/street_images/156959623038713.jpg,./data/generated/segmentation_images/156959623038713_segformer-b2-ade512-master-v1.png,0.3076290554470486,0.2623918321397569,0.0853237575954861,0.006900363498263889,0.16769239637586805,0.16729736328125,0.0015920003255208333
FARRER ROAD MRT,FARRER_ROAD__IMG0037__M162331395814743,162331395814743,./data/generated/street_images/162331395814743.jpg,./data/generated/segmentation_images/162331395814743_segformer-b2-ade512-master-v1.png,0.24239603678385416,0.30147552490234375,0.2803141276041667,0.019962310791015625,0.11411666870117188,0.0349884033203125,0.0014317830403645833
FARRER ROAD MRT,FARRER_ROAD__IMG0038__M165329415518255,165329415518255,./data/generated/street_images/165329415518255.jpg,./data/generated/segmentation_images/165329415518255_segformer-b2-ade512-master-v1.png,0.34530766805013025,0.3345909118652344,0.15351231892903647,0.0,0.05991363525390625,0.048285166422526046,0.0
FARRER ROAD MRT,FARRER_ROAD__IMG0039__M171844754831151,171844754831151,./data/generated/street_images/171844754831151.jpg,./data/generated/segmentation_images/171844754831151_segformer-b2-ade512-master-v1.png,0.2851689656575521,0.36246617635091144,0.15992482503255206,0.00397491455078125,0.008557637532552084,0.048154195149739586,0.0
FARRER ROAD MRT,FARRER_ROAD__IMG0040__M182810793692483,182810793692483,./data/generated/street_images/182810793692483.jpg,./data/generated/segmentation_images/182810793692483_segformer-b2-ade512-master-v1.png,0.4739049275716146,0.17253875732421875,0.3064066569010417,0.00567626953125,0.00015131632486979166,0.022150675455729168,0.0
FARRER ROAD MRT,FARRER_ROAD__IMG0041__M1836066450151939,1836066450151939,./data/generated/street_images/1836066450151939.jpg,./data/generated/segmentation_images/1836066450151939_segformer-b2-ade512-master-v1.png,0.06376266479492188,0.13422775268554688,0.37316258748372394,0.015294392903645834,0.3993988037109375,0.0,0.0
FARRER ROAD MRT,FARRER_ROAD__IMG0042__M183728606847536,183728606847536,./data/generated/street_images/183728606847536.jpg,./data/generated/segmentation_images/183728606847536_segformer-b2-ade512-master-v1.png,0.26160854763454866,0.4266916910807292,0.14042833116319445,0.018001980251736112,0.08402845594618055,0.002399020724826389,0.0012105305989583333
FARRER ROAD MRT,FARRER_ROAD__IMG0043__M1931989160313065,1931989160313065,./data/generated/street_images/1931989160313065.jpg,./data/generated/segmentation_images/1931989160313065_segformer-b2-ade512-master-v1.png,0.4161275227864583,0.2238277859157986,0.1743994818793403,0.0,0.07757059733072917,0.028801812065972224,0.0
FARRER ROAD MRT,FARRER_ROAD__IMG0044__M197732529486806,197732529486806,./data/generated/street_images/197732529486806.jpg,./data/generated/segmentation_images/197732529486806_segformer-b2-ade512-master-v1.png,0.14249674479166669,0.12262471516927083,0.3793436686197917,0.02169036865234375,0.313452402750651,0.0,0.0003509521484375
FARRER ROAD MRT,FARRER_ROAD__IMG0045__M2002349046902247,2002349046902247,./data/generated/street_images/2002349046902247.jpg,./data/generated/segmentation_images/2002349046902247_segformer-b2-ade512-master-v1.png,0.23444557189941406,0.1048583984375,0.0001926422119140625,0.003223419189453125,0.3713569641113281,0.0,0.037853240966796875
FARRER ROAD MRT,FARRER_ROAD__IMG0046__M204865597917223,204865597917223,./data/generated/street_images/204865597917223.jpg,./data/generated/segmentation_images/204865597917223_segformer-b2-ade512-master-v1.png,0.32293955485026044,0.4918098449707031,0.11883926391601562,0.0009320576985677084,0.015370686848958332,0.04043706258138021,0.0
FARRER ROAD MRT,FARRER_ROAD__IMG0047__M2096009474134898,2096009474134898,./data/generated/street_images/2096009474134898.jpg,./data/generated/segmentation_images/2096009474134898_segformer-b2-ade512-master-v1.png,0.25676918029785156,0.1806507110595703,0.000507354736328125,0.0065402984619140625,0.2222766876220703,0.014314651489257812,0.026716232299804688
FARRER ROAD MRT,FARRER_ROAD__IMG0048__M212280357369370,212280357369370,./data/generated/street_images/212280357369370.jpg,./data/generated/segmentation_images/212280357369370_segformer-b2-ade512-master-v1.png,0.39991124471028644,0.34400304158528644,0.15141805013020834,0.021905263264973957,0.043423970540364586,0.028317769368489586,0.0032501220703125
FARRER ROAD MRT,FARRER_ROAD__IMG0049__M214837066836804,214837066836804,./data/generated/street_images/214837066836804.jpg,./data/generated/segmentation_images/214837066836804_segformer-b2-ade512-master-v1.png,0.2873586018880208,0.2479468451605903,0.03939310709635417,0.2648891872829861,0.09395684136284721,0.0006578233506944445,0.0
FARRER ROAD MRT,FARRER_ROAD__IMG0050__M222098586348052,222098586348052,./data/generated/street_images/222098586348052.jpg,./data/generated/segmentation_images/222098586348052_segformer-b2-ade512-master-v1.png,0.2558966742621528,0.2634904649522569,0.08693440755208333,0.240692138671875,0.12001715766059028,0.0019378662109375,0.0
FARRER ROAD MRT,FARRER_ROAD__IMG0051__M222464549643052,222464549643052,./data/generated/street_images/222464549643052.jpg,./data/generated/segmentation_images/222464549643052_segformer-b2-ade512-master-v1.png,0.4261847601996528,0.10410902235243055,0.0897030300564236,0.018987019856770832,0.31929524739583337,0.01241726345486111,0.0
FARRER ROAD MRT,FARRER_ROAD__IMG0052__M225173315617881,225173315617881,./data/generated/street_images/225173315617881.jpg,./data/generated/segmentation_images/225173315617881_segformer-b2-ade512-master-v1.png,0.15200297037760416,0.20372517903645834,0.07779439290364583,0.07805887858072917,0.4532962375217014,0.031231350368923612,0.0
FARRER ROAD MRT,FARRER_ROAD__IMG0053__M226625635460035,226625635460035,./data/generated/street_images/226625635460035.jpg,./data/generated/segmentation_images/226625635460035_segformer-b2-ade512-master-v1.png,0.4408009847005208,0.2764655219184028,0.13966200086805555,0.018597073025173612,0.08042060004340278,0.032952202690972224,0.0
FARRER ROAD MRT,FARRER_ROAD__IMG0054__M235911698287701,235911698287701,./data/generated/street_images/235911698287701.jpg,./data/generated/segmentation_images/235911698287701_segformer-b2-ade512-master-v1.png,0.5442860921223958,0.10264333089192708,0.21261088053385416,0.0006930033365885416,0.015903472900390625,0.0933367411295573,0.0
FARRER ROAD MRT,FARRER_ROAD__IMG0055__M2453072288170233,2453072288170233,./data/generated/street_images/2453072288170233.jpg,./data/generated/segmentation_images/2453072288170233_segformer-b2-ade512-master-v1.png,0.22330220540364584,0.4169413248697917,0.20245234171549478,0.0013936360677083333,0.08537038167317709,0.0013796488444010417,0.0
FARRER ROAD MRT,FARRER_ROAD__IMG0056__M246767230532760,246767230532760,./data/generated/street_images/246767230532760.jpg,./data/generated/segmentation_images/246767230532760_segformer-b2-ade512-master-v1.png,0.3872053358289931,0.2332984076605903,0.1326209174262153,0.037680731879340276,0.12415907118055555,0.000979953342013889,0.002895779079861111
FARRER ROAD MRT,FARRER_ROAD__IMG0057__M252435643293845,252435643293845,./data/generated/street_images/252435643293845.jpg,./data/generated/segmentation_images/252435643293845_segformer-b2-ade512-master-v1.png,0.310670640733507,0.2779371473524306,0.06239149305555555,0.08002726236979167,0.17569139268663195,0.05130513509114583,0.0
FARRER ROAD MRT,FARRER_ROAD__IMG0058__M2629799800653889,2629799800653889,./data/generated/street_images/2629799800653889.jpg,./data/generated/segmentation_images/2629799800653889_segformer-b2-ade512-master-v1.png,0.3658023410373264,0.2709486219618056,0.13401285807291666,0.03896755642361111,0.11355421278211805,0.0680050320095486,0.0
FARRER ROAD MRT,FARRER_ROAD__IMG0059__M2655941101365912,2655941101365912,./data/generated/street_images/2655941101365912.jpg,./data/generated/segmentation_images/2655941101365912_segformer-b2-ade512-master-v1.png,0.47246551513671875,0.2406285603841146,0.1508941650390625,0.020175933837890625,0.031200408935546875,0.043637593587239586,0.0
FARRER ROAD MRT,FARRER_ROAD__IMG0060__M273343627809296,273343627809296,./data/generated/street_images/273343627809296.jpg,./data/generated/segmentation_images/273343627809296_segformer-b2-ade512-master-v1.png,0.6712816026475694,0.030297173394097224,0.2058037651909722,0.004280938042534722,0.07397291395399307,0.0,0.0
FARRER ROAD MRT,FARRER_ROAD__IMG0061__M299559375142246,299559375142246,./data/generated/street_images/299559375142246.jpg,./data/generated/segmentation_images/299559375142246_segformer-b2-ade512-master-v1.png,0.34739006890190977,0.23556688096788195,0.00022718641493055556,0.048911200629340276,0.14914788140190974,0.0,0.0
FARRER ROAD MRT,FARRER_ROAD__IMG0062__M3098166490398639,3098166490398639,./data/generated/street_images/3098166490398639.jpg,./data/generated/segmentation_images/3098166490398639_segformer-b2-ade512-master-v1.png,0.5892054239908855,0.10008494059244792,0.07465108235677083,0.0013567606608072917,0.21320215861002603,0.006191253662109375,0.0
FARRER ROAD MRT,FARRER_ROAD__IMG0063__M312785193585311,312785193585311,./data/generated/street_images/312785193585311.jpg,./data/generated/segmentation_images/312785193585311_segformer-b2-ade512-master-v1.png,0.14460923936631945,0.4020826551649306,0.12369452582465278,0.039372762044270836,0.2132076687282986,0.0720486111111111,0.0
FARRER ROAD MRT,FARRER_ROAD__IMG0064__M313569567009933,313569567009933,./data/generated/street_images/313569567009933.jpg,./data/generated/segmentation_images/313569567009933_segformer-b2-ade512-master-v1.png,0.3108435736762153,0.22159322102864584,0.0,0.05310228135850695,0.1946648491753472,0.0,0.0033620198567708335
FARRER ROAD MRT,FARRER_ROAD__IMG0065__M318876316262692,318876316262692,./data/generated/street_images/318876316262692.jpg,./data/generated/segmentation_images/318876316262692_segformer-b2-ade512-master-v1.png,0.06490071614583333,0.3472633361816406,0.19669469197591147,0.0,0.11144002278645833,0.27284240722656244,0.0022799173990885415
FARRER ROAD MRT,FARRER_ROAD__IMG0066__M319701726239694,319701726239694,./data/generated/street_images/319701726239694.jpg,./data/generated/segmentation_images/319701726239694_segformer-b2-ade512-master-v1.png,0.33338673909505206,0.3269081115722656,0.20112991333007812,0.0027554829915364585,0.12925338745117188,0.017842610677083332,0.0
FARRER ROAD MRT,FARRER_ROAD__IMG0067__M330408135099864,330408135099864,./data/generated/street_images/330408135099864.jpg,./data/generated/segmentation_images/330408135099864_segformer-b2-ade512-master-v1.png,0.5049319797092013,0.016786363389756944,3.390842013888889e-05,0.2212677001953125,0.2189246283637153,0.0,0.0262298583984375
FARRER ROAD MRT,FARRER_ROAD__IMG0068__M333375684800955,333375684800955,./data/generated/street_images/333375684800955.jpg,./data/generated/segmentation_images/333375684800955_segformer-b2-ade512-master-v1.png,0.2764926486545139,0.2445034450954861,0.0,0.03447299533420139,0.2405022515190972,0.0,2.8822157118055555e-05
FARRER ROAD MRT,FARRER_ROAD__IMG0069__M3439902026185684,3439902026185684,./data/generated/street_images/3439902026185684.jpg,./data/generated/segmentation_images/3439902026185684_segformer-b2-ade512-master-v1.png,0.43545277913411456,0.02368927001953125,0.23272705078125,0.00107574462890625,0.0,0.3014844258626302,0.0
FARRER ROAD MRT,FARRER_ROAD__IMG0070__M3641474702642189,3641474702642189,./data/generated/street_images/3641474702642189.jpg,./data/generated/segmentation_images/3641474702642189_segformer-b2-ade512-master-v1.png,0.4471410115559897,0.24985758463541666,0.08620198567708334,0.008515675862630209,0.0925890604654948,0.11359278361002605,0.0
FARRER ROAD MRT,FARRER_ROAD__IMG0071__M369373977844617,369373977844617,./data/generated/street_images/369373977844617.jpg,./data/generated/segmentation_images/369373977844617_segformer-b2-ade512-master-v1.png,0.3206973605685764,0.010442097981770834,0.0065765380859375,0.29259236653645837,0.35411410861545134,0.0,0.0
FARRER ROAD MRT,FARRER_ROAD__IMG0072__M374249223895162,374249223895162,./data/generated/street_images/374249223895162.jpg,./data/generated/segmentation_images/374249223895162_segformer-b2-ade512-master-v1.png,0.3621482849121094,0.20810699462890625,0.2900543212890625,0.00244140625,0.04408009847005208,0.07213592529296875,0.0
FARRER ROAD MRT,FARRER_ROAD__IMG0073__M389709538852350,389709538852350,./data/generated/street_images/389709538852350.jpg,./data/generated/segmentation_images/389709538852350_segformer-b2-ade512-master-v1.png,0.3573862711588542,0.05978054470486111,0.2830149332682292,0.006076388888888889,0.27770487467447913,0.005208333333333332,0.0
FARRER ROAD MRT,FARRER_ROAD__IMG0074__M393736235740403,393736235740403,./data/generated/street_images/393736235740403.jpg,./data/generated/segmentation_images/393736235740403_segformer-b2-ade512-master-v1.png,0.20230229695638022,0.11984507242838542,0.04970677693684896,0.019701639811197918,0.6012713114420573,0.0,0.0022366841634114585
FARRER ROAD MRT,FARRER_ROAD__IMG0075__M4095650583847708,4095650583847708,./data/generated/street_images/4095650583847708.jpg,./data/generated/segmentation_images/4095650583847708_segformer-b2-ade512-master-v1.png,0.4230685763888889,0.1128387451171875,0.0745510525173611,0.040839301215277776,0.2859276665581597,0.0,0.0
FARRER ROAD MRT,FARRER_ROAD__IMG0076__M4183185385066887,4183185385066887,./data/generated/street_images/4183185385066887.jpg,./data/generated/segmentation_images/4183185385066887_segformer-b2-ade512-master-v1.png,0.5508460998535156,0.2586657206217448,0.13372166951497394,0.008477528889973959,0.09385935465494791,0.02298736572265625,0.0
FARRER ROAD MRT,FARRER_ROAD__IMG0077__M461491355297705,461491355297705,./data/generated/street_images/461491355297705.jpg,./data/generated/segmentation_images/461491355297705_segformer-b2-ade512-master-v1.png,0.5323766072591145,0.2623087565104167,0.07221221923828125,0.008466084798177084,0.08659871419270834,0.0003484090169270833,0.0
FARRER ROAD MRT,FARRER_ROAD__IMG0078__M464904148119884,464904148119884,./data/generated/street_images/464904148119884.jpg,./data/generated/segmentation_images/464904148119884_segformer-b2-ade512-master-v1.png,0.4939384460449219,0.3004302978515625,0.14679590861002603,0.0011393229166666667,0.0028330485026041665,0.026081085205078125,0.0
FARRER ROAD MRT,FARRER_ROAD__IMG0079__M473597840393089,473597840393089,./data/generated/street_images/473597840393089.jpg,./data/generated/segmentation_images/473597840393089_segformer-b2-ade512-master-v1.png,0.33251274956597227,0.225341796875,0.11694844563802084,0.036504109700520836,0.19252522786458334,0.024271647135416668,0.00015089246961805556
FARRER ROAD MRT,FARRER_ROAD__IMG0080__M478263413508349,478263413508349,./data/generated/street_images/478263413508349.jpg,./data/generated/segmentation_images/478263413508349_segformer-b2-ade512-master-v1.png,0.5059165954589844,0.1184247334798177,0.1666692097981771,0.0032475789388020835,0.06158192952473958,0.08851496378580728,0.0
FARRER ROAD MRT,FARRER_ROAD__IMG0081__M489071829208638,489071829208638,./data/generated/street_images/489071829208638.jpg,./data/generated/segmentation_images/489071829208638_segformer-b2-ade512-master-v1.png,0.3406804402669271,0.17496617635091147,0.23908615112304688,0.03133265177408854,0.1383641560872396,0.048437754313151046,0.0029500325520833335
FARRER ROAD MRT,FARRER_ROAD__IMG0082__M489849402443864,489849402443864,./data/generated/street_images/489849402443864.jpg,./data/generated/segmentation_images/489849402443864_segformer-b2-ade512-master-v1.png,0.10717603895399305,0.11042107476128472,0.3168385823567708,0.021760728624131944,0.3977101643880208,0.0118408203125,0.0021531846788194445
FARRER ROAD MRT,FARRER_ROAD__IMG0083__M506208775569120,506208775569120,./data/generated/street_images/506208775569120.jpg,./data/generated/segmentation_images/506208775569120_segformer-b2-ade512-master-v1.png,0.2267608642578125,0.21497344970703125,0.25647735595703125,0.012439727783203125,0.2838001251220703,0.0016841888427734375,0.003864288330078125
FARRER ROAD MRT,FARRER_ROAD__IMG0084__M509150033418592,509150033418592,./data/generated/street_images/509150033418592.jpg,./data/generated/segmentation_images/509150033418592_segformer-b2-ade512-master-v1.png,0.16592661539713544,0.3497200012207031,0.21648025512695312,0.0037358601888020835,0.01897430419921875,0.07397079467773438,0.0
FARRER ROAD MRT,FARRER_ROAD__IMG0085__M513292946492274,513292946492274,./data/generated/street_images/513292946492274.jpg,./data/generated/segmentation_images/513292946492274_segformer-b2-ade512-master-v1.png,0.37064276801215273,0.2642974853515625,0.1810065375434028,0.04445224338107639,0.08513556586371528,0.032611423068576395,0.0005018446180555555
FARRER ROAD MRT,FARRER_ROAD__IMG0086__M522148692128850,522148692128850,./data/generated/street_images/522148692128850.jpg,./data/generated/segmentation_images/522148692128850_segformer-b2-ade512-master-v1.png,0.4401007758246528,0.233001708984375,0.1586422390407986,0.004528469509548611,0.06605021158854167,0.06701321072048612,0.0030076768663194445
FARRER ROAD MRT,FARRER_ROAD__IMG0087__M531740862821117,531740862821117,./data/generated/street_images/531740862821117.jpg,./data/generated/segmentation_images/531740862821117_segformer-b2-ade512-master-v1.png,0.17989730834960938,0.25667762756347656,0.16076087951660156,0.036956787109375,0.21935081481933594,0.029178619384765625,0.0046844482421875
FARRER ROAD MRT,FARRER_ROAD__IMG0088__M537435714290200,537435714290200,./data/generated/street_images/537435714290200.jpg,./data/generated/segmentation_images/537435714290200_segformer-b2-ade512-master-v1.png,0.3674532572428385,0.2620137532552083,0.1369501749674479,0.041257222493489586,0.14893595377604169,0.017999013264973957,0.0
FARRER ROAD MRT,FARRER_ROAD__IMG0089__M538131403861528,538131403861528,./data/generated/street_images/538131403861528.jpg,./data/generated/segmentation_images/538131403861528_segformer-b2-ade512-master-v1.png,0.3132375081380208,0.032370673285590276,0.32222493489583337,0.0420379638671875,0.2756432427300347,0.0,0.0
FARRER ROAD MRT,FARRER_ROAD__IMG0090__M550008559320065,550008559320065,./data/generated/street_images/550008559320065.jpg,./data/generated/segmentation_images/550008559320065_segformer-b2-ade512-master-v1.png,0.43701510959201384,0.06658766004774305,0.2924431694878472,0.0354156494140625,0.14973280164930555,0.0020124647352430555,0.0
FARRER ROAD MRT,FARRER_ROAD__IMG0091__M556856375490143,556856375490143,./data/generated/street_images/556856375490143.jpg,./data/generated/segmentation_images/556856375490143_segformer-b2-ade512-master-v1.png,0.13215128580729166,0.4198455810546875,0.09905327690972222,0.0015174018012152778,0.20072428385416669,0.13714090983072916,0.0011969672309027778
FARRER ROAD MRT,FARRER_ROAD__IMG0092__M560257148286611,560257148286611,./data/generated/street_images/560257148286611.jpg,./data/generated/segmentation_images/560257148286611_segformer-b2-ade512-master-v1.png,0.2806260850694444,0.056601630316840276,0.041571723090277776,0.09348381890190972,0.3865492078993055,0.0,0.07213846842447917
FARRER ROAD MRT,FARRER_ROAD__IMG0093__M564596002688274,564596002688274,./data/generated/street_images/564596002688274.jpg,./data/generated/segmentation_images/564596002688274_segformer-b2-ade512-master-v1.png,0.2397747039794922,0.20369720458984375,0.2530479431152344,0.0064411163330078125,0.2678356170654297,0.010667800903320312,0.003116607666015625
FARRER ROAD MRT,FARRER_ROAD__IMG0094__M586015612370112,586015612370112,./data/generated/street_images/586015612370112.jpg,./data/generated/segmentation_images/586015612370112_segformer-b2-ade512-master-v1.png,0.36691792805989587,0.2991892496744792,0.1639675564236111,0.012066311306423612,0.10777113172743055,0.04355027940538195,0.0
FARRER ROAD MRT,FARRER_ROAD__IMG0095__M614983134947901,614983134947901,./data/generated/street_images/614983134947901.jpg,./data/generated/segmentation_images/614983134947901_segformer-b2-ade512-master-v1.png,0.3473091125488281,0.181610107421875,0.3561414082845052,0.019283294677734375,0.0956560770670573,0.0,0.0
FARRER ROAD MRT,FARRER_ROAD__IMG0096__M633614407995800,633614407995800,./data/generated/street_images/633614407995800.jpg,./data/generated/segmentation_images/633614407995800_segformer-b2-ade512-master-v1.png,0.6179491678873699,0.11204147338867188,0.08001963297526042,0.016443888346354168,0.0801226298014323,0.0,0.0
FARRER ROAD MRT,FARRER_ROAD__IMG0097__M669157673872177,669157673872177,./data/generated/street_images/669157673872177.jpg,./data/generated/segmentation_images/669157673872177_segformer-b2-ade512-master-v1.png,0.7531687418619791,0.0875701904296875,0.10401662190755208,0.006596883138020833,0.03113428751627604,0.017458597819010418,0.0
FARRER ROAD MRT,FARRER_ROAD__IMG0098__M675145535285061,675145535285061,./data/generated/street_images/675145535285061.jpg,./data/generated/segmentation_images/675145535285061_segformer-b2-ade512-master-v1.png,0.22011311848958331,0.18540573120117188,0.3805554707845052,0.0027821858723958335,0.16606012980143228,0.0022328694661458335,0.0
FARRER ROAD MRT,FARRER_ROAD__IMG0099__M682893501031634,682893501031634,./data/generated/street_images/682893501031634.jpg,./data/generated/segmentation_images/682893501031634_segformer-b2-ade512-master-v1.png,0.5026028951009114,0.042661031087239586,0.3505261739095052,0.036449432373046875,0.015745798746744793,0.0,0.0
FARRER ROAD MRT,FARRER_ROAD__IMG0100__M754958765170807,754958765170807,./data/generated/street_images/754958765170807.jpg,./data/generated/segmentation_images/754958765170807_segformer-b2-ade512-master-v1.png,0.3555857340494792,0.16084798177083334,0.06392754448784722,0.08864000108506945,0.2785746256510417,0.04906039767795139,1.1867947048611111e-05
FARRER ROAD MRT,FARRER_ROAD__IMG0101__M765615757485763,765615757485763,./data/generated/street_images/765615757485763.jpg,./data/generated/segmentation_images/765615757485763_segformer-b2-ade512-master-v1.png,0.4925117492675781,0.26113128662109375,0.12085723876953125,0.0038820902506510415,0.039423624674479164,0.013811747233072916,0.0
FARRER ROAD MRT,FARRER_ROAD__IMG0102__M804826010136106,804826010136106,./data/generated/street_images/804826010136106.jpg,./data/generated/segmentation_images/804826010136106_segformer-b2-ade512-master-v1.png,0.6052563985188802,0.11784744262695312,0.16270828247070312,0.0023905436197916665,0.012865702311197918,0.0819689432779948,0.0007222493489583334
FARRER ROAD MRT,FARRER_ROAD__IMG0103__M812952062977570,812952062977570,./data/generated/street_images/812952062977570.jpg,./data/generated/segmentation_images/812952062977570_segformer-b2-ade512-master-v1.png,0.2304907904730903,0.2758551703559028,0.12783304850260419,0.054799397786458336,0.2568545871310764,0.056983100043402776,0.0
FARRER ROAD MRT,FARRER_ROAD__IMG0104__M824806398138591,824806398138591,./data/generated/street_images/824806398138591.jpg,./data/generated/segmentation_images/824806398138591_segformer-b2-ade512-master-v1.png,0.3999888102213542,0.313323974609375,0.09277682834201388,0.04019334581163195,0.07865566677517362,0.003100925021701389,0.0016259087456597222
FARRER ROAD MRT,FARRER_ROAD__IMG0105__M837295650476343,837295650476343,./data/generated/street_images/837295650476343.jpg,./data/generated/segmentation_images/837295650476343_segformer-b2-ade512-master-v1.png,0.5422821044921875,0.12303797403971355,0.21784591674804688,0.0032602945963541665,0.026517232259114586,0.038007100423177086,0.00012079874674479167
FARRER ROAD MRT,FARRER_ROAD__IMG0106__M843906124556809,843906124556809,./data/generated/street_images/843906124556809.jpg,./data/generated/segmentation_images/843906124556809_segformer-b2-ade512-master-v1.png,0.11916160583496094,0.2737598419189453,0.11913681030273438,0.0015106201171875,0.18135643005371094,0.0020389556884765625,0.0033588409423828125
FARRER ROAD MRT,FARRER_ROAD__IMG0107__M844572603083800,844572603083800,./data/generated/street_images/844572603083800.jpg,./data/generated/segmentation_images/844572603083800_segformer-b2-ade512-master-v1.png,0.2184058295355903,0.3188273111979167,0.13012017144097224,0.029105292426215276,0.11644660101996528,0.0,0.0
FARRER ROAD MRT,FARRER_ROAD__IMG0108__M8533598563421975,8533598563421975,./data/generated/street_images/8533598563421975.jpg,./data/generated/segmentation_images/8533598563421975_segformer-b2-ade512-master-v1.png,0.2664680480957031,0.269927978515625,0.07839012145996094,0.07892417907714844,0.2413921356201172,0.0016345977783203125,0.0071277618408203125
FARRER ROAD MRT,FARRER_ROAD__IMG0109__M862464157956759,862464157956759,./data/generated/street_images/862464157956759.jpg,./data/generated/segmentation_images/862464157956759_segformer-b2-ade512-master-v1.png,0.1310882568359375,0.06750996907552083,0.2802988688151042,0.018315633138020832,0.4908803304036458,0.0,0.0
FARRER ROAD MRT,FARRER_ROAD__IMG0110__M873021279945468,873021279945468,./data/generated/street_images/873021279945468.jpg,./data/generated/segmentation_images/873021279945468_segformer-b2-ade512-master-v1.png,0.3221600850423177,0.18163681030273438,0.2790883382161458,0.019933064778645832,0.15532684326171875,0.04126739501953125,0.0
FARRER ROAD MRT,FARRER_ROAD__IMG0111__M877223781209831,877223781209831,./data/generated/street_images/877223781209831.jpg,./data/generated/segmentation_images/877223781209831_segformer-b2-ade512-master-v1.png,0.1515045166015625,0.27320098876953125,0.2031726837158203,0.05001640319824219,0.2693023681640625,0.02930450439453125,0.008941650390625
FARRER ROAD MRT,FARRER_ROAD__IMG0112__M883062087109422,883062087109422,./data/generated/street_images/883062087109422.jpg,./data/generated/segmentation_images/883062087109422_segformer-b2-ade512-master-v1.png,0.13107681274414062,0.22130457560221353,0.3017311096191406,0.040438334147135414,0.3054618835449219,0.0,0.0
FARRER ROAD MRT,FARRER_ROAD__IMG0113__M893840022660769,893840022660769,./data/generated/street_images/893840022660769.jpg,./data/generated/segmentation_images/893840022660769_segformer-b2-ade512-master-v1.png,0.10368982950846355,0.23281733194986978,0.36596934000651044,0.00421142578125,0.29331207275390625,0.0,0.0
FARRER ROAD MRT,FARRER_ROAD__IMG0114__M9027185160627231,9027185160627231,./data/generated/street_images/9027185160627231.jpg,./data/generated/segmentation_images/9027185160627231_segformer-b2-ade512-master-v1.png,0.1659679412841797,0.04717826843261719,0.025478363037109375,0.05023765563964844,0.20406723022460938,0.0023593902587890625,0.010833740234375
FARRER ROAD MRT,FARRER_ROAD__IMG0115__M905060448348187,905060448348187,./data/generated/street_images/905060448348187.jpg,./data/generated/segmentation_images/905060448348187_segformer-b2-ade512-master-v1.png,0.1466522216796875,0.28635406494140625,0.2356700897216797,0.10546875,0.17548179626464844,0.02129364013671875,0.012542724609375
FARRER ROAD MRT,FARRER_ROAD__IMG0116__M916001645907509,916001645907509,./data/generated/street_images/916001645907509.jpg,./data/generated/segmentation_images/916001645907509_segformer-b2-ade512-master-v1.png,0.4007551405164931,0.0682101779513889,0.25276692708333337,0.047327677408854164,0.21094767252604166,0.003931681315104167,2.3735894097222223e-05
FARRER ROAD MRT,FARRER_ROAD__IMG0117__M942395522968392,942395522968392,./data/generated/street_images/942395522968392.jpg,./data/generated/segmentation_images/942395522968392_segformer-b2-ade512-master-v1.png,0.17725626627604166,0.4391343858506944,0.14962259928385419,0.0008070203993055555,0.1586846245659722,0.0048370361328125,0.00015089246961805556
FARRER ROAD MRT,FARRER_ROAD__IMG0118__M964709247666601,964709247666601,./data/generated/street_images/964709247666601.jpg,./data/generated/segmentation_images/964709247666601_segformer-b2-ade512-master-v1.png,0.3984239366319445,0.12707010904947916,0.27627224392361116,0.048604329427083336,0.09761725531684028,0.0,7.290310329861111e-05
FARRER ROAD MRT,FARRER_ROAD__IMG0119__M969360753814947,969360753814947,./data/generated/street_images/969360753814947.jpg,./data/generated/segmentation_images/969360753814947_segformer-b2-ade512-master-v1.png,0.2845645480685764,0.24550374348958334,0.03265550401475695,0.1341128879123264,0.09929572211371528,0.0,1.6954210069444444e-06
FARRER ROAD MRT,FARRER_ROAD__IMG0120__M974245240088732,974245240088732,./data/generated/street_images/974245240088732.jpg,./data/generated/segmentation_images/974245240088732_segformer-b2-ade512-master-v1.png,0.3393529256184896,0.31599680582682294,0.22140375773111978,0.012360890706380209,0.09848658243815105,0.007645924886067708,0.004521687825520833
GEYLANG BAHRU MRT,GEYLANG_BAHRU__IMG0001__M1482660978742399,1482660978742399,./data/generated/street_images/1482660978742399.jpg,./data/generated/segmentation_images/1482660978742399_segformer-b2-ade512-master-v1.png,0.1297747294108073,0.10477066040039062,0.007235209147135417,0.21549606323242188,0.34937159220377606,0.17685572306315103,0.0
GEYLANG BAHRU MRT,GEYLANG_BAHRU__IMG0002__M801956770726965,801956770726965,./data/generated/street_images/801956770726965.jpg,./data/generated/segmentation_images/801956770726965_segformer-b2-ade512-master-v1.png,0.17852147420247397,0.015557607014973959,0.007006327311197916,0.2716115315755208,0.44525400797526044,0.0013224283854166667,0.042255401611328125
GEYLANG BAHRU MRT,GEYLANG_BAHRU__IMG0003__M298444498594592,298444498594592,./data/generated/street_images/298444498594592.jpg,./data/generated/segmentation_images/298444498594592_segformer-b2-ade512-master-v1.png,0.022611829969618056,0.1861758761935764,0.17466227213541666,0.021993001302083332,0.4143032497829861,0.1351437038845486,0.0
GEYLANG BAHRU MRT,GEYLANG_BAHRU__IMG0004__M303624518053960,303624518053960,./data/generated/street_images/303624518053960.jpg,./data/generated/segmentation_images/303624518053960_segformer-b2-ade512-master-v1.png,0.0449371337890625,0.4977450900607639,0.19633653428819445,0.014577229817708334,0.2082977294921875,0.03622266981336805,0.0009290907118055555
GEYLANG BAHRU MRT,GEYLANG_BAHRU__IMG0005__M381671813200889,381671813200889,./data/generated/street_images/381671813200889.jpg,./data/generated/segmentation_images/381671813200889_segformer-b2-ade512-master-v1.png,0.12820773654513887,0.10823228624131945,0.16365390353732637,0.03175523546006945,0.36887105305989587,0.0003916422526041667,0.003531561957465278
GEYLANG BAHRU MRT,GEYLANG_BAHRU__IMG0006__M508597687244877,508597687244877,./data/generated/street_images/508597687244877.jpg,./data/generated/segmentation_images/508597687244877_segformer-b2-ade512-master-v1.png,0.0010019938151041667,0.0890842013888889,0.22774251302083334,0.015058729383680556,0.5194007025824653,0.0,0.006025526258680556
GEYLANG BAHRU MRT,GEYLANG_BAHRU__IMG0007__M244335474153919,244335474153919,./data/generated/street_images/244335474153919.jpg,./data/generated/segmentation_images/244335474153919_segformer-b2-ade512-master-v1.png,0.0,0.0,0.2722066243489583,0.0,0.4058091905381944,0.004860772026909722,0.0
GEYLANG BAHRU MRT,GEYLANG_BAHRU__IMG0008__M486857199097481,486857199097481,./data/generated/street_images/486857199097481.jpg,./data/generated/segmentation_images/486857199097481_segformer-b2-ade512-master-v1.png,0.0,0.0,0.2723812527126736,0.0,0.4056023491753472,0.004923502604166666,0.0
GEYLANG BAHRU MRT,GEYLANG_BAHRU__IMG0009__M309136657456932,309136657456932,./data/generated/street_images/309136657456932.jpg,./data/generated/segmentation_images/309136657456932_segformer-b2-ade512-master-v1.png,0.3204379611545139,0.0,0.010769314236111112,0.15157063802083334,0.3172081841362847,0.19368320041232637,0.001583523220486111
GEYLANG BAHRU MRT,GEYLANG_BAHRU__IMG0010__M910684582811387,910684582811387,./data/generated/street_images/910684582811387.jpg,./data/generated/segmentation_images/910684582811387_segformer-b2-ade512-master-v1.png,0.2265353732638889,0.011208428276909722,0.030481974283854168,0.127685546875,0.4049428304036458,0.18825446234809026,0.0017649332682291667
HAVELOCK MRT,HAVELOCK__IMG0001__M212148293809836,212148293809836,./data/generated/street_images/212148293809836.jpg,./data/generated/segmentation_images/212148293809836_segformer-b2-ade512-master-v1.png,0.25467681884765625,0.3143653869628906,0.20946502685546875,0.004472096761067708,0.1125780741373698,0.028029123942057293,0.0010236104329427083
HAVELOCK MRT,HAVELOCK__IMG0002__M523521922353265,523521922353265,./data/generated/street_images/523521922353265.jpg,./data/generated/segmentation_images/523521922353265_segformer-b2-ade512-master-v1.png,0.334784189860026,0.23190689086914062,0.22400410970052081,0.0027758280436197915,0.09910202026367188,0.028246561686197918,0.0
HAVELOCK MRT,HAVELOCK__IMG0003__M2465046546972582,2465046546972582,./data/generated/street_images/2465046546972582.jpg,./data/generated/segmentation_images/2465046546972582_segformer-b2-ade512-master-v1.png,0.22325897216796875,0.4639294942220052,0.07700475056966145,0.0010312398274739583,0.10247039794921875,0.049096425374348954,0.0
HAVELOCK MRT,HAVELOCK__IMG0004__M470130520951127,470130520951127,./data/generated/street_images/470130520951127.jpg,./data/generated/segmentation_images/470130520951127_segformer-b2-ade512-master-v1.png,0.07505289713541666,0.3566826714409722,0.011049058702256944,0.002093844943576389,0.357633802625868,0.1915045844184028,0.0002950032552083333
HAVELOCK MRT,HAVELOCK__IMG0005__M143973597742737,143973597742737,./data/generated/street_images/143973597742737.jpg,./data/generated/segmentation_images/143973597742737_segformer-b2-ade512-master-v1.png,0.0727221171061198,0.35172398885091144,0.23052215576171875,0.0004870096842447917,0.27899678548177087,0.02439117431640625,4.57763671875e-05
HAVELOCK MRT,HAVELOCK__IMG0006__M900220917426233,900220917426233,./data/generated/street_images/900220917426233.jpg,./data/generated/segmentation_images/900220917426233_segformer-b2-ade512-master-v1.png,0.05221684773763021,0.3745740254720052,0.1290918986002604,0.0,0.3511975606282552,0.05584081013997396,0.0
HAVELOCK MRT,HAVELOCK__IMG0007__M205442794745030,205442794745030,./data/generated/street_images/205442794745030.jpg,./data/generated/segmentation_images/205442794745030_segformer-b2-ade512-master-v1.png,0.27941894531249994,0.11742316351996528,0.3045077853732639,0.014573838975694444,0.2620697021484375,0.007956610785590278,0.0
HAVELOCK MRT,HAVELOCK__IMG0008__M4193306384055068,4193306384055068,./data/generated/street_images/4193306384055068.jpg,./data/generated/segmentation_images/4193306384055068_segformer-b2-ade512-master-v1.png,0.24973678588867185,0.2604484558105469,0.22460301717122394,0.006046295166015625,0.22341664632161456,0.015188852945963541,0.000213623046875
HAVELOCK MRT,HAVELOCK__IMG0009__M296818448729302,296818448729302,./data/generated/street_images/296818448729302.jpg,./data/generated/segmentation_images/296818448729302_segformer-b2-ade512-master-v1.png,0.023466746012369793,0.13241195678710938,0.32912317911783856,0.018207550048828125,0.3502769470214844,0.14861043294270831,0.0
HAVELOCK MRT,HAVELOCK__IMG0010__M632323608168137,632323608168137,./data/generated/street_images/632323608168137.jpg,./data/generated/segmentation_images/632323608168137_segformer-b2-ade512-master-v1.png,0.2765875922309028,0.16819932725694445,0.3477698432074653,0.033966064453125,0.13421630859375,0.022808498806423612,0.00025261773003472225
HAVELOCK MRT,HAVELOCK__IMG0011__M293978335660316,293978335660316,./data/generated/street_images/293978335660316.jpg,./data/generated/segmentation_images/293978335660316_segformer-b2-ade512-master-v1.png,0.248260498046875,0.2554660373263889,0.3412153455946181,0.019175211588541668,0.08377922905815972,0.0,0.0
HAVELOCK MRT,HAVELOCK__IMG0012__M793861824593983,793861824593983,./data/generated/street_images/793861824593983.jpg,./data/generated/segmentation_images/793861824593983_segformer-b2-ade512-master-v1.png,0.000308990478515625,0.2807464599609375,0.2564824422200521,0.00081634521484375,0.2704353332519531,0.17776107788085938,0.0
HAVELOCK MRT,HAVELOCK__IMG0013__M481969006453932,481969006453932,./data/generated/street_images/481969006453932.jpg,./data/generated/segmentation_images/481969006453932_segformer-b2-ade512-master-v1.png,0.509307861328125,0.07290140787760417,2.5431315104166668e-05,0.2967313130696615,0.0769971211751302,0.013446807861328125,3.814697265625e-06
HAVELOCK MRT,HAVELOCK__IMG0014__M751965015471453,751965015471453,./data/generated/street_images/751965015471453.jpg,./data/generated/segmentation_images/751965015471453_segformer-b2-ade512-master-v1.png,0.5216356913248699,0.06007512410481771,0.016724904378255207,0.29697418212890625,0.07587687174479167,0.004674275716145834,0.0006039937337239584
HAVELOCK MRT,HAVELOCK__IMG0015__M593821272010838,593821272010838,./data/generated/street_images/593821272010838.jpg,./data/generated/segmentation_images/593821272010838_segformer-b2-ade512-master-v1.png,0.16848500569661456,0.18007787068684897,0.23616154988606772,0.008555094401041666,0.2197138468424479,0.18477630615234375,0.0020751953125
HAVELOCK MRT,HAVELOCK__IMG0016__M771555826885015,771555826885015,./data/generated/street_images/771555826885015.jpg,./data/generated/segmentation_images/771555826885015_segformer-b2-ade512-master-v1.png,0.1768976847330729,0.23937479654947916,0.2939872741699219,0.004276275634765625,0.23387018839518228,0.051593780517578125,0.0
HAVELOCK MRT,HAVELOCK__IMG0017__M465684788018487,465684788018487,./data/generated/street_images/465684788018487.jpg,./data/generated/segmentation_images/465684788018487_segformer-b2-ade512-master-v1.png,0.14435323079427084,0.17264429728190103,0.24892679850260416,0.009405771891276041,0.2567558288574219,0.16762797037760416,0.0
HAVELOCK MRT,HAVELOCK__IMG0018__M483691006226812,483691006226812,./data/generated/street_images/483691006226812.jpg,./data/generated/segmentation_images/483691006226812_segformer-b2-ade512-master-v1.png,0.15916315714518228,0.2564557393391927,0.267937978108724,0.010340372721354166,0.2630615234375,0.043024698893229164,0.0
HOUGANG MRT,HOUGANG__IMG0001__M573351820723606,573351820723606,./data/generated/street_images/573351820723606.jpg,./data/generated/segmentation_images/573351820723606_segformer-b2-ade512-master-v1.png,0.2542487250434028,0.1873355441623264,0.20242818196614584,0.1941867404513889,0.07355414496527778,0.060514662000868046,0.009357028537326388
HOUGANG MRT,HOUGANG__IMG0002__M763507644315206,763507644315206,./data/generated/street_images/763507644315206.jpg,./data/generated/segmentation_images/763507644315206_segformer-b2-ade512-master-v1.png,0.19785224066840276,0.2607031928168403,0.19945780436197916,0.1469963921440972,0.086944580078125,0.06111314561631945,0.022121853298611112
KAKI BUKIT MRT,KAKI_BUKIT__IMG0001__M112541910902797,112541910902797,./data/generated/street_images/112541910902797.jpg,./data/generated/segmentation_images/112541910902797_segformer-b2-ade512-master-v1.png,0.06881883409288195,0.4200320773654514,0.1410556369357639,0.010369194878472222,0.303560045030382,0.0135955810546875,0.0
KAKI BUKIT MRT,KAKI_BUKIT__IMG0002__M3788159994643005,3788159994643005,./data/generated/street_images/3788159994643005.jpg,./data/generated/segmentation_images/3788159994643005_segformer-b2-ade512-master-v1.png,0.1563860575358073,0.09287261962890625,0.044886271158854164,0.3192647298177083,0.3588104248046875,0.02469635009765625,0.0
KAKI BUKIT MRT,KAKI_BUKIT__IMG0003__M301362958371936,301362958371936,./data/generated/street_images/301362958371936.jpg,./data/generated/segmentation_images/301362958371936_segformer-b2-ade512-master-v1.png,0.22941335042317706,0.07835006713867188,8.392333984375e-05,0.27426910400390625,0.3512255350748698,0.0003789265950520833,0.0
KAKI BUKIT MRT,KAKI_BUKIT__IMG0004__M369102771202949,369102771202949,./data/generated/street_images/369102771202949.jpg,./data/generated/segmentation_images/369102771202949_segformer-b2-ade512-master-v1.png,0.07024298773871528,0.23396470811631945,0.2952151828342014,0.0696292453342014,0.3233252631293403,0.0,0.006044175889756944
KAKI BUKIT MRT,KAKI_BUKIT__IMG0005__M2956392058023555,2956392058023555,./data/generated/street_images/2956392058023555.jpg,./data/generated/segmentation_images/2956392058023555_segformer-b2-ade512-master-v1.png,0.7556898328993055,0.0825042724609375,0.04300265842013889,0.021360609266493056,0.058098687065972224,0.0,0.0
KAKI BUKIT MRT,KAKI_BUKIT__IMG0006__M645366960100553,645366960100553,./data/generated/street_images/645366960100553.jpg,./data/generated/segmentation_images/645366960100553_segformer-b2-ade512-master-v1.png,0.3551127115885417,0.031169891357421875,0.0,0.17780303955078128,0.37254079182942706,0.0,0.0
KAKI BUKIT MRT,KAKI_BUKIT__IMG0007__M166503608737348,166503608737348,./data/generated/street_images/166503608737348.jpg,./data/generated/segmentation_images/166503608737348_segformer-b2-ade512-master-v1.png,0.36298116048177087,0.03453233506944445,0.1539798312717014,0.029669867621527776,0.3784383138020833,0.0,0.0
KAKI BUKIT MRT,KAKI_BUKIT__IMG0008__M249152556985147,249152556985147,./data/generated/street_images/249152556985147.jpg,./data/generated/segmentation_images/249152556985147_segformer-b2-ade512-master-v1.png,0.6784481472439235,0.07670423719618055,0.057322184244791664,0.018919203016493056,0.16579182942708334,0.0,0.0
KAKI BUKIT MRT,KAKI_BUKIT__IMG0009__M529564124706148,529564124706148,./data/generated/street_images/529564124706148.jpg,./data/generated/segmentation_images/529564124706148_segformer-b2-ade512-master-v1.png,0.291959974500868,0.003558688693576389,0.20725335015190974,0.0108642578125,0.4875573052300347,0.0008273654513888889,0.0
KAKI BUKIT MRT,KAKI_BUKIT__IMG0010__M777433372966359,777433372966359,./data/generated/street_images/777433372966359.jpg,./data/generated/segmentation_images/777433372966359_segformer-b2-ade512-master-v1.png,0.3698272705078125,0.022901746961805556,0.2040286593967014,0.0012766520182291667,0.3958265516493055,0.0,0.00037977430555555556
KAKI BUKIT MRT,KAKI_BUKIT__IMG0011__M135139518661168,135139518661168,./data/generated/street_images/135139518661168.jpg,./data/generated/segmentation_images/135139518661168_segformer-b2-ade512-master-v1.png,0.3329637315538194,0.035196940104166664,0.22978719075520834,0.018990410698784724,0.38318888346354163,0.0,0.0
KAKI BUKIT MRT,KAKI_BUKIT__IMG0012__M1406681189701484,1406681189701484,./data/generated/street_images/1406681189701484.jpg,./data/generated/segmentation_images/1406681189701484_segformer-b2-ade512-master-v1.png,0.33740743001302087,0.036773681640625,0.2358856201171875,0.020506117078993056,0.3669874403211805,0.0,0.0
KAKI BUKIT MRT,KAKI_BUKIT__IMG0013__M475405203521944,475405203521944,./data/generated/street_images/475405203521944.jpg,./data/generated/segmentation_images/475405203521944_segformer-b2-ade512-master-v1.png,0.6765721638997396,0.03884760538736979,0.054173787434895836,0.12844721476236978,0.053171793619791664,0.005817413330078125,0.0
KAKI BUKIT MRT,KAKI_BUKIT__IMG0014__M669646767217975,669646767217975,./data/generated/street_images/669646767217975.jpg,./data/generated/segmentation_images/669646767217975_segformer-b2-ade512-master-v1.png,0.3986714680989583,0.12002733018663195,0.24044291178385419,0.010979546440972222,0.21275838216145834,0.005984836154513889,0.00037468804253472225
KALLANG MRT,KALLANG__IMG0001__M1547461736477964,1547461736477964,./data/generated/street_images/1547461736477964.jpg,./data/generated/segmentation_images/1547461736477964_segformer-b2-ade512-master-v1.png,0.327301025390625,0.4670677185058594,0.11964162190755208,0.00019582112630208334,0.032900492350260414,0.052951812744140625,0.0
KALLANG MRT,KALLANG__IMG0002__M1550961626108093,1550961626108093,./data/generated/street_images/1550961626108093.jpg,./data/generated/segmentation_images/1550961626108093_segformer-b2-ade512-master-v1.png,0.272668202718099,0.3416862487792969,0.1130205790201823,0.0005811055501302084,0.2720438639322917,0.0,0.0
KALLANG MRT,KALLANG__IMG0003__M1406273711086694,1406273711086694,./data/generated/street_images/1406273711086694.jpg,./data/generated/segmentation_images/1406273711086694_segformer-b2-ade512-master-v1.png,0.2508557637532552,0.4003245035807292,0.1696624755859375,8.646647135416667e-05,0.1451416015625,0.011555989583333334,0.00015513102213541666
KALLANG MRT,KALLANG__IMG0004__M454180995877054,454180995877054,./data/generated/street_images/454180995877054.jpg,./data/generated/segmentation_images/454180995877054_segformer-b2-ade512-master-v1.png,0.32713812674967885,0.10210191767361164,0.1855823903619884,0.0058996484009150784,0.36003336864677854,0.01052622151254139,0.0
KEMBANGAN MRT,KEMBANGAN__IMG0001__M1616417633144105,1616417633144105,./data/generated/street_images/1616417633144105.jpg,./data/generated/segmentation_images/1616417633144105_segformer-b2-ade512-master-v1.png,0.16711171468098956,0.14514795939127603,0.030287424723307293,0.005954742431640625,0.6233927408854167,0.018076578776041668,0.0
KEMBANGAN MRT,KEMBANGAN__IMG0002__M25159139107088158,25159139107088158,./data/generated/street_images/25159139107088158.jpg,./data/generated/segmentation_images/25159139107088158_segformer-b2-ade512-master-v1.png,0.15695571899414062,0.06966654459635417,0.00501251220703125,0.003627777099609375,0.7587966918945312,0.004807790120442708,0.00015131632486979166
KEMBANGAN MRT,KEMBANGAN__IMG0003__M476429940079736,476429940079736,./data/generated/street_images/476429940079736.jpg,./data/generated/segmentation_images/476429940079736_segformer-b2-ade512-master-v1.png,0.15413072374131945,0.2530483669704861,0.10181342230902778,0.059958563910590276,0.3258005777994792,0.10428025987413195,0.0009680853949652778
KEMBANGAN MRT,KEMBANGAN__IMG0004__M573315626997224,573315626997224,./data/generated/street_images/573315626997224.jpg,./data/generated/segmentation_images/573315626997224_segformer-b2-ade512-master-v1.png,0.09524027506510417,0.38077036539713544,0.0,0.018388112386067707,0.41881434122721356,0.0,7.62939453125e-06
KEMBANGAN MRT,KEMBANGAN__IMG0005__M258901509364233,258901509364233,./data/generated/street_images/258901509364233.jpg,./data/generated/segmentation_images/258901509364233_segformer-b2-ade512-master-v1.png,0.4307975769042968,0.023611704508463543,0.078460693359375,0.26007334391276044,0.1517791748046875,0.0,0.0026308695475260415
KEMBANGAN MRT,KEMBANGAN__IMG0006__M860877311452004,860877311452004,./data/generated/street_images/860877311452004.jpg,./data/generated/segmentation_images/860877311452004_segformer-b2-ade512-master-v1.png,0.3162816365559896,0.032381693522135414,0.3274854024251302,0.07692337036132812,0.2162043253580729,0.020534515380859375,0.0
KEMBANGAN MRT,KEMBANGAN__IMG0007__M254835913055717,254835913055717,./data/generated/street_images/254835913055717.jpg,./data/generated/segmentation_images/254835913055717_segformer-b2-ade512-master-v1.png,0.0,0.0653805202907986,0.03134494357638889,0.21935017903645834,0.6179877387152778,0.0,0.0
KEMBANGAN MRT,KEMBANGAN__IMG0008__M512693826421186,512693826421186,./data/generated/street_images/512693826421186.jpg,./data/generated/segmentation_images/512693826421186_segformer-b2-ade512-master-v1.png,0.0,0.0970611572265625,0.14582655164930555,0.132965087890625,0.4081895616319445,0.021725124782986112,0.0
KEMBANGAN MRT,KEMBANGAN__IMG0009__M339712670903473,339712670903473,./data/generated/street_images/339712670903473.jpg,./data/generated/segmentation_images/339712670903473_segformer-b2-ade512-master-v1.png,0.12114842732747395,0.11002477010091145,0.28606287638346356,0.0022379557291666665,0.09522501627604167,0.027495066324869793,0.0007082621256510416
KEMBANGAN MRT,KEMBANGAN__IMG0010__M794503214513647,794503214513647,./data/generated/street_images/794503214513647.jpg,./data/generated/segmentation_images/794503214513647_segformer-b2-ade512-master-v1.png,0.07648213704427083,0.2330559624565972,0.2712249755859375,0.03870985243055555,0.23229810926649305,0.0,1.52587890625e-05
KEMBANGAN MRT,KEMBANGAN__IMG0011__M908142830040247,908142830040247,./data/generated/street_images/908142830040247.jpg,./data/generated/segmentation_images/908142830040247_segformer-b2-ade512-master-v1.png,0.109954833984375,0.3866000705295139,0.2314605712890625,0.028408474392361112,0.104156494140625,0.0,0.0
KEMBANGAN MRT,KEMBANGAN__IMG0012__M974980639997031,974980639997031,./data/generated/street_images/974980639997031.jpg,./data/generated/segmentation_images/974980639997031_segformer-b2-ade512-master-v1.png,0.3972867329915365,0.15226236979166666,0.1558558146158854,0.10623804728190105,0.15875625610351562,0.001438140869140625,0.0
KHATIB MRT,KHATIB__IMG0001__M1164603023986567,1164603023986567,./data/generated/street_images/1164603023986567.jpg,./data/generated/segmentation_images/1164603023986567_segformer-b2-ade512-master-v1.png,0.4107615152994792,0.1889801025390625,0.07627105712890625,0.019449869791666668,0.06578954060872395,0.11546834309895833,0.0
KHATIB MRT,KHATIB__IMG0002__M270694208100644,270694208100644,./data/generated/street_images/270694208100644.jpg,./data/generated/segmentation_images/270694208100644_segformer-b2-ade512-master-v1.png,0.2243016560872396,0.36101659138997394,0.16307957967122397,0.0013376871744791667,0.07020060221354167,0.13386154174804688,0.00018056233723958334
KHATIB MRT,KHATIB__IMG0003__M175216711166422,175216711166422,./data/generated/street_images/175216711166422.jpg,./data/generated/segmentation_images/175216711166422_segformer-b2-ade512-master-v1.png,0.3071475558810764,0.24357096354166666,0.12357245551215278,0.039696587456597224,0.22786119249131945,0.05726453993055555,7.120768229166667e-05
KHATIB MRT,KHATIB__IMG0004__M454563145839705,454563145839705,./data/generated/street_images/454563145839705.jpg,./data/generated/segmentation_images/454563145839705_segformer-b2-ade512-master-v1.png,0.519839816623264,0.0032094319661458335,0.2546284993489583,0.008427937825520834,0.20899115668402776,0.0,0.00034417046440972225
KHATIB MRT,KHATIB__IMG0005__M216261639999927,216261639999927,./data/generated/street_images/216261639999927.jpg,./data/generated/segmentation_images/216261639999927_segformer-b2-ade512-master-v1.png,0.5860443115234375,0.013251410590277778,0.2667083740234375,0.0007459852430555555,0.1257290310329861,0.00018480088975694444,0.0
KHATIB MRT,KHATIB__IMG0006__M966523284282413,966523284282413,./data/generated/street_images/966523284282413.jpg,./data/generated/segmentation_images/966523284282413_segformer-b2-ade512-master-v1.png,0.6004757351345485,0.0152130126953125,0.2584737141927083,0.005299886067708333,0.11927286783854167,0.0,0.0
KHATIB MRT,KHATIB__IMG0007__M137226528425601,137226528425601,./data/generated/street_images/137226528425601.jpg,./data/generated/segmentation_images/137226528425601_segformer-b2-ade512-master-v1.png,0.5218438042534722,0.014565361870659722,0.2721523708767361,0.008970472547743056,0.16457960340711805,0.0,0.0
KHATIB MRT,KHATIB__IMG0008__M465902384479256,465902384479256,./data/generated/street_images/465902384479256.jpg,./data/generated/segmentation_images/465902384479256_segformer-b2-ade512-master-v1.png,0.5103335910373263,0.038965861002604164,0.2606370713975695,0.03383043077256945,0.1511722140842014,0.0,5.425347222222222e-05
KHATIB MRT,KHATIB__IMG0009__M181925550365878,181925550365878,./data/generated/street_images/181925550365878.jpg,./data/generated/segmentation_images/181925550365878_segformer-b2-ade512-master-v1.png,0.4776577419704861,0.03834194607204861,0.2379947238498264,0.028883192274305556,0.2039116753472222,0.0,0.0
KHATIB MRT,KHATIB__IMG0010__M510111413740627,510111413740627,./data/generated/street_images/510111413740627.jpg,./data/generated/segmentation_images/510111413740627_segformer-b2-ade512-master-v1.png,0.4892137315538194,0.019500732421875,0.2435760498046875,0.04534742567274306,0.1863335503472222,0.0,0.0
KHATIB MRT,KHATIB__IMG0011__M3904298533024459,3904298533024459,./data/generated/street_images/3904298533024459.jpg,./data/generated/segmentation_images/3904298533024459_segformer-b2-ade512-master-v1.png,0.4113040500217014,0.1227450900607639,0.17710028754340276,0.001880221896701389,0.22994147406684026,0.0,0.0
KHATIB MRT,KHATIB__IMG0012__M495533718355095,495533718355095,./data/generated/street_images/495533718355095.jpg,./data/generated/segmentation_images/495533718355095_segformer-b2-ade512-master-v1.png,0.520294189453125,0.13571675618489584,0.0794559054904514,0.025646633572048612,0.22828165690104166,0.0,0.0
KHATIB MRT,KHATIB__IMG0013__M325635012237882,325635012237882,./data/generated/street_images/325635012237882.jpg,./data/generated/segmentation_images/325635012237882_segformer-b2-ade512-master-v1.png,0.49805704752604174,0.0634579128689236,0.21638997395833334,0.032867431640625,0.163238525390625,3.5603841145833336e-05,0.00014241536458333334
KHATIB MRT,KHATIB__IMG0014__M3964177943675966,3964177943675966,./data/generated/street_images/3964177943675966.jpg,./data/generated/segmentation_images/3964177943675966_segformer-b2-ade512-master-v1.png,0.6108517116970485,0.09604560004340278,0.0924563937717014,0.010894775390625,0.1872931586371528,0.0,0.0
KHATIB MRT,KHATIB__IMG0015__M754362145276372,754362145276372,./data/generated/street_images/754362145276372.jpg,./data/generated/segmentation_images/754362145276372_segformer-b2-ade512-master-v1.png,0.568749745686849,0.32625071207682294,0.10315577189127605,0.0,0.0,0.004613240559895833,0.0
KHATIB MRT,KHATIB__IMG0016__M920273148518684,920273148518684,./data/generated/street_images/920273148518684.jpg,./data/generated/segmentation_images/920273148518684_segformer-b2-ade512-master-v1.png,0.6018587748209635,0.2752850850423177,0.11806615193684895,0.0,0.000720977783203125,0.004069010416666667,0.0
KOVAN MRT,KOVAN__IMG0001__M391738618554105,391738618554105,./data/generated/street_images/391738618554105.jpg,./data/generated/segmentation_images/391738618554105_segformer-b2-ade512-master-v1.png,0.1057773166232639,0.07601759168836805,0.3448638916015625,0.022508409288194444,0.4251675075954861,0.025138007269965276,0.0
KOVAN MRT,KOVAN__IMG0002__M4412101632147703,4412101632147703,./data/generated/street_images/4412101632147703.jpg,./data/generated/segmentation_images/4412101632147703_segformer-b2-ade512-master-v1.png,0.2770792643229167,0.046013726128472224,0.3333112928602431,0.03707716200086805,0.3062337239583333,0.0,0.0
KOVAN MRT,KOVAN__IMG0003__M1423085784720499,1423085784720499,./data/generated/street_images/1423085784720499.jpg,./data/generated/segmentation_images/1423085784720499_segformer-b2-ade512-master-v1.png,0.23636711968315974,0.026584201388888888,0.2781541612413194,0.0,0.2592976888020833,0.0,0.0
KOVAN MRT,KOVAN__IMG0004__M796829204558334,796829204558334,./data/generated/street_images/796829204558334.jpg,./data/generated/segmentation_images/796829204558334_segformer-b2-ade512-master-v1.png,0.3442331949869792,0.015504625108506944,0.29595947265625,0.0,0.17252943250868055,0.0,0.0
KOVAN MRT,KOVAN__IMG0005__M138689411525482,138689411525482,./data/generated/street_images/138689411525482.jpg,./data/generated/segmentation_images/138689411525482_segformer-b2-ade512-master-v1.png,0.16201273600260416,0.0763278537326389,0.24251302083333334,5.764431423611111e-05,0.3313683403862847,0.055455525716145836,0.005084567599826389
KOVAN MRT,KOVAN__IMG0006__M860826268110257,860826268110257,./data/generated/street_images/860826268110257.jpg,./data/generated/segmentation_images/860826268110257_segformer-b2-ade512-master-v1.png,0.1804928249782986,0.07967970106336805,0.22939893934461805,0.002353244357638889,0.3141733805338542,0.07769605848524305,0.002044677734375
KOVAN MRT,KOVAN__IMG0007__M323547405950071,323547405950071,./data/generated/street_images/323547405950071.jpg,./data/generated/segmentation_images/323547405950071_segformer-b2-ade512-master-v1.png,0.13363477918836805,0.2502221001519097,0.049997965494791664,0.13627115885416666,0.3879174126519097,0.0314788818359375,0.0
KOVAN MRT,KOVAN__IMG0008__M763899074271363,763899074271363,./data/generated/street_images/763899074271363.jpg,./data/generated/segmentation_images/763899074271363_segformer-b2-ade512-master-v1.png,0.24483574761284724,0.22235107421875,0.06300523546006945,0.07885911729600695,0.2944149441189236,0.06779649522569445,0.0
KOVAN MRT,KOVAN__IMG0009__M154478883303847,154478883303847,./data/generated/street_images/154478883303847.jpg,./data/generated/segmentation_images/154478883303847_segformer-b2-ade512-master-v1.png,0.41202799479166663,0.028696695963541668,0.10816107855902778,0.010211520724826388,0.4353383382161458,0.0,0.0
KOVAN MRT,KOVAN__IMG0010__M2675076439452210,2675076439452210,./data/generated/street_images/2675076439452210.jpg,./data/generated/segmentation_images/2675076439452210_segformer-b2-ade512-master-v1.png,0.2755567762586806,0.025441487630208332,0.10612826877170138,0.00020345052083333334,0.5238630506727431,0.0,0.0
LAKESIDE MRT,LAKESIDE__IMG0001__M1676530613291642,1676530613291642,./data/generated/street_images/1676530613291642.jpg,./data/generated/segmentation_images/1676530613291642_segformer-b2-ade512-master-v1.png,0.14342753092447916,0.20264434814453125,0.0053253173828125,0.40233739217122394,0.21921157836914062,0.027462005615234375,0.0
LAKESIDE MRT,LAKESIDE__IMG0002__M641741655083778,641741655083778,./data/generated/street_images/641741655083778.jpg,./data/generated/segmentation_images/641741655083778_segformer-b2-ade512-master-v1.png,0.17601648966471353,0.19734064737955728,0.00165557861328125,0.35675303141276044,0.1749750773111979,0.037281036376953125,0.0018030802408854167
LAKESIDE MRT,LAKESIDE__IMG0003__M519311917206819,519311917206819,./data/generated/street_images/519311917206819.jpg,./data/generated/segmentation_images/519311917206819_segformer-b2-ade512-master-v1.png,0.238525390625,0.10497792561848958,0.37275060017903644,0.06447982788085938,0.21000289916992188,0.0,0.009263356526692709
LAKESIDE MRT,LAKESIDE__IMG0004__M566113776300006,566113776300006,./data/generated/street_images/566113776300006.jpg,./data/generated/segmentation_images/566113776300006_segformer-b2-ade512-master-v1.png,0.3208084106445312,0.08748372395833333,0.34311803181966144,0.06632614135742188,0.16529210408528647,0.0,0.008319854736328125
LAKESIDE MRT,LAKESIDE__IMG0005__M1275900900293958,1275900900293958,./data/generated/street_images/1275900900293958.jpg,./data/generated/segmentation_images/1275900900293958_segformer-b2-ade512-master-v1.png,0.045778910319010414,0.0645917256673177,0.42857615152994794,0.008371988932291666,0.4234937032063802,0.0,0.016325632731119793
LAKESIDE MRT,LAKESIDE__IMG0006__M818491083756518,818491083756518,./data/generated/street_images/818491083756518.jpg,./data/generated/segmentation_images/818491083756518_segformer-b2-ade512-master-v1.png,0.0630505879720052,0.0636914571126302,0.43790308634440106,0.016237894694010418,0.3986701965332031,0.0,0.006327311197916667
LAKESIDE MRT,LAKESIDE__IMG0007__M2154416694961058,2154416694961058,./data/generated/street_images/2154416694961058.jpg,./data/generated/segmentation_images/2154416694961058_segformer-b2-ade512-master-v1.png,0.16772333780924478,0.1301549275716146,0.0,0.446905771891276,0.20044708251953125,0.0,0.05441411336263021
LAKESIDE MRT,LAKESIDE__IMG0008__M506987175747468,506987175747468,./data/generated/street_images/506987175747468.jpg,./data/generated/segmentation_images/506987175747468_segformer-b2-ade512-master-v1.png,0.17577107747395834,0.15652592976888022,0.0,0.4109598795572917,0.24935150146484375,0.0,0.007391611735026042
LAKESIDE MRT,LAKESIDE__IMG0009__M638447685519983,638447685519983,./data/generated/street_images/638447685519983.jpg,./data/generated/segmentation_images/638447685519983_segformer-b2-ade512-master-v1.png,0.14989344278971356,0.14795939127604166,0.000362396240234375,0.4162241617838542,0.22846603393554688,0.000274658203125,0.05718231201171875
LAKESIDE MRT,LAKESIDE__IMG0010__M1155791006147347,1155791006147347,./data/generated/street_images/1155791006147347.jpg,./data/generated/segmentation_images/1155791006147347_segformer-b2-ade512-master-v1.png,0.11038970947265625,0.22472763061523438,0.0,0.39527638753255206,0.2461687723795573,0.005266825358072917,0.0055999755859375
LAKESIDE MRT,LAKESIDE__IMG0011__M621619610240798,621619610240798,./data/generated/street_images/621619610240798.jpg,./data/generated/segmentation_images/621619610240798_segformer-b2-ade512-master-v1.png,0.09025319417317709,0.2211481730143229,0.0,0.378686269124349,0.22259902954101562,0.007999420166015625,0.0780804951985677
LAKESIDE MRT,LAKESIDE__IMG0012__M8784142711697689,8784142711697689,./data/generated/street_images/8784142711697689.jpg,./data/generated/segmentation_images/8784142711697689_segformer-b2-ade512-master-v1.png,0.13796615600585938,0.18389511108398438,0.0,0.4247932434082031,0.17621866861979166,0.016176859537760414,0.007952372233072916
LAKESIDE MRT,LAKESIDE__IMG0013__M145712334245348,145712334245348,./data/generated/street_images/145712334245348.jpg,./data/generated/segmentation_images/145712334245348_segformer-b2-ade512-master-v1.png,0.5663740370008681,0.1881171332465278,0.20804511176215276,0.018854777018229168,0.010236952039930556,0.006030612521701389,0.001605563693576389
LAKESIDE MRT,LAKESIDE__IMG0014__M474388827229248,474388827229248,./data/generated/street_images/474388827229248.jpg,./data/generated/segmentation_images/474388827229248_segformer-b2-ade512-master-v1.png,0.4790666368272569,0.2270236545138889,4.7471788194444445e-05,0.0013427734375,0.2811160617404514,0.0,0.010274251302083334
LAKESIDE MRT,LAKESIDE__IMG0015__M751613128867362,751613128867362,./data/generated/street_images/751613128867362.jpg,./data/generated/segmentation_images/751613128867362_segformer-b2-ade512-master-v1.png,0.07887098524305555,0.1979760064019097,0.030651516384548612,0.1324649386935764,0.5051015218098959,0.044928656684027776,0.004060533311631944
LAKESIDE MRT,LAKESIDE__IMG0016__M512946686555703,512946686555703,./data/generated/street_images/512946686555703.jpg,./data/generated/segmentation_images/512946686555703_segformer-b2-ade512-master-v1.png,0.2320488823784722,0.2730797661675347,0.2702992757161458,0.004789564344618056,0.13716634114583334,0.08025105794270834,0.0
LAKESIDE MRT,LAKESIDE__IMG0017__M590013005293551,590013005293551,./data/generated/street_images/590013005293551.jpg,./data/generated/segmentation_images/590013005293551_segformer-b2-ade512-master-v1.png,0.22534010145399305,0.2818060980902778,0.2706366644965278,0.0026499430338541665,0.11470540364583333,0.10057915581597222,0.0
LAKESIDE MRT,LAKESIDE__IMG0018__M815523846028704,815523846028704,./data/generated/street_images/815523846028704.jpg,./data/generated/segmentation_images/815523846028704_segformer-b2-ade512-master-v1.png,0.2182956271701389,0.2597164577907986,0.2280341254340278,0.001483493381076389,0.1425696478949653,0.1475067138671875,9.494357638888889e-05
LAKESIDE MRT,LAKESIDE__IMG0019__M1319532429184855,1319532429184855,./data/generated/street_images/1319532429184855.jpg,./data/generated/segmentation_images/1319532429184855_segformer-b2-ade512-master-v1.png,0.12326939900716145,0.2142791748046875,0.459326426188151,0.011948903401692709,0.05854161580403646,0.015050252278645834,0.0
LAKESIDE MRT,LAKESIDE__IMG0020__M1693253178268628,1693253178268628,./data/generated/street_images/1693253178268628.jpg,./data/generated/segmentation_images/1693253178268628_segformer-b2-ade512-master-v1.png,0.12021636962890624,0.18771998087565103,0.4748382568359375,0.020016988118489582,0.0871111551920573,0.014019012451171875,0.0
LAKESIDE MRT,LAKESIDE__IMG0021__M658798889811860,658798889811860,./data/generated/street_images/658798889811860.jpg,./data/generated/segmentation_images/658798889811860_segformer-b2-ade512-master-v1.png,0.3799400329589844,0.18406550089518228,0.0,0.43323644002278644,0.0,0.0,0.002758026123046875
LAKESIDE MRT,LAKESIDE__IMG0022__M369837747788602,369837747788602,./data/generated/street_images/369837747788602.jpg,./data/generated/segmentation_images/369837747788602_segformer-b2-ade512-master-v1.png,0.030561659071180556,0.3505164252387153,0.008027818467881944,0.1388668484157986,0.3465254041883681,0.10119798448350695,0.0031687418619791665
LAKESIDE MRT,LAKESIDE__IMG0023__M499728901173257,499728901173257,./data/generated/street_images/499728901173257.jpg,./data/generated/segmentation_images/499728901173257_segformer-b2-ade512-master-v1.png,0.05136447482638889,0.423980712890625,0.05870395236545139,0.0520172119140625,0.10469563802083333,0.14366319444444445,0.0015496148003472222
LAKESIDE MRT,LAKESIDE__IMG0024__M8938147326234056,8938147326234056,./data/generated/street_images/8938147326234056.jpg,./data/generated/segmentation_images/8938147326234056_segformer-b2-ade512-master-v1.png,0.49521001180013025,0.13632074991861978,0.3465563456217448,0.021219889322916668,0.0003827412923177083,0.0,0.0
LAKESIDE MRT,LAKESIDE__IMG0025__M480662306517242,480662306517242,./data/generated/street_images/480662306517242.jpg,./data/generated/segmentation_images/480662306517242_segformer-b2-ade512-master-v1.png,0.7571207682291667,0.10637749565972222,0.0013037787543402778,0.028871324327256948,0.037345038519965276,2.3735894097222223e-05,0.0
LAKESIDE MRT,LAKESIDE__IMG0026__M782969689276048,782969689276048,./data/generated/street_images/782969689276048.jpg,./data/generated/segmentation_images/782969689276048_segformer-b2-ade512-master-v1.png,0.7792137993706598,0.08616468641493055,0.0006663004557291666,0.05463833279079861,0.059914482964409724,0.0,0.0
LAKESIDE MRT,LAKESIDE__IMG0027__M943080229848201,943080229848201,./data/generated/street_images/943080229848201.jpg,./data/generated/segmentation_images/943080229848201_segformer-b2-ade512-master-v1.png,0.6728956434461805,0.12808057996961805,0.15444776746961805,0.007203843858506944,0.027767605251736112,0.0055389404296875,0.00011020236545138889
LAKESIDE MRT,LAKESIDE__IMG0028__M117825067019208,117825067019208,./data/generated/street_images/117825067019208.jpg,./data/generated/segmentation_images/117825067019208_segformer-b2-ade512-master-v1.png,0.5639021131727431,0.1710781521267361,0.1018218994140625,0.018124050564236112,0.0713653564453125,0.0712856716579861,0.0002950032552083333
LAKESIDE MRT,LAKESIDE__IMG0029__M155850583213764,155850583213764,./data/generated/street_images/155850583213764.jpg,./data/generated/segmentation_images/155850583213764_segformer-b2-ade512-master-v1.png,0.7324100070529515,0.1307033962673611,0.07310316297743055,0.005550808376736111,0.055336846245659724,0.0,0.0
LAKESIDE MRT,LAKESIDE__IMG0030__M485020405946946,485020405946946,./data/generated/street_images/485020405946946.jpg,./data/generated/segmentation_images/485020405946946_segformer-b2-ade512-master-v1.png,0.6864098442925347,0.13015916612413195,0.1493767632378472,0.004940456814236111,0.019775390625,0.0009765625,0.0004170735677083333
LAVENDER MRT,LAVENDER__IMG0001__M319890613056062,319890613056062,./data/generated/street_images/319890613056062.jpg,./data/generated/segmentation_images/319890613056062_segformer-b2-ade512-master-v1.png,0.3761274549696181,0.16282145182291666,0.04802110460069445,0.046315511067708336,0.35204230414496523,0.013994004991319444,0.00045098198784722225
LAVENDER MRT,LAVENDER__IMG0002__M530284934652408,530284934652408,./data/generated/street_images/530284934652408.jpg,./data/generated/segmentation_images/530284934652408_segformer-b2-ade512-master-v1.png,0.4234246148003472,0.16102091471354166,0.051856146918402776,0.06245591905381945,0.28504265679253477,0.014360215928819446,0.0022989908854166665
LAVENDER MRT,LAVENDER__IMG0003__M181972653838320,181972653838320,./data/generated/street_images/181972653838320.jpg,./data/generated/segmentation_images/181972653838320_segformer-b2-ade512-master-v1.png,0.3560587565104167,0.16924540201822916,0.07213677300347222,0.0655178493923611,0.2979041205512153,0.03336927625868055,0.0002848307291666667
LAVENDER MRT,LAVENDER__IMG0004__M504011710805921,504011710805921,./data/generated/street_images/504011710805921.jpg,./data/generated/segmentation_images/504011710805921_segformer-b2-ade512-master-v1.png,0.24558512369791666,0.1823154025607639,0.08502705891927083,0.045861138237847224,0.3834584554036458,0.04827880859375,0.0036875406901041665
MACPHERSON MRT,MACPHERSON__IMG0001__M151673573643563,151673573643563,./data/generated/street_images/151673573643563.jpg,./data/generated/segmentation_images/151673573643563_segformer-b2-ade512-master-v1.png,0.17461480034722224,0.14040968153211805,0.13545057508680555,0.0797915988498264,0.4571651882595486,0.006098429361979167,0.0
MACPHERSON MRT,MACPHERSON__IMG0002__M969434713895175,969434713895175,./data/generated/street_images/969434713895175.jpg,./data/generated/segmentation_images/969434713895175_segformer-b2-ade512-master-v1.png,0.14098951551649308,0.1612972683376736,0.13615587022569445,0.0955318874782986,0.4290279812282986,0.03799608018663195,0.0
MACPHERSON MRT,MACPHERSON__IMG0003__M140120941509448,140120941509448,./data/generated/street_images/140120941509448.jpg,./data/generated/segmentation_images/140120941509448_segformer-b2-ade512-master-v1.png,0.2524990505642361,0.07573784722222222,0.016974555121527776,0.2210845947265625,0.3749169243706597,0.052344428168402776,0.0
MACPHERSON MRT,MACPHERSON__IMG0004__M312119930472409,312119930472409,./data/generated/street_images/312119930472409.jpg,./data/generated/segmentation_images/312119930472409_segformer-b2-ade512-master-v1.png,0.19231160481770831,0.0740932888454861,0.14416334364149305,0.052668253580729164,0.2528262668185764,0.2814246283637153,0.0
MACPHERSON MRT,MACPHERSON__IMG0005__M147909420654012,147909420654012,./data/generated/street_images/147909420654012.jpg,./data/generated/segmentation_images/147909420654012_segformer-b2-ade512-master-v1.png,0.2729983859592014,0.037043253580729164,0.19719102647569445,0.038777669270833336,0.42619832356770837,0.0,0.0
MACPHERSON MRT,MACPHERSON__IMG0006__M525782275261984,525782275261984,./data/generated/street_images/525782275261984.jpg,./data/generated/segmentation_images/525782275261984_segformer-b2-ade512-master-v1.png,0.38404337565104163,0.04526943630642361,0.196075439453125,0.0319671630859375,0.319246080186632,0.0,0.0
MACPHERSON MRT,MACPHERSON__IMG0007__M176685454343104,176685454343104,./data/generated/street_images/176685454343104.jpg,./data/generated/segmentation_images/176685454343104_segformer-b2-ade512-master-v1.png,0.07812495024851861,0.0,0.6824295280216264,0.11469109504204597,0.09321596759865122,0.011166620497291928,0.019835318616447124
MACPHERSON MRT,MACPHERSON__IMG0008__M519161392458835,519161392458835,./data/generated/street_images/519161392458835.jpg,./data/generated/segmentation_images/519161392458835_segformer-b2-ade512-master-v1.png,0.21270243326822919,0.0,0.07567681206597222,0.008019341362847222,0.6780683729383681,0.014322916666666666,0.0
MACPHERSON MRT,MACPHERSON__IMG0009__M1959268194237763,1959268194237763,./data/generated/street_images/1959268194237763.jpg,./data/generated/segmentation_images/1959268194237763_segformer-b2-ade512-master-v1.png,0.16439988878038195,0.09513176812065972,0.16762797037760416,0.011035495334201388,0.5521647135416666,0.010087754991319444,5.0862630208333336e-05
MACPHERSON MRT,MACPHERSON__IMG0010__M481602493072656,481602493072656,./data/generated/street_images/481602493072656.jpg,./data/generated/segmentation_images/481602493072656_segformer-b2-ade512-master-v1.png,0.16765340169270834,0.09890916612413195,0.16662767198350695,0.014094034830729166,0.544002956814236,0.010033501519097222,0.0
MACPHERSON MRT,MACPHERSON__IMG0011__M1010640716344001,1010640716344001,./data/generated/street_images/1010640716344001.jpg,./data/generated/segmentation_images/1010640716344001_segformer-b2-ade512-master-v1.png,0.103179931640625,0.3815341525607639,0.2666490342881944,0.015206231011284722,0.15202162000868055,0.026791042751736112,0.00023905436197916666
MACPHERSON MRT,MACPHERSON__IMG0012__M4181946625188894,4181946625188894,./data/generated/street_images/4181946625188894.jpg,./data/generated/segmentation_images/4181946625188894_segformer-b2-ade512-master-v1.png,0.1946389395690646,0.005048382320631979,0.00017990135674279839,0.3180257975361474,0.400745396594929,0.0,0.0015984155944227395
MACPHERSON MRT,MACPHERSON__IMG0013__M161930939127091,161930939127091,./data/generated/street_images/161930939127091.jpg,./data/generated/segmentation_images/161930939127091_segformer-b2-ade512-master-v1.png,0.17761199257469093,0.003760415970145927,0.0004378130363209695,0.32534125536121966,0.41929911705050926,0.0,0.011446820840537348
MARINE PARADE MRT,MARINE_PARADE__IMG0001__M249295113645291,249295113645291,./data/generated/street_images/249295113645291.jpg,./data/generated/segmentation_images/249295113645291_segformer-b2-ade512-master-v1.png,0.003989325629340278,0.3495652940538194,0.09820048014322917,0.036875406901041664,0.4450564914279514,0.05687628851996528,0.0
MARINE PARADE MRT,MARINE_PARADE__IMG0002__M311148813859169,311148813859169,./data/generated/street_images/311148813859169.jpg,./data/generated/segmentation_images/311148813859169_segformer-b2-ade512-master-v1.png,0.004245334201388889,0.3577372233072917,0.11640252007378472,0.031144883897569444,0.4496443006727431,0.014853583441840278,0.002282036675347222
MARINE PARADE MRT,MARINE_PARADE__IMG0003__M460649266353132,460649266353132,./data/generated/street_images/460649266353132.jpg,./data/generated/segmentation_images/460649266353132_segformer-b2-ade512-master-v1.png,0.054180145263671875,0.15026473999023438,0.25753148396809894,0.018802642822265625,0.4780248006184896,0.009456634521484375,0.0
MARINE PARADE MRT,MARINE_PARADE__IMG0004__M7530217770398150,7530217770398150,./data/generated/street_images/7530217770398150.jpg,./data/generated/segmentation_images/7530217770398150_segformer-b2-ade512-master-v1.png,0.07718022664388022,0.13191604614257812,0.24790827433268228,0.015771230061848957,0.46799341837565106,0.037478129069010414,0.0
MARINE TERRACE MRT,MARINE_TERRACE__IMG0001__M222731956023207,222731956023207,./data/generated/street_images/222731956023207.jpg,./data/generated/segmentation_images/222731956023207_segformer-b2-ade512-master-v1.png,0.10085550944010417,0.23452250162760416,0.20031568739149305,0.022691514756944444,0.21331787109375,0.19034661187065974,0.00023735894097222222
MARINE TERRACE MRT,MARINE_TERRACE__IMG0002__M318912803086724,318912803086724,./data/generated/street_images/318912803086724.jpg,./data/generated/segmentation_images/318912803086724_segformer-b2-ade512-master-v1.png,0.1835208468967014,0.2635837131076389,0.2264743381076389,0.0013987223307291667,0.05518934461805556,0.19271681043836805,0.0
MARINE TERRACE MRT,MARINE_TERRACE__IMG0003__M1145095282649785,1145095282649785,./data/generated/street_images/1145095282649785.jpg,./data/generated/segmentation_images/1145095282649785_segformer-b2-ade512-master-v1.png,0.062403361002604164,0.1725396050347222,0.1898769802517361,0.06758626302083333,0.31282721625434023,0.11454603407118055,0.0
MARINE TERRACE MRT,MARINE_TERRACE__IMG0004__M1420026152472643,1420026152472643,./data/generated/street_images/1420026152472643.jpg,./data/generated/segmentation_images/1420026152472643_segformer-b2-ade512-master-v1.png,0.33205159505208337,0.12060928344726562,0.2703997294108073,0.0013669331868489583,0.0656572977701823,0.2099151611328125,0.0
MARINE TERRACE MRT,MARINE_TERRACE__IMG0005__M579896031819250,579896031819250,./data/generated/street_images/579896031819250.jpg,./data/generated/segmentation_images/579896031819250_segformer-b2-ade512-master-v1.png,0.3777732849121094,0.080657958984375,0.15232721964518228,0.0,0.06464131673177083,0.3221410115559896,0.0
MARINE TERRACE MRT,MARINE_TERRACE__IMG0006__M1010957501021662,1010957501021662,./data/generated/street_images/1010957501021662.jpg,./data/generated/segmentation_images/1010957501021662_segformer-b2-ade512-master-v1.png,0.351104736328125,0.08446884155273438,0.31488291422526044,0.005062103271484375,0.0866546630859375,0.15502929687499997,0.0027453104654947915
MARINE TERRACE MRT,MARINE_TERRACE__IMG0007__M1169328200250921,1169328200250921,./data/generated/street_images/1169328200250921.jpg,./data/generated/segmentation_images/1169328200250921_segformer-b2-ade512-master-v1.png,0.6072709825303819,0.04975552029079861,0.2776285807291667,0.008504231770833334,0.015623304578993056,0.017676459418402776,0.0
MARINE TERRACE MRT,MARINE_TERRACE__IMG0008__M1359678832195025,1359678832195025,./data/generated/street_images/1359678832195025.jpg,./data/generated/segmentation_images/1359678832195025_segformer-b2-ade512-master-v1.png,0.8599891662597657,0.06312815348307292,0.042867024739583336,0.007718404134114583,0.00012969970703125,0.00879669189453125,0.0
MARINE TERRACE MRT,MARINE_TERRACE__IMG0009__M1563986833776443,1563986833776443,./data/generated/street_images/1563986833776443.jpg,./data/generated/segmentation_images/1563986833776443_segformer-b2-ade512-master-v1.png,0.5470530192057292,0.14869520399305555,0.2376742892795139,0.004392835828993055,0.003907945421006944,0.05085415310329861,0.0
MARINE TERRACE MRT,MARINE_TERRACE__IMG0010__M308151237459915,308151237459915,./data/generated/street_images/308151237459915.jpg,./data/generated/segmentation_images/308151237459915_segformer-b2-ade512-master-v1.png,0.47988382975260413,0.1497717963324653,0.2819959852430556,0.020228068033854168,0.015586005316840278,0.0243377685546875,0.0
MARSILING MRT,MARSILING__IMG0001__M1256668014748056,1256668014748056,./data/generated/street_images/1256668014748056.jpg,./data/generated/segmentation_images/1256668014748056_segformer-b2-ade512-master-v1.png,0.1785007052951389,0.12482367621527778,0.2793680826822917,0.027884589301215276,0.3865966796875,0.0,0.0
MARSILING MRT,MARSILING__IMG0002__M903305500512222,903305500512222,./data/generated/street_images/903305500512222.jpg,./data/generated/segmentation_images/903305500512222_segformer-b2-ade512-master-v1.png,0.025780571831597224,0.11098734537760417,0.3098551432291667,0.040491739908854164,0.5071902804904513,0.0,0.0006866455078125
MARSILING MRT,MARSILING__IMG0003__M522389562093224,522389562093224,./data/generated/street_images/522389562093224.jpg,./data/generated/segmentation_images/522389562093224_segformer-b2-ade512-master-v1.png,0.10151163736979166,0.1619042290581597,0.2643720838758681,0.04937744140625,0.4177059597439236,0.0,0.0
MARSILING MRT,MARSILING__IMG0004__M968905693918684,968905693918684,./data/generated/street_images/968905693918684.jpg,./data/generated/segmentation_images/968905693918684_segformer-b2-ade512-master-v1.png,0.23954264322916666,0.07327779134114583,0.278656005859375,0.04864162868923611,0.3631134033203125,0.0,0.0
MARSILING MRT,MARSILING__IMG0005__M833817164203614,833817164203614,./data/generated/street_images/833817164203614.jpg,./data/generated/segmentation_images/833817164203614_segformer-b2-ade512-master-v1.png,0.35592990451388884,0.1236690945095486,0.2863210042317708,0.005413479275173611,0.1685451931423611,0.043633355034722224,0.0011376274956597222
MARSILING MRT,MARSILING__IMG0006__M907982876425187,907982876425187,./data/generated/street_images/907982876425187.jpg,./data/generated/segmentation_images/907982876425187_segformer-b2-ade512-master-v1.png,0.3205600314670139,0.21388075086805555,0.07986958821614583,0.014421251085069444,0.1001010470920139,0.0887942843967014,0.001102023654513889
MARSILING MRT,MARSILING__IMG0007__M478009466769094,478009466769094,./data/generated/street_images/478009466769094.jpg,./data/generated/segmentation_images/478009466769094_segformer-b2-ade512-master-v1.png,0.4317864312065972,0.13737318250868055,0.23612467447916666,0.0,0.11884392632378471,0.05047946506076389,0.0
MARSILING MRT,MARSILING__IMG0008__M523735022093573,523735022093573,./data/generated/street_images/523735022093573.jpg,./data/generated/segmentation_images/523735022093573_segformer-b2-ade512-master-v1.png,0.5243157280815972,0.1315392388237847,0.2343716091579861,0.0006578233506944445,0.037638346354166664,0.040856255425347224,0.0
MARSILING MRT,MARSILING__IMG0009__M841852753102031,841852753102031,./data/generated/street_images/841852753102031.jpg,./data/generated/segmentation_images/841852753102031_segformer-b2-ade512-master-v1.png,0.5166609022352431,0.14834086100260416,0.2701772054036458,0.0007425944010416666,0.022823757595486112,0.007727728949652778,0.0
MARSILING MRT,MARSILING__IMG0010__M1151551131960030,1151551131960030,./data/generated/street_images/1151551131960030.jpg,./data/generated/segmentation_images/1151551131960030_segformer-b2-ade512-master-v1.png,0.4751349555121528,0.07012261284722222,0.24850633409288195,0.005791558159722222,0.09721544053819445,0.09509785970052084,0.00016106499565972222
MARSILING MRT,MARSILING__IMG0011__M813552846222108,813552846222108,./data/generated/street_images/813552846222108.jpg,./data/generated/segmentation_images/813552846222108_segformer-b2-ade512-master-v1.png,0.6086832682291667,0.1584014892578125,0.1166263156467014,0.018568250868055556,0.06430392795138888,0.006924099392361111,0.005720350477430556
MARSILING MRT,MARSILING__IMG0012__M142256884619255,142256884619255,./data/generated/street_images/142256884619255.jpg,./data/generated/segmentation_images/142256884619255_segformer-b2-ade512-master-v1.png,0.4829525417751736,0.05374484592013889,0.022798326280381944,0.08229234483506945,0.3582119411892361,0.0,0.0
MARSILING MRT,MARSILING__IMG0013__M300920354964598,300920354964598,./data/generated/street_images/300920354964598.jpg,./data/generated/segmentation_images/300920354964598_segformer-b2-ade512-master-v1.png,0.4510226779513889,0.04983859592013889,0.027187771267361112,0.0911102294921875,0.3808407253689236,0.0,0.0
MARSILING MRT,MARSILING__IMG0014__M166743102077928,166743102077928,./data/generated/street_images/166743102077928.jpg,./data/generated/segmentation_images/166743102077928_segformer-b2-ade512-master-v1.png,0.07935587565104167,0.04386732313368055,0.1612057156032986,0.019885592990451388,0.5226609971788194,0.1719902886284722,0.00034417046440972225
MARSILING MRT,MARSILING__IMG0015__M527659641724595,527659641724595,./data/generated/street_images/527659641724595.jpg,./data/generated/segmentation_images/527659641724595_segformer-b2-ade512-master-v1.png,0.06763543023003472,0.047571818033854164,0.16686842176649305,0.018880208333333332,0.5048607720269097,0.1941765679253472,0.0
MARSILING MRT,MARSILING__IMG0016__M306678780986907,306678780986907,./data/generated/street_images/306678780986907.jpg,./data/generated/segmentation_images/306678780986907_segformer-b2-ade512-master-v1.png,0.18729654947916666,0.11457994249131945,0.17024739583333334,0.0002695719401041667,0.45514255099826384,0.05531480577256945,0.0012376573350694445
MARSILING MRT,MARSILING__IMG0017__M4447094511990747,4447094511990747,./data/generated/street_images/4447094511990747.jpg,./data/generated/segmentation_images/4447094511990747_segformer-b2-ade512-master-v1.png,0.2134026421440972,0.0980495876736111,0.17318216959635416,0.007561577690972222,0.3906673855251736,0.09799702962239583,0.0
MARSILING MRT,MARSILING__IMG0018__M1672360799615449,1672360799615449,./data/generated/street_images/1672360799615449.jpg,./data/generated/segmentation_images/1672360799615449_segformer-b2-ade512-master-v1.png,0.3299899631076389,0.0,0.18675062391493055,0.006676567925347222,0.4519670274522569,0.00015767415364583334,0.0
MARSILING MRT,MARSILING__IMG0019__M210134280951837,210134280951837,./data/generated/street_images/210134280951837.jpg,./data/generated/segmentation_images/210134280951837_segformer-b2-ade512-master-v1.png,0.2781846788194444,0.017840915256076388,0.2082672119140625,0.009831746419270834,0.4598185221354167,0.0,0.012478298611111112
MARSILING MRT,MARSILING__IMG0020__M1145213512631985,1145213512631985,./data/generated/street_images/1145213512631985.jpg,./data/generated/segmentation_images/1145213512631985_segformer-b2-ade512-master-v1.png,0.5777553982204862,0.08748541937934028,0.15889485677083334,0.01666259765625,0.1410607231987847,0.00011867947048611111,0.0
MARSILING MRT,MARSILING__IMG0021__M319637946303803,319637946303803,./data/generated/street_images/319637946303803.jpg,./data/generated/segmentation_images/319637946303803_segformer-b2-ade512-master-v1.png,0.5442742241753472,0.10027567545572917,0.1639862060546875,0.013481987847222222,0.15337287055121526,0.0,0.0029924180772569445
MARSILING MRT,MARSILING__IMG0022__M142740664465489,142740664465489,./data/generated/street_images/142740664465489.jpg,./data/generated/segmentation_images/142740664465489_segformer-b2-ade512-master-v1.png,0.5071936713324653,0.11427815755208333,0.09499274359809028,3.3908420138888887e-06,0.2780473497178819,0.005199856228298611,0.0006374782986111111
MARSILING MRT,MARSILING__IMG0023__M219671429716474,219671429716474,./data/generated/street_images/219671429716474.jpg,./data/generated/segmentation_images/219671429716474_segformer-b2-ade512-master-v1.png,0.4902462429470486,0.08064948187934028,0.12964375813802081,0.001339382595486111,0.2691667344835069,0.010065714518229166,0.00022718641493055556
MARSILING MRT,MARSILING__IMG0024__M376471213785727,376471213785727,./data/generated/street_images/376471213785727.jpg,./data/generated/segmentation_images/376471213785727_segformer-b2-ade512-master-v1.png,0.4556477864583333,0.0875583224826389,0.13285997178819445,0.051701863606770836,0.2656402587890625,0.0,0.0
MARSILING MRT,MARSILING__IMG0025__M512838709841948,512838709841948,./data/generated/street_images/512838709841948.jpg,./data/generated/segmentation_images/512838709841948_segformer-b2-ade512-master-v1.png,0.4817962646484375,0.0998111300998264,0.14178636338975695,0.03202480740017361,0.18896314832899305,0.04374525282118055,0.00019497341579861112
MARYMOUNT MRT,MARYMOUNT__IMG0001__M277502377411027,277502377411027,./data/generated/street_images/277502377411027.jpg,./data/generated/segmentation_images/277502377411027_segformer-b2-ade512-master-v1.png,0.2985331217447917,0.1301032172309028,0.030678643120659724,0.12378438313802083,0.3617384168836805,0.0019700792100694445,0.0
MARYMOUNT MRT,MARYMOUNT__IMG0002__M459291395169795,459291395169795,./data/generated/street_images/459291395169795.jpg,./data/generated/segmentation_images/459291395169795_segformer-b2-ade512-master-v1.png,0.3365648057725695,0.2824079725477431,0.006378173828125,0.08749559190538193,0.207733154296875,0.0,0.022255791558159724
MARYMOUNT MRT,MARYMOUNT__IMG0003__M222748215916406,222748215916406,./data/generated/street_images/222748215916406.jpg,./data/generated/segmentation_images/222748215916406_segformer-b2-ade512-master-v1.png,0.49564615885416663,0.2142605251736111,0.011267768012152778,0.054373847113715276,0.1566552056206597,0.0,0.0
MARYMOUNT MRT,MARYMOUNT__IMG0004__M809316636358892,809316636358892,./data/generated/street_images/809316636358892.jpg,./data/generated/segmentation_images/809316636358892_segformer-b2-ade512-master-v1.png,0.2821706136067708,0.2939012315538194,0.016289605034722224,0.16880967881944445,0.18846299913194445,0.0003204345703125,0.017832438151041668
MARYMOUNT MRT,MARYMOUNT__IMG0005__M175632584470188,175632584470188,./data/generated/street_images/175632584470188.jpg,./data/generated/segmentation_images/175632584470188_segformer-b2-ade512-master-v1.png,0.5242750379774305,0.2338782416449653,0.0893520779079861,0.0,0.0457763671875,0.0,0.0
MARYMOUNT MRT,MARYMOUNT__IMG0006__M303689794733075,303689794733075,./data/generated/street_images/303689794733075.jpg,./data/generated/segmentation_images/303689794733075_segformer-b2-ade512-master-v1.png,0.5289764404296875,0.2494320339626736,0.14111158582899305,0.0001220703125,0.031039767795138888,0.0,0.0
MARYMOUNT MRT,MARYMOUNT__IMG0007__M778173583062194,778173583062194,./data/generated/street_images/778173583062194.jpg,./data/generated/segmentation_images/778173583062194_segformer-b2-ade512-master-v1.png,0.5130513509114584,0.06170484754774305,0.211151123046875,0.021519978841145832,0.13484700520833334,0.0,0.0
MARYMOUNT MRT,MARYMOUNT__IMG0008__M802723822056100,802723822056100,./data/generated/street_images/802723822056100.jpg,./data/generated/segmentation_images/802723822056100_segformer-b2-ade512-master-v1.png,0.17175801595052084,0.33583704630533856,0.2128168741861979,0.06710433959960938,0.1960004170735677,0.0,0.0
MARYMOUNT MRT,MARYMOUNT__IMG0009__M1408248569529581,1408248569529581,./data/generated/street_images/1408248569529581.jpg,./data/generated/segmentation_images/1408248569529581_segformer-b2-ade512-master-v1.png,0.25833638509114587,0.2210659450954861,0.16843329535590276,0.004040188259548611,0.3367546929253472,0.0015869140625,0.0
MARYMOUNT MRT,MARYMOUNT__IMG0010__M1433296593689152,1433296593689152,./data/generated/street_images/1433296593689152.jpg,./data/generated/segmentation_images/1433296593689152_segformer-b2-ade512-master-v1.png,0.6583523220486112,0.019919501410590276,0.19720628526475695,0.001690334743923611,0.11203681098090278,0.0,0.0
MARYMOUNT MRT,MARYMOUNT__IMG0011__M1890511451114746,1890511451114746,./data/generated/street_images/1890511451114746.jpg,./data/generated/segmentation_images/1890511451114746_segformer-b2-ade512-master-v1.png,0.3342454698350695,0.08557976616753472,0.3061964246961806,0.044957478841145836,0.15458848741319445,0.05437893337673611,0.0
MARYMOUNT MRT,MARYMOUNT__IMG0012__M303455188167526,303455188167526,./data/generated/street_images/303455188167526.jpg,./data/generated/segmentation_images/303455188167526_segformer-b2-ade512-master-v1.png,0.33599514431423616,0.029815673828125,0.2848561604817708,0.03332858615451389,0.223388671875,0.06339009602864583,0.001079983181423611
MARYMOUNT MRT,MARYMOUNT__IMG0013__M584631009168556,584631009168556,./data/generated/street_images/584631009168556.jpg,./data/generated/segmentation_images/584631009168556_segformer-b2-ade512-master-v1.png,0.3160756429036458,0.022367689344618056,0.22041490342881945,0.0096282958984375,0.3053334554036458,0.0836825900607639,0.0
MARYMOUNT MRT,MARYMOUNT__IMG0014__M958448974926531,958448974926531,./data/generated/street_images/958448974926531.jpg,./data/generated/segmentation_images/958448974926531_segformer-b2-ade512-master-v1.png,0.38572353786892366,0.070770263671875,0.18268839518229166,0.011099921332465278,0.19769456651475692,0.07492574055989583,0.0
MARYMOUNT MRT,MARYMOUNT__IMG0015__M1549981019270112,1549981019270112,./data/generated/street_images/1549981019270112.jpg,./data/generated/segmentation_images/1549981019270112_segformer-b2-ade512-master-v1.png,0.0011444091796875,0.34912109375,0.15587615966796875,0.16446940104166666,0.32938893636067706,0.0,0.0
MARYMOUNT MRT,MARYMOUNT__IMG0016__M425073588577994,425073588577994,./data/generated/street_images/425073588577994.jpg,./data/generated/segmentation_images/425073588577994_segformer-b2-ade512-master-v1.png,0.3458489312065972,0.16634962293836805,0.030875311957465276,0.08268568250868055,0.2685428195529514,0.035586886935763895,0.0
MARYMOUNT MRT,MARYMOUNT__IMG0017__M814524852822017,814524852822017,./data/generated/street_images/814524852822017.jpg,./data/generated/segmentation_images/814524852822017_segformer-b2-ade512-master-v1.png,0.5971357557508681,0.027355617947048612,0.007554796006944444,0.022783067491319444,0.3398573133680555,0.0,0.0
MARYMOUNT MRT,MARYMOUNT__IMG0018__M459832601948936,459832601948936,./data/generated/street_images/459832601948936.jpg,./data/generated/segmentation_images/459832601948936_segformer-b2-ade512-master-v1.png,0.03365749782986111,0.2565205891927083,0.022894965277777776,0.0704159206814236,0.6157328287760417,0.00016276041666666666,0.0
MARYMOUNT MRT,MARYMOUNT__IMG0019__M464443544820280,464443544820280,./data/generated/street_images/464443544820280.jpg,./data/generated/segmentation_images/464443544820280_segformer-b2-ade512-master-v1.png,0.11779954698350695,0.2149624294704861,0.0521240234375,0.08513556586371528,0.4894731309678819,0.031977335611979164,0.0
MARYMOUNT MRT,MARYMOUNT__IMG0020__M472079020517760,472079020517760,./data/generated/street_images/472079020517760.jpg,./data/generated/segmentation_images/472079020517760_segformer-b2-ade512-master-v1.png,0.09332275390624999,0.20187547471788195,0.048497517903645836,0.11653306749131945,0.5088704427083334,0.0308380126953125,0.0
MATTAR MRT,MATTAR__IMG0001__M2370789649721051,2370789649721051,./data/generated/street_images/2370789649721051.jpg,./data/generated/segmentation_images/2370789649721051_segformer-b2-ade512-master-v1.png,0.0,0.0,0.0,0.23191036136291995,0.7388150709575528,0.0,0.0
MATTAR MRT,MATTAR__IMG0002__M822910761649816,822910761649816,./data/generated/street_images/822910761649816.jpg,./data/generated/segmentation_images/822910761649816_segformer-b2-ade512-master-v1.png,0.019099792715427895,0.0021206071431982957,0.0,0.10370119180668723,0.6750949656276966,0.0,0.0
MATTAR MRT,MATTAR__IMG0003__M1068218433588022,1068218433588022,./data/generated/street_images/1068218433588022.jpg,./data/generated/segmentation_images/1068218433588022_segformer-b2-ade512-master-v1.png,0.5233537433810629,0.0017528441926886816,0.01376484186193128,0.2536131515852016,0.09927052387911903,0.0,0.00022447868407729707
MATTAR MRT,MATTAR__IMG0004__M217704326513379,217704326513379,./data/generated/street_images/217704326513379.jpg,./data/generated/segmentation_images/217704326513379_segformer-b2-ade512-master-v1.png,0.48975835904489895,0.0,0.06178258363821042,0.172498336310462,0.08551841839642617,0.0,0.0
MATTAR MRT,MATTAR__IMG0005__M296081425501050,296081425501050,./data/generated/street_images/296081425501050.jpg,./data/generated/segmentation_images/296081425501050_segformer-b2-ade512-master-v1.png,0.0024617513020833335,0.0,0.0,0.26358668009440106,0.25439198811848956,0.0,0.0
MATTAR MRT,MATTAR__IMG0006__M928235081348326,928235081348326,./data/generated/street_images/928235081348326.jpg,./data/generated/segmentation_images/928235081348326_segformer-b2-ade512-master-v1.png,0.06424548097344146,0.001908864838359427,0.46586491159360766,0.243400167483387,0.16390446441933254,0.04080099089030475,0.011545527779635167
MAXWELL MRT,MAXWELL__IMG0001__M748534205837433,748534205837433,./data/generated/street_images/748534205837433.jpg,./data/generated/segmentation_images/748534205837433_segformer-b2-ade512-master-v1.png,0.0,0.003192901611328125,0.4160118103027344,0.030436197916666668,0.35640589396158856,0.15883382161458334,0.0
MAXWELL MRT,MAXWELL__IMG0002__M916996478871871,916996478871871,./data/generated/street_images/916996478871871.jpg,./data/generated/segmentation_images/916996478871871_segformer-b2-ade512-master-v1.png,0.0,0.009671529134114584,0.45906829833984375,0.019362131754557293,0.3714561462402344,0.12611516316731772,0.0
MAXWELL MRT,MAXWELL__IMG0003__M4508653925828660,4508653925828660,./data/generated/street_images/4508653925828660.jpg,./data/generated/segmentation_images/4508653925828660_segformer-b2-ade512-master-v1.png,0.051676432291666664,0.4026018778483073,0.08735529581705728,0.13458633422851562,0.18391672770182294,0.0017916361490885417,0.0006866455078125
MAXWELL MRT,MAXWELL__IMG0004__M726245310149331,726245310149331,./data/generated/street_images/726245310149331.jpg,./data/generated/segmentation_images/726245310149331_segformer-b2-ade512-master-v1.png,0.26133600870768225,0.0008494059244791666,0.2127710978190104,0.07424418131510417,0.4445241292317708,0.0,0.00024159749348958334
MAYFLOWER MRT,MAYFLOWER__IMG0001__M306552247600519,306552247600519,./data/generated/street_images/306552247600519.jpg,./data/generated/segmentation_images/306552247600519_segformer-b2-ade512-master-v1.png,0.0006120469835069445,0.4589131673177083,0.10500250922309028,0.038319905598958336,0.30375162760416663,0.025390625,0.0
MAYFLOWER MRT,MAYFLOWER__IMG0002__M317775703203042,317775703203042,./data/generated/street_images/317775703203042.jpg,./data/generated/segmentation_images/317775703203042_segformer-b2-ade512-master-v1.png,0.00029839409722222225,0.4596998426649306,0.1157260470920139,0.026240030924479168,0.2765638563368056,0.022632175021701388,0.0
MAYFLOWER MRT,MAYFLOWER__IMG0003__M281171123722152,281171123722152,./data/generated/street_images/281171123722152.jpg,./data/generated/segmentation_images/281171123722152_segformer-b2-ade512-master-v1.png,0.3674774169921875,0.16258070203993055,0.0913730197482639,0.052497016059027776,0.2804684109157986,0.04499647352430555,0.0
MAYFLOWER MRT,MAYFLOWER__IMG0004__M480481359904416,480481359904416,./data/generated/street_images/480481359904416.jpg,./data/generated/segmentation_images/480481359904416_segformer-b2-ade512-master-v1.png,0.3428785536024305,0.16378614637586805,0.09230889214409722,0.09210374620225695,0.2528211805555556,0.055703057183159724,0.0004221598307291667
MAYFLOWER MRT,MAYFLOWER__IMG0005__M181000990458315,181000990458315,./data/generated/street_images/181000990458315.jpg,./data/generated/segmentation_images/181000990458315_segformer-b2-ade512-master-v1.png,0.23183695475260413,0.3778398301866319,0.078094482421875,0.026606241861979168,0.1668277316623264,0.12090386284722222,0.00047980414496527775
MAYFLOWER MRT,MAYFLOWER__IMG0006__M4052819538171109,4052819538171109,./data/generated/street_images/4052819538171109.jpg,./data/generated/segmentation_images/4052819538171109_segformer-b2-ade512-master-v1.png,0.3332349989149305,0.2473670111762153,0.2571394178602431,0.06554497612847222,0.08789740668402778,0.0,0.010738796657986112
MAYFLOWER MRT,MAYFLOWER__IMG0007__M1142659526333191,1142659526333191,./data/generated/street_images/1142659526333191.jpg,./data/generated/segmentation_images/1142659526333191_segformer-b2-ade512-master-v1.png,0.225067138671875,0.021798027886284724,0.5681881374782985,0.009046766493055556,0.1329566107855903,0.025185479058159724,0.001208835177951389
MAYFLOWER MRT,MAYFLOWER__IMG0008__M484918892844254,484918892844254,./data/generated/street_images/484918892844254.jpg,./data/generated/segmentation_images/484918892844254_segformer-b2-ade512-master-v1.png,0.10137600368923612,0.05987209743923611,0.21611192491319445,0.05194261338975695,0.3619757758246528,0.0018971761067708333,0.0
MAYFLOWER MRT,MAYFLOWER__IMG0009__M880396669211221,880396669211221,./data/generated/street_images/880396669211221.jpg,./data/generated/segmentation_images/880396669211221_segformer-b2-ade512-master-v1.png,0.09794786241319443,0.3766072591145833,0.026648627387152776,0.08093431260850695,0.2943776448567708,0.09143235948350695,0.0
MAYFLOWER MRT,MAYFLOWER__IMG0010__M1069494070249511,1069494070249511,./data/generated/street_images/1069494070249511.jpg,./data/generated/segmentation_images/1069494070249511_segformer-b2-ade512-master-v1.png,0.32480706108940965,0.1572757297092014,0.046875,0.024873521592881944,0.4287974039713542,1.52587890625e-05,0.0009901258680555555
MAYFLOWER MRT,MAYFLOWER__IMG0011__M4349913098360962,4349913098360962,./data/generated/street_images/4349913098360962.jpg,./data/generated/segmentation_images/4349913098360962_segformer-b2-ade512-master-v1.png,0.5395168728298612,0.1232418484157986,0.0011918809678819445,0.003231472439236111,0.2756330702039931,0.0,0.001315646701388889
MAYFLOWER MRT,MAYFLOWER__IMG0012__M309762243930601,309762243930601,./data/generated/street_images/309762243930601.jpg,./data/generated/segmentation_images/309762243930601_segformer-b2-ade512-master-v1.png,0.4354485405815972,0.16315714518229166,0.0003797743055555555,0.00025770399305555556,0.2040320502387153,0.01446533203125,0.08890448676215278
MAYFLOWER MRT,MAYFLOWER__IMG0013__M510626816919225,510626816919225,./data/generated/street_images/510626816919225.jpg,./data/generated/segmentation_images/510626816919225_segformer-b2-ade512-master-v1.png,0.5164659288194444,0.04446241590711805,0.016801622178819444,0.05571322970920139,0.248931884765625,0.0015038384331597222,0.0023939344618055555
MAYFLOWER MRT,MAYFLOWER__IMG0014__M1152401015274668,1152401015274668,./data/generated/street_images/1152401015274668.jpg,./data/generated/segmentation_images/1152401015274668_segformer-b2-ade512-master-v1.png,0.2867058648003472,0.04803805881076389,7.968478732638889e-05,0.007653130425347222,0.563932630750868,0.0,0.0074920654296875
MAYFLOWER MRT,MAYFLOWER__IMG0015__M828345688089198,828345688089198,./data/generated/street_images/828345688089198.jpg,./data/generated/segmentation_images/828345688089198_segformer-b2-ade512-master-v1.png,0.24834865993923613,0.058252970377604164,0.0011613633897569445,0.042929755316840276,0.6428120930989583,0.0,0.00036790635850694444
MAYFLOWER MRT,MAYFLOWER__IMG0016__M240460097852074,240460097852074,./data/generated/street_images/240460097852074.jpg,./data/generated/segmentation_images/240460097852074_segformer-b2-ade512-master-v1.png,0.20281134711371526,0.04977247450086805,0.0778045654296875,0.018625895182291668,0.5927920871310763,0.034325493706597224,0.0
MAYFLOWER MRT,MAYFLOWER__IMG0017__M483671386200425,483671386200425,./data/generated/street_images/483671386200425.jpg,./data/generated/segmentation_images/483671386200425_segformer-b2-ade512-master-v1.png,0.13987562391493055,0.0594024658203125,0.23723856608072916,0.055882771809895836,0.37598673502604163,9.494357638888889e-05,0.002361721462673611
MOUNTBATTEN MRT,MOUNTBATTEN__IMG0001__M1039924271061237,1039924271061237,./data/generated/street_images/1039924271061237.jpg,./data/generated/segmentation_images/1039924271061237_segformer-b2-ade512-master-v1.png,0.14173253377278647,0.008697509765625,0.0,0.36377207438151044,0.33093007405598956,0.0,0.07424036661783855
MOUNTBATTEN MRT,MOUNTBATTEN__IMG0002__M1457456064869451,1457456064869451,./data/generated/street_images/1457456064869451.jpg,./data/generated/segmentation_images/1457456064869451_segformer-b2-ade512-master-v1.png,0.18383534749348956,0.03814824422200521,0.0004221598307291667,0.12186304728190103,0.45008087158203125,0.15833282470703125,0.0
MOUNTBATTEN MRT,MOUNTBATTEN__IMG0003__M470219184050120,470219184050120,./data/generated/street_images/470219184050120.jpg,./data/generated/segmentation_images/470219184050120_segformer-b2-ade512-master-v1.png,0.18907335069444448,0.17173936631944445,0.2558441162109375,0.056633843315972224,0.19453938802083334,0.0674930148654514,6.273057725694444e-05
MOUNTBATTEN MRT,MOUNTBATTEN__IMG0004__M536562177749931,536562177749931,./data/generated/street_images/536562177749931.jpg,./data/generated/segmentation_images/536562177749931_segformer-b2-ade512-master-v1.png,0.17496236165364584,0.11273447672526042,0.47264862060546875,1.1444091796875e-05,0.20168177286783853,0.00495147705078125,0.0
MOUNTBATTEN MRT,MOUNTBATTEN__IMG0005__M1624122764453959,1624122764453959,./data/generated/street_images/1624122764453959.jpg,./data/generated/segmentation_images/1624122764453959_segformer-b2-ade512-master-v1.png,0.14947001139322916,0.06586710611979167,0.2710045708550347,0.0,0.2500288221571181,0.1266394721137153,0.0003543429904513889
MOUNTBATTEN MRT,MOUNTBATTEN__IMG0006__M205079314785061,205079314785061,./data/generated/street_images/205079314785061.jpg,./data/generated/segmentation_images/205079314785061_segformer-b2-ade512-master-v1.png,0.19900004069010416,0.1112026638454861,0.30812920464409727,0.008756849500868056,0.1673312717013889,0.0833282470703125,1.6954210069444444e-06
MOUNTBATTEN MRT,MOUNTBATTEN__IMG0007__M2925170767810558,2925170767810558,./data/generated/street_images/2925170767810558.jpg,./data/generated/segmentation_images/2925170767810558_segformer-b2-ade512-master-v1.png,0.3680369059244792,0.1476372612847222,0.11158074273003472,0.04583740234375,0.2169986300998264,0.06589762369791667,0.0
MOUNTBATTEN MRT,MOUNTBATTEN__IMG0008__M498698938002247,498698938002247,./data/generated/street_images/498698938002247.jpg,./data/generated/segmentation_images/498698938002247_segformer-b2-ade512-master-v1.png,0.20965406629774305,0.1156277126736111,0.1290045844184028,0.07942030164930555,0.3854709201388889,0.010862562391493056,0.0
MOUNTBATTEN MRT,MOUNTBATTEN__IMG0009__M197294075424437,197294075424437,./data/generated/street_images/197294075424437.jpg,./data/generated/segmentation_images/197294075424437_segformer-b2-ade512-master-v1.png,0.10146416558159722,0.07254706488715278,0.3164164225260417,0.08445909288194445,0.3841620551215278,0.017901950412326388,0.009984334309895834
MOUNTBATTEN MRT,MOUNTBATTEN__IMG0010__M571134700534504,571134700534504,./data/generated/street_images/571134700534504.jpg,./data/generated/segmentation_images/571134700534504_segformer-b2-ade512-master-v1.png,0.17825826009114581,0.08816019694010417,0.3227691650390625,0.043753729926215276,0.3111521402994792,0.011723836263020834,0.028332180447048612
MOUNTBATTEN MRT,MOUNTBATTEN__IMG0011__M2837139836545532,2837139836545532,./data/generated/street_images/2837139836545532.jpg,./data/generated/segmentation_images/2837139836545532_segformer-b2-ade512-master-v1.png,0.00022040473090277778,0.06923929850260417,0.2137112087673611,0.047432793511284724,0.4634874131944444,0.2020263671875,0.002478705512152778
MOUNTBATTEN MRT,MOUNTBATTEN__IMG0012__M532437501100957,532437501100957,./data/generated/street_images/532437501100957.jpg,./data/generated/segmentation_images/532437501100957_segformer-b2-ade512-master-v1.png,0.17237175835503474,0.15414937337239584,0.27261013454861116,0.0093994140625,0.1830563015407986,0.14154052734375,0.0
NOVENA MRT,NOVENA__IMG0001__M462294121510432,462294121510432,./data/generated/street_images/462294121510432.jpg,./data/generated/segmentation_images/462294121510432_segformer-b2-ade512-master-v1.png,0.09645334879557291,0.16724777221679688,0.10218938191731772,0.015804290771484375,0.4322102864583333,0.18620045979817706,0.0
NOVENA MRT,NOVENA__IMG0002__M478189666767781,478189666767781,./data/generated/street_images/478189666767781.jpg,./data/generated/segmentation_images/478189666767781_segformer-b2-ade512-master-v1.png,0.08353424072265626,0.12296549479166667,0.12697728474934897,0.024705251057942707,0.4655812581380208,0.17592620849609375,0.0
NOVENA MRT,NOVENA__IMG0003__M303009197875848,303009197875848,./data/generated/street_images/303009197875848.jpg,./data/generated/segmentation_images/303009197875848_segformer-b2-ade512-master-v1.png,0.2882728576660156,0.12432479858398438,0.1660614013671875,0.0755933125813802,0.22815704345703125,0.1135406494140625,0.000652313232421875
NOVENA MRT,NOVENA__IMG0004__M3803722769748668,3803722769748668,./data/generated/street_images/3803722769748668.jpg,./data/generated/segmentation_images/3803722769748668_segformer-b2-ade512-master-v1.png,0.37797800699869794,0.12320327758789062,0.14892578125,0.0756848653157552,0.14008458455403644,0.13105010986328125,8.7738037109375e-05
NOVENA MRT,NOVENA__IMG0005__M2473555892790210,2473555892790210,./data/generated/street_images/2473555892790210.jpg,./data/generated/segmentation_images/2473555892790210_segformer-b2-ade512-master-v1.png,0.34049097696940106,0.0,0.08364613850911458,0.2118072509765625,0.31807200113932294,0.021116892496744793,0.0
NOVENA MRT,NOVENA__IMG0006__M530586424596164,530586424596164,./data/generated/street_images/530586424596164.jpg,./data/generated/segmentation_images/530586424596164_segformer-b2-ade512-master-v1.png,0.17147572835286456,0.018891652425130207,0.1870282491048177,0.2654520670572917,0.21799723307291666,0.010693868001302084,0.0
NOVENA MRT,NOVENA__IMG0007__M954872741960946,954872741960946,./data/generated/street_images/954872741960946.jpg,./data/generated/segmentation_images/954872741960946_segformer-b2-ade512-master-v1.png,0.4469350179036458,0.008878072102864584,0.024501800537109375,0.2800865173339844,0.1912841796875,0.020998636881510418,0.004643758138020833
NOVENA MRT,NOVENA__IMG0008__M261180739026983,261180739026983,./data/generated/street_images/261180739026983.jpg,./data/generated/segmentation_images/261180739026983_segformer-b2-ade512-master-v1.png,0.10614395141601561,0.0026690165201822915,0.11946487426757812,0.3243967692057292,0.40093739827473956,0.004690806070963542,3.814697265625e-06
NOVENA MRT,NOVENA__IMG0009__M268400658344906,268400658344906,./data/generated/street_images/268400658344906.jpg,./data/generated/segmentation_images/268400658344906_segformer-b2-ade512-master-v1.png,0.4467735290527344,0.008871714274088541,0.0244903564453125,0.28008270263671875,0.19147618611653647,0.021006266276041668,0.004647572835286458
NOVENA MRT,NOVENA__IMG0010__M1009823323161419,1009823323161419,./data/generated/street_images/1009823323161419.jpg,./data/generated/segmentation_images/1009823323161419_segformer-b2-ade512-master-v1.png,0.3852895100911458,0.032389322916666664,0.12881342569986978,0.10252634684244792,0.3213704427083333,0.0013491312662760417,0.0
NOVENA MRT,NOVENA__IMG0011__M148948293878445,148948293878445,./data/generated/street_images/148948293878445.jpg,./data/generated/segmentation_images/148948293878445_segformer-b2-ade512-master-v1.png,0.38527679443359375,0.032389322916666664,0.12881342569986978,0.10253143310546875,0.32138951619466144,0.0013529459635416667,0.0
NOVENA MRT,NOVENA__IMG0012__M214823520176414,214823520176414,./data/generated/street_images/214823520176414.jpg,./data/generated/segmentation_images/214823520176414_segformer-b2-ade512-master-v1.png,0.1213696797688802,0.0015080769856770833,0.010503133138020834,0.3875719706217448,0.47606658935546875,0.0022608439127604165,0.0007197062174479166
NOVENA MRT,NOVENA__IMG0013__M506813767300016,506813767300016,./data/generated/street_images/506813767300016.jpg,./data/generated/segmentation_images/506813767300016_segformer-b2-ade512-master-v1.png,0.3003222147623698,0.00470733642578125,0.0696576436360677,0.3888956705729167,0.23336410522460938,0.002964019775390625,0.0
PASIR RIS MRT,PASIR_RIS__IMG0001__M1023700081530262,1023700081530262,./data/generated/street_images/1023700081530262.jpg,./data/generated/segmentation_images/1023700081530262_segformer-b2-ade512-master-v1.png,0.0005289713541666666,0.015154520670572916,0.021691640218098957,0.4391212463378906,0.18817520141601562,0.015626271565755207,0.050084431966145836
PASIR RIS MRT,PASIR_RIS__IMG0002__M3138888436342568,3138888436342568,./data/generated/street_images/3138888436342568.jpg,./data/generated/segmentation_images/3138888436342568_segformer-b2-ade512-master-v1.png,0.013027191162109375,0.06778971354166667,0.01982879638671875,0.4608561197916667,0.07710901896158855,0.028245290120442707,0.04448699951171875
PASIR RIS MRT,PASIR_RIS__IMG0003__M1051354095652379,1051354095652379,./data/generated/street_images/1051354095652379.jpg,./data/generated/segmentation_images/1051354095652379_segformer-b2-ade512-master-v1.png,0.013529459635416668,0.014080047607421875,0.029542287190755207,0.357690175374349,0.3049786885579427,0.00010172526041666667,0.02825927734375
PAYA LEBAR MRT,PAYA_LEBAR__IMG0001__M1438719708298198,1438719708298198,./data/generated/street_images/1438719708298198.jpg,./data/generated/segmentation_images/1438719708298198_segformer-b2-ade512-master-v1.png,0.549767812093099,0.0,0.3175671895345052,0.010280609130859375,0.12238438924153645,0.0,0.0
PAYA LEBAR MRT,PAYA_LEBAR__IMG0002__M210087000949991,210087000949991,./data/generated/street_images/210087000949991.jpg,./data/generated/segmentation_images/210087000949991_segformer-b2-ade512-master-v1.png,0.11404588487413195,0.2704366048177083,0.08986748589409722,0.017155965169270832,0.3969573974609375,0.09967210557725695,0.0006798638237847222
PAYA LEBAR MRT,PAYA_LEBAR__IMG0003__M258204166044271,258204166044271,./data/generated/street_images/258204166044271.jpg,./data/generated/segmentation_images/258204166044271_segformer-b2-ade512-master-v1.png,0.5902998182508681,0.0467681884765625,0.23061625162760419,0.0,0.1290096706814236,0.0010630289713541667,0.0
PAYA LEBAR MRT,PAYA_LEBAR__IMG0004__M526549555168455,526549555168455,./data/generated/street_images/526549555168455.jpg,./data/generated/segmentation_images/526549555168455_segformer-b2-ade512-master-v1.png,0.4547949896918403,0.1389838324652778,0.22163560655381945,0.0012613932291666667,0.1391143798828125,0.004877726236979167,0.0
PAYA LEBAR MRT,PAYA_LEBAR__IMG0005__M247670640452016,247670640452016,./data/generated/street_images/247670640452016.jpg,./data/generated/segmentation_images/247670640452016_segformer-b2-ade512-master-v1.png,4.4080946180555555e-05,0.34112548828125,0.24945237901475695,0.011372884114583334,0.3604804144965278,0.017011854383680556,0.020412868923611112
PAYA LEBAR MRT,PAYA_LEBAR__IMG0006__M319041469735405,319041469735405,./data/generated/street_images/319041469735405.jpg,./data/generated/segmentation_images/319041469735405_segformer-b2-ade512-master-v1.png,0.0,0.24883015950520834,0.2610727945963542,0.004096137152777778,0.3128543429904514,0.16827901204427081,0.0013359917534722222
PAYA LEBAR MRT,PAYA_LEBAR__IMG0007__M143542497769496,143542497769496,./data/generated/street_images/143542497769496.jpg,./data/generated/segmentation_images/143542497769496_segformer-b2-ade512-master-v1.png,0.09051513671875,0.165618896484375,0.14198811848958334,0.036261664496527776,0.5444573296440972,0.014687432183159722,0.0
PAYA LEBAR MRT,PAYA_LEBAR__IMG0008__M292909842380834,292909842380834,./data/generated/street_images/292909842380834.jpg,./data/generated/segmentation_images/292909842380834_segformer-b2-ade512-master-v1.png,0.20752800835503474,0.2176547580295139,0.0698818630642361,0.032599555121527776,0.4542422824435764,0.0145111083984375,3.729926215277778e-05
PIONEER MRT,PIONEER__IMG0001__M2438602826283827,2438602826283827,./data/generated/street_images/2438602826283827.jpg,./data/generated/segmentation_images/2438602826283827_segformer-b2-ade512-master-v1.png,0.36490715874565977,0.018958197699652776,0.26263088650173616,0.03967454698350695,0.29085456000434023,0.001125759548611111,0.0
PIONEER MRT,PIONEER__IMG0002__M400200284301216,400200284301216,./data/generated/street_images/400200284301216.jpg,./data/generated/segmentation_images/400200284301216_segformer-b2-ade512-master-v1.png,0.45665995279947913,0.041800604926215276,0.28399149576822913,0.044102986653645836,0.15809800889756945,0.015806410047743056,0.0
PIONEER MRT,PIONEER__IMG0003__M2996509377343429,2996509377343429,./data/generated/street_images/2996509377343429.jpg,./data/generated/segmentation_images/2996509377343429_segformer-b2-ade512-master-v1.png,0.2395595974392361,0.0880771213107639,0.3577948676215278,0.022264268663194444,0.2597317165798611,0.018744574652777776,7.290310329861111e-05
PIONEER MRT,PIONEER__IMG0004__M525364901981929,525364901981929,./data/generated/street_images/525364901981929.jpg,./data/generated/segmentation_images/525364901981929_segformer-b2-ade512-master-v1.png,0.3427598741319445,0.047800699869791664,0.3284573025173611,0.04486423068576389,0.1832156711154514,0.030348036024305552,0.00019666883680555556
POTONG PASIR MRT,POTONG_PASIR__IMG0001__M1229291504195686,1229291504195686,./data/generated/street_images/1229291504195686.jpg,./data/generated/segmentation_images/1229291504195686_segformer-b2-ade512-master-v1.png,0.07434929741753472,0.23035685221354166,0.24812825520833334,0.024832831488715276,0.2079433865017361,0.0941314697265625,0.0026346842447916665
POTONG PASIR MRT,POTONG_PASIR__IMG0002__M806568999975839,806568999975839,./data/generated/street_images/806568999975839.jpg,./data/generated/segmentation_images/806568999975839_segformer-b2-ade512-master-v1.png,0.05493672688802083,0.2393425835503472,0.230438232421875,0.033896552191840276,0.23553636338975695,0.09464348687065972,0.0012122260199652778
POTONG PASIR MRT,POTONG_PASIR__IMG0003__M219282646629959,219282646629959,./data/generated/street_images/219282646629959.jpg,./data/generated/segmentation_images/219282646629959_segformer-b2-ade512-master-v1.png,0.2513766818576389,0.19282362196180555,0.3177049424913194,0.029985215928819444,0.2022789849175347,0.0,0.0
POTONG PASIR MRT,POTONG_PASIR__IMG0004__M796659817638518,796659817638518,./data/generated/street_images/796659817638518.jpg,./data/generated/segmentation_images/796659817638518_segformer-b2-ade512-master-v1.png,0.3149753146701389,0.1961856418185764,0.3155449761284722,0.0174560546875,0.15492418077256945,0.0,0.0004679361979166667
POTONG PASIR MRT,POTONG_PASIR__IMG0005__M2726515584314233,2726515584314233,./data/generated/street_images/2726515584314233.jpg,./data/generated/segmentation_images/2726515584314233_segformer-b2-ade512-master-v1.png,0.257232666015625,0.2144436306423611,0.2389187282986111,0.012013753255208334,0.23607381184895834,0.03902011447482639,0.0
POTONG PASIR MRT,POTONG_PASIR__IMG0006__M3089519174667637,3089519174667637,./data/generated/street_images/3089519174667637.jpg,./data/generated/segmentation_images/3089519174667637_segformer-b2-ade512-master-v1.png,0.2156304253472222,0.24093797471788195,0.24817911783854169,0.0121612548828125,0.2525617811414931,0.030812581380208332,0.0
POTONG PASIR MRT,POTONG_PASIR__IMG0007__M1142282192912362,1142282192912362,./data/generated/street_images/1142282192912362.jpg,./data/generated/segmentation_images/1142282192912362_segformer-b2-ade512-master-v1.png,0.08648512098524307,0.5075564914279513,0.0909305148654514,0.004075792100694444,0.1325564914279514,0.08183966742621528,0.0
POTONG PASIR MRT,POTONG_PASIR__IMG0008__M3698685523571293,3698685523571293,./data/generated/street_images/3698685523571293.jpg,./data/generated/segmentation_images/3698685523571293_segformer-b2-ade512-master-v1.png,0.08172268337673609,0.1325564914279514,0.236785888671875,0.03840467664930555,0.4304182264539931,0.0692409939236111,0.0
POTONG PASIR MRT,POTONG_PASIR__IMG0009__M151694756975631,151694756975631,./data/generated/street_images/151694756975631.jpg,./data/generated/segmentation_images/151694756975631_segformer-b2-ade512-master-v1.png,0.0663604736328125,0.1912757025824653,0.2641008165147569,0.021443684895833332,0.3795640733506945,0.02911376953125,0.0012580023871527778
POTONG PASIR MRT,POTONG_PASIR__IMG0010__M301953034916749,301953034916749,./data/generated/street_images/301953034916749.jpg,./data/generated/segmentation_images/301953034916749_segformer-b2-ade512-master-v1.png,0.04022386338975694,0.16926405164930555,0.2533806694878472,0.031911214192708336,0.4790852864583333,0.023354424370659724,0.00016276041666666666
POTONG PASIR MRT,POTONG_PASIR__IMG0011__M222170862769337,222170862769337,./data/generated/street_images/222170862769337.jpg,./data/generated/segmentation_images/222170862769337_segformer-b2-ade512-master-v1.png,0.02835930718315972,0.11700439453125,0.2534298366970486,0.04732937282986111,0.5232798258463541,0.02223883734809028,0.0
POTONG PASIR MRT,POTONG_PASIR__IMG0012__M317301803258103,317301803258103,./data/generated/street_images/317301803258103.jpg,./data/generated/segmentation_images/317301803258103_segformer-b2-ade512-master-v1.png,0.022157457139756944,0.13866170247395834,0.2317742241753472,0.06681993272569445,0.5069020589192709,0.023473103841145836,0.0030670166015625
POTONG PASIR MRT,POTONG_PASIR__IMG0013__M303478731316233,303478731316233,./data/generated/street_images/303478731316233.jpg,./data/generated/segmentation_images/303478731316233_segformer-b2-ade512-master-v1.png,0.039769490559895836,0.08538987901475695,0.2996690538194444,0.020755343967013888,0.5234171549479167,0.014575534396701388,0.002541436089409722
POTONG PASIR MRT,POTONG_PASIR__IMG0014__M892978324941819,892978324941819,./data/generated/street_images/892978324941819.jpg,./data/generated/segmentation_images/892978324941819_segformer-b2-ade512-master-v1.png,0.06109788682725695,0.0946773952907986,0.26398383246527773,0.039389716254340276,0.47159152560763884,0.027793036566840276,0.0
POTONG PASIR MRT,POTONG_PASIR__IMG0015__M122284566579048,122284566579048,./data/generated/street_images/122284566579048.jpg,./data/generated/segmentation_images/122284566579048_segformer-b2-ade512-master-v1.png,0.1348487006293403,0.06218295627170139,0.1807369656032986,0.13757832845052084,0.4473232693142361,0.01605563693576389,0.0
POTONG PASIR MRT,POTONG_PASIR__IMG0016__M494356031812717,494356031812717,./data/generated/street_images/494356031812717.jpg,./data/generated/segmentation_images/494356031812717_segformer-b2-ade512-master-v1.png,0.189483642578125,0.08483039008246528,0.17238023546006942,0.049290974934895836,0.4789360894097222,0.018374972873263888,0.0007561577690972222
POTONG PASIR MRT,POTONG_PASIR__IMG0017__M808317889795348,808317889795348,./data/generated/street_images/808317889795348.jpg,./data/generated/segmentation_images/808317889795348_segformer-b2-ade512-master-v1.png,0.8043094211154513,0.09822930230034722,0.050318400065104164,0.0,0.0022074381510416665,0.0,0.0
POTONG PASIR MRT,POTONG_PASIR__IMG0018__M835420880516228,835420880516228,./data/generated/street_images/835420880516228.jpg,./data/generated/segmentation_images/835420880516228_segformer-b2-ade512-master-v1.png,0.6414574517144097,0.10131666395399305,0.08972676595052083,0.0016699896918402778,0.1658240424262153,5.086263020833333e-06,0.0
POTONG PASIR MRT,POTONG_PASIR__IMG0019__M1213008365798565,1213008365798565,./data/generated/street_images/1213008365798565.jpg,./data/generated/segmentation_images/1213008365798565_segformer-b2-ade512-master-v1.png,0.6950531005859375,0.19441731770833334,0.07749091254340278,0.0,0.023876614040798612,0.007798936631944444,0.0
POTONG PASIR MRT,POTONG_PASIR__IMG0020__M1448009995558378,1448009995558378,./data/generated/street_images/1448009995558378.jpg,./data/generated/segmentation_images/1448009995558378_segformer-b2-ade512-master-v1.png,0.6935729980468751,0.1516198052300347,0.04632737901475695,0.0001220703125,0.06928846571180555,0.011127048068576388,0.0
POTONG PASIR MRT,POTONG_PASIR__IMG0021__M6180032868689540,6180032868689540,./data/generated/street_images/6180032868689540.jpg,./data/generated/segmentation_images/6180032868689540_segformer-b2-ade512-master-v1.png,0.5605367024739584,0.134674072265625,0.18365648057725695,0.0,0.12092759874131945,0.0,0.0
POTONG PASIR MRT,POTONG_PASIR__IMG0022__M770196126958156,770196126958156,./data/generated/street_images/770196126958156.jpg,./data/generated/segmentation_images/770196126958156_segformer-b2-ade512-master-v1.png,0.7311147054036458,0.0636783175998264,0.005401611328125,0.024720933702256944,0.17501322428385419,0.0,0.0
POTONG PASIR MRT,POTONG_PASIR__IMG0023__M3818779854897531,3818779854897531,./data/generated/street_images/3818779854897531.jpg,./data/generated/segmentation_images/3818779854897531_segformer-b2-ade512-master-v1.png,0.6566704644097223,0.012961493598090278,0.0,0.10390726725260417,0.21430799696180555,0.0,0.0049896240234375
PUNGGOL MRT,PUNGGOL__IMG0001__M395979611405058,395979611405058,./data/generated/street_images/395979611405058.jpg,./data/generated/segmentation_images/395979611405058_segformer-b2-ade512-master-v1.png,0.0,0.047887166341145836,0.21389940049913195,0.1203036838107639,0.46399434407552087,0.008711073133680556,0.00022718641493055556
PUNGGOL MRT,PUNGGOL__IMG0002__M951656122075892,951656122075892,./data/generated/street_images/951656122075892.jpg,./data/generated/segmentation_images/951656122075892_segformer-b2-ade512-master-v1.png,0.17542860243055555,0.4389224582248264,0.03839280870225695,0.09818352593315972,0.10016547309027779,0.11751302083333333,0.0017632378472222222
PUNGGOL MRT,PUNGGOL__IMG0003__M520552005794959,520552005794959,./data/generated/street_images/520552005794959.jpg,./data/generated/segmentation_images/520552005794959_segformer-b2-ade512-master-v1.png,0.06106906467013889,0.21758863661024305,0.3396453857421875,0.020009358723958332,0.3150770399305556,0.0192413330078125,0.0006171332465277778
PUNGGOL MRT,PUNGGOL__IMG0004__M780669365971607,780669365971607,./data/generated/street_images/780669365971607.jpg,./data/generated/segmentation_images/780669365971607_segformer-b2-ade512-master-v1.png,0.04230075412326389,0.3244781494140625,0.3039008246527778,0.055853949652777776,0.22369893391927084,0.018742879231770832,0.004616631401909722
QUEENSTOWN MRT,QUEENSTOWN__IMG0001__M285055607025128,285055607025128,./data/generated/street_images/285055607025128.jpg,./data/generated/segmentation_images/285055607025128_segformer-b2-ade512-master-v1.png,0.15669759114583334,0.0,0.000812530517578125,0.032573699951171875,0.6609586079915364,0.011126200358072916,0.000186920166015625
QUEENSTOWN MRT,QUEENSTOWN__IMG0002__M803523082631993,803523082631993,./data/generated/street_images/803523082631993.jpg,./data/generated/segmentation_images/803523082631993_segformer-b2-ade512-master-v1.png,0.2156505584716797,0.0,0.004718780517578125,0.15948867797851562,0.29847145080566406,0.0,0.08539962768554688
QUEENSTOWN MRT,QUEENSTOWN__IMG0003__M487967659185093,487967659185093,./data/generated/street_images/487967659185093.jpg,./data/generated/segmentation_images/487967659185093_segformer-b2-ade512-master-v1.png,0.2704755995008681,0.11509535047743055,0.0074615478515625,0.06135898166232639,0.38896687825520837,0.14910210503472224,0.0
QUEENSTOWN MRT,QUEENSTOWN__IMG0004__M787251080501370,787251080501370,./data/generated/street_images/787251080501370.jpg,./data/generated/segmentation_images/787251080501370_segformer-b2-ade512-master-v1.png,0.10756301879882812,0.24386024475097656,0.3544445037841797,0.01473236083984375,0.20256614685058594,0.012149810791015625,0.054622650146484375
REDHILL MRT,REDHILL__IMG0001__M695422408312681,695422408312681,./data/generated/street_images/695422408312681.jpg,./data/generated/segmentation_images/695422408312681_segformer-b2-ade512-master-v1.png,0.9536832173665365,0.011525472005208334,0.0,0.0062713623046875,0.028519948323567707,0.0,0.0
REDHILL MRT,REDHILL__IMG0002__M995989984322045,995989984322045,./data/generated/street_images/995989984322045.jpg,./data/generated/segmentation_images/995989984322045_segformer-b2-ade512-master-v1.png,0.9822972615559895,4.4504801432291664e-05,0.0,0.017658233642578125,0.0,0.0,0.0
SEMBAWANG MRT,SEMBAWANG__IMG0001__M221339159413826,221339159413826,./data/generated/street_images/221339159413826.jpg,./data/generated/segmentation_images/221339159413826_segformer-b2-ade512-master-v1.png,0.1926913791232639,0.2863345675998264,0.12214491102430555,0.04570176866319445,0.273286607530382,0.053382025824652776,0.00023057725694444444
SEMBAWANG MRT,SEMBAWANG__IMG0002__M499662444551482,499662444551482,./data/generated/street_images/499662444551482.jpg,./data/generated/segmentation_images/499662444551482_segformer-b2-ade512-master-v1.png,0.03120761447482639,0.016081068250868056,0.2081875271267361,0.0737186008029514,0.5015445285373263,0.16684638129340276,0.0036061604817708335
SEMBAWANG MRT,SEMBAWANG__IMG0003__M954016105419036,954016105419036,./data/generated/street_images/954016105419036.jpg,./data/generated/segmentation_images/954016105419036_segformer-b2-ade512-master-v1.png,0.4481319851345486,0.2479790581597222,0.1212497287326389,0.060114542643229164,0.0788082546657986,0.0017615424262152778,0.0
SENGKANG MRT,SENGKANG__IMG0001__M1854258021617836,1854258021617836,./data/generated/street_images/1854258021617836.jpg,./data/generated/segmentation_images/1854258021617836_segformer-b2-ade512-master-v1.png,0.0,0.0,0.0,0.37391957482166016,0.32420101734760054,0.0,0.017072744406614784
SENGKANG MRT,SENGKANG__IMG0002__M906781737366445,906781737366445,./data/generated/street_images/906781737366445.jpg,./data/generated/segmentation_images/906781737366445_segformer-b2-ade512-master-v1.png,0.0,0.0,0.0,0.36223375689040205,0.36000197592412453,0.0,0.017904912451361867
SENGKANG MRT,SENGKANG__IMG0003__M260997985770702,260997985770702,./data/generated/street_images/260997985770702.jpg,./data/generated/segmentation_images/260997985770702_segformer-b2-ade512-master-v1.png,0.30135726928710943,0.2930145263671875,0.16054534912109375,0.016985575358072918,0.22384007771809897,0.00022252400716145834,0.00019582112630208334
SENGKANG MRT,SENGKANG__IMG0004__M314929746927082,314929746927082,./data/generated/street_images/314929746927082.jpg,./data/generated/segmentation_images/314929746927082_segformer-b2-ade512-master-v1.png,0.31565729777018225,0.34495798746744794,0.1667455037434896,0.006626129150390625,0.15287272135416666,0.0011850992838541667,0.0
SERANGOON MRT,SERANGOON__IMG0001__M285208746608581,285208746608581,./data/generated/street_images/285208746608581.jpg,./data/generated/segmentation_images/285208746608581_segformer-b2-ade512-master-v1.png,0.22392442491319448,0.1709865993923611,0.21713087293836808,0.011391533745659722,0.09496561686197917,0.2805074055989583,0.0
SERANGOON MRT,SERANGOON__IMG0002__M481734529913941,481734529913941,./data/generated/street_images/481734529913941.jpg,./data/generated/segmentation_images/481734529913941_segformer-b2-ade512-master-v1.png,0.13292270236545137,0.13510301378038195,0.07973564995659722,0.008460150824652778,0.6420237223307291,0.0,0.0
SERANGOON MRT,SERANGOON__IMG0003__M4102800109783435,4102800109783435,./data/generated/street_images/4102800109783435.jpg,./data/generated/segmentation_images/4102800109783435_segformer-b2-ade512-master-v1.png,0.10774061414930555,0.1530337863498264,0.11301167805989583,0.028540717230902776,0.5397525363498263,0.058385213216145836,0.0
SERANGOON MRT,SERANGOON__IMG0004__M872444210152326,872444210152326,./data/generated/street_images/872444210152326.jpg,./data/generated/segmentation_images/872444210152326_segformer-b2-ade512-master-v1.png,0.13459947374131945,0.1625942654079861,0.10511949327256945,0.0151519775390625,0.5099317762586806,0.07282002766927083,0.0
SERANGOON MRT,SERANGOON__IMG0005__M2798641933709386,2798641933709386,./data/generated/street_images/2798641933709386.jpg,./data/generated/segmentation_images/2798641933709386_segformer-b2-ade512-master-v1.png,0.1651797824435764,0.021465725368923612,0.2811364067925347,0.018000284830729168,0.4756503634982639,0.016474405924479168,0.0
SERANGOON MRT,SERANGOON__IMG0006__M321836546019779,321836546019779,./data/generated/street_images/321836546019779.jpg,./data/generated/segmentation_images/321836546019779_segformer-b2-ade512-master-v1.png,0.12188890245225696,0.3216586642795139,0.006963094075520833,0.07855902777777778,0.302764892578125,0.06298997667100695,0.0012969970703125
SERANGOON MRT,SERANGOON__IMG0007__M509827907126771,509827907126771,./data/generated/street_images/509827907126771.jpg,./data/generated/segmentation_images/509827907126771_segformer-b2-ade512-master-v1.png,0.14115227593315974,0.307220458984375,0.08215840657552083,0.07053290473090278,0.2903934054904514,0.011937459309895832,0.002890692816840278
SERANGOON MRT,SERANGOON__IMG0008__M235772441639655,235772441639655,./data/generated/street_images/235772441639655.jpg,./data/generated/segmentation_images/235772441639655_segformer-b2-ade512-master-v1.png,0.013846503363715278,0.1626553005642361,0.04279581705729167,0.011981540256076388,0.4036983913845486,0.3624335394965278,0.0002797444661458333
SERANGOON MRT,SERANGOON__IMG0009__M537198457282430,537198457282430,./data/generated/street_images/537198457282430.jpg,./data/generated/segmentation_images/537198457282430_segformer-b2-ade512-master-v1.png,0.06634521484375,0.44342041015625,0.17795308430989584,0.030010647243923612,0.228668212890625,0.030300564236111112,0.004581027560763889
SERANGOON MRT,SERANGOON__IMG0010__M788689632085841,788689632085841,./data/generated/street_images/788689632085841.jpg,./data/generated/segmentation_images/788689632085841_segformer-b2-ade512-master-v1.png,0.09739006890190974,0.1654595269097222,0.07034132215711807,0.004075792100694444,0.3037261962890625,0.3572913275824653,0.0
SERANGOON MRT,SERANGOON__IMG0011__M152044463550934,152044463550934,./data/generated/street_images/152044463550934.jpg,./data/generated/segmentation_images/152044463550934_segformer-b2-ade512-master-v1.png,0.24342854817708334,0.12321302625868055,0.05515034993489583,0.0006442599826388889,0.4346110026041667,0.14011637369791666,0.0
SERANGOON MRT,SERANGOON__IMG0012__M207176951021112,207176951021112,./data/generated/street_images/207176951021112.jpg,./data/generated/segmentation_images/207176951021112_segformer-b2-ade512-master-v1.png,0.18504842122395831,0.1652136908637153,0.054587470160590276,0.0086669921875,0.4739057752821181,0.1125759548611111,0.0
SERANGOON MRT,SERANGOON__IMG0013__M259108162625668,259108162625668,./data/generated/street_images/259108162625668.jpg,./data/generated/segmentation_images/259108162625668_segformer-b2-ade512-master-v1.png,0.15086025661892363,0.2002139621310764,0.09329393174913195,0.0028788248697916665,0.16193135579427084,0.392423841688368,0.0
SERANGOON MRT,SERANGOON__IMG0014__M136066368560275,136066368560275,./data/generated/street_images/136066368560275.jpg,./data/generated/segmentation_images/136066368560275_segformer-b2-ade512-master-v1.png,0.2809075249565972,0.10243903266059028,0.30553690592447913,0.010645548502604166,0.296539306640625,0.002966986762152778,0.0007239447699652778
SERANGOON MRT,SERANGOON__IMG0015__M2884267588557036,2884267588557036,./data/generated/street_images/2884267588557036.jpg,./data/generated/segmentation_images/2884267588557036_segformer-b2-ade512-master-v1.png,0.16466776529947916,0.1433834499782986,0.10957845052083333,0.012778388129340278,0.509429931640625,0.06029256184895833,0.0
SERANGOON MRT,SERANGOON__IMG0016__M4129163087142609,4129163087142609,./data/generated/street_images/4129163087142609.jpg,./data/generated/segmentation_images/4129163087142609_segformer-b2-ade512-master-v1.png,0.08229743109809028,0.13602193196614584,0.11995781792534722,0.013487074110243056,0.6054975721571181,0.042366875542534724,0.00035773383246527775
SIMEI MRT,SIMEI__IMG0001__M4588894377846580,4588894377846580,./data/generated/street_images/4588894377846580.jpg,./data/generated/segmentation_images/4588894377846580_segformer-b2-ade512-master-v1.png,0.18089803059895831,0.30573145548502606,0.1154327392578125,0.023587544759114582,0.3053855895996094,0.0010541280110677083,0.0
SIMEI MRT,SIMEI__IMG0002__M925610231707891,925610231707891,./data/generated/street_images/925610231707891.jpg,./data/generated/segmentation_images/925610231707891_segformer-b2-ade512-master-v1.png,0.12090174357096355,0.29063669840494794,0.0700823465983073,5.5948893229166664e-05,0.4799156188964844,0.0,0.0
SIMEI MRT,SIMEI__IMG0003__M2371120643019920,2371120643019920,./data/generated/street_images/2371120643019920.jpg,./data/generated/segmentation_images/2371120643019920_segformer-b2-ade512-master-v1.png,0.025610605875651043,0.009034474690755209,0.0,0.02422332763671875,0.6859308878580729,0.0,0.0
SIMEI MRT,SIMEI__IMG0004__M394649908803871,394649908803871,./data/generated/street_images/394649908803871.jpg,./data/generated/segmentation_images/394649908803871_segformer-b2-ade512-master-v1.png,0.025950113932291668,0.06154759724934896,0.0,0.0,0.6535364786783854,0.0,0.0007921854654947916
SIMEI MRT,SIMEI__IMG0005__M1764189997112027,1764189997112027,./data/generated/street_images/1764189997112027.jpg,./data/generated/segmentation_images/1764189997112027_segformer-b2-ade512-master-v1.png,0.005865732828776042,0.39947509765625,0.0,0.0002492268880208333,0.5463460286458334,0.0,0.0
SIMEI MRT,SIMEI__IMG0006__M370613304745409,370613304745409,./data/generated/street_images/370613304745409.jpg,./data/generated/segmentation_images/370613304745409_segformer-b2-ade512-master-v1.png,0.0023651123046875,0.3431803385416667,0.0,0.021357218424479168,0.5570780436197916,0.0,0.0
SIMEI MRT,SIMEI__IMG0007__M3090738154512568,3090738154512568,./data/generated/street_images/3090738154512568.jpg,./data/generated/segmentation_images/3090738154512568_segformer-b2-ade512-master-v1.png,0.00113677978515625,0.7164840698242188,0.0005048116048177083,0.0,0.5722071329752605,0.0,0.0
SIMEI MRT,SIMEI__IMG0008__M461470908517338,461470908517338,./data/generated/street_images/461470908517338.jpg,./data/generated/segmentation_images/461470908517338_segformer-b2-ade512-master-v1.png,1.6530354817708332e-05,0.9519983927408855,0.0,0.0,0.5783195495605469,0.0,0.0
SIMEI MRT,SIMEI__IMG0009__M237651491722193,237651491722193,./data/generated/street_images/237651491722193.jpg,./data/generated/segmentation_images/237651491722193_segformer-b2-ade512-master-v1.png,0.0026677449544270835,0.4595527648925781,0.00011571248372395833,0.0,0.562353769938151,0.0,0.0
SIMEI MRT,SIMEI__IMG0010__M456221842466501,456221842466501,./data/generated/street_images/456221842466501.jpg,./data/generated/segmentation_images/456221842466501_segformer-b2-ade512-master-v1.png,0.009282430013020832,0.9785792032877605,0.00013987223307291666,0.0,0.5857124328613281,0.0,0.0
SIMEI MRT,SIMEI__IMG0011__M4361213340642318,4361213340642318,./data/generated/street_images/4361213340642318.jpg,./data/generated/segmentation_images/4361213340642318_segformer-b2-ade512-master-v1.png,0.000408172607421875,0.9454790751139324,0.0,0.0,0.5976130167643229,0.0,0.0
SIMEI MRT,SIMEI__IMG0012__M4370346446414003,4370346446414003,./data/generated/street_images/4370346446414003.jpg,./data/generated/segmentation_images/4370346446414003_segformer-b2-ade512-master-v1.png,0.04759089152018229,0.3806775410970052,0.0038859049479166665,0.005472819010416667,0.3049507141113281,0.0,0.0
SIMEI MRT,SIMEI__IMG0013__M483316096055061,483316096055061,./data/generated/street_images/483316096055061.jpg,./data/generated/segmentation_images/483316096055061_segformer-b2-ade512-master-v1.png,0.3112894694010417,0.17907884385850695,0.005357530381944444,0.10316636827256945,0.36030239529079866,0.0,0.002953423394097222
SIMEI MRT,SIMEI__IMG0014__M526159488386611,526159488386611,./data/generated/street_images/526159488386611.jpg,./data/generated/segmentation_images/526159488386611_segformer-b2-ade512-master-v1.png,0.34762912326388884,0.1795196533203125,0.0,0.11858452690972222,0.3442959255642361,0.0,0.009085761176215278
SIMEI MRT,SIMEI__IMG0015__M1185862305160207,1185862305160207,./data/generated/street_images/1185862305160207.jpg,./data/generated/segmentation_images/1185862305160207_segformer-b2-ade512-master-v1.png,0.1573265923394097,0.2554236518012153,0.046774970160590276,0.026399400499131944,0.4757605658637153,0.002343071831597222,0.0
SIMEI MRT,SIMEI__IMG0016__M245295904054214,245295904054214,./data/generated/street_images/245295904054214.jpg,./data/generated/segmentation_images/245295904054214_segformer-b2-ade512-master-v1.png,0.1333041720920139,0.3179202609592014,0.013946533203125,0.0146026611328125,0.48999532063802087,0.0087890625,0.005026923285590278
SIMEI MRT,SIMEI__IMG0017__M371706200934596,371706200934596,./data/generated/street_images/371706200934596.jpg,./data/generated/segmentation_images/371706200934596_segformer-b2-ade512-master-v1.png,0.5132531060112848,0.1616363525390625,0.054190741644965276,0.0024990505642361114,0.1611209445529514,0.051259358723958336,0.01507568359375
SIMEI MRT,SIMEI__IMG0018__M901395757073996,901395757073996,./data/generated/street_images/901395757073996.jpg,./data/generated/segmentation_images/901395757073996_segformer-b2-ade512-master-v1.png,0.18931749131944445,0.21049329969618055,0.019066704644097224,0.0,0.2501661512586805,0.3309563530815972,0.0
SIMEI MRT,SIMEI__IMG0019__M457414852025590,457414852025590,./data/generated/street_images/457414852025590.jpg,./data/generated/segmentation_images/457414852025590_segformer-b2-ade512-master-v1.png,0.16088697645399305,0.3456285264756944,0.037163628472222224,0.0,0.3608618842230903,0.0,0.011688232421875
SIMEI MRT,SIMEI__IMG0020__M898586327657659,898586327657659,./data/generated/street_images/898586327657659.jpg,./data/generated/segmentation_images/898586327657659_segformer-b2-ade512-master-v1.png,0.2518344455295139,0.1960110134548611,0.017985026041666668,0.0,0.3391604953342014,0.0,0.0
SIMEI MRT,SIMEI__IMG0021__M2833196540280458,2833196540280458,./data/generated/street_images/2833196540280458.jpg,./data/generated/segmentation_images/2833196540280458_segformer-b2-ade512-master-v1.png,0.13676961263020831,0.1911841498480903,0.0,0.0,0.605409410264757,0.0,0.00010850694444444444
SIMEI MRT,SIMEI__IMG0022__M3886173218175633,3886173218175633,./data/generated/street_images/3886173218175633.jpg,./data/generated/segmentation_images/3886173218175633_segformer-b2-ade512-master-v1.png,0.5776299370659722,0.22717454698350695,0.0,0.0,0.19310845269097224,0.0,0.0
SIMEI MRT,SIMEI__IMG0023__M1806011692911477,1806011692911477,./data/generated/street_images/1806011692911477.jpg,./data/generated/segmentation_images/1806011692911477_segformer-b2-ade512-master-v1.png,0.24149068196614581,0.4095815022786458,0.2056952582465278,0.03142971462673611,0.06902228461371528,3.899468315972222e-05,0.0
SIMEI MRT,SIMEI__IMG0024__M219892003037738,219892003037738,./data/generated/street_images/219892003037738.jpg,./data/generated/segmentation_images/219892003037738_segformer-b2-ade512-master-v1.png,0.2543707953559028,0.4175838894314236,0.19223870171440974,0.018039279513888888,0.054850260416666664,0.016552395290798612,0.008707682291666666
SIMEI MRT,SIMEI__IMG0025__M2045457975605871,2045457975605871,./data/generated/street_images/2045457975605871.jpg,./data/generated/segmentation_images/2045457975605871_segformer-b2-ade512-master-v1.png,0.21432240804036462,0.5184097290039062,0.23497517903645834,0.007253011067708333,0.014302571614583334,0.004731496175130208,0.0
SIMEI MRT,SIMEI__IMG0026__M626406442093332,626406442093332,./data/generated/street_images/626406442093332.jpg,./data/generated/segmentation_images/626406442093332_segformer-b2-ade512-master-v1.png,0.21663792928059897,0.48587290445963544,0.26136271158854163,0.0035578409830729165,0.009031931559244791,0.014817555745442707,0.0
SIMEI MRT,SIMEI__IMG0027__M4237823076238095,4237823076238095,./data/generated/street_images/4237823076238095.jpg,./data/generated/segmentation_images/4237823076238095_segformer-b2-ade512-master-v1.png,0.16628011067708334,0.5243568420410156,0.2669474283854167,0.006010691324869792,0.007389068603515625,0.01726531982421875,0.0
SIMEI MRT,SIMEI__IMG0028__M903887006857985,903887006857985,./data/generated/street_images/903887006857985.jpg,./data/generated/segmentation_images/903887006857985_segformer-b2-ade512-master-v1.png,0.1820220947265625,0.530426025390625,0.23075358072916666,0.015382130940755209,0.02860260009765625,0.0026944478352864585,4.1961669921875e-05
SIMEI MRT,SIMEI__IMG0029__M383213532850564,383213532850564,./data/generated/street_images/383213532850564.jpg,./data/generated/segmentation_images/383213532850564_segformer-b2-ade512-master-v1.png,0.18284479777018228,0.5273590087890625,0.2549692789713542,0.013580322265625,0.01021575927734375,0.003954569498697917,0.001911163330078125
STADIUM MRT,STADIUM__IMG0001__M183727190175156,183727190175156,./data/generated/street_images/183727190175156.jpg,./data/generated/segmentation_images/183727190175156_segformer-b2-ade512-master-v1.png,0.0118865966796875,0.0,0.0,0.5242640177408854,0.4636370340983073,0.0,0.0
STADIUM MRT,STADIUM__IMG0002__M879161469475583,879161469475583,./data/generated/street_images/879161469475583.jpg,./data/generated/segmentation_images/879161469475583_segformer-b2-ade512-master-v1.png,0.0627276102701823,0.000423431396484375,0.015179951985677084,0.4581247965494792,0.4511375427246094,0.0,0.0016352335611979167
STADIUM MRT,STADIUM__IMG0003__M266878791850711,266878791850711,./data/generated/street_images/266878791850711.jpg,./data/generated/segmentation_images/266878791850711_segformer-b2-ade512-master-v1.png,0.029666900634765625,0.18303298950195312,0.0015894571940104167,0.5410474141438802,0.19365946451822916,0.0,0.00229644775390625
STADIUM MRT,STADIUM__IMG0004__M777246792926025,777246792926025,./data/generated/street_images/777246792926025.jpg,./data/generated/segmentation_images/777246792926025_segformer-b2-ade512-master-v1.png,0.10771687825520833,0.24744542439778647,0.00846099853515625,0.5174509684244791,0.10161590576171875,0.0,0.0009969075520833333
STADIUM MRT,STADIUM__IMG0005__M192857249352858,192857249352858,./data/generated/street_images/192857249352858.jpg,./data/generated/segmentation_images/192857249352858_segformer-b2-ade512-master-v1.png,0.054354349772135414,0.17095184326171875,0.4228808085123698,0.11732228597005208,0.23225911458333334,0.00013987223307291666,0.0
STADIUM MRT,STADIUM__IMG0006__M515679629452121,515679629452121,./data/generated/street_images/515679629452121.jpg,./data/generated/segmentation_images/515679629452121_segformer-b2-ade512-master-v1.png,0.0794385274251302,0.18859990437825522,0.3249371846516927,0.17513529459635416,0.21599324544270834,0.0,0.0
STADIUM MRT,STADIUM__IMG0007__M207246134357371,207246134357371,./data/generated/street_images/207246134357371.jpg,./data/generated/segmentation_images/207246134357371_segformer-b2-ade512-master-v1.png,0.0,0.33954620361328125,0.0,0.0,0.10970815022786458,0.0,0.007790883382161458
STADIUM MRT,STADIUM__IMG0008__M468506434215963,468506434215963,./data/generated/street_images/468506434215963.jpg,./data/generated/segmentation_images/468506434215963_segformer-b2-ade512-master-v1.png,0.036556243896484375,0.23705927530924478,0.00010553995768229167,0.0,0.24750645955403647,0.0,0.004486083984375
TAI SENG MRT,TAI_SENG__IMG0001__M283641480174561,283641480174561,./data/generated/street_images/283641480174561.jpg,./data/generated/segmentation_images/283641480174561_segformer-b2-ade512-master-v1.png,0.2993893093532986,0.13135782877604166,0.20545450846354166,0.055567423502604164,0.23096720377604166,0.009348551432291668,0.0
TAI SENG MRT,TAI_SENG__IMG0002__M323638182467187,323638182467187,./data/generated/street_images/323638182467187.jpg,./data/generated/segmentation_images/323638182467187_segformer-b2-ade512-master-v1.png,0.2993943956163194,0.13135782877604166,0.2054629855685764,0.0555267333984375,0.230926513671875,0.009345160590277778,0.0
TAI SENG MRT,TAI_SENG__IMG0003__M521379485907147,521379485907147,./data/generated/street_images/521379485907147.jpg,./data/generated/segmentation_images/521379485907147_segformer-b2-ade512-master-v1.png,0.1694793701171875,0.2662302652994792,0.20655314127604166,0.008777194552951388,0.33552890353732634,0.012056138780381944,0.0
TAI SENG MRT,TAI_SENG__IMG0004__M896515454238210,896515454238210,./data/generated/street_images/896515454238210.jpg,./data/generated/segmentation_images/896515454238210_segformer-b2-ade512-master-v1.png,0.058455149332682296,0.4722328186035156,0.2011388142903646,0.022715250651041668,0.18663533528645831,0.002178192138671875,0.0006116231282552084
TAI SENG MRT,TAI_SENG__IMG0005__M4216594168392925,4216594168392925,./data/generated/street_images/4216594168392925.jpg,./data/generated/segmentation_images/4216594168392925_segformer-b2-ade512-master-v1.png,0.0,0.0,0.2728830973307292,0.0006883409288194445,0.43274943033854163,0.04204135470920139,0.0
TAI SENG MRT,TAI_SENG__IMG0006__M522185335462217,522185335462217,./data/generated/street_images/522185335462217.jpg,./data/generated/segmentation_images/522185335462217_segformer-b2-ade512-master-v1.png,0.0,0.0,0.2728644476996528,0.0006629096137152778,0.4327629937065972,0.04197184244791667,0.0
TAMPINES EAST MRT,TAMPINES_EAST__IMG0001__M162481832498865,162481832498865,./data/generated/street_images/162481832498865.jpg,./data/generated/segmentation_images/162481832498865_segformer-b2-ade512-master-v1.png,0.3003404405381945,0.19715372721354166,0.1927117241753472,0.019660101996527776,0.27776421440972227,0.0029466417100694445,0.0013292100694444445
TAMPINES EAST MRT,TAMPINES_EAST__IMG0002__M282134990324511,282134990324511,./data/generated/street_images/282134990324511.jpg,./data/generated/segmentation_images/282134990324511_segformer-b2-ade512-master-v1.png,0.23080613878038195,0.2984449598524306,0.2069515652126736,0.029603746202256944,0.2091149224175347,0.010713365342881944,0.0010172526041666667
TAMPINES EAST MRT,TAMPINES_EAST__IMG0003__M447051323343866,447051323343866,./data/generated/street_images/447051323343866.jpg,./data/generated/segmentation_images/447051323343866_segformer-b2-ade512-master-v1.png,0.1785312228732639,0.3222774929470486,0.19366624620225695,0.013285319010416666,0.2556338840060764,0.036738077799479164,0.0
TAMPINES EAST MRT,TAMPINES_EAST__IMG0004__M497133791607578,497133791607578,./data/generated/street_images/497133791607578.jpg,./data/generated/segmentation_images/497133791607578_segformer-b2-ade512-master-v1.png,0.17860243055555555,0.3222910563151042,0.19371202256944445,0.013236151801215278,0.2555898030598958,0.036705864800347224,0.0
TAMPINES EAST MRT,TAMPINES_EAST__IMG0005__M232529481973614,232529481973614,./data/generated/street_images/232529481973614.jpg,./data/generated/segmentation_images/232529481973614_segformer-b2-ade512-master-v1.png,0.14454142252604169,0.003380669487847222,0.06920030381944445,0.07976277669270833,0.6414879692925348,0.0,0.0
TAMPINES EAST MRT,TAMPINES_EAST__IMG0006__M764849794179335,764849794179335,./data/generated/street_images/764849794179335.jpg,./data/generated/segmentation_images/764849794179335_segformer-b2-ade512-master-v1.png,0.18002149793836808,0.0482177734375,0.2202674018012153,0.028898451063368056,0.3813001844618056,0.11342875162760417,0.0
TAMPINES EAST MRT,TAMPINES_EAST__IMG0007__M478769766742219,478769766742219,./data/generated/street_images/478769766742219.jpg,./data/generated/segmentation_images/478769766742219_segformer-b2-ade512-master-v1.png,0.0,0.0,0.06336127387152778,0.1673651801215278,0.7654147677951388,0.0038587782118055555,0.0
TAMPINES EAST MRT,TAMPINES_EAST__IMG0008__M973976843339739,973976843339739,./data/generated/street_images/973976843339739.jpg,./data/generated/segmentation_images/973976843339739_segformer-b2-ade512-master-v1.png,0.10160997178819443,0.0,0.106842041015625,0.05693393283420139,0.6288859049479166,0.06570604112413195,0.0
TAMPINES EAST MRT,TAMPINES_EAST__IMG0009__M1403079563380738,1403079563380738,./data/generated/street_images/1403079563380738.jpg,./data/generated/segmentation_images/1403079563380738_segformer-b2-ade512-master-v1.png,0.13504197862413195,0.013241238064236112,0.2665574815538194,0.05932278103298611,0.4621209038628472,0.06351894802517362,0.0
TAMPINES EAST MRT,TAMPINES_EAST__IMG0010__M141482361356640,141482361356640,./data/generated/street_images/141482361356640.jpg,./data/generated/segmentation_images/141482361356640_segformer-b2-ade512-master-v1.png,0.16456434461805555,0.015684339735243056,0.1894717746310764,0.1085171169704861,0.4176856146918403,0.10129462348090278,0.0
TAMPINES EAST MRT,TAMPINES_EAST__IMG0011__M227474438805051,227474438805051,./data/generated/street_images/227474438805051.jpg,./data/generated/segmentation_images/227474438805051_segformer-b2-ade512-master-v1.png,0.08455573187934028,0.0,0.1714358859592014,0.1606207953559028,0.5598161485460069,0.015750461154513888,0.0026872422960069445
TAMPINES EAST MRT,TAMPINES_EAST__IMG0012__M287460259784714,287460259784714,./data/generated/street_images/287460259784714.jpg,./data/generated/segmentation_images/287460259784714_segformer-b2-ade512-master-v1.png,0.10883416069878471,0.0,0.14577907986111113,0.12835184733072916,0.5750647650824653,0.037604437934027776,0.0
TAMPINES EAST MRT,TAMPINES_EAST__IMG0013__M234101198483374,234101198483374,./data/generated/street_images/234101198483374.jpg,./data/generated/segmentation_images/234101198483374_segformer-b2-ade512-master-v1.png,0.4742160373263889,0.028695000542534724,0.12146504720052083,0.03212483723958333,0.3407643636067708,0.0018853081597222222,0.0
TAMPINES EAST MRT,TAMPINES_EAST__IMG0014__M482799932994010,482799932994010,./data/generated/street_images/482799932994010.jpg,./data/generated/segmentation_images/482799932994010_segformer-b2-ade512-master-v1.png,0.5678948296440971,0.04730055067274305,0.23218790690104166,0.017550998263888888,0.0895572238498264,8.646647135416667e-05,0.0
TAMPINES EAST MRT,TAMPINES_EAST__IMG0015__M2250518241750426,2250518241750426,./data/generated/street_images/2250518241750426.jpg,./data/generated/segmentation_images/2250518241750426_segformer-b2-ade512-master-v1.png,0.1898261176215278,0.00020345052083333334,0.18889363606770834,0.11620415581597222,0.4443851047092014,0.058797200520833336,0.0
TAMPINES EAST MRT,TAMPINES_EAST__IMG0016__M2833394680255600,2833394680255600,./data/generated/street_images/2833394680255600.jpg,./data/generated/segmentation_images/2833394680255600_segformer-b2-ade512-master-v1.png,0.2129092746310764,0.003536648220486111,0.22968885633680555,0.08280266655815972,0.3948482937282986,0.0748630099826389,0.0
TAMPINES EAST MRT,TAMPINES_EAST__IMG0017__M472651463997381,472651463997381,./data/generated/street_images/472651463997381.jpg,./data/generated/segmentation_images/472651463997381_segformer-b2-ade512-master-v1.png,0.4297773573133681,0.024722629123263888,0.001132541232638889,0.06768459743923612,0.4673004150390625,0.0,0.0008680555555555555
TAMPINES EAST MRT,TAMPINES_EAST__IMG0018__M904771190084420,904771190084420,./data/generated/street_images/904771190084420.jpg,./data/generated/segmentation_images/904771190084420_segformer-b2-ade512-master-v1.png,0.4063330756293403,0.003980848524305556,0.001864963107638889,0.04092746310763889,0.5470089382595487,0.0,4.0690104166666664e-05
TAMPINES EAST MRT,TAMPINES_EAST__IMG0019__M302387588027521,302387588027521,./data/generated/street_images/302387588027521.jpg,./data/generated/segmentation_images/302387588027521_segformer-b2-ade512-master-v1.png,0.010847303602430556,0.0,0.1786719428168403,0.006974962022569444,0.6524115668402778,0.14737955729166666,0.0
TAMPINES EAST MRT,TAMPINES_EAST__IMG0020__M306591021195719,306591021195719,./data/generated/street_images/306591021195719.jpg,./data/generated/segmentation_images/306591021195719_segformer-b2-ade512-master-v1.png,0.0,0.0,0.1571078830295139,0.05224778917100695,0.6675482855902778,0.11582438151041667,0.0
TAMPINES EAST MRT,TAMPINES_EAST__IMG0021__M292185099233217,292185099233217,./data/generated/street_images/292185099233217.jpg,./data/generated/segmentation_images/292185099233217_segformer-b2-ade512-master-v1.png,0.406645033094618,0.1688300238715278,0.2186126708984375,0.003528171115451389,0.04037136501736111,0.009312947591145834,0.0
TAMPINES EAST MRT,TAMPINES_EAST__IMG0022__M813629712622706,813629712622706,./data/generated/street_images/813629712622706.jpg,./data/generated/segmentation_images/813629712622706_segformer-b2-ade512-master-v1.png,0.558592054578993,0.15791490342881945,0.2245568169487847,0.025299072265625,0.0118865966796875,0.015038384331597222,0.0
TAMPINES EAST MRT,TAMPINES_EAST__IMG0023__M1425187837829952,1425187837829952,./data/generated/street_images/1425187837829952.jpg,./data/generated/segmentation_images/1425187837829952_segformer-b2-ade512-master-v1.png,0.4112413194444445,0.1947258843315972,0.20037841796875,0.04311964246961805,0.12812635633680555,0.00039503309461805556,0.0
TAMPINES EAST MRT,TAMPINES_EAST__IMG0024__M2623629387783663,2623629387783663,./data/generated/street_images/2623629387783663.jpg,./data/generated/segmentation_images/2623629387783663_segformer-b2-ade512-master-v1.png,0.37621222601996523,0.2398189968532986,0.20362684461805555,0.0302886962890625,0.1393585205078125,0.00034925672743055556,0.0
TAMPINES EAST MRT,TAMPINES_EAST__IMG0025__M291137796040376,291137796040376,./data/generated/street_images/291137796040376.jpg,./data/generated/segmentation_images/291137796040376_segformer-b2-ade512-master-v1.png,0.8838907877604167,0.0736728244357639,0.0006629096137152778,0.008187188042534722,0.0,0.0,0.0
TAMPINES EAST MRT,TAMPINES_EAST__IMG0026__M461609934919911,461609934919911,./data/generated/street_images/461609934919911.jpg,./data/generated/segmentation_images/461609934919911_segformer-b2-ade512-master-v1.png,0.8757069905598959,0.059487236870659724,0.004338582356770834,0.012939453125,0.0,0.0,0.0
TAMPINES EAST MRT,TAMPINES_EAST__IMG0027__M1129377364231049,1129377364231049,./data/generated/street_images/1129377364231049.jpg,./data/generated/segmentation_images/1129377364231049_segformer-b2-ade512-master-v1.png,0.663970947265625,0.2541283501519097,0.000457763671875,0.022669474283854168,0.0,0.0,0.0
TAMPINES EAST MRT,TAMPINES_EAST__IMG0028__M927119891195272,927119891195272,./data/generated/street_images/927119891195272.jpg,./data/generated/segmentation_images/927119891195272_segformer-b2-ade512-master-v1.png,0.6517011854383681,0.24254014756944445,0.00012885199652777778,0.0379180908203125,0.0,0.008494059244791666,0.005254109700520833
TAMPINES EAST MRT,TAMPINES_EAST__IMG0029__M332170391658093,332170391658093,./data/generated/street_images/332170391658093.jpg,./data/generated/segmentation_images/332170391658093_segformer-b2-ade512-master-v1.png,0.6769849989149306,0.2681410047743056,0.021474202473958332,0.0279693603515625,0.00029839409722222225,0.0,0.0
TAMPINES EAST MRT,TAMPINES_EAST__IMG0030__M3791901040931712,3791901040931712,./data/generated/street_images/3791901040931712.jpg,./data/generated/segmentation_images/3791901040931712_segformer-b2-ade512-master-v1.png,0.7187720404730903,0.2182735866970486,0.022226969401041668,0.027113172743055556,0.013385348849826388,0.0,0.0
TAMPINES EAST MRT,TAMPINES_EAST__IMG0031__M780011149575096,780011149575096,./data/generated/street_images/780011149575096.jpg,./data/generated/segmentation_images/780011149575096_segformer-b2-ade512-master-v1.png,0.4124976264105903,0.18561808268229166,0.2409481472439236,0.009740193684895834,0.0022735595703125,0.0,0.0
TAMPINES EAST MRT,TAMPINES_EAST__IMG0032__M814792789150574,814792789150574,./data/generated/street_images/814792789150574.jpg,./data/generated/segmentation_images/814792789150574_segformer-b2-ade512-master-v1.png,0.5503319634331597,0.1475677490234375,0.23694017198350695,0.008199055989583334,0.019307454427083332,0.0,0.0
TAMPINES MRT,TAMPINES__IMG0001__M132183215527748,132183215527748,./data/generated/street_images/132183215527748.jpg,./data/generated/segmentation_images/132183215527748_segformer-b2-ade512-master-v1.png,0.1472201877170139,0.3738199869791667,0.1901516384548611,0.026106092664930556,0.24182467990451387,0.017591688368055556,0.0019243028428819445
TAMPINES MRT,TAMPINES__IMG0002__M307963640911794,307963640911794,./data/generated/street_images/307963640911794.jpg,./data/generated/segmentation_images/307963640911794_segformer-b2-ade512-master-v1.png,0.1460452609592014,0.3619571261935764,0.18629964192708334,0.025812784830729168,0.25862630208333337,0.009014553493923612,8.816189236111111e-05
TAMPINES MRT,TAMPINES__IMG0003__M309101984056784,309101984056784,./data/generated/street_images/309101984056784.jpg,./data/generated/segmentation_images/309101984056784_segformer-b2-ade512-master-v1.png,0.062383015950520836,0.3810831705729167,0.1261562771267361,0.07647026909722222,0.30120849609375,0.041541205512152776,0.005515204535590278
TAMPINES MRT,TAMPINES__IMG0004__M458755298545539,458755298545539,./data/generated/street_images/458755298545539.jpg,./data/generated/segmentation_images/458755298545539_segformer-b2-ade512-master-v1.png,0.06167093912760417,0.3916456434461806,0.1486935085720486,0.055577596028645836,0.2650383843315972,0.0821346706814236,0.0
TAMPINES MRT,TAMPINES__IMG0005__M183153823664958,183153823664958,./data/generated/street_images/183153823664958.jpg,./data/generated/segmentation_images/183153823664958_segformer-b2-ade512-master-v1.png,0.3094957139756944,0.326904296875,0.004675971137152778,0.05632188585069445,0.24113633897569445,0.0006646050347222222,0.0
TAMPINES MRT,TAMPINES__IMG0006__M226102898854583,226102898854583,./data/generated/street_images/226102898854583.jpg,./data/generated/segmentation_images/226102898854583_segformer-b2-ade512-master-v1.png,0.06503465440538193,0.5379587809244791,0.12028672960069443,0.022511800130208332,0.1435004340277778,0.0625762939453125,0.0018022325303819445
TAMPINES MRT,TAMPINES__IMG0007__M3993445830704714,3993445830704714,./data/generated/street_images/3993445830704714.jpg,./data/generated/segmentation_images/3993445830704714_segformer-b2-ade512-master-v1.png,0.12736680772569445,0.3212568495008681,0.1124538845486111,0.06801011827256945,0.2435845269097222,8.477105034722223e-06,0.0
TAMPINES MRT,TAMPINES__IMG0008__M1251938375218414,1251938375218414,./data/generated/street_images/1251938375218414.jpg,./data/generated/segmentation_images/1251938375218414_segformer-b2-ade512-master-v1.png,0.04090711805555556,0.5889333089192709,0.0383148193359375,0.005332099066840278,0.15077379014756945,0.11337449815538195,0.0
TAMPINES MRT,TAMPINES__IMG0009__M3909333825849285,3909333825849285,./data/generated/street_images/3909333825849285.jpg,./data/generated/segmentation_images/3909333825849285_segformer-b2-ade512-master-v1.png,0.04360622829861111,0.5701514350043403,0.024130927191840276,0.013848198784722222,0.10754055447048612,0.1308135986328125,0.0010528564453125
TAMPINES MRT,TAMPINES__IMG0010__M552212249097106,552212249097106,./data/generated/street_images/552212249097106.jpg,./data/generated/segmentation_images/552212249097106_segformer-b2-ade512-master-v1.png,0.03809950086805555,0.5727556016710069,0.048929850260416664,0.012898763020833334,0.1576622856987847,0.09681532118055555,0.0
TAMPINES MRT,TAMPINES__IMG0011__M3074814786176823,3074814786176823,./data/generated/street_images/3074814786176823.jpg,./data/generated/segmentation_images/3074814786176823_segformer-b2-ade512-master-v1.png,0.09501817491319445,0.2181735568576389,0.011820475260416666,0.16728719075520831,0.4918246799045139,0.0,0.0
TAMPINES MRT,TAMPINES__IMG0012__M377002706938527,377002706938527,./data/generated/street_images/377002706938527.jpg,./data/generated/segmentation_images/377002706938527_segformer-b2-ade512-master-v1.png,0.034493340386284724,0.5573391384548612,0.09062872992621528,0.07974412706163195,0.1675228542751736,0.03383043077256945,0.004660712348090278
TAMPINES MRT,TAMPINES__IMG0013__M472124950564596,472124950564596,./data/generated/street_images/472124950564596.jpg,./data/generated/segmentation_images/472124950564596_segformer-b2-ade512-master-v1.png,0.114532470703125,0.2188195122612847,0.022996690538194444,0.1755608452690972,0.4629499647352431,0.0,0.0
TAMPINES MRT,TAMPINES__IMG0014__M140121411467938,140121411467938,./data/generated/street_images/140121411467938.jpg,./data/generated/segmentation_images/140121411467938_segformer-b2-ade512-master-v1.png,0.006501939561631944,0.5950351291232638,0.1338077121310764,0.0735744900173611,0.1051754421657986,0.03904554578993055,0.011037190755208334
TAMPINES MRT,TAMPINES__IMG0015__M327501625401005,327501625401005,./data/generated/street_images/327501625401005.jpg,./data/generated/segmentation_images/327501625401005_segformer-b2-ade512-master-v1.png,0.008039686414930556,0.5788235134548612,0.09206983778211805,0.057240804036458336,0.08513387044270833,0.18193562825520831,0.0
TAMPINES MRT,TAMPINES__IMG0016__M910449299737627,910449299737627,./data/generated/street_images/910449299737627.jpg,./data/generated/segmentation_images/910449299737627_segformer-b2-ade512-master-v1.png,0.013373480902777778,0.5923563639322916,0.09420098198784722,0.090972900390625,0.12216695149739584,0.05634223090277778,0.012018839518229166
TAMPINES WEST MRT,TAMPINES_WEST__IMG0001__M458826991882357,458826991882357,./data/generated/street_images/458826991882357.jpg,./data/generated/segmentation_images/458826991882357_segformer-b2-ade512-master-v1.png,0.012235853407118056,0.3736809624565972,0.12731424967447916,0.023212009006076388,0.3201463487413195,0.08988444010416667,1.864963107638889e-05
TAMPINES WEST MRT,TAMPINES_WEST__IMG0002__M840928849843519,840928849843519,./data/generated/street_images/840928849843519.jpg,./data/generated/segmentation_images/840928849843519_segformer-b2-ade512-master-v1.png,0.03228420681423611,0.4391309950086806,0.11404927571614583,0.006373087565104167,0.2502000596788194,0.11719428168402778,0.00014241536458333334
TAMPINES WEST MRT,TAMPINES_WEST__IMG0003__M372296660832492,372296660832492,./data/generated/street_images/372296660832492.jpg,./data/generated/segmentation_images/372296660832492_segformer-b2-ade512-master-v1.png,0.0,0.002532958984375,0.0,0.0,0.5572475857204862,0.009243435329861112,0.0
TAMPINES WEST MRT,TAMPINES_WEST__IMG0004__M520353529325224,520353529325224,./data/generated/street_images/520353529325224.jpg,./data/generated/segmentation_images/520353529325224_segformer-b2-ade512-master-v1.png,0.0,0.0009375678168402778,0.00022040473090277778,0.0004425048828125,0.25513203938802087,0.21400282118055555,0.0
TAMPINES WEST MRT,TAMPINES_WEST__IMG0005__M288869202727623,288869202727623,./data/generated/street_images/288869202727623.jpg,./data/generated/segmentation_images/288869202727623_segformer-b2-ade512-master-v1.png,0.1661156548394097,0.5623050265842013,0.14433797200520831,0.0,0.0,0.12395562065972222,0.0
TAMPINES WEST MRT,TAMPINES_WEST__IMG0006__M4142236605871205,4142236605871205,./data/generated/street_images/4142236605871205.jpg,./data/generated/segmentation_images/4142236605871205_segformer-b2-ade512-master-v1.png,0.16802978515625003,0.3677588568793403,0.2908545600043403,0.0,0.061102973090277776,0.0016445583767361112,0.0
TAMPINES WEST MRT,TAMPINES_WEST__IMG0007__M493143991830556,493143991830556,./data/generated/street_images/493143991830556.jpg,./data/generated/segmentation_images/493143991830556_segformer-b2-ade512-master-v1.png,0.4166429307725695,0.3520745171440972,0.2019229465060764,0.0075225830078125,0.0013410780164930555,0.0011223687065972222,0.0
TAMPINES WEST MRT,TAMPINES_WEST__IMG0008__M936816627075679,936816627075679,./data/generated/street_images/936816627075679.jpg,./data/generated/segmentation_images/936816627075679_segformer-b2-ade512-master-v1.png,0.37807549370659727,0.3797336154513889,0.181182861328125,0.0,0.010735405815972222,0.030568440755208332,0.0
TAMPINES WEST MRT,TAMPINES_WEST__IMG0009__M513456226454806,513456226454806,./data/generated/street_images/513456226454806.jpg,./data/generated/segmentation_images/513456226454806_segformer-b2-ade512-master-v1.png,0.4799092610677083,0.3340301513671875,0.14651997884114584,0.0,0.006822374131944444,0.032918294270833336,0.0
TAMPINES WEST MRT,TAMPINES_WEST__IMG0010__M597999634494141,597999634494141,./data/generated/street_images/597999634494141.jpg,./data/generated/segmentation_images/597999634494141_segformer-b2-ade512-master-v1.png,0.8093448215060763,0.14359029134114584,0.005393134223090278,0.022738986545138888,0.0013427734375,0.0,0.0
TAMPINES WEST MRT,TAMPINES_WEST__IMG0011__M137407895079800,137407895079800,./data/generated/street_images/137407895079800.jpg,./data/generated/segmentation_images/137407895079800_segformer-b2-ade512-master-v1.png,0.45306735568576384,0.3590053982204861,0.1585930718315972,0.0,0.00274658203125,0.0069732666015625,0.0
TAMPINES WEST MRT,TAMPINES_WEST__IMG0012__M143952384313326,143952384313326,./data/generated/street_images/143952384313326.jpg,./data/generated/segmentation_images/143952384313326_segformer-b2-ade512-master-v1.png,0.4377848307291667,0.3627336290147569,0.18984476725260419,0.0,0.004609849717881944,0.0012800428602430555,0.0
TAMPINES WEST MRT,TAMPINES_WEST__IMG0013__M1451510555209267,1451510555209267,./data/generated/street_images/1451510555209267.jpg,./data/generated/segmentation_images/1451510555209267_segformer-b2-ade512-master-v1.png,0.4482811821831597,0.3417731391059028,0.162811279296875,0.020728217230902776,0.006600273980034723,0.013098822699652776,0.0
TAMPINES WEST MRT,TAMPINES_WEST__IMG0014__M289869256062608,289869256062608,./data/generated/street_images/289869256062608.jpg,./data/generated/segmentation_images/289869256062608_segformer-b2-ade512-master-v1.png,0.7903747558593749,0.1798892550998264,0.0,0.009438408745659722,0.0,0.0,0.0
TAMPINES WEST MRT,TAMPINES_WEST__IMG0015__M173978941282278,173978941282278,./data/generated/street_images/173978941282278.jpg,./data/generated/segmentation_images/173978941282278_segformer-b2-ade512-master-v1.png,0.776791042751736,0.14056396484375,2.3735894097222223e-05,0.005388047960069444,3.5603841145833336e-05,0.0,0.0
TAMPINES WEST MRT,TAMPINES_WEST__IMG0016__M467496634341758,467496634341758,./data/generated/street_images/467496634341758.jpg,./data/generated/segmentation_images/467496634341758_segformer-b2-ade512-master-v1.png,0.48018391927083337,0.2942911783854167,0.15118408203125,0.04704623752170139,0.013770209418402778,0.013963487413194444,0.0
TAMPINES WEST MRT,TAMPINES_WEST__IMG0017__M297050635288919,297050635288919,./data/generated/street_images/297050635288919.jpg,./data/generated/segmentation_images/297050635288919_segformer-b2-ade512-master-v1.png,0.3883633083767361,0.3044637044270833,0.15455457899305555,0.0822940402560764,0.04501003689236111,0.025804307725694444,0.0004069010416666667
TAMPINES WEST MRT,TAMPINES_WEST__IMG0018__M782383712671698,782383712671698,./data/generated/street_images/782383712671698.jpg,./data/generated/segmentation_images/782383712671698_segformer-b2-ade512-master-v1.png,0.49109395345052087,0.2541978624131944,0.15669759114583334,0.016084459092881944,0.04424709743923611,0.03815036349826389,0.0
TAMPINES WEST MRT,TAMPINES_WEST__IMG0019__M565383034433656,565383034433656,./data/generated/street_images/565383034433656.jpg,./data/generated/segmentation_images/565383034433656_segformer-b2-ade512-master-v1.png,0.3931986490885417,0.3195597330729167,0.13482835557725695,0.03863864474826389,0.065826416015625,0.031300862630208336,0.0001678466796875
TAMPINES WEST MRT,TAMPINES_WEST__IMG0020__M924923384906935,924923384906935,./data/generated/street_images/924923384906935.jpg,./data/generated/segmentation_images/924923384906935_segformer-b2-ade512-master-v1.png,0.4023505316840278,0.3159942626953125,0.161285400390625,0.0079498291015625,0.0786895751953125,0.029507107204861112,0.001315646701388889
TAMPINES WEST MRT,TAMPINES_WEST__IMG0021__M2985109678482516,2985109678482516,./data/generated/street_images/2985109678482516.jpg,./data/generated/segmentation_images/2985109678482516_segformer-b2-ade512-master-v1.png,0.0865902370876736,0.2742919921875,0.0,0.00026787651909722225,0.4703792995876736,0.0,0.0
TAMPINES WEST MRT,TAMPINES_WEST__IMG0022__M474130840531070,474130840531070,./data/generated/street_images/474130840531070.jpg,./data/generated/segmentation_images/474130840531070_segformer-b2-ade512-master-v1.png,0.15074327256944445,0.2764485677083333,0.0,0.005964491102430555,0.3950958251953125,0.0,0.0
TAMPINES WEST MRT,TAMPINES_WEST__IMG0023__M323094522760885,323094522760885,./data/generated/street_images/323094522760885.jpg,./data/generated/segmentation_images/323094522760885_segformer-b2-ade512-master-v1.png,0.413606431749132,0.2172122531467014,0.12211100260416666,0.04054429796006945,0.14364793565538195,0.061253865559895836,0.0
TAMPINES WEST MRT,TAMPINES_WEST__IMG0024__M4023632227659669,4023632227659669,./data/generated/street_images/4023632227659669.jpg,./data/generated/segmentation_images/4023632227659669_segformer-b2-ade512-master-v1.png,0.4328884548611111,0.2631479899088542,0.10141330295138888,0.059107462565104164,0.06566704644097222,0.07476298014322917,0.0
TAMPINES WEST MRT,TAMPINES_WEST__IMG0025__M152725640193070,152725640193070,./data/generated/street_images/152725640193070.jpg,./data/generated/segmentation_images/152725640193070_segformer-b2-ade512-master-v1.png,0.47696770562065977,0.2278594970703125,0.1638251410590278,0.018405490451388888,0.0966033935546875,0.012118869357638888,0.0
TAMPINES WEST MRT,TAMPINES_WEST__IMG0026__M376170563627656,376170563627656,./data/generated/street_images/376170563627656.jpg,./data/generated/segmentation_images/376170563627656_segformer-b2-ade512-master-v1.png,0.9024670918782551,0.08164215087890625,0.019489288330078125,0.005207061767578125,0.005252838134765625,0.0,0.0
TAMPINES WEST MRT,TAMPINES_WEST__IMG0027__M730166504318814,730166504318814,./data/generated/street_images/730166504318814.jpg,./data/generated/segmentation_images/730166504318814_segformer-b2-ade512-master-v1.png,0.5351155598958333,0.26932017008463544,0.0,0.0,0.0,0.0,0.0
TAMPINES WEST MRT,TAMPINES_WEST__IMG0028__M474344140491973,474344140491973,./data/generated/street_images/474344140491973.jpg,./data/generated/segmentation_images/474344140491973_segformer-b2-ade512-master-v1.png,0.9215265909830729,0.06625747680664062,0.0003674825032552083,0.004131317138671875,0.0013478597005208333,0.0010668436686197917,0.0
TAMPINES WEST MRT,TAMPINES_WEST__IMG0029__M823827794957332,823827794957332,./data/generated/street_images/823827794957332.jpg,./data/generated/segmentation_images/823827794957332_segformer-b2-ade512-master-v1.png,0.865674336751302,0.08973185221354167,0.0023142496744791665,0.023990631103515625,0.008419036865234375,0.0033543904622395835,0.00013860066731770834
TANAH MERAH MRT,TANAH_MERAH__IMG0001__M173210614710726,173210614710726,./data/generated/street_images/173210614710726.jpg,./data/generated/segmentation_images/173210614710726_segformer-b2-ade512-master-v1.png,0.1888342963324653,0.2412804497612847,0.1495700412326389,0.0533447265625,0.3433651394314236,0.023596869574652776,0.0
TANAH MERAH MRT,TANAH_MERAH__IMG0002__M345568910245112,345568910245112,./data/generated/street_images/345568910245112.jpg,./data/generated/segmentation_images/345568910245112_segformer-b2-ade512-master-v1.png,0.09962293836805555,0.22568766276041666,0.17908223470052084,0.06182522243923611,0.4261932373046875,0.0034349229600694445,0.0007798936631944445
TANAH MERAH MRT,TANAH_MERAH__IMG0003__M239273867975232,239273867975232,./data/generated/street_images/239273867975232.jpg,./data/generated/segmentation_images/239273867975232_segformer-b2-ade512-master-v1.png,0.10992431640625,0.3321974012586806,0.1725006103515625,0.011613633897569444,0.3174404568142361,0.05652025010850694,0.0
TANAH MERAH MRT,TANAH_MERAH__IMG0004__M303478737974577,303478737974577,./data/generated/street_images/303478737974577.jpg,./data/generated/segmentation_images/303478737974577_segformer-b2-ade512-master-v1.png,0.284088134765625,0.09755791558159722,0.3112250434027778,0.0778316921657986,0.12279595269097222,0.0,0.0527801513671875
TANAH MERAH MRT,TANAH_MERAH__IMG0005__M1267626436964977,1267626436964977,./data/generated/street_images/1267626436964977.jpg,./data/generated/segmentation_images/1267626436964977_segformer-b2-ade512-master-v1.png,0.301210191514757,0.08986070421006945,0.2929111056857639,0.07455274793836805,0.12473381890190972,0.0,0.0
TANAH MERAH MRT,TANAH_MERAH__IMG0006__M3739129186196089,3739129186196089,./data/generated/street_images/3739129186196089.jpg,./data/generated/segmentation_images/3739129186196089_segformer-b2-ade512-master-v1.png,0.48024495442708337,0.07650926378038195,0.2647518581814236,0.04254489474826389,0.059104071723090276,0.0,0.0
TANAH MERAH MRT,TANAH_MERAH__IMG0007__M313006797090498,313006797090498,./data/generated/street_images/313006797090498.jpg,./data/generated/segmentation_images/313006797090498_segformer-b2-ade512-master-v1.png,0.2060055202907986,0.1009250217013889,0.2534501817491319,0.06480916341145833,0.24555291069878474,0.0,0.0
TANAH MERAH MRT,TANAH_MERAH__IMG0008__M525676041772620,525676041772620,./data/generated/street_images/525676041772620.jpg,./data/generated/segmentation_images/525676041772620_segformer-b2-ade512-master-v1.png,0.1426306830512153,0.2903815375434028,0.06965467664930555,0.025109185112847224,0.33956061469184023,0.1171383327907986,0.0
TANAH MERAH MRT,TANAH_MERAH__IMG0009__M225739338890935,225739338890935,./data/generated/street_images/225739338890935.jpg,./data/generated/segmentation_images/225739338890935_segformer-b2-ade512-master-v1.png,0.10874599880642362,0.022759331597222224,0.2003665500217014,0.09308030870225695,0.46518452962239587,0.0,0.0
TANAH MERAH MRT,TANAH_MERAH__IMG0010__M4607997532563212,4607997532563212,./data/generated/street_images/4607997532563212.jpg,./data/generated/segmentation_images/4607997532563212_segformer-b2-ade512-master-v1.png,0.07801988389756945,0.17201741536458334,0.1367831759982639,0.0210723876953125,0.5247819688585069,0.037846883138020836,0.0
TANAH MERAH MRT,TANAH_MERAH__IMG0011__M2876320395939369,2876320395939369,./data/generated/street_images/2876320395939369.jpg,./data/generated/segmentation_images/2876320395939369_segformer-b2-ade512-master-v1.png,0.10965813530815972,0.1962958441840278,0.1284637451171875,0.047632853190104164,0.4788682725694444,0.03964572482638889,0.0
TANAH MERAH MRT,TANAH_MERAH__IMG0012__M529836574690642,529836574690642,./data/generated/street_images/529836574690642.jpg,./data/generated/segmentation_images/529836574690642_segformer-b2-ade512-master-v1.png,0.2362704806857639,0.05029635959201389,0.2046084933810764,0.10616895887586805,0.2847476535373264,0.0,0.0
TANAH MERAH MRT,TANAH_MERAH__IMG0013__M293856209144258,293856209144258,./data/generated/street_images/293856209144258.jpg,./data/generated/segmentation_images/293856209144258_segformer-b2-ade512-master-v1.png,0.1629113091362847,0.1285366482204861,0.3496500651041667,0.029571533203125,0.2739715576171875,0.0,0.0
TANAH MERAH MRT,TANAH_MERAH__IMG0014__M552377182813351,552377182813351,./data/generated/street_images/552377182813351.jpg,./data/generated/segmentation_images/552377182813351_segformer-b2-ade512-master-v1.png,0.04227023654513889,0.2839982774522569,0.16987779405381945,0.024724324544270832,0.4402872721354167,0.0250396728515625,0.0
TANAH MERAH MRT,TANAH_MERAH__IMG0015__M1213250189128248,1213250189128248,./data/generated/street_images/1213250189128248.jpg,./data/generated/segmentation_images/1213250189128248_segformer-b2-ade512-master-v1.png,0.3526407877604167,0.22251722547743055,0.2570580376519097,0.006445990668402778,0.0706753200954861,0.004097832573784722,0.0006832546657986111
TANAH MERAH MRT,TANAH_MERAH__IMG0016__M2477714435705979,2477714435705979,./data/generated/street_images/2477714435705979.jpg,./data/generated/segmentation_images/2477714435705979_segformer-b2-ade512-master-v1.png,0.3254954020182292,0.2668813069661458,0.2501390245225694,0.013237847222222222,0.035268147786458336,0.007256401909722223,0.0007544623480902778
TANAH MERAH MRT,TANAH_MERAH__IMG0017__M302929814830382,302929814830382,./data/generated/street_images/302929814830382.jpg,./data/generated/segmentation_images/302929814830382_segformer-b2-ade512-master-v1.png,0.550472683376736,0.11219278971354167,0.10158623589409722,0.00323486328125,0.1523929172092014,0.0,0.0002288818359375
TANAH MERAH MRT,TANAH_MERAH__IMG0018__M316573100123395,316573100123395,./data/generated/street_images/316573100123395.jpg,./data/generated/segmentation_images/316573100123395_segformer-b2-ade512-master-v1.png,0.47516377766927087,0.2154117160373264,0.11532253689236112,0.0323333740234375,0.08108350965711805,0.043172200520833336,0.0
TANAH MERAH MRT,TANAH_MERAH__IMG0019__M529452091391344,529452091391344,./data/generated/street_images/529452091391344.jpg,./data/generated/segmentation_images/529452091391344_segformer-b2-ade512-master-v1.png,0.2216644287109375,0.4562564425998264,0.18534681532118058,0.013956705729166666,0.11274210611979166,0.014016045464409724,0.00019327799479166666
TANAH MERAH MRT,TANAH_MERAH__IMG0020__M944124206383960,944124206383960,./data/generated/street_images/944124206383960.jpg,./data/generated/segmentation_images/944124206383960_segformer-b2-ade512-master-v1.png,0.43360222710503477,0.16327412923177084,0.10143364800347222,0.0,0.21476576063368055,0.0,0.0
TANAH MERAH MRT,TANAH_MERAH__IMG0021__M161893499203500,161893499203500,./data/generated/street_images/161893499203500.jpg,./data/generated/segmentation_images/161893499203500_segformer-b2-ade512-master-v1.png,0.3731842041015625,0.19263203938802084,0.1375189887152778,0.004626803927951389,0.18589274088541669,0.0,0.00014411078559027778
TANAH MERAH MRT,TANAH_MERAH__IMG0022__M885836785341945,885836785341945,./data/generated/street_images/885836785341945.jpg,./data/generated/segmentation_images/885836785341945_segformer-b2-ade512-master-v1.png,0.3786841498480903,0.2232547336154514,0.1442413330078125,0.055363972981770836,0.1523047553168403,0.022337171766493056,0.0
TANAH MERAH MRT,TANAH_MERAH__IMG0023__M158074739550665,158074739550665,./data/generated/street_images/158074739550665.jpg,./data/generated/segmentation_images/158074739550665_segformer-b2-ade512-master-v1.png,0.5209214952256944,0.16612074110243055,0.1875983344184028,0.0342559814453125,0.08493720160590278,0.00025770399305555556,0.0
TANAH MERAH MRT,TANAH_MERAH__IMG0024__M214177643576077,214177643576077,./data/generated/street_images/214177643576077.jpg,./data/generated/segmentation_images/214177643576077_segformer-b2-ade512-master-v1.png,0.3642662896050347,0.21770222981770834,0.11022271050347222,0.05114237467447917,0.2278357611762153,0.0,0.0
TANAH MERAH MRT,TANAH_MERAH__IMG0025__M297548178693684,297548178693684,./data/generated/street_images/297548178693684.jpg,./data/generated/segmentation_images/297548178693684_segformer-b2-ade512-master-v1.png,0.4912974039713542,0.2589433458116319,0.12859259711371526,0.007230970594618056,0.10865953233506943,0.004842122395833334,0.0
TANAH MERAH MRT,TANAH_MERAH__IMG0026__M315293433278239,315293433278239,./data/generated/street_images/315293433278239.jpg,./data/generated/segmentation_images/315293433278239_segformer-b2-ade512-master-v1.png,0.18295118543836805,0.213623046875,0.2720319959852431,0.018366495768229168,0.2750871446397569,0.0,0.0
TANAH MERAH MRT,TANAH_MERAH__IMG0027__M2558820061091399,2558820061091399,./data/generated/street_images/2558820061091399.jpg,./data/generated/segmentation_images/2558820061091399_segformer-b2-ade512-master-v1.png,0.369781494140625,0.3608737521701389,0.06039089626736111,0.031273735894097224,0.0828738742404514,0.08528984917534722,0.0
TANAH MERAH MRT,TANAH_MERAH__IMG0028__M2890633654484544,2890633654484544,./data/generated/street_images/2890633654484544.jpg,./data/generated/segmentation_images/2890633654484544_segformer-b2-ade512-master-v1.png,0.3948889838324653,0.1904635959201389,0.01253085666232639,0.1672787136501736,0.19174024793836805,0.021016438802083336,0.006679958767361111
TANAH MERAH MRT,TANAH_MERAH__IMG0029__M1404986553204084,1404986553204084,./data/generated/street_images/1404986553204084.jpg,./data/generated/segmentation_images/1404986553204084_segformer-b2-ade512-master-v1.png,0.44476318359375,0.30267333984375,0.1169925265842014,0.011166042751736112,0.10925971137152778,0.002349853515625,0.0
TANAH MERAH MRT,TANAH_MERAH__IMG0030__M187508013234379,187508013234379,./data/generated/street_images/187508013234379.jpg,./data/generated/segmentation_images/187508013234379_segformer-b2-ade512-master-v1.png,0.370301988389757,0.2854393853081597,0.1160702175564236,0.027030097113715276,0.1280941433376736,0.06951904296875,0.0
TANAH MERAH MRT,TANAH_MERAH__IMG0031__M287056976450435,287056976450435,./data/generated/street_images/287056976450435.jpg,./data/generated/segmentation_images/287056976450435_segformer-b2-ade512-master-v1.png,0.4717610677083333,0.25811767578125,0.007436116536458333,0.03125339084201389,0.16818406846788195,0.007215711805555555,0.0
TANAH MERAH MRT,TANAH_MERAH__IMG0032__M469903570754424,469903570754424,./data/generated/street_images/469903570754424.jpg,./data/generated/segmentation_images/469903570754424_segformer-b2-ade512-master-v1.png,0.4775017632378472,0.2761620415581597,0.14300367567274305,0.0107269287109375,0.05708482530381944,0.019395616319444444,0.0
TANAH MERAH MRT,TANAH_MERAH__IMG0033__M2937675179846395,2937675179846395,./data/generated/street_images/2937675179846395.jpg,./data/generated/segmentation_images/2937675179846395_segformer-b2-ade512-master-v1.png,0.504791259765625,0.06612481011284722,0.12211778428819445,0.081573486328125,0.16215345594618055,0.0,0.0
TANAH MERAH MRT,TANAH_MERAH__IMG0034__M850204842234356,850204842234356,./data/generated/street_images/850204842234356.jpg,./data/generated/segmentation_images/850204842234356_segformer-b2-ade512-master-v1.png,0.1882561577690972,0.4648047553168403,0.04870775010850694,0.008433024088541666,0.07715861002604167,0.19350179036458334,0.0
TANAH MERAH MRT,TANAH_MERAH__IMG0035__M1233148683771028,1233148683771028,./data/generated/street_images/1233148683771028.jpg,./data/generated/segmentation_images/1233148683771028_segformer-b2-ade512-master-v1.png,0.5699717203776041,0.1369442409939236,0.10571967230902778,0.024444580078125,0.1327548556857639,0.03113471137152778,0.0
TANAH MERAH MRT,TANAH_MERAH__IMG0036__M2876770145895020,2876770145895020,./data/generated/street_images/2876770145895020.jpg,./data/generated/segmentation_images/2876770145895020_segformer-b2-ade512-master-v1.png,0.3257480197482639,0.1558617485894097,0.07573784722222221,0.048716227213541664,0.2527838812934028,0.13622877332899305,0.0
TANAH MERAH MRT,TANAH_MERAH__IMG0037__M398880304434177,398880304434177,./data/generated/street_images/398880304434177.jpg,./data/generated/segmentation_images/398880304434177_segformer-b2-ade512-master-v1.png,0.3421766493055556,0.3215094672309028,0.06121656629774305,0.004682752821180556,0.15575663248697919,0.111419677734375,0.0
TANAH MERAH MRT,TANAH_MERAH__IMG0038__M465227011203886,465227011203886,./data/generated/street_images/465227011203886.jpg,./data/generated/segmentation_images/465227011203886_segformer-b2-ade512-master-v1.png,0.48025173611111116,0.06898328993055555,0.0,0.0030771891276041665,0.35925632052951384,0.0,0.0
TANAH MERAH MRT,TANAH_MERAH__IMG0039__M1630445283822934,1630445283822934,./data/generated/street_images/1630445283822934.jpg,./data/generated/segmentation_images/1630445283822934_segformer-b2-ade512-master-v1.png,0.3197377522786458,0.1410708957248264,0.039725409613715276,0.020790947808159724,0.2912021213107639,0.17593214246961805,0.0
TANAH MERAH MRT,TANAH_MERAH__IMG0040__M222184246383738,222184246383738,./data/generated/street_images/222184246383738.jpg,./data/generated/segmentation_images/222184246383738_segformer-b2-ade512-master-v1.png,0.3259938557942708,0.13907877604166666,0.03663804796006944,0.024914211697048612,0.27716912163628477,0.17899915907118055,0.0
TANAH MERAH MRT,TANAH_MERAH__IMG0041__M1199938787122552,1199938787122552,./data/generated/street_images/1199938787122552.jpg,./data/generated/segmentation_images/1199938787122552_segformer-b2-ade512-master-v1.png,0.0081024169921875,0.5766059027777778,0.1111602783203125,0.0008171929253472222,0.2094641791449653,7.62939453125e-05,0.0
TANAH MERAH MRT,TANAH_MERAH__IMG0042__M507889510335602,507889510335602,./data/generated/street_images/507889510335602.jpg,./data/generated/segmentation_images/507889510335602_segformer-b2-ade512-master-v1.png,0.358612060546875,0.2039337158203125,0.10586208767361112,0.042533026801215276,0.1318427191840278,0.04212782118055555,0.0
TANAH MERAH MRT,TANAH_MERAH__IMG0043__M1146818905834080,1146818905834080,./data/generated/street_images/1146818905834080.jpg,./data/generated/segmentation_images/1146818905834080_segformer-b2-ade512-master-v1.png,0.3073340521918403,0.3404456244574653,0.13483344184027776,0.045539008246527776,0.08693949381510417,0.06437513563368055,0.0
TANAH MERAH MRT,TANAH_MERAH__IMG0044__M834634694070839,834634694070839,./data/generated/street_images/834634694070839.jpg,./data/generated/segmentation_images/834634694070839_segformer-b2-ade512-master-v1.png,0.23047044542100695,0.4330054389105903,0.09219529893663195,0.03497483995225695,0.07437811957465278,0.09502156575520833,0.0006188286675347222
TANJONG RHU MRT,TANJONG_RHU__IMG0001__M129992825737849,129992825737849,./data/generated/street_images/129992825737849.jpg,./data/generated/segmentation_images/129992825737849_segformer-b2-ade512-master-v1.png,0.16684341430664062,0.15172704060872397,0.2650299072265625,0.012948354085286459,0.351782480875651,0.0011037190755208333,0.0028012593587239585
TANJONG RHU MRT,TANJONG_RHU__IMG0002__M159351916106131,159351916106131,./data/generated/street_images/159351916106131.jpg,./data/generated/segmentation_images/159351916106131_segformer-b2-ade512-master-v1.png,0.14782079060872397,0.13141377766927084,0.27395884195963544,0.013819376627604166,0.3708381652832031,0.0012842814127604167,0.0027720133463541665
TANJONG RHU MRT,TANJONG_RHU__IMG0003__M1590517497810637,1590517497810637,./data/generated/street_images/1590517497810637.jpg,./data/generated/segmentation_images/1590517497810637_segformer-b2-ade512-master-v1.png,0.004139087818287037,0.48374656394675924,0.0,0.2432544849537037,0.022603352864583332,2.9387297453703702e-05,0.010608814380787037
TANJONG RHU MRT,TANJONG_RHU__IMG0004__M303293694637031,303293694637031,./data/generated/street_images/303293694637031.jpg,./data/generated/segmentation_images/303293694637031_segformer-b2-ade512-master-v1.png,0.4834912618001302,0.14466730753580728,1.3987223307291666e-05,0.14783732096354169,0.22399012247721353,0.0,0.0
TANJONG RHU MRT,TANJONG_RHU__IMG0005__M1838611656315947,1838611656315947,./data/generated/street_images/1838611656315947.jpg,./data/generated/segmentation_images/1838611656315947_segformer-b2-ade512-master-v1.png,0.02133305867513021,0.24819819132486978,0.013142903645833334,0.3015874226888021,0.16071065266927084,0.0,0.004578908284505208
TANJONG RHU MRT,TANJONG_RHU__IMG0006__M776738416362327,776738416362327,./data/generated/street_images/776738416362327.jpg,./data/generated/segmentation_images/776738416362327_segformer-b2-ade512-master-v1.png,0.022308349609375,0.22917938232421875,0.01418304443359375,0.2921765645345052,0.15143203735351562,0.0,0.03927485148111979
TANJONG RHU MRT,TANJONG_RHU__IMG0007__M301379308267616,301379308267616,./data/generated/street_images/301379308267616.jpg,./data/generated/segmentation_images/301379308267616_segformer-b2-ade512-master-v1.png,0.2982203165690104,0.11086527506510417,0.42774200439453125,0.046117146809895836,0.061798095703125,0.00308990478515625,0.013829549153645834
TANJONG RHU MRT,TANJONG_RHU__IMG0008__M3952235838225444,3952235838225444,./data/generated/street_images/3952235838225444.jpg,./data/generated/segmentation_images/3952235838225444_segformer-b2-ade512-master-v1.png,0.1323712666829427,0.1599909464518229,0.44357045491536456,0.04101689656575521,0.12548065185546875,0.025460561116536457,0.005718231201171875
TANJONG RHU MRT,TANJONG_RHU__IMG0009__M304295681316810,304295681316810,./data/generated/street_images/304295681316810.jpg,./data/generated/segmentation_images/304295681316810_segformer-b2-ade512-master-v1.png,0.16672643025716147,0.19634246826171875,0.19408416748046875,0.3153737386067708,0.1122283935546875,0.0017979939778645833,0.0
TANJONG RHU MRT,TANJONG_RHU__IMG0010__M786134645626863,786134645626863,./data/generated/street_images/786134645626863.jpg,./data/generated/segmentation_images/786134645626863_segformer-b2-ade512-master-v1.png,0.1457697550455729,0.19107691446940103,0.029988606770833332,0.4787788391113281,0.14784749348958334,0.0004399617513020833,0.0
TANJONG RHU MRT,TANJONG_RHU__IMG0011__M207246134357371,207246134357371,./data/generated/street_images/207246134357371.jpg,./data/generated/segmentation_images/207246134357371_segformer-b2-ade512-master-v1.png,0.0,0.33954620361328125,0.0,0.0,0.10970815022786458,0.0,0.007790883382161458
TANJONG RHU MRT,TANJONG_RHU__IMG0012__M468506434215963,468506434215963,./data/generated/street_images/468506434215963.jpg,./data/generated/segmentation_images/468506434215963_segformer-b2-ade512-master-v1.png,0.036556243896484375,0.23705927530924478,0.00010553995768229167,0.0,0.24750645955403647,0.0,0.004486083984375
TIONG BAHRU MRT,TIONG_BAHRU__IMG0001__M1407978889564620,1407978889564620,./data/generated/street_images/1407978889564620.jpg,./data/generated/segmentation_images/1407978889564620_segformer-b2-ade512-master-v1.png,0.09726460774739584,0.0012067159016927083,0.6099828084309896,0.0919342041015625,0.12482070922851562,0.028006235758463543,0.041142781575520836
TIONG BAHRU MRT,TIONG_BAHRU__IMG0002__M519159612444367,519159612444367,./data/generated/street_images/519159612444367.jpg,./data/generated/segmentation_images/519159612444367_segformer-b2-ade512-master-v1.png,0.009240468343098959,0.0,0.7282981872558594,0.024445851643880207,0.061733245849609375,0.035914103190104164,0.1403630574544271
TIONG BAHRU MRT,TIONG_BAHRU__IMG0003__M312983030238720,312983030238720,./data/generated/street_images/312983030238720.jpg,./data/generated/segmentation_images/312983030238720_segformer-b2-ade512-master-v1.png,0.733374277750651,0.0,0.006821950276692709,0.003757476806640625,0.08331807454427083,0.014418284098307291,0.14532470703125
TIONG BAHRU MRT,TIONG_BAHRU__IMG0004__M943628463078502,943628463078502,./data/generated/street_images/943628463078502.jpg,./data/generated/segmentation_images/943628463078502_segformer-b2-ade512-master-v1.png,0.8763376871744791,0.004773457845052083,0.0002721150716145833,0.037487030029296875,0.07828267415364583,0.0029449462890625,0.0
TIONG BAHRU MRT,TIONG_BAHRU__IMG0005__M155651573180417,155651573180417,./data/generated/street_images/155651573180417.jpg,./data/generated/segmentation_images/155651573180417_segformer-b2-ade512-master-v1.png,0.9559491475423176,0.0024782816569010415,0.008825937906901041,0.003651936848958333,0.0027097066243489585,0.0,0.0
TIONG BAHRU MRT,TIONG_BAHRU__IMG0006__M477936040183332,477936040183332,./data/generated/street_images/477936040183332.jpg,./data/generated/segmentation_images/477936040183332_segformer-b2-ade512-master-v1.png,0.9249254862467446,0.0025316874186197915,0.031595865885416664,0.0011622111002604167,0.011053721110026041,0.0,0.0
TIONG BAHRU MRT,TIONG_BAHRU__IMG0007__M1462155914117020,1462155914117020,./data/generated/street_images/1462155914117020.jpg,./data/generated/segmentation_images/1462155914117020_segformer-b2-ade512-master-v1.png,0.3057886759440104,0.014570871988932291,0.5607617696126302,0.056752522786458336,0.011067708333333334,0.019166310628255207,0.0
TIONG BAHRU MRT,TIONG_BAHRU__IMG0008__M687991923991672,687991923991672,./data/generated/street_images/687991923991672.jpg,./data/generated/segmentation_images/687991923991672_segformer-b2-ade512-master-v1.png,0.25129826863606775,0.23547999064127603,0.3901507059733073,0.007287343343098958,0.0878588358561198,0.027924855550130207,0.0
TIONG BAHRU MRT,TIONG_BAHRU__IMG0009__M140211718089322,140211718089322,./data/generated/street_images/140211718089322.jpg,./data/generated/segmentation_images/140211718089322_segformer-b2-ade512-master-v1.png,0.5143653021918403,0.1361423068576389,0.2466362847222222,0.007805718315972222,0.09374152289496528,0.00014071994357638888,0.0
TIONG BAHRU MRT,TIONG_BAHRU__IMG0010__M212393093776613,212393093776613,./data/generated/street_images/212393093776613.jpg,./data/generated/segmentation_images/212393093776613_segformer-b2-ade512-master-v1.png,0.6094190809461806,0.0824924045138889,0.2631140814887153,0.0025160047743055555,0.03350490993923611,0.007814195421006944,0.0011342366536458333
TIONG BAHRU MRT,TIONG_BAHRU__IMG0011__M840221883584399,840221883584399,./data/generated/street_images/840221883584399.jpg,./data/generated/segmentation_images/840221883584399_segformer-b2-ade512-master-v1.png,0.46691258748372394,0.0,0.4986152648925781,0.02295684814453125,0.005105336507161458,0.0,0.0
TIONG BAHRU MRT,TIONG_BAHRU__IMG0012__M943034429788778,943034429788778,./data/generated/street_images/943034429788778.jpg,./data/generated/segmentation_images/943034429788778_segformer-b2-ade512-master-v1.png,0.596143086751302,0.0,0.3527870178222656,0.028347015380859375,0.022247314453125,6.357828776041667e-05,0.0
TIONG BAHRU MRT,TIONG_BAHRU__IMG0013__M2009811362491872,2009811362491872,./data/generated/street_images/2009811362491872.jpg,./data/generated/segmentation_images/2009811362491872_segformer-b2-ade512-master-v1.png,0.5579952663845487,0.1108974880642361,0.28368462456597227,0.021079169379340276,0.018897162543402776,0.0,0.005452473958333333
TIONG BAHRU MRT,TIONG_BAHRU__IMG0014__M529023418093658,529023418093658,./data/generated/street_images/529023418093658.jpg,./data/generated/segmentation_images/529023418093658_segformer-b2-ade512-master-v1.png,0.48728095160590273,0.2122124565972222,0.2348751491970486,0.03387451171875,0.028993394639756944,9.833441840277778e-05,0.0
TIONG BAHRU MRT,TIONG_BAHRU__IMG0015__M2811765699136325,2811765699136325,./data/generated/street_images/2811765699136325.jpg,./data/generated/segmentation_images/2811765699136325_segformer-b2-ade512-master-v1.png,0.5567796495225694,0.12519666883680555,0.2289818657769097,0.0624847412109375,0.026248508029513888,0.0003085666232638889,0.0
TOA PAYOH MRT,TOA_PAYOH__IMG0001__M929249270952077,929249270952077,./data/generated/street_images/929249270952077.jpg,./data/generated/segmentation_images/929249270952077_segformer-b2-ade512-master-v1.png,0.0457000732421875,0.059578789605034724,0.23333231608072916,0.0078887939453125,0.15347120496961805,0.5000288221571181,0.0
TOA PAYOH MRT,TOA_PAYOH__IMG0002__M964015737693955,964015737693955,./data/generated/street_images/964015737693955.jpg,./data/generated/segmentation_images/964015737693955_segformer-b2-ade512-master-v1.png,0.053780449761284724,0.04089185926649305,0.3398505316840278,0.03850131564670139,0.4226006401909722,0.09726969401041667,0.0004238552517361111
TOA PAYOH MRT,TOA_PAYOH__IMG0003__M306575467851433,306575467851433,./data/generated/street_images/306575467851433.jpg,./data/generated/segmentation_images/306575467851433_segformer-b2-ade512-master-v1.png,0.3686930338541667,0.0937652587890625,0.08033074273003472,0.042388916015625,0.2662879096137153,0.11760457356770833,0.0
TOA PAYOH MRT,TOA_PAYOH__IMG0004__M478433783270451,478433783270451,./data/generated/street_images/478433783270451.jpg,./data/generated/segmentation_images/478433783270451_segformer-b2-ade512-master-v1.png,0.38576083713107634,0.1032748752170139,0.0656585693359375,0.026060316297743056,0.2187160915798611,0.10685051812065972,0.0
TOA PAYOH MRT,TOA_PAYOH__IMG0005__M1288688014867054,1288688014867054,./data/generated/street_images/1288688014867054.jpg,./data/generated/segmentation_images/1288688014867054_segformer-b2-ade512-master-v1.png,0.06582132975260416,0.3008066813151042,0.10345458984375,0.12187703450520833,0.3933563232421875,0.011889987521701388,0.0
TOA PAYOH MRT,TOA_PAYOH__IMG0006__M454525015844652,454525015844652,./data/generated/street_images/454525015844652.jpg,./data/generated/segmentation_images/454525015844652_segformer-b2-ade512-master-v1.png,0.094329833984375,0.06055026584201389,0.2053951687282986,0.1675567626953125,0.4479556613498264,0.0,0.003787570529513889
TOA PAYOH MRT,TOA_PAYOH__IMG0007__M1049045065625267,1049045065625267,./data/generated/street_images/1049045065625267.jpg,./data/generated/segmentation_images/1049045065625267_segformer-b2-ade512-master-v1.png,0.009855482313368056,3.390842013888889e-05,0.2910257975260417,0.03449842664930555,0.4476064046223958,0.2154201931423611,0.0
TOA PAYOH MRT,TOA_PAYOH__IMG0008__M486122595872820,486122595872820,./data/generated/street_images/486122595872820.jpg,./data/generated/segmentation_images/486122595872820_segformer-b2-ade512-master-v1.png,0.388456556532118,0.182464599609375,0.1381903754340278,0.040137396918402776,0.16547139485677084,0.08051554361979167,0.0
TOA PAYOH MRT,TOA_PAYOH__IMG0009__M1583456495193737,1583456495193737,./data/generated/street_images/1583456495193737.jpg,./data/generated/segmentation_images/1583456495193737_segformer-b2-ade512-master-v1.png,0.3845960828993056,0.057398478190104164,0.3342776828342014,0.021486070421006944,0.1601104736328125,0.015370686848958332,0.0012410481770833333
TOA PAYOH MRT,TOA_PAYOH__IMG0010__M307556461008700,307556461008700,./data/generated/street_images/307556461008700.jpg,./data/generated/segmentation_images/307556461008700_segformer-b2-ade512-master-v1.png,0.3546532524956597,0.041310628255208336,0.2537672254774306,0.010670979817708334,0.22744242350260416,0.012240939670138888,0.04669019911024305
TOA PAYOH MRT,TOA_PAYOH__IMG0011__M307310467640501,307310467640501,./data/generated/street_images/307310467640501.jpg,./data/generated/segmentation_images/307310467640501_segformer-b2-ade512-master-v1.png,0.25640530056423605,0.04473876953125,0.2576836480034722,0.04234483506944445,0.2563425699869792,0.1419592963324653,0.0
TOA PAYOH MRT,TOA_PAYOH__IMG0012__M498133158003409,498133158003409,./data/generated/street_images/498133158003409.jpg,./data/generated/segmentation_images/498133158003409_segformer-b2-ade512-master-v1.png,0.08222622341579862,0.009489271375868056,0.06957329644097222,0.0010426839192708333,0.0295257568359375,0.8081427680121528,0.0
TOA PAYOH MRT,TOA_PAYOH__IMG0013__M294235975516162,294235975516162,./data/generated/street_images/294235975516162.jpg,./data/generated/segmentation_images/294235975516162_segformer-b2-ade512-master-v1.png,0.17614915635850695,0.20785013834635416,0.15342034233940974,0.015189276801215278,0.16425238715277776,0.13005744086371526,0.0001678466796875
TOA PAYOH MRT,TOA_PAYOH__IMG0014__M508585196977552,508585196977552,./data/generated/street_images/508585196977552.jpg,./data/generated/segmentation_images/508585196977552_segformer-b2-ade512-master-v1.png,0.07487657335069445,0.10516357421875,0.3891686333550347,0.016301472981770832,0.3322296142578125,0.0758175320095486,0.0004950629340277778
TOA PAYOH MRT,TOA_PAYOH__IMG0015__M332671308202839,332671308202839,./data/generated/street_images/332671308202839.jpg,./data/generated/segmentation_images/332671308202839_segformer-b2-ade512-master-v1.png,0.21650526258680558,0.17915852864583334,0.2589179144965278,0.019344753689236112,0.14303927951388887,0.05214097764756945,0.0019429524739583333
TOA PAYOH MRT,TOA_PAYOH__IMG0016__M929436070955763,929436070955763,./data/generated/street_images/929436070955763.jpg,./data/generated/segmentation_images/929436070955763_segformer-b2-ade512-master-v1.png,0.268003675672743,0.13862779405381945,0.2223324245876736,0.018520779079861112,0.18352762858072916,0.06042819552951389,0.0
TOA PAYOH MRT,TOA_PAYOH__IMG0017__M1221073968319633,1221073968319633,./data/generated/street_images/1221073968319633.jpg,./data/generated/segmentation_images/1221073968319633_segformer-b2-ade512-master-v1.png,0.5894995795355904,0.1648440890842014,0.20676676432291666,0.00026618109809027775,0.008327907986111112,0.025783962673611112,0.0
TOA PAYOH MRT,TOA_PAYOH__IMG0018__M846922572845896,846922572845896,./data/generated/street_images/846922572845896.jpg,./data/generated/segmentation_images/846922572845896_segformer-b2-ade512-master-v1.png,0.5896046956380209,0.1647118462456597,0.20682101779513887,0.0002560085720486111,0.008312649197048612,0.025777180989583336,0.0
TOA PAYOH MRT,TOA_PAYOH__IMG0019__M192464226077713,192464226077713,./data/generated/street_images/192464226077713.jpg,./data/generated/segmentation_images/192464226077713_segformer-b2-ade512-master-v1.png,0.49170430501302087,0.2241583930121528,0.20259941948784724,0.0008612738715277778,0.05049981011284722,0.017946031358506944,0.0
TOA PAYOH MRT,TOA_PAYOH__IMG0020__M464341217975586,464341217975586,./data/generated/street_images/464341217975586.jpg,./data/generated/segmentation_images/464341217975586_segformer-b2-ade512-master-v1.png,0.4915347629123264,0.22430928548177084,0.2026282416449653,0.0008544921875,0.050484551323784724,0.017949422200520832,0.0
TOA PAYOH MRT,TOA_PAYOH__IMG0021__M327743635537948,327743635537948,./data/generated/street_images/327743635537948.jpg,./data/generated/segmentation_images/327743635537948_segformer-b2-ade512-master-v1.png,0.3790351019965278,0.04764133029513889,0.20557149251302081,4.57763671875e-05,0.30572509765625,0.021040174696180552,0.0
TOA PAYOH MRT,TOA_PAYOH__IMG0022__M793417301310252,793417301310252,./data/generated/street_images/793417301310252.jpg,./data/generated/segmentation_images/793417301310252_segformer-b2-ade512-master-v1.png,0.3791995578342014,0.0476226806640625,0.20558675130208334,4.4080946180555555e-05,0.3055945502387153,0.021001180013020832,0.0
TOA PAYOH MRT,TOA_PAYOH__IMG0023__M1924251317748978,1924251317748978,./data/generated/street_images/1924251317748978.jpg,./data/generated/segmentation_images/1924251317748978_segformer-b2-ade512-master-v1.png,0.2762891981336806,0.2609829372829861,0.07768758138020833,0.09829033745659722,0.092315673828125,0.050806681315104164,0.0
TOA PAYOH MRT,TOA_PAYOH__IMG0024__M824494858155075,824494858155075,./data/generated/street_images/824494858155075.jpg,./data/generated/segmentation_images/824494858155075_segformer-b2-ade512-master-v1.png,0.3455975850423177,0.21424738566080728,0.2927754720052083,0.0011761983235677083,0.033541361490885414,0.08454259236653647,0.0
TOA PAYOH MRT,TOA_PAYOH__IMG0025__M146969724111952,146969724111952,./data/generated/street_images/146969724111952.jpg,./data/generated/segmentation_images/146969724111952_segformer-b2-ade512-master-v1.png,0.14321729871961805,0.18679640028211805,0.24500020345052084,0.0023549397786458335,0.18719651963975695,0.23539394802517363,0.0
TOA PAYOH MRT,TOA_PAYOH__IMG0026__M368476927928815,368476927928815,./data/generated/street_images/368476927928815.jpg,./data/generated/segmentation_images/368476927928815_segformer-b2-ade512-master-v1.png,0.04967753092447917,0.2517937554253472,0.2552998860677083,0.004964192708333333,0.2040778266059028,0.22260199652777776,0.0
TOA PAYOH MRT,TOA_PAYOH__IMG0027__M2209054565892336,2209054565892336,./data/generated/street_images/2209054565892336.jpg,./data/generated/segmentation_images/2209054565892336_segformer-b2-ade512-master-v1.png,0.3875757853190104,0.16027196248372397,0.21413421630859375,0.0,0.015960693359375,0.22192255655924478,0.0
TOA PAYOH MRT,TOA_PAYOH__IMG0028__M486559919454988,486559919454988,./data/generated/street_images/486559919454988.jpg,./data/generated/segmentation_images/486559919454988_segformer-b2-ade512-master-v1.png,0.2954033745659722,0.08701409233940972,0.2383999294704861,0.00299072265625,0.13245476616753474,0.23863220214843747,0.0
TOA PAYOH MRT,TOA_PAYOH__IMG0029__M1251375801971863,1251375801971863,./data/generated/street_images/1251375801971863.jpg,./data/generated/segmentation_images/1251375801971863_segformer-b2-ade512-master-v1.png,0.32824834187825525,0.2812449137369792,0.29311498006184894,0.00012334187825520834,0.032796223958333336,0.04039764404296875,0.00021998087565104166
TOA PAYOH MRT,TOA_PAYOH__IMG0030__M1545012412556916,1545012412556916,./data/generated/street_images/1545012412556916.jpg,./data/generated/segmentation_images/1545012412556916_segformer-b2-ade512-master-v1.png,0.032526652018229164,0.2562730577256944,0.18229844835069445,7.968478732638889e-05,0.15837605794270834,0.3533986409505208,0.0
TOA PAYOH MRT,TOA_PAYOH__IMG0031__M1102206950262806,1102206950262806,./data/generated/street_images/1102206950262806.jpg,./data/generated/segmentation_images/1102206950262806_segformer-b2-ade512-master-v1.png,0.5928412543402778,0.09603712293836805,0.1606377495659722,8.816189236111111e-05,0.09397379557291666,0.0009901258680555555,0.005540635850694444
TOA PAYOH MRT,TOA_PAYOH__IMG0032__M525306998637400,525306998637400,./data/generated/street_images/525306998637400.jpg,./data/generated/segmentation_images/525306998637400_segformer-b2-ade512-master-v1.png,0.5310906304253472,0.19732835557725695,0.09456041124131945,0.007134331597222222,0.05958387586805555,0.019310845269097224,0.006449381510416667
TOA PAYOH MRT,TOA_PAYOH__IMG0033__M1110196422820427,1110196422820427,./data/generated/street_images/1110196422820427.jpg,./data/generated/segmentation_images/1110196422820427_segformer-b2-ade512-master-v1.png,0.390472412109375,0.2992045084635417,0.12488471137152778,0.010481092664930556,0.11872185601128472,0.03286404079861111,0.0
TOA PAYOH MRT,TOA_PAYOH__IMG0034__M2981113548877277,2981113548877277,./data/generated/street_images/2981113548877277.jpg,./data/generated/segmentation_images/2981113548877277_segformer-b2-ade512-master-v1.png,0.3784925672743055,0.3061981201171875,0.13343132866753474,0.0009189181857638889,0.1438869900173611,0.025811089409722224,0.0
TOA PAYOH MRT,TOA_PAYOH__IMG0035__M194060772562548,194060772562548,./data/generated/street_images/194060772562548.jpg,./data/generated/segmentation_images/194060772562548_segformer-b2-ade512-master-v1.png,0.2687920464409722,0.0794219970703125,0.10537211100260417,0.1331295437282986,0.4059787326388889,0.0,0.0
TOA PAYOH MRT,TOA_PAYOH__IMG0036__M478270410091751,478270410091751,./data/generated/street_images/478270410091751.jpg,./data/generated/segmentation_images/478270410091751_segformer-b2-ade512-master-v1.png,0.2830691867404514,0.09052191840277778,0.03630405002170139,0.1912909613715278,0.3698883056640625,0.0,0.0
TOA PAYOH MRT,TOA_PAYOH__IMG0037__M283672083399107,283672083399107,./data/generated/street_images/283672083399107.jpg,./data/generated/segmentation_images/283672083399107_segformer-b2-ade512-master-v1.png,0.2411651611328125,0.038019816080729164,0.050974527994791664,0.0832400851779514,0.5257703993055556,0.0007069905598958334,0.004214816623263889
UBI MRT,UBI__IMG0001__M2984666995138027,2984666995138027,./data/generated/street_images/2984666995138027.jpg,./data/generated/segmentation_images/2984666995138027_segformer-b2-ade512-master-v1.png,0.014941745334201388,0.4777425130208333,0.02677069769965278,0.00027635362413194444,0.2866244845920139,0.1303490532769097,0.0
UBI MRT,UBI__IMG0002__M805259910111181,805259910111181,./data/generated/street_images/805259910111181.jpg,./data/generated/segmentation_images/805259910111181_segformer-b2-ade512-master-v1.png,0.0022430419921875,0.15226236979166666,0.23832872178819445,0.0321197509765625,0.5750461154513888,0.0,0.0
UPPER CHANGI MRT,UPPER_CHANGI__IMG0001__M745703029433665,745703029433665,./data/generated/street_images/745703029433665.jpg,./data/generated/segmentation_images/745703029433665_segformer-b2-ade512-master-v1.png,0.004691229926215278,0.5717502170138888,0.08651902940538195,0.00042894151475694444,0.10345289442274305,0.09358893500434028,0.023510403103298612
UPPER CHANGI MRT,UPPER_CHANGI__IMG0002__M806181710005008,806181710005008,./data/generated/street_images/806181710005008.jpg,./data/generated/segmentation_images/806181710005008_segformer-b2-ade512-master-v1.png,0.002812703450520833,0.2708977593315972,0.0,1.6954210069444444e-06,0.5196414523654513,0.0,0.0
UPPER CHANGI MRT,UPPER_CHANGI__IMG0003__M516069756067822,516069756067822,./data/generated/street_images/516069756067822.jpg,./data/generated/segmentation_images/516069756067822_segformer-b2-ade512-master-v1.png,0.1544223361545139,0.4582197401258681,0.2876112196180555,0.0006832546657986111,0.028132120768229164,0.04385206434461805,0.0
UPPER CHANGI MRT,UPPER_CHANGI__IMG0004__M840329126885378,840329126885378,./data/generated/street_images/840329126885378.jpg,./data/generated/segmentation_images/840329126885378_segformer-b2-ade512-master-v1.png,0.3181508382161458,0.3744659423828125,0.1953158908420139,0.014173719618055556,0.028652615017361112,0.03178744845920139,0.0
UPPER CHANGI MRT,UPPER_CHANGI__IMG0005__M1204224770013141,1204224770013141,./data/generated/street_images/1204224770013141.jpg,./data/generated/segmentation_images/1204224770013141_segformer-b2-ade512-master-v1.png,0.14573838975694445,0.5232323540581597,0.0716705322265625,0.012215508355034722,0.023040771484375,0.1207461886935764,0.0010443793402777778
UPPER CHANGI MRT,UPPER_CHANGI__IMG0006__M317603936595467,317603936595467,./data/generated/street_images/317603936595467.jpg,./data/generated/segmentation_images/317603936595467_segformer-b2-ade512-master-v1.png,0.13814735412597656,0.3906993865966797,0.059467315673828125,0.044857025146484375,0.08002471923828125,0.041065216064453125,0.21819686889648438
UPPER CHANGI MRT,UPPER_CHANGI__IMG0007__M232307892022678,232307892022678,./data/generated/street_images/232307892022678.jpg,./data/generated/segmentation_images/232307892022678_segformer-b2-ade512-master-v1.png,0.3067646026611328,0.2728919982910156,0.03131294250488281,0.0,0.021471023559570312,0.1681995391845703,0.14487075805664062
UPPER CHANGI MRT,UPPER_CHANGI__IMG0008__M945001972984059,945001972984059,./data/generated/street_images/945001972984059.jpg,./data/generated/segmentation_images/945001972984059_segformer-b2-ade512-master-v1.png,0.4112345377604167,0.1485104031032986,0.24780782063802084,0.05578952365451389,0.1011810302734375,0.0,0.005822075737847222
UPPER CHANGI MRT,UPPER_CHANGI__IMG0009__M276075434317035,276075434317035,./data/generated/street_images/276075434317035.jpg,./data/generated/segmentation_images/276075434317035_segformer-b2-ade512-master-v1.png,0.17823961046006945,0.34625244140625,0.11974758572048612,0.005198160807291667,0.003467135959201389,0.3208635118272569,0.0
UPPER CHANGI MRT,UPPER_CHANGI__IMG0010__M527027464984302,527027464984302,./data/generated/street_images/527027464984302.jpg,./data/generated/segmentation_images/527027464984302_segformer-b2-ade512-master-v1.png,0.08535936143663195,0.5843014187282987,0.038396199544270836,0.020058525933159724,0.025353325737847224,0.252227783203125,0.0
UPPER CHANGI MRT,UPPER_CHANGI__IMG0011__M1425867477750378,1425867477750378,./data/generated/street_images/1425867477750378.jpg,./data/generated/segmentation_images/1425867477750378_segformer-b2-ade512-master-v1.png,0.05623435974121094,0.4078712463378906,0.23433494567871094,0.000255584716796875,0.014551162719726562,0.09948539733886719,0.174560546875
UPPER CHANGI MRT,UPPER_CHANGI__IMG0012__M401060054198753,401060054198753,./data/generated/street_images/401060054198753.jpg,./data/generated/segmentation_images/401060054198753_segformer-b2-ade512-master-v1.png,0.3575066460503472,0.2758670383029514,0.2534467909071181,0.048255072699652776,0.04338243272569445,0.0,0.0
UPPER CHANGI MRT,UPPER_CHANGI__IMG0013__M314853553546349,314853553546349,./data/generated/street_images/314853553546349.jpg,./data/generated/segmentation_images/314853553546349_segformer-b2-ade512-master-v1.png,0.45013088650173616,0.12895033094618055,0.21532355414496526,0.007878621419270834,0.17856343587239584,1.0172526041666666e-05,0.0
UPPER CHANGI MRT,UPPER_CHANGI__IMG0014__M472752813980169,472752813980169,./data/generated/street_images/472752813980169.jpg,./data/generated/segmentation_images/472752813980169_segformer-b2-ade512-master-v1.png,0.4277428521050347,0.13583882649739584,0.18977864583333331,0.013751559787326388,0.20017327202690974,0.0,0.0
UPPER CHANGI MRT,UPPER_CHANGI__IMG0015__M216700719903117,216700719903117,./data/generated/street_images/216700719903117.jpg,./data/generated/segmentation_images/216700719903117_segformer-b2-ade512-master-v1.png,0.21718597412109375,0.44869359334309894,0.22294108072916666,0.010509490966796875,0.057331085205078125,0.019168853759765625,0.00018819173177083334
UPPER CHANGI MRT,UPPER_CHANGI__IMG0016__M390700802173299,390700802173299,./data/generated/street_images/390700802173299.jpg,./data/generated/segmentation_images/390700802173299_segformer-b2-ade512-master-v1.png,0.25784047444661456,0.40342966715494794,0.25486501057942706,0.012063344319661459,0.020760854085286457,0.030183156331380207,0.0
UPPER CHANGI MRT,UPPER_CHANGI__IMG0017__M1833812366784904,1833812366784904,./data/generated/street_images/1833812366784904.jpg,./data/generated/segmentation_images/1833812366784904_segformer-b2-ade512-master-v1.png,0.1223309834798177,0.5304794311523438,0.24572499593098956,0.0023104349772135415,0.007394154866536458,0.0009549458821614584,0.0
UPPER CHANGI MRT,UPPER_CHANGI__IMG0018__M4138736916192162,4138736916192162,./data/generated/street_images/4138736916192162.jpg,./data/generated/segmentation_images/4138736916192162_segformer-b2-ade512-master-v1.png,0.2647196451822917,0.43831634521484375,0.19617716471354169,0.0038503011067708335,0.06243260701497396,0.00020090738932291666,0.0
UPPER CHANGI MRT,UPPER_CHANGI__IMG0019__M383213532850564,383213532850564,./data/generated/street_images/383213532850564.jpg,./data/generated/segmentation_images/383213532850564_segformer-b2-ade512-master-v1.png,0.18284479777018228,0.5273590087890625,0.2549692789713542,0.013580322265625,0.01021575927734375,0.003954569498697917,0.001911163330078125
UPPER CHANGI MRT,UPPER_CHANGI__IMG0020__M4237823076238095,4237823076238095,./data/generated/street_images/4237823076238095.jpg,./data/generated/segmentation_images/4237823076238095_segformer-b2-ade512-master-v1.png,0.16628011067708334,0.5243568420410156,0.2669474283854167,0.006010691324869792,0.007389068603515625,0.01726531982421875,0.0
UPPER THOMSON MRT,UPPER_THOMSON__IMG0001__M2116856955288725,2116856955288725,./data/generated/street_images/2116856955288725.jpg,./data/generated/segmentation_images/2116856955288725_segformer-b2-ade512-master-v1.png,0.11492241753472222,0.002539740668402778,0.30629814995659727,0.0,0.3100026448567708,0.0105743408203125,0.0023057725694444445
UPPER THOMSON MRT,UPPER_THOMSON__IMG0002__M512169286886383,512169286886383,./data/generated/street_images/512169286886383.jpg,./data/generated/segmentation_images/512169286886383_segformer-b2-ade512-master-v1.png,0.06481933593749999,0.018113878038194444,0.335845947265625,0.0,0.3558264838324653,0.006157769097222222,0.0004916720920138889
UPPER THOMSON MRT,UPPER_THOMSON__IMG0003__M466064487803281,466064487803281,./data/generated/street_images/466064487803281.jpg,./data/generated/segmentation_images/466064487803281_segformer-b2-ade512-master-v1.png,0.33739047580295145,0.060709635416666664,0.3679470486111111,0.0017293294270833333,0.087799072265625,0.0703769259982639,0.00020684136284722222
UPPER THOMSON MRT,UPPER_THOMSON__IMG0004__M781612122717208,781612122717208,./data/generated/street_images/781612122717208.jpg,./data/generated/segmentation_images/781612122717208_segformer-b2-ade512-master-v1.png,0.3255174424913194,0.21815999348958334,0.12069532606336805,0.019376966688368056,0.1754269070095486,0.1029086642795139,0.002078586154513889
UPPER THOMSON MRT,UPPER_THOMSON__IMG0005__M2794455760816167,2794455760816167,./data/generated/street_images/2794455760816167.jpg,./data/generated/segmentation_images/2794455760816167_segformer-b2-ade512-master-v1.png,0.26461283365885413,0.041295369466145836,0.256040785047743,0.025661892361111112,0.1469540066189236,0.018756442599826388,0.0004001193576388889
UPPER THOMSON MRT,UPPER_THOMSON__IMG0006__M4253319251365952,4253319251365952,./data/generated/street_images/4253319251365952.jpg,./data/generated/segmentation_images/4253319251365952_segformer-b2-ade512-master-v1.png,0.2535519070095486,0.029914008246527776,0.2941165500217014,0.030792236328125,0.17679172092013887,0.037375556098090276,0.00018988715277777778
UPPER THOMSON MRT,UPPER_THOMSON__IMG0007__M798930020994884,798930020994884,./data/generated/street_images/798930020994884.jpg,./data/generated/segmentation_images/798930020994884_segformer-b2-ade512-master-v1.png,0.2577497694227431,0.027669270833333332,0.316987779405382,0.043660481770833336,0.20530531141493055,0.012803819444444444,0.0031941731770833335
UPPER THOMSON MRT,UPPER_THOMSON__IMG0008__M824886721797176,824886721797176,./data/generated/street_images/824886721797176.jpg,./data/generated/segmentation_images/824886721797176_segformer-b2-ade512-master-v1.png,0.27498372395833337,0.03614976671006945,0.3138580322265625,0.044809977213541664,0.19527520073784724,0.012856377495659724,0.037607828776041664
WOODLANDS SOUTH MRT,WOODLANDS_SOUTH__IMG0001__M251853846723459,251853846723459,./data/generated/street_images/251853846723459.jpg,./data/generated/segmentation_images/251853846723459_segformer-b2-ade512-master-v1.png,0.3341590033637153,0.2984042697482639,0.3383161756727431,0.0,0.004157172309027778,0.020041571723090276,0.0
WOODLANDS SOUTH MRT,WOODLANDS_SOUTH__IMG0002__M776687636239814,776687636239814,./data/generated/street_images/776687636239814.jpg,./data/generated/segmentation_images/776687636239814_segformer-b2-ade512-master-v1.png,0.35688442654079866,0.2638532850477431,0.3392266167534722,0.0,0.017208523220486112,0.021642049153645832,0.0
YEW TEE MRT,YEW_TEE__IMG0001__M310235457169340,310235457169340,./data/generated/street_images/310235457169340.jpg,./data/generated/segmentation_images/310235457169340_segformer-b2-ade512-master-v1.png,0.27756245930989587,0.3302730984157986,0.08066304524739584,0.009572347005208334,0.13585917154947916,0.06858317057291666,0.0
YEW TEE MRT,YEW_TEE__IMG0002__M908856859897022,908856859897022,./data/generated/street_images/908856859897022.jpg,./data/generated/segmentation_images/908856859897022_segformer-b2-ade512-master-v1.png,0.2798428005642361,0.15867784288194445,0.2523922390407986,0.06492445203993055,0.2322150336371528,0.008100721571180556,0.0
YEW TEE MRT,YEW_TEE__IMG0003__M304925417888332,304925417888332,./data/generated/street_images/304925417888332.jpg,./data/generated/segmentation_images/304925417888332_segformer-b2-ade512-master-v1.png,0.2087131076388889,0.2575446234809028,0.1800113254123264,0.009629991319444444,0.2838151719835069,0.025173611111111112,0.0
YEW TEE MRT,YEW_TEE__IMG0004__M528346598332622,528346598332622,./data/generated/street_images/528346598332622.jpg,./data/generated/segmentation_images/528346598332622_segformer-b2-ade512-master-v1.png,0.12740071614583334,0.4018707275390625,0.15051778157552084,0.030680338541666668,0.15841844346788195,0.13058302137586805,0.0
YEW TEE MRT,YEW_TEE__IMG0005__M124875752978698,124875752978698,./data/generated/street_images/124875752978698.jpg,./data/generated/segmentation_images/124875752978698_segformer-b2-ade512-master-v1.png,0.45430501302083337,0.049843682183159724,0.1295166015625,0.017613728841145832,0.3309766981336805,0.0006985134548611111,0.0012105305989583333
YEW TEE MRT,YEW_TEE__IMG0006__M160318262731414,160318262731414,./data/generated/street_images/160318262731414.jpg,./data/generated/segmentation_images/160318262731414_segformer-b2-ade512-master-v1.png,0.41356235080295134,0.06266106499565972,0.1390313042534722,0.019761827256944444,0.3528713650173611,0.009479098849826388,0.001773410373263889
YEW TEE MRT,YEW_TEE__IMG0007__M143822347740585,143822347740585,./data/generated/street_images/143822347740585.jpg,./data/generated/segmentation_images/143822347740585_segformer-b2-ade512-master-v1.png,0.30249532063802087,0.11961534288194445,0.08870612250434028,0.022959391276041668,0.4262034098307292,0.0,0.0011054144965277778
YEW TEE MRT,YEW_TEE__IMG0008__M4241387339257147,4241387339257147,./data/generated/street_images/4241387339257147.jpg,./data/generated/segmentation_images/4241387339257147_segformer-b2-ade512-master-v1.png,0.4121839735243055,0.0657619900173611,0.14521450466579863,0.0124969482421875,0.2892727322048611,0.003033108181423611,0.00030517578125
YEW TEE MRT,YEW_TEE__IMG0009__M5961035067247636,5961035067247636,./data/generated/street_images/5961035067247636.jpg,./data/generated/segmentation_images/5961035067247636_segformer-b2-ade512-master-v1.png,0.23532274034288195,0.14084370930989584,0.1501583523220486,0.015050252278645834,0.24133131239149305,0.0009901258680555555,0.0
YEW TEE MRT,YEW_TEE__IMG0010__M797406914468218,797406914468218,./data/generated/street_images/797406914468218.jpg,./data/generated/segmentation_images/797406914468218_segformer-b2-ade512-master-v1.png,0.293455335828993,0.1041717529296875,0.2212185329861111,0.022116767035590276,0.3044772677951389,5.0862630208333336e-05,0.0
YEW TEE MRT,YEW_TEE__IMG0011__M2737921139816338,2737921139816338,./data/generated/street_images/2737921139816338.jpg,./data/generated/segmentation_images/2737921139816338_segformer-b2-ade512-master-v1.png,0.313690185546875,0.053566826714409724,0.2858937581380208,0.013888888888888888,0.2673136393229167,0.0,0.0013427734375
YEW TEE MRT,YEW_TEE__IMG0012__M972571336845487,972571336845487,./data/generated/street_images/972571336845487.jpg,./data/generated/segmentation_images/972571336845487_segformer-b2-ade512-master-v1.png,0.2951490614149305,0.051910400390625,0.2500084771050347,0.032842000325520836,0.3586069742838542,0.00016615125868055556,0.0009697808159722222
YEW TEE MRT,YEW_TEE__IMG0013__M312464803815346,312464803815346,./data/generated/street_images/312464803815346.jpg,./data/generated/segmentation_images/312464803815346_segformer-b2-ade512-master-v1.png,0.3722585042317708,0.06854756673177083,0.019003974066840276,0.0020751953125,0.4697706434461805,0.0,0.0
YEW TEE MRT,YEW_TEE__IMG0014__M782411282458633,782411282458633,./data/generated/street_images/782411282458633.jpg,./data/generated/segmentation_images/782411282458633_segformer-b2-ade512-master-v1.png,0.4112481011284722,0.0674099392361111,0.026906331380208332,0.0,0.3862321641710069,0.0,0.0
YEW TEE MRT,YEW_TEE__IMG0015__M133248902129260,133248902129260,./data/generated/street_images/133248902129260.jpg,./data/generated/segmentation_images/133248902129260_segformer-b2-ade512-master-v1.png,0.031117757161458336,0.16107686360677084,0.3505978054470486,0.013527764214409722,0.4425930447048611,0.0,7.62939453125e-05
YEW TEE MRT,YEW_TEE__IMG0016__M177556554248459,177556554248459,./data/generated/street_images/177556554248459.jpg,./data/generated/segmentation_images/177556554248459_segformer-b2-ade512-master-v1.png,0.15821668836805555,0.12604777018229166,0.1253017849392361,0.007798936631944444,0.3394758436414931,0.242889404296875,0.0
YEW TEE MRT,YEW_TEE__IMG0017__M491468728854541,491468728854541,./data/generated/street_images/491468728854541.jpg,./data/generated/segmentation_images/491468728854541_segformer-b2-ade512-master-v1.png,0.18971421983506945,0.1696862114800347,0.1049923366970486,0.0012647840711805555,0.2595180935329861,0.2760603162977431,0.0
YEW TEE MRT,YEW_TEE__IMG0018__M142557404481391,142557404481391,./data/generated/street_images/142557404481391.jpg,./data/generated/segmentation_images/142557404481391_segformer-b2-ade512-master-v1.png,0.2054528130425347,0.0,0.044106377495659724,0.039677937825520836,0.6375512017144097,0.05474344889322917,0.0003712972005208333
YEW TEE MRT,YEW_TEE__IMG0019__M278156623991096,278156623991096,./data/generated/street_images/278156623991096.jpg,./data/generated/segmentation_images/278156623991096_segformer-b2-ade512-master-v1.png,0.22909376356336802,0.23462422688802084,0.2511325412326389,0.00189208984375,0.13949076334635416,0.14607069227430555,0.0
YEW TEE MRT,YEW_TEE__IMG0020__M3952771638172034,3952771638172034,./data/generated/street_images/3952771638172034.jpg,./data/generated/segmentation_images/3952771638172034_segformer-b2-ade512-master-v1.png,0.14012315538194445,0.15687730577256945,0.049263848198784724,0.058251274956597224,0.4053022596571181,0.047236124674479164,0.0
YEW TEE MRT,YEW_TEE__IMG0021__M204667204816331,204667204816331,./data/generated/street_images/204667204816331.jpg,./data/generated/segmentation_images/204667204816331_segformer-b2-ade512-master-v1.png,0.1585812038845486,0.17890760633680555,0.028813680013020832,0.046651204427083336,0.5181715223524306,0.035149468315972224,0.00031195746527777775
YEW TEE MRT,YEW_TEE__IMG0022__M230756891750718,230756891750718,./data/generated/street_images/230756891750718.jpg,./data/generated/segmentation_images/230756891750718_segformer-b2-ade512-master-v1.png,0.14744906955295137,0.1346469455295139,0.048787434895833336,0.03882005479600695,0.5702277289496528,0.0426177978515625,0.0
YEW TEE MRT,YEW_TEE__IMG0023__M3095182280715545,3095182280715545,./data/generated/street_images/3095182280715545.jpg,./data/generated/segmentation_images/3095182280715545_segformer-b2-ade512-master-v1.png,0.3101806640625,0.040227254231770836,0.012446085611979166,0.04508802625868056,0.4276563856336805,0.0,0.019134521484375
YEW TEE MRT,YEW_TEE__IMG0024__M149372150505558,149372150505558,./data/generated/street_images/149372150505558.jpg,./data/generated/segmentation_images/149372150505558_segformer-b2-ade512-master-v1.png,0.31757269965277785,0.1821204291449653,0.09502665201822916,0.022637261284722224,0.25411478678385413,0.07680087619357638,0.0003696017795138889
YEW TEE MRT,YEW_TEE__IMG0025__M483597516210741,483597516210741,./data/generated/street_images/483597516210741.jpg,./data/generated/segmentation_images/483597516210741_segformer-b2-ade512-master-v1.png,0.3078884548611111,0.16756693522135416,0.097442626953125,0.0075836181640625,0.2384863959418403,0.08196343315972222,0.0045166015625
YEW TEE MRT,YEW_TEE__IMG0026__M493858061724489,493858061724489,./data/generated/street_images/493858061724489.jpg,./data/generated/segmentation_images/493858061724489_segformer-b2-ade512-master-v1.png,0.3135664198133681,0.179290771484375,0.09662543402777778,0.020991007486979168,0.2735765245225694,0.0639801025390625,0.0
YEW TEE MRT,YEW_TEE__IMG0027__M1217093918728028,1217093918728028,./data/generated/street_images/1217093918728028.jpg,./data/generated/segmentation_images/1217093918728028_segformer-b2-ade512-master-v1.png,0.21379428439670137,0.24416944715711805,0.16680399576822916,0.018483479817708332,0.2465701633029514,0.003945244683159722,0.0
YEW TEE MRT,YEW_TEE__IMG0028__M774025453282570,774025453282570,./data/generated/street_images/774025453282570.jpg,./data/generated/segmentation_images/774025453282570_segformer-b2-ade512-master-v1.png,0.12655131022135419,0.4494866265190972,0.1031833224826389,0.013936360677083334,0.16614447699652776,0.060707939995659724,0.0
YEW TEE MRT,YEW_TEE__IMG0029__M956350438531802,956350438531802,./data/generated/street_images/956350438531802.jpg,./data/generated/segmentation_images/956350438531802_segformer-b2-ade512-master-v1.png,0.28263007269965273,0.2456444634331597,0.06363423665364584,0.006405300564236111,0.2731136745876736,0.0,0.0
YEW TEE MRT,YEW_TEE__IMG0030__M305703451257767,305703451257767,./data/generated/street_images/305703451257767.jpg,./data/generated/segmentation_images/305703451257767_segformer-b2-ade512-master-v1.png,0.03430514865451389,0.1345299614800347,0.21505228678385419,0.03988477918836805,0.34923299153645837,0.0,0.004091050889756944
YEW TEE MRT,YEW_TEE__IMG0031__M926517378182509,926517378182509,./data/generated/street_images/926517378182509.jpg,./data/generated/segmentation_images/926517378182509_segformer-b2-ade512-master-v1.png,0.2834116617838542,0.3500417073567708,0.09514872233072916,0.003955417209201389,0.10710313585069445,0.0631595187717014,0.001079983181423611
YEW TEE MRT,YEW_TEE__IMG0032__M957668455001463,957668455001463,./data/generated/street_images/957668455001463.jpg,./data/generated/segmentation_images/957668455001463_segformer-b2-ade512-master-v1.png,0.04599507649739582,0.10005696614583333,0.0891147189670139,0.04449293348524305,0.5575578477647569,0.0,0.00012885199652777778
YEW TEE MRT,YEW_TEE__IMG0033__M107773841410964,107773841410964,./data/generated/street_images/107773841410964.jpg,./data/generated/segmentation_images/107773841410964_segformer-b2-ade512-master-v1.png,0.1370883517795139,0.2850918240017361,0.19677903917100695,0.014885796440972222,0.3367801242404514,0.0009036593967013889,0.0
YEW TEE MRT,YEW_TEE__IMG0034__M333050605114483,333050605114483,./data/generated/street_images/333050605114483.jpg,./data/generated/segmentation_images/333050605114483_segformer-b2-ade512-master-v1.png,0.2839881049262153,0.2716844346788194,0.072967529296875,0.01708984375,0.3294881184895833,0.005443996853298611,0.0
YEW TEE MRT,YEW_TEE__IMG0035__M529667375073792,529667375073792,./data/generated/street_images/529667375073792.jpg,./data/generated/segmentation_images/529667375073792_segformer-b2-ade512-master-v1.png,0.1263919406467014,0.3167063395182292,0.0883636474609375,0.012227376302083334,0.2813703748914931,0.09228006998697917,0.0
YEW TEE MRT,YEW_TEE__IMG0036__M302053204695289,302053204695289,./data/generated/street_images/302053204695289.jpg,./data/generated/segmentation_images/302053204695289_segformer-b2-ade512-master-v1.png,0.05936177571614583,0.17392985026041666,0.3275044759114583,0.005054050021701389,0.3654666476779514,0.06810675726996528,0.0
YEW TEE MRT,YEW_TEE__IMG0037__M302829644789962,302829644789962,./data/generated/street_images/302829644789962.jpg,./data/generated/segmentation_images/302829644789962_segformer-b2-ade512-master-v1.png,0.21226671006944442,0.3122168646918403,0.10494147406684028,0.004726833767361111,0.2273627387152778,0.07771979437934028,0.0005459255642361111
YEW TEE MRT,YEW_TEE__IMG0038__M433315311093813,433315311093813,./data/generated/street_images/433315311093813.jpg,./data/generated/segmentation_images/433315311093813_segformer-b2-ade512-master-v1.png,0.49132283528645826,0.160430908203125,0.16018507215711805,0.007854885525173612,0.15719774034288195,0.021653917100694448,0.0009731716579861111
YEW TEE MRT,YEW_TEE__IMG0039__M1170263866781509,1170263866781509,./data/generated/street_images/1170263866781509.jpg,./data/generated/segmentation_images/1170263866781509_segformer-b2-ade512-master-v1.png,0.4450937906901042,0.1946902804904514,0.1330837673611111,0.001712375217013889,0.1554073757595486,0.03555806477864583,0.0
YEW TEE MRT,YEW_TEE__IMG0040__M1349981448735153,1349981448735153,./data/generated/street_images/1349981448735153.jpg,./data/generated/segmentation_images/1349981448735153_segformer-b2-ade512-master-v1.png,0.20628187391493055,0.3714718288845486,0.11359659830729167,0.03162977430555555,0.10026041666666667,0.1561737060546875,0.0
YEW TEE MRT,YEW_TEE__IMG0041__M400799280992981,400799280992981,./data/generated/street_images/400799280992981.jpg,./data/generated/segmentation_images/400799280992981_segformer-b2-ade512-master-v1.png,0.4410349527994792,0.2054477267795139,0.13366360134548613,0.0,0.15127733018663195,0.03222486707899306,0.0
YEW TEE MRT,YEW_TEE__IMG0042__M280973197062093,280973197062093,./data/generated/street_images/280973197062093.jpg,./data/generated/segmentation_images/280973197062093_segformer-b2-ade512-master-v1.png,0.34731377495659715,0.03892686631944445,0.13952128092447916,0.003562079535590278,0.3270433213975694,1.1867947048611111e-05,0.0
YEW TEE MRT,YEW_TEE__IMG0043__M519908809009660,519908809009660,./data/generated/street_images/519908809009660.jpg,./data/generated/segmentation_images/519908809009660_segformer-b2-ade512-master-v1.png,0.43899197048611116,0.057708740234375,0.1494174533420139,0.012201944986979166,0.24408298068576387,0.00020514594184027778,8.985731336805556e-05
YEW TEE MRT,YEW_TEE__IMG0044__M827374921546458,827374921546458,./data/generated/street_images/827374921546458.jpg,./data/generated/segmentation_images/827374921546458_segformer-b2-ade512-master-v1.png,0.23870680067274305,0.08263142903645833,0.22067769368489584,0.008177015516493056,0.324951171875,0.018263075086805556,0.0
YEW TEE MRT,YEW_TEE__IMG0045__M313926266877789,313926266877789,./data/generated/street_images/313926266877789.jpg,./data/generated/segmentation_images/313926266877789_segformer-b2-ade512-master-v1.png,0.39691670735677076,0.05590481228298611,0.1504889594184028,0.0155181884765625,0.34156290690104163,0.009307861328125,0.0013326009114583333
YEW TEE MRT,YEW_TEE__IMG0046__M1229304657504121,1229304657504121,./data/generated/street_images/1229304657504121.jpg,./data/generated/segmentation_images/1229304657504121_segformer-b2-ade512-master-v1.png,0.3785163031684028,0.085479736328125,0.1502719455295139,0.024573432074652776,0.3412848578559028,0.0009765625,0.0020734998914930555
YEW TEE MRT,YEW_TEE__IMG0047__M471139847286343,471139847286343,./data/generated/street_images/471139847286343.jpg,./data/generated/segmentation_images/471139847286343_segformer-b2-ade512-master-v1.png,0.4956292046440972,0.08385552300347222,0.15861680772569445,0.013436211480034722,0.22772216796875,0.005969577365451389,0.001620822482638889
YEW TEE MRT,YEW_TEE__IMG0048__M960614154738659,960614154738659,./data/generated/street_images/960614154738659.jpg,./data/generated/segmentation_images/960614154738659_segformer-b2-ade512-master-v1.png,0.48865763346354163,0.09235297309027778,0.15970526801215276,0.0023023817274305555,0.2495880126953125,0.0013326009114583333,0.0008087158203125
YEW TEE MRT,YEW_TEE__IMG0049__M149541773865244,149541773865244,./data/generated/street_images/149541773865244.jpg,./data/generated/segmentation_images/149541773865244_segformer-b2-ade512-master-v1.png,0.4102189805772569,0.10484483506944445,0.1583319769965278,0.013890584309895834,0.279966566297743,0.0016767713758680555,0.00017971462673611112
YEW TEE MRT,YEW_TEE__IMG0050__M532950991421407,532950991421407,./data/generated/street_images/532950991421407.jpg,./data/generated/segmentation_images/532950991421407_segformer-b2-ade512-master-v1.png,0.5454508463541666,0.0893741183810764,0.06708272298177083,0.008141411675347222,0.2816043429904514,7.62939453125e-05,0.0013749864366319445
YEW TEE MRT,YEW_TEE__IMG0051__M914855536035478,914855536035478,./data/generated/street_images/914855536035478.jpg,./data/generated/segmentation_images/914855536035478_segformer-b2-ade512-master-v1.png,0.426055908203125,0.08635118272569445,0.06292724609375,0.009858873155381944,0.3286251491970486,0.009129842122395834,0.0005679660373263889
YEW TEE MRT,YEW_TEE__IMG0052__M250055513470268,250055513470268,./data/generated/street_images/250055513470268.jpg,./data/generated/segmentation_images/250055513470268_segformer-b2-ade512-master-v1.png,0.3254021538628472,0.12090386284722222,0.0894927978515625,0.03892856174045139,0.3963487413194444,0.011179606119791666,0.0
YEW TEE MRT,YEW_TEE__IMG0053__M496150648369983,496150648369983,./data/generated/street_images/496150648369983.jpg,./data/generated/segmentation_images/496150648369983_segformer-b2-ade512-master-v1.png,0.24530707465277776,0.08117845323350695,0.25006103515625,0.046051025390625,0.373809814453125,0.0,0.00091552734375
YEW TEE MRT,YEW_TEE__IMG0054__M929625907823249,929625907823249,./data/generated/street_images/929625907823249.jpg,./data/generated/segmentation_images/929625907823249_segformer-b2-ade512-master-v1.png,0.41007486979166663,0.0761600070529514,0.08259073893229167,0.038736979166666664,0.3260871039496528,0.04087490505642361,0.004464043511284722
YEW TEE MRT,YEW_TEE__IMG0055__M206994287908776,206994287908776,./data/generated/street_images/206994287908776.jpg,./data/generated/segmentation_images/206994287908776_segformer-b2-ade512-master-v1.png,0.4249030219184028,0.054099188910590276,0.2128414577907986,0.008566962348090278,0.2637515597873264,0.0017988416883680555,0.0
YEW TEE MRT,YEW_TEE__IMG0056__M492745355402085,492745355402085,./data/generated/street_images/492745355402085.jpg,./data/generated/segmentation_images/492745355402085_segformer-b2-ade512-master-v1.png,0.4911855061848958,0.11272684733072917,0.15608384874131945,0.0069732666015625,0.2314215766059028,0.0011884901258680555,4.0690104166666664e-05
YEW TEE MRT,YEW_TEE__IMG0057__M1410131602694609,1410131602694609,./data/generated/street_images/1410131602694609.jpg,./data/generated/segmentation_images/1410131602694609_segformer-b2-ade512-master-v1.png,0.39336480034722227,0.0465240478515625,0.18707105848524305,0.03172471788194445,0.30633544921875,0.0018310546875,0.005177815755208333
YEW TEE MRT,YEW_TEE__IMG0058__M504718860771737,504718860771737,./data/generated/street_images/504718860771737.jpg,./data/generated/segmentation_images/504718860771737_segformer-b2-ade512-master-v1.png,0.4119737413194444,0.061431884765625,0.19127909342447916,0.03349473741319445,0.26022847493489587,0.026148478190104168,0.001034206814236111
YISHUN MRT,YISHUN__IMG0001__M322244102592872,322244102592872,./data/generated/street_images/322244102592872.jpg,./data/generated/segmentation_images/322244102592872_segformer-b2-ade512-master-v1.png,0.02359856499565972,0.3943532307942708,0.0310211181640625,0.030129326714409724,0.3443925645616319,0.1728939480251736,0.0
YISHUN MRT,YISHUN__IMG0002__M469364017472901,469364017472901,./data/generated/street_images/469364017472901.jpg,./data/generated/segmentation_images/469364017472901_segformer-b2-ade512-master-v1.png,0.18329366048177084,0.0,0.2399563259548611,0.060372246636284724,0.5055609809027778,0.006193372938368056,0.0
YISHUN MRT,YISHUN__IMG0003__M1537393476651783,1537393476651783,./data/generated/street_images/1537393476651783.jpg,./data/generated/segmentation_images/1537393476651783_segformer-b2-ade512-master-v1.png,0.0924106174045139,0.3553941514756944,0.08080376519097222,0.05842929416232639,0.2989739312065972,0.11090087890624999,0.0030873616536458335
YISHUN MRT,YISHUN__IMG0004__M932314600859005,932314600859005,./data/generated/street_images/932314600859005.jpg,./data/generated/segmentation_images/932314600859005_segformer-b2-ade512-master-v1.png,0.04066636827256945,0.427154541015625,0.03742133246527778,0.0026652018229166665,0.18363783094618055,0.3001708984375,0.0028483072916666665
YISHUN MRT,YISHUN__IMG0005__M4323808644338280,4323808644338280,./data/generated/street_images/4323808644338280.jpg,./data/generated/segmentation_images/4323808644338280_segformer-b2-ade512-master-v1.png,0.00036790635850694444,0.09864976671006945,0.2646942138671875,0.003109402126736111,0.45907931857638884,0.024497138129340276,0.004726833767361111
YISHUN MRT,YISHUN__IMG0006__M763686910879920,763686910879920,./data/generated/street_images/763686910879920.jpg,./data/generated/segmentation_images/763686910879920_segformer-b2-ade512-master-v1.png,0.002556694878472222,0.010409884982638888,0.16490342881944445,0.010072496202256944,0.018846299913194444,0.7902611626519097,0.0024566650390625
YISHUN MRT,YISHUN__IMG0007__M1396802017352225,1396802017352225,./data/generated/street_images/1396802017352225.jpg,./data/generated/segmentation_images/1396802017352225_segformer-b2-ade512-master-v1.png,3.2212999131944445e-05,0.019544813368055556,0.0031789143880208335,0.0,0.5763007269965278,0.0,0.0004628499348958333
YISHUN MRT,YISHUN__IMG0008__M461499211610925,461499211610925,./data/generated/street_images/461499211610925.jpg,./data/generated/segmentation_images/461499211610925_segformer-b2-ade512-master-v1.png,0.0,0.001959906684027778,0.026784261067708332,0.022638956705729168,0.8995157877604166,0.0,0.001339382595486111
YISHUN MRT,YISHUN__IMG0009__M170706558199692,170706558199692,./data/generated/street_images/170706558199692.jpg,./data/generated/segmentation_images/170706558199692_segformer-b2-ade512-master-v1.png,0.2756635877821181,0.1989067925347222,0.10825093587239583,0.05087110731336805,0.283326890733507,0.08194139268663195,0.0010392930772569445
YISHUN MRT,YISHUN__IMG0010__M861007791478015,861007791478015,./data/generated/street_images/861007791478015.jpg,./data/generated/segmentation_images/861007791478015_segformer-b2-ade512-master-v1.png,0.3578830295138889,0.1645389133029514,0.13905843098958334,0.0718722873263889,0.23919677734375,0.0274505615234375,0.0
YISHUN MRT,YISHUN__IMG0011__M469548367631039,469548367631039,./data/generated/street_images/469548367631039.jpg,./data/generated/segmentation_images/469548367631039_segformer-b2-ade512-master-v1.png,0.4696875678168403,0.20316569010416666,0.09345330132378472,0.023137410481770832,0.13720194498697919,0.0738372802734375,0.0
YISHUN MRT,YISHUN__IMG0012__M826588138268590,826588138268590,./data/generated/street_images/826588138268590.jpg,./data/generated/segmentation_images/826588138268590_segformer-b2-ade512-master-v1.png,0.42102728949652785,0.173553466796875,0.1096462673611111,0.09578959147135417,0.1916266547309028,0.008356730143229166,0.0
YISHUN MRT,YISHUN__IMG0013__M292617695657050,292617695657050,./data/generated/street_images/292617695657050.jpg,./data/generated/segmentation_images/292617695657050_segformer-b2-ade512-master-v1.png,0.34243647257486975,0.07691065470377605,0.018355051676432293,0.23648198445638022,0.3224601745605469,0.0025990804036458335,0.0
YISHUN MRT,YISHUN__IMG0014__M503932974294687,503932974294687,./data/generated/street_images/503932974294687.jpg,./data/generated/segmentation_images/503932974294687_segformer-b2-ade512-master-v1.png,0.3900171915690104,0.03424835205078125,0.16441726684570312,0.3607215881347656,0.030810038248697914,0.012509663899739584,4.9591064453125e-05
YISHUN MRT,YISHUN__IMG0015__M2980170222266323,2980170222266323,./data/generated/street_images/2980170222266323.jpg,./data/generated/segmentation_images/2980170222266323_segformer-b2-ade512-master-v1.png,0.5724741617838541,0.1095614963107639,0.3164248996310764,0.0019243028428819445,0.0,0.0,0.0
YISHUN MRT,YISHUN__IMG0016__M313005533572154,313005533572154,./data/generated/street_images/313005533572154.jpg,./data/generated/segmentation_images/313005533572154_segformer-b2-ade512-master-v1.png,0.32208251953125,0.27410888671875,0.19758775499131945,0.012386745876736112,0.16043599446614584,0.028330485026041664,0.0
YISHUN MRT,YISHUN__IMG0017__M3925424464178284,3925424464178284,./data/generated/street_images/3925424464178284.jpg,./data/generated/segmentation_images/3925424464178284_segformer-b2-ade512-master-v1.png,0.7184600830078125,0.1878136528862847,0.027611626519097224,0.0038299560546875,0.023591783311631944,0.0,0.011744181315104166
YISHUN MRT,YISHUN__IMG0018__M800099100930108,800099100930108,./data/generated/street_images/800099100930108.jpg,./data/generated/segmentation_images/800099100930108_segformer-b2-ade512-master-v1.png,0.8140513102213542,0.12232123480902778,0.03442721896701389,0.009426540798611112,0.005903455946180556,0.0,0.005099826388888889
YISHUN MRT,YISHUN__IMG0019__M220665959392643,220665959392643,./data/generated/street_images/220665959392643.jpg,./data/generated/segmentation_images/220665959392643_segformer-b2-ade512-master-v1.png,0.692639668782552,0.025915781656901043,0.052272796630859375,0.11451466878255208,0.1078656514485677,0.0020510355631510415,0.0
YISHUN MRT,YISHUN__IMG0020__M2216832381789730,2216832381789730,./data/generated/street_images/2216832381789730.jpg,./data/generated/segmentation_images/2216832381789730_segformer-b2-ade512-master-v1.png,0.7260589599609375,0.1576911078559028,0.03904893663194444,0.0009019639756944445,0.011722140842013888,0.00012885199652777778,0.004681057400173611
